0.0,0.0,0.0,0.0,0.0,0.0,0.0,0.0,0.0,0.0,0.0,0.0,0.0,0.0,0.0,0.0,0.0,0.0,0.0,0.0,0.0,0.0,0.0,0.0,0.0,0.0,0.0,0.0,0.0,0.0,0.0,0.0,0.0,0.0,0.0,0.0,0.0,0.0,0.0,0.0,0.0,11.653735065231839,11.584033203823523,0.0,0.0,0.0,0.0,0.0,17.845136647242335,14.835314273558584,14.6666431122661,14.830021822201118,17.887121476435325,15.539635524792939,15.725408776176865,15.896512047209168,17.12764171153006,17.835562352029406,15.935035448160225,16.740295438909214,17.31445329693444,17.172367043404957,16.25496435618405,16.228778419768258,16.82651245400876,17.173562753256913,17.127145356976044,16.97308187252768,16.877857388964312,17.33213539681979,20.77061816967105,23.051717456325996,18.77753848251762,19.075125846423102,19.450833416351504,19.932749349918815,19.64739650731676,17.356650546956267,17.88331590341283
0.0,0.0,0.0,0.0,0.0,0.0,0.0,0.0,0.0,0.0,0.0,0.0,0.0,0.0,0.0,0.0,0.0,0.0,0.0,0.0,0.0,0.0,0.0,0.0,0.0,0.0,0.0,0.0,0.0,0.0,0.0,0.0,0.0,0.0,0.0,0.0,0.0,0.0,0.0,0.0,0.0,11.86097700251869,11.662059736440519,0.0,0.0,0.0,0.0,17.067714198793762,17.013352448823543,14.931789566848936,18.25618016389113,15.791138881269568,15.478069253960093,16.619898157221158,15.722924551306804,16.556351379280144,16.32886279669048,16.919545347160856,15.730234569383558,15.810843115749691,17.284554019443636,16.789387822713664,17.32474569125704,15.638678012444267,15.96545416568073,15.578270679326362,16.27953064601729,19.772553062485798,17.78022044556627,20.697414411619008,19.676707920106917,20.83261659653362,18.458541444972273,19.22182402185232,19.883889337429444,19.246990038856694,21.573812953560434,20.585940742302803,18.422351431775624
0.0,0.0,0.0,0.0,0.0,0.0,0.0,0.0,0.0,0.0,0.0,0.0,0.0,0.0,0.0,0.0,0.0,0.0,0.0,0.0,0.0,0.0,0.0,0.0,0.0,0.0,0.0,0.0,0.0,0.0,0.0,0.0,0.0,0.0,0.0,0.0,0.0,0.0,0.0,0.0,12.455953475468432,12.511327690505688,0.0,0.0,0.0,19.17667004117611,17.52246424628759,17.310402799301166,17.45096832902967,14.891230915036527,18.114291027284793,17.07129474980023,17.652829231178217,16.168858124210367,18.39221871631182,18.297915826552618,16.50045187661716,16.578502494683136,16.091884957456124,16.712560730265654,17.992783419316748,17.728079547934097,18.18550741392599,17.49222613732781,16.415649136360347,16.99757653763052,17.745629737425546,18.51812992437553,18.715701451659726,18.860956134852294,20.294757890715523,20.85114523731255,19.51905300766031,18.776000949897497,19.41774446030656,20.41024858665556,19.89337496080148,18.55820452376965,18.532654984254815
0.0,0.0,0.0,0.0,0.0,0.0,0.0,0.0,0.0,0.0,0.0,0.0,0.0,0.0,0.0,0.0,0.0,0.0,0.0,0.0,0.0,0.0,0.0,0.0,0.0,0.0,0.0,0.0,0.0,0.0,0.0,0.0,0.0,0.0,0.0,0.0,0.0,0.0,0.0,12.230524518895548,12.635758406690467,13.14340224766752,11.942282567682737,0.0,16.72348075745992,16.193840606573893,16.632617273306415,16.630962801585845,15.74757298156866,16.177400216725566,17.602829231178216,14.930178987197365,16.80157595867058,16.45132675758274,17.769226143698525,16.54149009818224,16.340941158049425,16.377901613622594,16.65487648779238,16.238714042739566,17.379692292752008,16.987461080434514,16.59544656666528,16.448277297994554,19.647234010412937,16.803814975865503,16.68401913894973,18.675291564185223,20.810532088033796,19.994613453933948,19.518254770982978,19.477597112861005,18.420049171177247,18.575686768537636,18.574440590522748,19.555851218836978,18.898722286290422,19.367283396861,19.616488657904373
0.0,0.0,0.0,0.0,0.0,0.0,0.0,0.0,0.0,0.0,0.0,0.0,0.0,0.0,0.0,0.0,0.0,0.0,0.0,0.0,0.0,0.0,0.0,0.0,0.0,0.0,0.0,0.0,0.0,0.0,0.0,0.0,0.0,0.0,0.0,0.0,0.0,0.0,12.70591525711742,13.052929754702927,13.113787154944031,13.115758406690468,12.609022080518148,0.0,16.709114548732373,16.397088648473886,15.15981637231365,15.378997763372368,15.327014480565595,16.490711030432962,14.282826110315309,16.14060516272754,17.411811592829544,14.644767488604767,15.812266487485221,15.944334358156679,17.458129924375527,16.308089552577083,16.65667580784796,16.376886404329106,16.508839611221724,18.393863284022384,17.236740511683813,16.293613063442166,18.021275608704602,18.74665780581381,16.853164461995743,16.985083179961478,19.11613706438493,17.993750779574665,18.654810867905436,18.645961724995136,18.765457496265974,18.259457129330823,18.695059660230807,18.345278422641854,18.705024832187405,19.47691340786347,19.25398738476319
0.0,0.0,0.0,0.0,0.0,0.0,0.0,0.0,0.0,0.0,0.0,0.0,0.0,0.0,0.0,0.0,0.0,0.0,0.0,0.0,0.0,0.0,0.0,0.0,0.0,0.0,0.0,0.0,0.0,0.0,0.0,0.0,0.0,0.0,0.0,0.0,0.0,12.926442600694031,13.081512834326244,13.317885115635564,13.480720164063566,13.36829992002171,0.0,0.0,16.88357047142257,16.81125636588999,15.60928748698202,14.408736140634058,14.958567133090554,17.045091171404636,17.149307683128594,15.319319960549624,15.122722512401964,16.531950769271614,16.58409749904496,17.2778355108477,15.768612439666413,16.34771830194869,16.42771830194869,15.778745465357519,15.928888548823188,15.44746998436952,17.28640111242547,17.140387967302647,17.820220445566267,18.56631410059741,20.319966531939578,17.663978708649484,19.1824303472493,18.05249530154414,17.96613875232231,18.51327039580798,18.132453138911643,17.97498485289464,20.32429040236677,18.601595919711286,18.907726618319444,19.18386182345685,19.452786014695228
0.0,0.0,0.0,0.0,0.0,0.0,0.0,0.0,0.0,0.0,0.0,0.0,0.0,0.0,0.0,0.0,0.0,0.0,0.0,0.0,0.0,0.0,0.0,0.0,0.0,0.0,0.0,0.0,0.0,0.0,0.0,0.0,0.0,0.0,0.0,0.0,13.392785127945745,13.008745465357519,13.596619955020367,13.439182998525382,13.517180281535621,13.245875004180338,0.0,0.0,0.0,15.088976562995228,16.578368848162345,15.63920313831602,17.16167500822453,15.798486008311365,15.313270180846636,16.769997128068546,15.735925622540616,14.56483043518022,15.597120103669342,15.151491148829475,14.8595646541139,16.15707351605075,17.17243861785151,17.007085867921226,16.252399456288444,17.193939628132814,17.306527256201846,17.18644260069403,17.198870859175692,17.181959439830568,19.165834273468633,17.533325798128217,18.510663876424665,18.934810867905437,19.749144520098124,19.72662729983559,19.44164136483394,19.327146080219165,19.582703068233883,19.20433252959177,19.027870008215043,19.486913407863472,19.627636697457426
0.0,0.0,0.0,0.0,0.0,0.0,0.0,0.0,0.0,0.0,0.0,0.0,0.0,0.0,0.0,0.0,0.0,0.0,0.0,0.0,0.0,0.0,0.0,0.0,0.0,0.0,0.0,0.0,0.0,0.0,0.0,0.0,0.0,0.0,0.0,13.632241238025475,13.143542483353126,13.08799872276649,13.3332518307615,13.62151931958194,13.694870175407761,13.456683884573094,0.0,0.0,0.0,14.368314438119128,17.376311128601987,15.529159870370528,14.174549833709253,15.398384027343855,16.610807287652577,15.213561116529847,15.368546193750278,15.085792626440506,15.44570333724173,15.636874696021703,15.473503399481919,17.056186362766965,16.48100269134932,18.37888340626062,17.88241734773383,18.98296895280649,17.520586716537906,17.21279537399514,17.724133010312244,18.238073415692273,19.5233482054746,18.859300297257263,18.67751401743297,20.092250826847522,20.78433155305008,19.680995785198046,19.252835598500663,19.554554263161986,19.05306347712211,19.219822822536,19.204176619568457,19.57611413372615,19.98406263109401
0.0,0.0,0.0,0.0,0.0,0.0,0.0,0.0,0.0,0.0,0.0,0.0,0.0,0.0,0.0,0.0,0.0,0.0,0.0,0.0,0.0,0.0,0.0,0.0,0.0,0.0,0.0,0.0,0.0,0.0,0.0,0.0,0.0,0.0,13.961613891696398,13.775289969660289,13.74136709673719,13.734148635967617,13.797994519816049,15.33277146462986,15.602118840648192,14.264847779677748,14.377609681669185,14.45201199838712,14.354683859293418,15.005988216410012,15.221638756423566,15.653134762426934,14.546153108789113,15.177269576863672,14.794528475376458,15.199309733615099,15.609202368000872,15.636701125088242,16.594248212903807,16.68264207478839,16.614928130177926,15.998508662442237,18.676879166119395,17.867539952530947,18.586530910855068,18.745713627142464,19.04776756800753,18.76163040071298,18.212082731264694,18.921881666378134,18.858038561037233,18.178650898373636,18.668751352423307,18.629088651378588,19.40235560293138,19.42705507701799,19.05097999740049,19.70192198356592,19.212828887450787,19.594930673408882,19.66468523879861,19.280257248577414,19.560445129471063
0.0,0.0,0.0,0.0,0.0,0.0,0.0,0.0,0.0,0.0,0.0,0.0,0.0,0.0,0.0,0.0,0.0,0.0,0.0,0.0,0.0,0.0,0.0,0.0,0.0,0.0,0.0,0.0,0.0,0.0,0.0,0.0,0.0,13.389058563001356,13.497492200549019,14.066848541119407,13.806342451328854,13.925981883330673,14.123197680564965,14.874360096059,14.425061154569837,14.635226338802214,14.728239172147608,14.061749784992966,14.66473799544684,15.917739161612465,15.058042865519266,15.421749238404448,14.737368306383424,15.35665725778303,15.10639121212881,15.12517167045938,15.156728454611788,15.590005492247121,16.20621530265321,16.880766353326738,19.17203577724611,18.841489978867948,18.27438484656901,17.608405905859286,17.08527458472929,17.42071450254618,19.909309815429836,18.842248121054975,18.595686768537636,19.210069908146295,19.201881971553917,18.459457129330822,18.962520485724617,18.585693720033213,19.458583833262484,19.45847284022438,20.518003264986266,20.699761804590715,20.014028987751363,19.98982048178699,19.924091982996146,19.45049965066139,19.71468523879861
0.0,0.0,0.0,0.0,0.0,0.0,0.0,0.0,0.0,0.0,0.0,0.0,0.0,0.0,0.0,0.0,0.0,0.0,0.0,0.0,0.0,0.0,0.0,0.0,0.0,0.0,0.0,0.0,0.0,0.0,0.0,0.0,13.65770190505675,14.495702375041155,14.983160374310987,14.768837886625573,14.935749560890168,14.93241704255805,14.104017416659378,14.282284802281483,15.561759344539404,14.763846374073847,0.0,0.0,16.372829140361567,14.040257941914877,15.189332259355936,16.16009123732762,13.741458585559752,13.721146215746582,13.807642566542373,13.797954436765234,14.068449503669989,17.323153826897975,18.486000719722412,17.427787167245317,17.687786862069537,16.998138693559184,17.21113295050579,17.33296969398584,18.66438454139323,19.282703068233882,17.682415696830542,18.578916528716725,18.405684593660315,18.977283396861,18.66893413189893,19.117370815770112,18.488596258895477,18.903339927069197,19.526103194782735,19.737478694159933,20.426100522306825,19.939540881706883,19.45570770382519,19.561524672200754,19.896103194782732,19.88225873651136,20.490009018819944
0.0,0.0,0.0,0.0,0.0,0.0,0.0,0.0,0.0,0.0,0.0,0.0,0.0,0.0,0.0,0.0,0.0,0.0,0.0,0.0,0.0,0.0,0.0,0.0,0.0,0.0,0.0,0.0,0.0,0.0,0.0,13.867891488256275,14.580589947449983,13.747492200549019,13.907041483295117,15.012584145055575,14.36888726729793,14.491469937108313,15.146108795357566,14.783027056935822,15.225933416791225,14.522581424195707,0.0,0.0,0.0,16.956685750927676,15.181777667893954,16.131469937108314,15.240668501463443,16.248852313664237,16.436551404128437,16.073011561244446,18.62327313803405,17.764433718088792,17.423751084750446,17.88641737615086,17.286848235943626,17.62899251413221,17.477552226793872,17.62899251413221,16.97179574859358,17.754338729644452,17.606752049863513,18.345879720075814,18.431613891696397,18.618644432025093,18.690698072087343,19.50622848870643,19.41641090547337,19.059208766695015,19.230780707705716,20.027001236201915,20.16025211129664,20.590583413885504,19.83437201802259,19.633957840016112,20.249887364490387,19.92882156222236,19.167035958351622
0.0,0.0,0.0,0.0,0.0,0.0,0.0,0.0,0.0,0.0,0.0,0.0,0.0,0.0,0.0,0.0,0.0,0.0,0.0,0.0,0.0,0.0,0.0,0.0,0.0,0.0,0.0,0.0,0.0,0.0,13.75962030099748,14.635412333328002,13.950661518943164,14.255824384119052,14.26103955288752,14.843353679812065,14.510997797322311,14.58962030099748,15.499788074897936,15.017522747153581,14.894696151173695,15.261774570321975,0.0,0.0,0.0,0.0,0.0,13.661334944812328,13.827119965560634,16.342337607946703,17.491744383770254,18.15739650731676,18.12125982014056,17.215047276201943,17.67903676433272,17.39386572702781,16.898938707355246,17.010172739717298,16.73181877355426,16.846204558911445,17.657977413763746,18.610176539989936,20.101147466225942,19.587786543959325,19.21532012422057,19.364028987751364,19.39204715831905,19.49300804908926,19.787917745445853,19.149786788405557,19.290420286345743,19.434779487260272,19.375713627142463,19.882880201137805,19.73211031267389,19.378457522456372,19.572083790234633,20.250809412241942,20.240565274502018
0.0,0.0,0.0,0.0,0.0,0.0,0.0,0.0,0.0,0.0,0.0,0.0,0.0,0.0,0.0,0.0,0.0,0.0,0.0,0.0,0.0,0.0,0.0,0.0,0.0,0.0,0.0,0.0,0.0,14.581259574471524,13.762284802281483,14.171122741167837,14.262567183013228,14.485245377621531,14.410503608533102,14.412873619314787,14.582745956228367,15.119997128068544,15.119997128068544,14.448755280305264,14.110708627511942,0.0,0.0,0.0,0.0,0.0,0.0,0.0,0.0,20.16277057673198,18.14977468738256,19.782316194438533,19.388775663589996,16.741132471417547,17.82820482894543,17.5905036085331,17.074460961339412,16.433967865789622,16.717631019382548,16.50418631327828,17.455805123548746,18.052370786962175,18.122791062601895,18.142241238025477,19.171785036226023,19.269134249893796,18.791711930616437,19.23906800423257,19.382026125019156,19.139231196639976,19.306134753464367,19.49106279406491,19.674372018022588,19.597283396861002,19.512355870313144,20.261441748282607,19.756520271810498,19.76503023576453,19.30012660283038
0.0,0.0,0.0,0.0,0.0,0.0,0.0,0.0,0.0,0.0,0.0,0.0,0.0,0.0,0.0,0.0,0.0,0.0,0.0,0.0,0.0,0.0,0.0,0.0,0.0,0.0,0.0,13.656196971361442,14.401284891608167,14.629898157221156,14.194320445965015,14.111884974781326,14.120586716537906,14.260025850186933,14.383948487663332,14.434898524096518,14.726656725881357,14.835923569628433,14.060429713176005,14.294139366380929,0.0,0.0,0.0,0.0,0.0,0.0,0.0,0.0,19.333482021912175,17.820278648690643,18.850332305097623,19.003925582509083,18.36544930243875,18.39222613732781,16.790046366528486,18.148412816521894,17.13078767812753,17.43526324227462,17.40284426211016,16.538078462240446,17.41664100181958,17.706848235943625,17.98540372745731,18.70438484656901,19.583719868189725,19.269318063878906,19.651586637971274,19.095346222452253,19.236046584564463,19.360110754391307,19.094942304366167,19.84080910706616,19.957602699571872,19.770279061764576,20.60733082414508,21.780142687359962,20.732725365079226,19.90794187385822,19.783336340127242
0.0,0.0,0.0,0.0,0.0,0.0,0.0,0.0,0.0,0.0,0.0,0.0,0.0,0.0,0.0,0.0,0.0,0.0,0.0,0.0,0.0,0.0,0.0,0.0,13.326219926574078,13.497012463741527,13.574941838259294,14.052344848165003,14.447292044628778,14.134424176377024,14.137044062195237,14.20410382271957,14.36664100181958,14.386848541119408,14.65433332378284,14.557552226793874,14.741897783813648,14.781122741167838,0.0,0.0,0.0,17.47636136117529,16.919870527033595,0.0,0.0,18.817414826038853,17.611861969262236,16.25934680418151,17.819041900529243,18.532586443532168,18.55979549016327,17.32643616436697,17.566277813437935,18.183581765534544,16.674546503798926,17.620168765354016,17.935918939786163,17.938031089211485,17.596062861453127,17.249802788130083,17.38515244236919,18.18091616829701,17.793376295594026,18.79200841038106,18.905043623686904,19.24766358258804,19.49697955050033,19.040737647590944,19.38426128308442,19.83414854182096,19.761299177690407,19.616769468227627,19.642563526752543,20.02875685892083,19.765619287583434,20.49505964322409,19.84794187385822,20.44080943282295,20.086228793882213
0.0,0.0,0.0,0.0,0.0,0.0,0.0,0.0,0.0,0.0,0.0,0.0,0.0,0.0,0.0,0.0,0.0,0.0,0.0,0.0,0.0,0.0,0.0,13.259093458508412,13.499699023179229,13.697811776425944,13.956674136154051,14.48041920269484,14.045491226370913,13.995394612124757,14.140910366517677,14.068519728382455,14.422468568849842,14.498461515346001,14.565230964156717,14.723948487663332,14.745907357288814,14.646215302653209,0.0,0.0,19.49310983313227,17.367631072031706,19.621797063879754,17.710060532048242,20.08979618498864,17.185002683345644,18.83441383796626,17.211388781523326,18.056355422584698,17.1470338109824,18.237209361884947,18.160903767076963,18.08005331459893,17.768502494683133,17.000669326939448,17.02567027291849,17.031753769504682,17.097514778627865,17.513632534362777,17.720363620149968,17.39327845614291,17.43921443224165,18.372837267934905,18.245048366091936,18.94794187385822,19.12437201802259,18.95564358864707,18.96570272105802,19.476895957102073,19.41641090547337,19.961271366467294,19.730529430195595,19.88261007966009,19.731874886723432,20.00142955147719,21.091438706646326,21.00320435581423,21.54670504281956,21.681393057330823
0.0,0.0,0.0,0.0,0.0,0.0,0.0,0.0,0.0,0.0,0.0,0.0,0.0,0.0,0.0,0.0,0.0,0.0,0.0,0.0,0.0,0.0,0.0,13.048634027978839,13.667811776425944,13.746603370960768,13.846250959077606,13.676650546956267,13.902797651818073,14.079925204122318,13.834864565472104,14.369924898946536,14.263484370143832,14.421753464328901,15.497739161612465,14.824898524096517,15.71841281652189,15.602803480484589,16.543055765954076,17.850547767105354,16.970176539989936,18.65770603916065,16.57348458610219,17.0432723672733,15.976185054790857,17.658974145573193,17.64627632592366,18.447533249691556,17.450675196945287,16.998186242604092,19.26270497182149,17.13715961074497,17.692491413737613,17.569999853885186,17.36640400101223,16.922204518719518,18.62108919369685,18.20189957180305,18.066186362766967,18.028784654693794,18.668275902789123,18.265176170672955,19.320676133457823,18.81982195647341,19.02616003533923,19.35766358258804,19.0193035559145,19.316896262277858,19.359068004232576,19.935237465823448,20.24667076825177,20.462772460240355,19.728363271662676,20.091271366467293,21.533126984778377,20.250809412241942,21.257672399808644,21.09825523503641,21.10493383881547
0.0,0.0,0.0,0.0,0.0,0.0,0.0,0.0,0.0,0.0,0.0,0.0,0.0,0.0,0.0,0.0,0.0,0.0,12.59968703162377,12.430845245223198,11.760696655545757,12.554585890790039,12.874017416659377,13.130586716537906,13.53846122747951,13.400380016478342,13.477514778627862,13.621077014015881,13.74450031903658,13.948768632474586,13.88099502947006,14.080715525446344,14.76545090607701,14.81039612441149,14.952337607946703,15.189807212961211,16.61902080661629,14.95765679788581,14.760722906087821,14.931595614535507,0.0,17.453150984464596,16.96370312031286,15.517331112386806,17.160803167662134,16.050258153278648,16.905920407882142,18.48734082454323,17.344810241774013,17.77041920269484,16.853267056289962,17.674641175292678,18.21924705344843,17.20258210025759,17.0640701380891,18.94320005956525,18.943766958242705,18.072766599833198,18.027669470897955,18.673714412438844,18.20981399004115,19.061881971553916,19.88739650731676,20.06506064693661,19.52245871788383,19.280082285081697,19.32469299166194,19.68345354172554,19.44895523384042,19.559953809934626,19.996217153870067,20.50459250547471,20.84150007901737,20.07690977710727,20.20754187977277,19.96225873651136,20.82061780190048,20.557468990438984,20.356441877063915
0.0,0.0,0.0,0.0,0.0,0.0,0.0,0.0,0.0,0.0,0.0,0.0,0.0,0.0,0.0,0.0,0.0,12.66119836629461,12.770934027039356,12.875914694083363,13.2404521226691,13.076722673404293,13.202257263414541,13.167682546911227,13.378314696544159,13.46005494972238,13.439021626042333,13.60868220649079,13.680995029470061,13.754328148410455,13.913002636372854,14.0067670302479,14.02003030581603,14.470669326939449,15.350126602830384,14.752966162715591,15.550899338533515,14.581002691349322,0.0,0.0,0.0,0.0,18.576756113363988,15.846567192258398,17.218466273652087,15.97605359792104,17.37009741092255,17.777864598114228,18.05741083104677,17.647824804201896,18.12266901950085,17.54502070544924,17.985583776544555,17.93973875789969,17.507818392449018,17.96618876392398,18.990317253062727,19.331725589117546,18.172351431775624,18.654287203834954,19.022725341966186,19.048472840224377,19.734114911622786,19.216225212392622,20.1650102677909,20.38823156402765,19.224340278482575,19.78326864394372,19.625476586861037,19.580999575411496,20.177092683745407,20.546479161859324,20.553163552923035,20.392344189863287,20.789898743182306,20.66439052798947,22.68461100942553,20.579477750188186,20.87484531942189
0.0,0.0,0.0,0.0,0.0,0.0,0.0,0.0,0.0,0.0,0.0,0.0,0.0,0.0,0.0,0.0,13.055988504728926,12.78770679874638,12.628458981529262,13.0734855033434,13.471753769504682,12.871076849230146,12.877059173944108,13.133401172662099,13.243207904615335,13.367374504898732,13.426759507102265,14.179802132777075,13.636648370438945,13.675933743312948,13.7754528388435,13.824128955084861,13.954083159273674,14.435064432748163,14.588910990198148,14.827755740984998,14.893570432847584,14.264109759382478,13.838971804967542,0.0,0.0,0.0,20.876579407300383,15.447150753132144,17.165949097193344,17.620428739806265,18.0199368432159,17.173093856357156,17.69830895977233,17.831324529180513,18.052498467264094,17.63427602919458,17.567057798483056,17.592468568849842,17.4904521226691,18.090272076577143,18.774163499655277,18.701711930616437,18.468916621069663,18.70570739864941,19.622663197189745,19.28041850027875,19.091614263825335,19.336034174380657,19.189065704492112,19.138218653605424,19.634219058462154,19.747441218938047,19.837243855012396,20.016255212330343,20.117243855012397,20.77409850320987,20.291989975294165,19.724938747917562,20.114258866514845,20.65487930514107,21.28417523040512,20.24184852207987,21.02776775553541
0.0,0.0,0.0,0.0,0.0,0.0,0.0,0.0,0.0,0.0,0.0,0.0,0.0,0.0,0.0,0.0,11.84501728951167,12.180903385909653,12.729728131628042,12.766337336749217,12.969250032924652,13.022089473825794,13.127231860942427,12.98294979603184,13.160559061731185,13.169540789945946,13.409249153951265,13.433024626248297,13.482111932474263,13.498316460688333,13.546513234373565,13.708145933907408,14.0257251771799,14.112672077877594,14.42977740909689,14.60003571388768,14.548927760136088,14.004104019707288,14.030324321013723,0.0,0.0,0.0,16.505143488595888,18.447418144135074,18.38551093550746,17.51218284811276,17.257710599723104,18.087047403239247,17.943306330146093,17.241289499677592,19.091576713398624,18.113288252247525,17.568236423723906,18.221407541975253,18.555737717775862,18.95293410863556,18.828384566126402,18.77995520967387,19.482250826337,18.55093757094363,19.3830583617383,19.206480019429073,19.860988802698827,20.00836868944235,19.41639341474579,19.692672881854463,19.78849474878412,19.789095663258767,20.154904183034162,20.167816805896013,20.29200318169719,20.31653202937693,20.539777347297825,20.004562049235133,20.014562049235135,20.548542749633388,20.511696038593385,20.688085538839417,20.929698583870614
0.0,0.0,0.0,0.0,0.0,0.0,0.0,0.0,0.0,0.0,0.0,0.0,0.0,0.0,0.0,0.0,12.804017828593407,12.451092723850275,12.632804888863147,12.720903691085434,12.538486589545235,12.585597830174972,12.857370122212192,13.130706384772541,12.953295370793638,13.120706384772541,13.173956638202828,13.26718188185309,13.239483534882353,13.295556381469103,13.984851105941383,13.671660122565696,13.879540484770166,14.168412841175943,14.779519902859999,14.396693537946,14.0708259638844,14.038368055804245,0.0,0.0,0.0,0.0,18.601141148132516,19.517163118923314,17.436006596281103,18.130677400551086,18.289523598874506,18.86215825870596,19.00926891810748,17.69803859144361,18.006029742790254,17.726512759184544,18.735838981961862,18.20570332243505,19.03229885176189,19.05850420518709,19.04200610827852,18.88985773488461,19.162944041698843,18.717556226982396,19.840988802698828,19.896148575949574,19.335642397272764,19.501515210071563,19.633102810053625,19.94373250089879,20.091196986293777,19.885944621434895,20.182391657723254,20.377519847104033,20.581738549074714,20.39419477312515,20.478747297557323,20.382028217310385,20.216635813920362,20.301848522079872,20.315254071481167,20.464797249028596,20.718953284171818
0.0,0.0,0.0,0.0,0.0,0.0,0.0,0.0,0.0,0.0,0.0,0.0,0.0,0.0,0.0,0.0,12.051587175004963,13.196809314881262,12.808425833460289,12.661698965367673,12.48652111746359,12.5132492445568,12.794675602331386,12.865911108398302,12.97319395048526,13.03271641666118,13.074263810053164,13.087592038253336,13.115056418686146,13.194079209141757,13.395954283590815,13.614005930442284,13.789349998516233,14.42372456172613,15.26214088453678,14.219364277004278,13.913512522130649,13.675828037554828,0.0,0.0,0.0,18.85646014226413,18.827188612463722,18.276591343265856,17.388097913540008,16.835920032008328,17.936026279475545,17.807515697913757,17.542772682384104,17.804601927903487,18.082794391421523,17.80233923867331,18.65437201802259,18.8445784209438,19.376148575949575,19.34342036898621,19.149203703243572,19.194765562709602,19.812003181697193,19.32459676797481,19.594573660941045,19.76844783355233,19.52193342400701,20.317524351955463,19.776393414745794,19.76456821895919,20.04829092597872,20.261500835096545,20.47180662205519,20.53219213260374,20.63862169468973,20.494285315928224,20.23326130271724,20.30629124035301,20.241388603034633,20.29852347188798,20.020940671096724,20.54490293838445,20.121714625512425
0.0,0.0,0.0,0.0,0.0,0.0,0.0,0.0,0.0,0.0,0.0,0.0,0.0,0.0,0.0,0.0,0.0,13.189925204122318,12.400151208808122,12.599919122616699,12.632564280713062,12.469624965604053,12.784270038968497,12.918433726758451,12.901481434621761,12.976734149528271,13.646626490380674,13.000949049438749,13.107849122956432,13.165574786980196,13.2820609330338,13.831077428884829,13.72776052035912,14.412461147996828,14.409202368000871,13.918920600525261,13.2562711999157,0.0,0.0,0.0,16.911886011693568,16.200063330153828,16.31289053714911,17.23460047489019,17.713367192150006,18.003193326643963,17.216515660432407,17.67745713158484,17.713913045039103,17.960047782593367,18.528558755931467,18.38480190919664,19.002026125019153,19.042026125019156,19.34180662205519,19.809586554509217,19.2629219826302,19.496480324604843,19.506751969215383,19.547200325529836,19.763852902797446,19.76184852207987,20.40911681906296,19.705183838963382,20.66771185792806,20.15594462143489,20.188039247550492,20.458116470755584,20.534085239145906,20.620441531381996,20.61730044291791,20.20133583970047,20.297362948764707,20.29614071920885,20.62465772696705,20.428919241358756,20.571500835096543,20.61047509907746,20.068107776308715
0.0,0.0,0.0,0.0,0.0,0.0,0.0,0.0,0.0,0.0,0.0,0.0,0.0,0.0,0.0,0.0,0.0,12.56709644050192,12.798597437028231,12.421730850283064,12.475743937766023,12.51754895554059,12.696990448566385,12.723183921940807,12.798111458847155,12.783906255641586,12.867416089187063,12.912656809508526,13.063211207495957,13.032934959320535,13.277673059802538,14.005009819213344,13.588563329061062,13.133306196157875,12.727087510739059,12.668288487234047,0.0,0.0,0.0,0.0,0.0,17.404287203834954,18.014592098742423,17.497515392737974,17.251098732624968,17.33675587202393,17.465819750309063,17.738426237208937,18.299231196639973,18.444930673408884,18.42389032553097,18.777088648473885,19.065941540704028,19.324653214362215,19.37213122049546,19.56213122049546,19.302349006670564,19.56599388699526,19.751232371327653,19.75979691733128,19.936147873543263,19.70853128649155,19.639726047214896,20.033420368986206,20.91909247877146,20.39373219572301,20.4849332329342,20.65896566143879,20.501746194832535,20.664234522477567,20.373431087242807,20.248373336151914,21.33365074190673,20.399728819196543,20.609832691114722,20.95471938793831,20.702729991383197,20.558451148579792,20.50753160676596
0.0,0.0,0.0,0.0,0.0,0.0,0.0,0.0,0.0,0.0,0.0,0.0,0.0,0.0,0.0,0.0,0.0,11.993796842514096,12.265511924321169,12.261189511194711,12.410851879249117,12.538518141955844,12.601304379137957,12.661304379137958,12.68764243270418,12.628285083722755,12.736816992478065,12.840204653937294,12.951669740126704,12.89490036664126,12.886816992478066,13.235486319172955,0.0,12.461524960586576,0.0,0.0,0.0,0.0,0.0,0.0,17.33876631390598,17.849431246087654,17.163315598237045,17.062055317440635,17.728123953934343,18.022351431775625,18.32193626547751,18.241388781523327,18.89849347905601,18.464385861175465,18.666415516851263,19.10772261609594,19.298268357186696,19.35117542719158,19.42213122049546,19.610849695092153,19.63428531592822,19.934411535231852,19.773089743570274,19.85065462428853,19.835642397272764,19.865944621434892,20.108279318803223,20.69302380119872,20.35373250089879,20.404933232934198,20.81455883700517,21.329434882671634,20.664467015401996,20.339728819196544,20.251471844804946,20.170050588585944,20.746892715404176,20.632953088001575,20.82455883700517,20.65811165798685,20.85284959923994,21.025662383942784,21.33861056082623
0.0,0.0,0.0,0.0,0.0,0.0,0.0,0.0,0.0,0.0,0.0,0.0,0.0,0.0,0.0,0.0,0.0,0.0,12.324912723666387,12.212095034217558,12.456265594188249,12.530621331151123,12.550621331151124,12.589410318210469,12.513295731131361,12.562652858643592,12.860592803266773,12.781500546391584,12.955218376572867,13.011169455132231,13.04948433113149,0.0,0.0,0.0,0.0,0.0,0.0,0.0,0.0,0.0,17.937214381292343,17.213309929139882,19.158614307903395,19.052406223885356,18.245070671140958,18.942348701494783,18.634281932390103,19.402783419316748,19.024797249028595,18.850940671096723,19.77071365647328,19.879841717959717,19.142225313453977,19.409403859196996,19.86704912144813,19.692427205015807,19.62979691733128,19.691696038593385,19.924653214362216,19.99884503105534,20.004060973761153,20.096014868227588,20.10099540254243,20.577658045959602,20.189314555110016,20.10546434078162,20.273363637570736,20.208137269598165,20.246417164995385,20.22364289454212,20.067870930397707,20.25589301992298,20.401160220429777,20.647515695029586,20.59310115762637,20.53884590004686,20.70811165798685,20.638704082295448,20.544653214362214
0.0,0.0,0.0,0.0,0.0,0.0,0.0,0.0,0.0,0.0,0.0,0.0,0.0,0.0,0.0,0.0,0.0,12.321638756423567,12.643176926106406,12.18358035758719,12.187975323191585,12.46685060757382,12.440447274710039,12.462266624291427,12.44113754157464,12.776778890133354,12.795528986893284,12.763252016242028,12.448343464110257,12.411855947812343,12.205630610496403,0.0,0.0,0.0,0.0,0.0,0.0,0.0,0.0,0.0,17.98093757094363,17.227140771916577,18.082351431775624,18.34127953032004,18.58725951497684,19.062028217310385,19.047383034618303,19.32378654454164,18.986575980168112,19.54313975944605,19.286864512951844,19.376600762623255,19.703852902797443,19.642026125019154,19.66922127553996,19.868268357186693,19.708607121471346,20.842969138447696,20.572876300486314,19.830654624288528,20.039988864632093,20.082640251600726,20.039114853908153,20.249410838942033,20.354613133516906,20.133025085766484,20.3123832693502,20.39955966838224,21.17861056082623,20.503659836467985,20.24469760583263,20.219019619451718,20.119395438442417,20.305131274398473,20.29629619407851,20.338039247550494,20.44024041478869,20.638704082295448,20.469403859196994
0.0,0.0,0.0,0.0,0.0,0.0,0.0,0.0,0.0,0.0,0.0,0.0,0.0,0.0,0.0,0.0,0.0,12.093184823299225,12.165867206271612,12.141215132634315,12.154588584457247,12.075917362773453,12.305462567946288,12.251817973726329,0.0,0.0,0.0,0.0,0.0,0.0,0.0,0.0,0.0,0.0,0.0,0.0,0.0,0.0,0.0,0.0,18.271702166532652,18.681686125280656,18.78947564683127,18.855200487245707,19.129115045003793,19.19089526544846,19.210895265448457,19.232862437770393,19.33396923562814,19.36905366963711,19.445073708466687,19.576014868227585,19.44719523446443,19.541500835096542,19.6041839857768,19.905064451508842,19.923644630886635,20.091196681117996,19.961193835353672,20.25936566182415,20.288529194406877,20.093558924807798,20.40223258808291,20.56455883700517,20.286513436442277,20.25926462386819,20.348268357186697,20.240972090265807,20.274697605832632,20.24614041403307,20.239286960578283,20.066614348208496,20.28170381540025,20.2115479040848,20.171058789449365,20.211058789449364,20.461762954096546,20.438494748784123,20.539410838942032
0.0,0.0,0.0,0.0,0.0,0.0,0.0,13.796523335686718,13.44944403064298,12.48651454748196,0.0,0.0,0.0,0.0,0.0,0.0,12.78958294153337,11.989458384193131,11.962653032251716,12.17572039762678,11.844352666597864,11.82191949667246,11.761578190210464,0.0,0.0,0.0,0.0,0.0,0.0,0.0,0.0,0.0,0.0,0.0,0.0,0.0,18.298957293057065,18.94155147243511,19.179843411191552,18.384265819064737,18.717953579705966,19.19281631077383,19.068129666781363,18.713863804515583,19.01513490037479,19.192658258853715,19.140061746867232,19.23151521007156,19.31502670522532,19.476471430937764,18.912265740910698,18.971941828566194,19.175408750637285,19.422028217310384,19.660742524148148,19.554434596305068,20.05373250089879,20.0249332329342,20.07119383535367,20.222189548233946,20.108426134260885,20.450624787357143,20.27561172632543,20.17040904521661,20.064060973761155,20.65455883700517,20.361860670827642,20.093066251348358,20.13510357244077,20.167694496916816,19.95404509632721,20.137021917746885,20.185103572440767,20.39065462428853,20.343566017313186,20.698327495323838,20.27375361975541,20.96608597072929,20.17178503622602
0.0,0.0,0.0,0.0,0.0,0.0,15.729209813642992,15.769471101811476,14.146176842353146,14.898363346211523,0.0,0.0,0.0,16.369679003458913,0.0,17.831025379273974,14.564413226912631,12.40995661388204,11.831146215746584,12.191564126089741,11.822574574734917,0.0,0.0,0.0,0.0,0.0,0.0,0.0,0.0,0.0,0.0,0.0,18.81974026759871,19.217562386207906,19.321280892862944,19.189900108536577,19.10422566775005,19.56268286586818,19.088474798944365,19.122225313453974,19.097495409066262,18.91871592367685,18.85011364056964,19.03681742862645,19.19020354083035,19.181852754053235,19.3411312464944,18.76738787802353,19.10163318095472,19.07947564683127,19.24702444965501,18.910364133022064,19.312028217310385,19.42746470515738,19.678606816295563,19.89040874004083,19.65074252414815,19.89753160676596,19.769021970488918,19.871247336700637,19.902971949500333,19.746140719208853,19.673816352442735,19.613523481449327,19.810537712391174,20.104060973761154,20.478568814128764,20.41688635020643,19.7038673357265,19.779950462534536,20.025878607350997,20.14299755080213,20.443199618161014,20.363852902797447,20.35849474878412,20.658272517328083,20.528747297557324,20.886262467892653,20.551649911387322
0.0,0.0,0.0,0.0,0.0,0.0,15.118523762082564,15.772176349474805,16.109969856734065,15.896995007144861,14.221040893094571,0.0,16.18073591450193,16.30147246052607,15.779366712981542,15.78552966176016,15.247982127141242,14.110675196945287,12.453844805422182,11.715518097034849,0.0,0.0,0.0,0.0,0.0,0.0,0.0,0.0,18.783522607638183,0.0,0.0,18.55982436335492,20.153699441071673,19.307543192634142,20.14960635089691,19.07124506835842,19.50635725929003,19.256974959162562,19.186520166884083,19.272658258853717,19.325642397272766,19.288926046340748,19.09097232828923,18.80051672342297,18.900364133022066,19.00188601169357,18.831300972298198,19.43502670522532,18.84802228005059,19.056142439389998,19.20702444965501,19.36419714111274,19.36670430889996,19.331345079781375,19.430800717061874,19.199241573758126,19.159404019108457,19.564322379224087,19.17113462662996,19.359499660154388,19.15930492415012,19.313349572316582,19.523243830304885,19.84281600559805,19.59930492415012,19.807696608156533,19.69147030914502,19.73824712011364,19.743144837644213,19.8607861422255,19.98147030914502,20.3191511960692,20.351140482636612,20.47373250089879,20.471193835353674,20.832162921804812,20.92673632016613,21.012259590639534,20.526519087388483
0.0,0.0,0.0,0.0,0.0,0.0,15.19381020478141,16.194353303580797,16.260240872228312,15.85653049048468,17.113424209028018,16.528223365499684,16.46885589477514,16.512005424552335,16.650160693720295,15.741292384274335,15.271824021852321,14.110780707705715,0.0,0.0,0.0,0.0,0.0,0.0,0.0,0.0,0.0,19.079834298284958,18.67909972126335,18.866548754598988,19.280369843643665,19.35626998450996,19.36301006731116,20.799791552044184,19.30052051662777,19.127229235386803,19.116596733523544,19.106552519697534,19.155635045999308,19.216974959162563,19.167792280680054,19.209244007725847,19.156596733523546,18.78401794854107,18.871963187874123,18.715214057822397,19.655611557951413,19.629026109512424,20.052391657723255,19.202334341472042,19.112176715091415,19.266596733523546,19.02626030618731,19.064142674869608,19.111068592118897,19.04353779864085,19.009458715339473,19.097016611915883,19.195408750637284,19.117696608156535,19.13391319535692,19.687862705254794,19.34871592367685,19.4566321490035,19.802111646027008,19.79363603510337,19.982700917441335,19.803816352442734,19.842103456529742,20.257401561840695,20.460703267036703,20.33708776814906,20.715617048840713,20.774533541271428,20.771738549074712,20.967933936452646,21.112126924791667,21.005110775933897,20.058586540575604
0.0,0.0,0.0,0.0,0.0,16.411140009926974,15.41435611206072,16.39467630830523,16.835475511024065,17.40316329906215,16.706874461555465,17.318756152376086,17.294428811616974,17.054683747354208,17.106506240085743,16.135316379066047,14.659068004232573,17.131353546836635,0.0,0.0,0.0,0.0,18.646142302672295,19.302658455337244,0.0,19.048893060605298,19.634828829565997,19.293332524601134,18.801134387939868,18.88769449691682,19.354382068455614,19.370321007620333,20.016935951485575,19.25995046253454,19.036272796842226,18.979736242612642,18.97626030618731,18.7724815539427,18.66515620470638,19.00924117622926,18.817068061417352,19.080713773922124,19.054940201396654,19.253890325530968,19.284748905039237,18.829711099466962,19.09317667249248,19.024828220497838,18.85059282679588,18.936165181410722,19.06664896801583,19.31313156954652,19.005741167783047,18.912605433763463,18.67975582193845,18.998917432834343,18.999195288748105,19.07286883725596,18.970364133022066,19.175408750637285,19.744331880091348,19.381625539224718,19.53365842517749,19.39485318654407,19.743218905822904,19.538696999014224,19.83546434078162,20.088845031055335,20.10884503105534,20.26254517890892,20.553215851192775,20.484486075741234,20.838596048768487,20.804940195014993,20.314011416128864,20.52209689133931,20.72709298892119,20.658708177423392,19.609107312715647
0.0,0.0,0.0,0.0,0.0,15.76920981364299,16.38806431944186,16.908391054126703,17.479161566127164,17.19926166125655,17.409050920827394,17.27026632325272,17.66907414050469,17.184247633844933,16.95597041271639,17.070461656064523,16.98428430246627,17.245995510984983,16.978224083024955,0.0,0.0,0.0,19.420916047579055,20.00708310637631,18.952203205350934,18.93575026726304,18.808979869012763,18.866433847849713,19.059732374696047,19.010108414131125,18.89630683540275,19.070268990669902,19.080112694669438,19.353456001571075,19.332842642428766,19.231429778934384,19.144748905039236,18.96968729159078,18.63263271818252,18.870713773922123,18.874485098174684,18.898716086147232,18.699859445055306,18.870671585188326,19.09596215583914,18.816165181410724,18.883226048685394,18.758582987727998,18.788582987727995,18.71179022009561,18.684314419712877,18.834737042298205,18.793367497325786,18.96009304405281,19.1070639963165,19.00947564683127,18.63136950850076,18.96642613802431,18.902594029023533,19.484001770249286,19.459945912297393,19.596014563051806,19.449072473335555,19.483183139516278,19.51230713114447,19.581714625512426,19.778607121471346,19.9153719504391,20.223215851192776,20.2993979490953,20.31832719014806,20.488318296236017,20.214032252592485,20.243089743570277,20.449804436111982,19.93996551754334,19.542000743038955,19.434440285346966,19.034915887182628
0.0,0.0,0.0,0.0,16.03893605267169,17.24603088574488,17.101944298962504,17.635649483213683,17.478957293057064,17.426264750791468,17.063123565813747,17.122005424552334,17.382005424552332,17.304338185014537,17.401328792294926,16.998317652703797,17.216318852467836,16.305921964599168,16.91729288457192,0.0,0.0,0.0,19.30899185005542,19.32767837855103,18.99463479712309,19.090289058009695,19.33649014762897,19.003801424284244,18.958591726263034,18.948816971366686,18.942111672697393,19.120002694183377,19.170289058009697,19.33575026726304,19.361335839700473,19.324231227019965,19.150800717061873,18.985947112448205,19.45996551754334,20.085376831534468,18.854841478099956,18.715156204706382,18.60151099828826,18.904485098174685,19.06217671509141,18.886666804424006,18.90761168435966,18.577070262507586,18.438852624898367,18.542251274942352,18.45137881495342,18.475200487245708,18.43795335982828,18.557953359828282,18.624368031137266,18.85681562312059,18.85681562312059,18.88850587731649,19.35779964801908,19.06992932929152,19.094678215543123,19.17538965805703,19.211695084974522,19.22895578546114,19.292173339377122,19.664060973761153,20.045371950439097,20.474252000995314,19.975371950439097,20.09870408229545,20.13310115762637,20.08373250089879,20.124550711263925,19.897088648473886,19.97437201802259,19.619821956473416,18.814338729644454,19.005143336742456,19.497189877995222
0.0,0.0,19.108242236090113,22.449805726769604,16.259275410336343,18.18817380636505,17.86198887743,18.092211598696412,17.76960498233476,17.434307729637233,17.172808010919123,16.810116701482276,16.764657180144585,17.032318864693593,17.180902001299856,17.53739692663565,18.184519739930185,16.93718586521078,17.337943569151825,0.0,0.0,19.30771589740458,19.054467015401997,19.458561911765834,19.082203205350933,19.34027475487796,19.24615477817541,18.87535363439937,18.838691310710857,18.632614968928035,19.247543192634144,18.77708358833017,19.513124874494572,19.412953088001576,19.046477995747047,19.350414497239147,19.184870416963772,18.935903348835787,18.952843153864954,18.87244228975851,18.658127249169702,18.396414792149994,18.965963038424345,18.95949305395157,18.95949305395157,18.893486353226578,18.762313484127567,18.756808197230185,18.607031794140013,18.352782279728313,17.880249292723857,18.417717704797266,18.640598320130096,18.774351362627712,18.73150848496562,18.76237136423016,18.84399269686822,19.305206694803527,18.799807544145242,19.03163318095472,19.064533678232834,19.054061342968478,19.263237511837865,19.247658505100567,19.458906764518133,19.376833468763678,19.466471430937766,20.141501202470273,20.088747297557322,20.064737109200635,20.112772121120315,20.638245808083113,19.824813645619365,21.96988255870539,20.106441877063915,19.34108065494069,19.885701756835505,18.99491588718263,18.975535602372183
0.0,0.0,0.0,19.16117613143721,17.089515519833103,18.325458333286058,17.854547496938427,17.9180580888483,18.06959154112505,17.975026090641226,17.58430772963723,17.80467930726468,17.559273566468818,17.477169202456984,18.19725375734255,17.12746214250489,17.078399235442554,16.87899185005542,18.006092852236087,18.299395438442417,19.40262080064666,18.9856186258017,19.09429484332468,19.11768719812539,19.37848732435376,19.153091327504985,19.18339285780529,18.990957177360357,19.579955086958147,19.024697605832632,18.921247064841925,19.07589301992298,19.10150498710248,19.25663581392036,19.400537712391174,19.60357304410956,18.97009304405281,18.855348303189697,18.791388781523324,18.531407541975252,18.742605128587684,18.643931982048848,18.638025514644795,18.85233434147204,18.681676102970133,18.699711099466963,18.41193010767679,18.23785124294162,18.41618562573681,18.242561508326816,18.15515599397948,18.325485306613476,18.64254190703216,18.827692374875816,18.77399269686822,18.976006596281103,18.575946155147285,18.965694576342692,19.093146627909395,18.960207513382105,18.83930461897434,19.12837307774397,19.220129200951558,19.10153054210201,19.314386738810022,19.16853128649155,19.31767096030076,19.89373250089879,19.803275220254577,19.757670769392654,19.897214680099353,20.26310115762637,19.898073228408492,19.617283396861,19.550780707705716,19.28317796586763,19.165263271776716,19.31406244928263,18.944915887182628
0.0,0.0,0.0,19.811763662783314,17.936933434787452,18.045102233261513,18.215406046482272,18.381250938112018,18.21886984368315,18.09540604648227,17.793127052919292,17.238400326916942,17.539139616280202,18.54949132523476,18.20167066603002,18.02258663893412,18.0246959798706,17.970116701482276,18.248092362791315,18.747219621715928,19.46767837855103,19.086864512951845,19.524066296631283,19.21161869450479,19.1415496910883,19.203202017516034,19.778780683758004,19.756253287767823,18.899125799708305,18.598671841450834,18.579974932431373,19.123091327504987,19.248247120113643,19.17483558958605,18.9270639963165,18.963987079587408,18.72664896801583,19.106974959162564,18.825947112448205,18.85133305500001,18.95346569423767,18.856596733523546,18.88966506266649,18.391898145288405,18.362459049216525,18.44910912316709,18.295276585104272,18.260678445347068,18.329506652185493,18.30545121125279,18.38851082413867,18.551040267186142,18.85797072412843,18.716165181410723,18.73256657585082,18.75256657585082,18.771395727297605,19.094533983408617,19.021029128265887,18.796064911166347,18.907826503903433,19.18813982329361,18.954874979397616,19.819295505167865,19.31641551685126,19.494954082345608,19.37923245781561,19.53313134007111,19.69074252414815,19.577538458399612,19.490295780149978,19.34343026481203,20.43989706930995,18.95407733130428,18.91522431014446,18.98553518082181,18.706379059935898,18.849737804990284,18.73016137775758
0.0,0.0,0.0,18.107927548686007,18.22614257589141,18.327955860492978,18.021328792294927,17.87410916104438,18.15231206644515,18.14043516022752,17.699899295118865,17.428111107515747,16.968684717257094,17.405726553487874,17.92736832580328,18.72727013794494,18.565058059292287,18.674737109200635,19.15741529886845,19.059721760760212,19.25864599086794,19.059929329291517,19.1704040459734,19.0704040459734,19.007302777810576,19.207566537892944,18.92370855350475,19.580785918329838,18.858069443285757,18.912778294179542,18.994980067419185,19.156721419070102,19.136037857767388,18.791201991910533,18.997063996316502,18.783128596756903,18.690709302137083,18.727495409066265,19.087229235386804,18.786360854694934,18.85437468504574,19.38004534838798,18.537031794140013,17.960514482669588,18.06290491114171,18.292232996638806,18.21612174456725,18.129965855637458,18.096415097325774,18.361941828566195,18.576596733523544,18.888107776308715,18.83124176275257,18.825963038424344,18.65474720007166,19.101091650493995,18.943146627909396,18.773187945127532,19.02871912446598,18.687336577424173,18.64748232943815,18.75113462662996,18.758092483440706,18.88231069608765,19.446923019419813,20.05262578725874,19.276415516851262,19.39852851517343,19.430245379834517,19.489145656434435,19.20036382784628,18.887891183080495,19.043005068857934,18.73778716724532,18.644491109319176,18.68598850472893,18.63888726729793,18.395060261716246,18.359537081848686
0.0,0.0,19.220035471969783,19.52989128108566,18.550213937593423,18.329167075238107,18.246240918616692,18.179234758729194,18.144505704375916,18.06909463216195,17.47011244169893,17.4745177424092,17.019731687748184,17.83764467220712,17.743292483201525,17.804737109200637,18.017475920881477,18.67113438793987,19.225731839585794,19.394441631308982,19.415628310855087,19.141898085184707,19.130972328289232,19.17887769645973,18.92299546983177,18.99446652136229,18.907124019312054,19.118385039875083,19.139942685559912,19.1243823736314,18.960972090265805,19.012473684940424,19.214980067419187,18.901844973262456,19.228335078731014,18.62402187520736,18.84474890503924,18.734853186544065,18.684853186544068,18.80659578498406,18.74107728718255,18.502184151264974,17.979201655599375,17.807919331020933,18.26170789989951,18.33710379024992,18.40977468738256,18.20475174844148,18.39960253830202,18.46109392069709,18.60109392069709,18.678049104317843,18.823949188519947,18.7262420587007,18.566242058700702,18.8376694597586,18.934171562120753,18.594133788219608,18.769581239251846,18.978064345937195,18.832997958010942,18.695963038424345,18.743256617404555,18.810447958080797,18.856426138024307,18.83172133765642,19.18204842222263,19.252703489818067,19.083742464381977,18.993367497325785,18.939375391885186,19.354193211203143,18.59726023487771,18.422966633556975,18.91758679397026,19.02132452918051,18.575923569628433,18.32877841976826,18.49627533929942
0.0,0.0,18.285458333286055,18.695104038867534,18.396264750791467,18.508380191687408,18.778725417342027,18.56813954662381,18.455178813586016,18.172061000837626,18.213402223190748,18.09718111808963,17.389849402419678,16.97569457634269,17.271401687090208,17.349145563462365,17.728912026532882,18.25614342842575,19.305279553296344,19.43129810422646,19.324808286387732,19.1070639963165,19.276513024239126,19.07976374628134,18.96583141469808,18.992599465617587,19.102997958010942,19.042186862962875,19.169582973773423,19.094347758288585,19.179334236273636,18.966272796842226,18.91587959169918,18.95596215583914,18.70195658979823,18.961441186713728,18.568172737916857,18.543014811685893,18.653016764084093,18.483596380953742,18.17765481886571,17.950380878421942,18.04485322215573,18.40360842865281,18.404396324056112,18.327638054704646,18.270161553072533,18.246494904110627,18.430161553072537,18.645138591128433,18.600717415049225,18.71205681680597,18.733245072087605,18.55658581082119,18.406242058700702,18.688601346309724,18.39391645473122,18.37105163600482,18.803261607893017,18.62299795801094,18.666245206724177,18.684022180383145,18.642552388224047,18.606666804424005,18.689244861642887,19.076817428626452,18.911308319443375,19.392028217310386,19.0116138916964,18.886703367612867,18.433870184339057,19.33815292536494,18.19018282682991,18.239162552175333,18.392873619314788,19.097691481559778,18.32677334366979,18.064267791823404,18.537952912437497
0.0,0.0,18.535626664090213,18.72209355112732,18.577990828016464,18.62643636025521,18.304986609390447,18.715613221355,18.21029813965898,18.174657180144585,18.319738523915646,17.449941947097958,17.46212687021721,16.986019447297643,16.52721110151804,18.43383524984665,18.950101432168314,18.534374685045744,19.49137341327597,19.320433552191254,19.321036545641384,19.128172737916856,19.002880285493376,18.993046119578093,19.161315834629917,18.906050085619665,18.884093152155334,19.058086252655627,19.060694884538616,19.062454537505623,19.041867372018874,18.931255087759126,19.078373336151913,18.671957978931832,18.593313349410966,18.425131298802143,18.421213077572055,18.35279095547203,18.57463354997995,18.22336014180427,18.052349402050993,18.058051722176646,18.06444359526848,18.851255087759128,18.20478252299341,18.26031169166419,18.25463354997995,18.488404089529297,18.375962155839137,18.476597555557948,18.438404089529296,18.95659578498406,18.57501579014605,18.559974932431373,18.161604369898775,18.354831134902582,18.94502058070844,18.408172737916857,18.8615479040848,18.526245206724177,18.42795388488175,18.28958562217612,18.501676102970134,18.56047124283995,18.63217671509141,18.828718870436035,18.96342563021192,19.12163053592504,18.98755763444939,18.695956276773487,18.306505863457534,18.015819750309063,18.03498485289464,18.2328238125338,18.121383126027048,18.26055656041274,18.310556560412742,18.145093583387254,18.07326705628996
0.0,17.704026212267642,18.353555097849224,18.533619718248527,18.427454559964485,18.666142302672295,18.40498660939045,18.180857339689265,18.207289108191098,17.93061901351673,17.985944621434893,17.69652356593747,17.204258464041246,16.61703149835595,16.69122676290553,18.211846570418604,19.365279553296343,19.389099209256347,19.525628310855087,19.307495409066263,19.22461158908781,19.057336577424174,18.999582897271296,19.017760874858997,18.86475174844148,18.904830802055976,18.94208272474441,18.961318984304693,19.043237157452047,19.034243919928368,18.91413378821961,18.614853186544067,18.986864512951843,18.82550967792395,18.652240419188196,18.19539021201124,18.300302384396733,18.552948667436546,18.4264545282539,18.1268661713475,18.248580281805808,17.744178498206384,17.877860066536208,18.04626937467037,18.012313484127567,17.952782244665634,18.173952449008947,18.27838788989719,18.154367334516657,18.44482611782785,18.344503451750395,18.23504935047314,18.179261488452294,18.118483954756798,18.0229192620605,18.022275184178653,18.316064911166343,18.0149643522082,18.50386380451558,17.979959477680108,18.386949721129717,18.360844448922954,18.486206379283253,18.451407541975254,18.441407541975252,18.746006596281102,18.641116447408535,18.69782832612288,18.345352690665283,18.748106682889993,18.259457129330823,18.060384441118345,18.08444371147983,18.04279891341278,18.00986219518547,17.941937905748127,17.944520923799878,17.992924551306807,17.98326705628996
0.0,17.790804655322887,18.53846802793933,18.40982932966716,18.612572747565522,18.432888414310728,18.47972412599963,18.064234522477566,18.11029737691183,17.984473336808627,17.914102378504104,17.686176572572826,16.380717415049226,16.713256617404554,17.792028217310385,18.928568814128763,19.350441531381996,19.32367278053513,19.453650719479015,19.27663581392036,19.08419105343839,19.092056816805968,18.907254653526795,18.657854315406258,18.851743223182893,18.860731715063963,18.923649625839634,18.9538673357265,19.159063839774433,18.98318794512753,18.95306655652414,18.79264412564622,18.64256657585082,18.68256657585082,18.34795335982828,18.348174117595978,18.349700267234553,17.84489289017105,17.812875691323566,18.26341620143058,18.251109978565577,18.06933381211127,18.314498309193514,17.586339893849235,17.67785391591121,17.954415359168568,17.93968908594075,17.938280980889143,18.038581284514756,17.962406763598214,17.934341997077276,17.98100522891967,17.993893395937246,18.6565044236032,18.53433898740791,18.187552900778112,17.76861680615813,18.616340155526707,18.02535288699304,17.922502044958115,18.258582987727998,18.048852624898366,18.175451211252792,18.305485306613477,18.44908895655437,18.511686125280658,19.096367509329156,19.077063105027456,17.92690018220523,18.32372931165206,18.20859625889548,17.99159114442174,17.731640075775054,17.781566793587665,17.81682154478004,17.95171497828222,17.768054339172238,17.998726307192612,17.361749744123728
15.668006688463391,17.549275527904626,18.110208613418425,18.329493916789552,18.455732144761576,18.87866589658452,18.551522015754692,18.665635759171714,18.04496688850944,18.165302662144263,17.96124764187642,17.73373250089879,17.131939640133954,16.496671870784603,17.602993565564585,19.43046670594727,19.25599838588951,19.249053669637107,19.322836866261174,19.499729914625377,19.032566575850822,18.6414700747088,18.86703179414001,18.728582987727997,18.75533157392245,18.658958261584008,18.808819254225245,18.73475916114416,18.706513024239126,18.806245206724174,18.741201991910536,18.627336577424174,18.687212556006322,18.547016611915883,18.25863529017848,18.593949188519947,18.012666109957564,17.747032555661615,18.006694666891036,17.927149937136466,17.769349206759717,18.11996555046168,17.617645097183317,17.570204837838332,17.617859530753776,17.839877351005978,17.64133544581813,17.89038087842194,17.926818941721624,17.69985596100901,17.86875940586107,17.6686162142348,17.729071033168328,18.092310696087647,18.419115045003792,18.130093044052813,17.492495416005156,18.730264948957345,17.688292948261424,18.762021462075445,18.854907847497714,18.071110425049913,18.142351431775626,18.351686125280658,18.249020119476494,18.449375391885187,18.21878449455358,18.154786957798635,18.015887867676422,17.667520486867474,17.40159742704305,17.49248463779171,17.593707685534127,17.56382386349915,17.687897723341194,17.80258210025759,17.832375914543288,18.39945712933082,17.575146137853313
16.993733268681904,16.768775272430055,17.962888414310726,18.080208613418428,18.262914213946924,18.694226120737845,18.698923677618605,18.380298139658983,18.839758441602832,18.465933852662435,18.187394151044,18.100441531381996,17.902311998113312,17.838363667224925,19.012427205015808,19.070031236397714,19.28074260573689,19.39972991462538,19.204191053438386,19.319729914625377,18.9466436969032,18.75534721842194,18.772148654846323,18.6727075064615,18.786217932604696,18.761062378847736,18.66475174844148,18.483511302881674,18.57467021572212,18.51450837105326,18.653782918698184,18.4062420587007,18.30910912316709,18.335659225046566,18.4025929820602,18.01296186868933,18.006750789747286,18.07065466729282,18.96443459630507,17.8884102643974,18.61477022681716,18.384841172924173,17.888325608021834,17.506003153381346,17.492780325664363,17.47105229902591,17.586126681979948,17.766833097071345,17.81850899412246,18.096674898167826,17.78477982695601,17.900606838525313,17.451947489235604,17.38031113377123,17.436783268449933,17.80642864836028,17.62396198269487,17.552428186574804,17.52820263257439,17.67366769987514,17.994841478099957,18.66616594243661,18.039656174868888,18.201407541975254,18.271388781523328,18.092241238025473,18.176221787296093,17.79981637231365,18.001152376100865,17.509802788130084,17.498186242604092,17.316716710264966,17.517897723341196,17.44700612915679,18.1789833738859,17.681567098763445,17.457987269549808,17.475661694446487,17.345764903169393
17.130508025798182,16.715308088547346,17.469822843474578,17.807210187193323,17.988410258403263,17.633649962315644,18.518835119964674,18.549816254508475,18.257898173217963,18.13965130667932,18.28117542719158,18.204169855083435,18.31005795093168,18.507670960300768,18.8983996819158,19.185740357202377,19.376297669045144,19.273431087242805,19.28315984146341,19.238269009454868,18.896165181410723,18.963916454731216,18.61322604868539,18.645478651510054,18.59225127494235,18.633666191639854,18.54575691755615,18.459965855637456,18.48928823825887,18.56417092058019,18.482707506461498,18.322707201285716,18.336415097325773,18.505284357586184,17.888177193327458,17.676029105547226,17.67016925045188,17.817032555661616,17.82300481421537,18.362007044548335,18.165106050810287,17.884178814800478,17.767777544940056,17.470338966720114,18.66385797575286,17.5685401862576,17.632874170951155,17.852769577684533,17.525895069702123,17.910553845750034,17.62506326082296,17.625345704328446,18.03062445451382,17.20860098822803,17.512990866392833,17.829617011367336,18.188917432834344,17.40401183889235,17.705915948591233,17.59478690704791,17.88817411759598,17.918965276123334,18.489209071870796,18.500598320130095,18.49683940002043,17.857856737573222,17.742104271531918,17.700025850186936,17.29497148514958,17.40621530265321,17.078804218692294,17.63790185771388,17.34752709931913,17.53990509832461,17.235988216410014,18.160916168297007,17.997145356976045,18.42658109332215,17.33658056878105
17.21519924215659,15.430698072087344,17.42400881088689,17.74425846404125,18.25714063017394,18.065489118071913,18.54863766461597,18.476983588398838,18.488887156309403,18.12206361637139,18.260200136475305,18.441471844804944,18.315200487245708,18.92701614192382,18.9211383086026,18.90474494132801,19.021066178738252,19.223069128287392,19.04047124283995,19.760334273548633,18.989947324423653,19.013192303492932,18.822104042208984,18.532601378620964,18.75273437859188,18.4543648748169,18.487847021959112,18.57404964509753,18.471604369898774,18.465478651510054,18.41483113490258,18.423916454731216,18.529947324423652,17.714542411029573,18.250282241091686,17.550654676249152,17.470827345176385,17.47857490058985,17.730617770138917,17.946936668293603,18.377276156592757,18.272169338687608,17.647798229325353,17.646212323446083,17.326588836425746,17.5385401862576,17.693235750407187,17.75555430126823,17.593898858710116,17.946566695281724,17.83361213161314,17.39245857419059,17.361050250081316,17.215455639025482,17.522392827016173,17.934440341643416,17.939375391885186,17.69274552561749,18.048916621069665,18.220097056051628,17.7726306915642,17.857657007148013,17.820444817490582,17.653076561580423,17.644538211882963,17.612484637791706,17.573707380358346,17.17711966989125,16.897218555009115,17.25175376950468,17.120287401535457,17.33237736511587,17.313983643651095,17.244833858819348,17.23057161206004,17.22057161206004,17.112870337823296,17.545446566665284,17.063095400540618
14.677471778983273,0.0,17.4445856501897,18.11844653711371,17.436808613445784,17.04629901781871,16.61917389045279,18.413935168302274,18.986770112361594,18.20844536981707,18.13900673812606,18.43163318095472,18.384396324056112,18.68082679428112,18.962050673910767,18.982056816805965,18.912169338687605,19.185510071913157,19.056513024239127,19.25501579014605,18.90620468470659,18.735137390741546,18.757553999073743,18.849696432772966,18.774113627462874,18.613858620476563,18.590846847916435,18.543720858904656,18.369458715339473,18.464971880161563,18.459974932431372,18.506875637953954,18.274386870187058,17.814772173837593,17.509781829910445,17.54690996105972,17.46065437107337,17.53158425320124,17.765438073614558,17.89952714457212,18.043139483533245,17.562874170951154,17.610422621116516,17.328040235963222,17.586565262754448,17.691520608698333,17.845660043406145,18.83930029725726,17.651644081522676,17.530462083620886,17.41312221009581,17.283937985575893,17.327919331020933,17.332760715815198,17.45985283004528,17.5776060176821,17.36547883659165,17.367764617398255,17.41300481421537,17.4146574693116,17.523504880590473,17.6795862519344,17.567851242941618,17.68371539635411,17.365394612124756,17.355016501531345,17.17399386854198,17.104964013276692,16.85342408918232,16.893915065423005,17.102882513910785,17.28374759214798,17.203843757374095,17.117863635649687,16.986234725446845,17.68769141715466,17.68980843311413,16.97781654221462,16.91781654221462
0.0,0.0,17.36909247877146,17.62137343591101,17.54521059153874,17.96196513905144,16.81186067082764,18.24942672857117,18.508039247550492,18.30467821554312,18.334770226817163,18.377254653526798,18.468404089529297,18.637155870202477,19.162442732142452,18.601095163623036,18.643925115524194,18.772148654846323,19.02459695285267,19.128276176216296,18.947155870202476,19.419758975082182,19.15980754414524,18.86969643277296,19.044756994693184,18.903295981269018,18.561766064655668,18.40924188977658,18.281299293521236,18.29011951566392,18.2858420484516,18.239700267234554,17.8493075045728,17.86850682510044,17.567262976028353,17.57299169537946,17.597330344141866,17.6281525635745,17.882378172506726,18.068561312364086,17.99558131947301,17.290333914469095,17.431628071917505,17.575874273830994,17.377337126726953,17.479742188675424,17.800283072656452,17.760738725192823,17.515777387125233,17.350654676249153,17.35399545707252,17.35382655470429,17.21648943398528,17.95044481749058,17.29685281399508,17.324758377883036,17.105055806526785,17.244287984159687,17.01046212697835,17.167923337893264,17.20820263257439,17.28726366208807,17.505296270018597,17.387093410451428,17.30992520412232,17.262226248129206,16.98029773887168,16.984663757646423,17.04004109668869,17.088357156065467,17.173983643651095,17.31992520412232,17.799560015635585,17.068129329799476,17.072910542709277,16.994908205251892,16.957318928517964,16.906386906244144,16.837816542214618
0.0,0.0,17.521124696242563,17.337569784606433,17.93978331344937,18.30696443711274,18.584197141112742,18.21482597781934,18.28928017848155,18.467099457268073,18.627944501799824,18.56483018818649,18.77872553631709,18.897082134670907,18.59051201007766,18.63051201007766,19.06107728718255,19.042880285493382,19.17575074273362,18.925478651510055,19.113782918698185,18.690437862383387,18.602601378620964,18.470298164975315,18.58966907116131,18.71709289655209,18.397143182321013,18.36677021752732,18.127427031571834,18.429974932431374,19.204931269591796,17.936895874067208,17.800826902334546,17.815212994766632,17.72535738500404,17.760733488964245,17.52731317555687,17.601716919694994,17.416066490808984,17.81472675245655,17.696783268449934,17.491050250081315,17.460376306071364,17.218040235963223,17.423892597218938,17.734353857020125,18.603536638053225,18.590542498831816,18.510458068020796,17.21343475932205,17.239829325897393,17.512378172506725,18.26960058713924,17.224205443927072,17.13786505217317,17.059358960688336,17.025055806526787,17.159728860760886,16.95103537125433,16.816893869026135,16.98082690233455,17.090432147016504,17.253344369389282,17.272569324051382,17.229082575139326,17.17996246179825,16.98496401327669,17.099738861042397,17.055200058145157,16.996209434848964,17.16261538346497,17.152091061479513,17.80820482894543,16.957863635649687,16.82204875373808,16.892738135512918,16.949358960688336,16.736641924760846,17.17337028370611
0.0,0.0,16.883847710343524,17.725991688154263,18.213402223190748,18.101625539224717,18.34900673812606,18.39629871264293,18.394592437435136,18.610203540830348,18.804374685045744,18.69483018818649,18.388382776477386,18.60994732442365,18.548024625842345,18.696868832189168,18.505137390741545,18.51669103627328,18.54615944096474,18.848276176216295,18.935478651510056,18.921496924395026,18.724146019468577,18.44741715991392,18.883164613077994,18.503023527039243,18.437661342060498,18.324170920580187,18.02051286691816,18.574191053438387,18.325842048451598,17.784498053756074,17.750147596568056,17.616588531249963,17.642098999933662,17.825938727424315,17.715368399404348,17.910286051126054,17.56689155052189,17.34648943398528,17.612019742034256,17.43545565878199,17.57624080652257,17.543233159536896,17.395357385004036,17.222924077583773,17.291091504472725,18.2214419355842,18.43529355126161,17.254886824253425,17.25608220295112,17.821175884218526,18.27345119742898,18.352363794027816,17.1194331782425,16.99747410088021,17.03339846492904,16.87734352727837,16.995055806526786,16.655176572895673,16.615004332209278,17.03105260420169,17.147312140183104,17.110399771064667,17.112325714818393,17.049455630561287,17.01070124302308,17.068456048536135,17.11112057601891,17.080115926132265,17.062091061479514,17.052398942812367,16.771545212686043,16.749140436464508,16.702212563046174,16.667444362525526,16.811445387584662,16.822312702050045,16.725372242652778
0.0,17.88664896801583,17.810585300092324,18.07636788818474,18.23137489189933,18.366360854694932,18.14574471599103,18.30109392069709,18.524414403176728,18.725077350219586,19.054997028989064,18.500832094944634,18.376058940161744,18.585507804177904,18.321591719616293,18.25970026723455,18.24016925045188,18.210617770138917,18.238842554383258,18.521926221019456,19.289090402987593,19.180598320130095,18.603659858733376,18.4052962700186,18.50276815292115,18.365507804177906,18.376494904110626,18.115507804177906,18.605406529947366,18.345935747742903,18.1276613420605,18.490611383531828,17.43608220295112,17.579286490780213,17.731774934873016,17.944146019468576,18.065509773267507,17.52982652113178,17.53709341045143,17.210520755448524,17.38407832330671,17.784660039125683,17.73179224122765,17.48588778888498,16.888165040074764,17.058303836275925,16.95677397292876,17.841332386617545,17.130426311305552,17.21369119735073,17.14175520410385,17.18497108865601,17.234352087628576,18.001860624454302,17.045327719253258,16.990474640211723,16.858911690169453,16.915569151992962,16.745659771372853,16.766663140418625,16.841093003205817,16.804196675640867,16.966006975499305,16.97984980105025,17.03984980105025,16.927063540365943,17.006852813995078,16.945055806526785,17.003795815643706,17.01327752595659,16.904625931449726,16.771077014015884,16.55827390370304,17.025747489945743,16.517195767546692,16.527949233272267,16.369034817785764,16.43250292221623,16.188390690478485
0.0,18.979990134838772,18.14306655652414,17.878107776308717,18.455876569975885,18.022169338687608,18.49507735021959,18.361051393086573,18.607692374875818,18.835741167783045,19.151625539224717,18.36618562573681,18.46446962313877,18.37072497444806,18.29855009541641,18.29113175352282,18.195506927812637,18.86261355617078,18.08016925045188,18.160169250451883,18.29166527090218,19.17480085233706,18.38102701060171,18.327764617398255,18.332074050560305,18.27783975427859,18.24851064340095,18.86751133927237,18.723015554702627,18.35980656277549,17.753898858710116,18.05545121125279,17.67864898218484,17.697764617398253,17.58014329120867,17.495237607488228,17.529863066205355,17.53701936393631,17.585478836591648,17.402569324051385,17.412760410639418,17.29964231814498,17.566234038587076,17.112048753738076,17.238103403625335,16.888165040074764,17.626809620057045,16.989211011867805,16.831242151727984,16.99765830465305,16.96712518447339,16.970723211263604,17.124758377883037,16.987595254123132,16.999917523443543,16.95806551603246,16.848097346288746,16.76492725966765,16.913175610418943,16.868656928472085,16.701416416182223,16.58833503775709,16.940043335646035,17.120469649561343,16.83235827449491,17.053795815643703,16.94163476724,16.814580670036623,16.746214166424263,16.702047476067513,16.69204747606751,16.68977740909689,16.167257539921227,15.950970261006898,15.801462989574766,15.70342577300994,15.895093448545532,15.782301125329193,16.11961769601514
17.254017729587968,18.92045973358765,19.09033427354863,18.048582987727997,18.385347218421938,18.417016611915884,18.40102124564837,18.595056507976047,17.833389112913437,17.925262775575348,18.250302384396733,18.30975582193845,18.320678445347067,18.232630691564196,18.32855009541641,19.230181778060317,18.276338526718327,18.099201655599373,18.097882611922326,18.17331253194296,18.240192981720487,18.250451646583137,18.888371457405956,18.635912928715918,18.19256013671321,18.092499960501776,18.715418420912723,18.856903265138758,18.320243736773506,17.9677585460826,17.615929868860327,18.292522595209228,17.862561508326817,17.400183379291295,17.445614730169314,17.61904676592334,17.426020691480275,17.422569324051384,17.357644891897024,17.19984980105025,17.256566887082617,17.308040235963222,17.36140653148968,16.96892116627596,17.28136756637234,16.805062011034224,16.99060553365734,16.786799863238905,16.74283808524026,16.7997335535322,16.940663380124576,16.960579155796594,17.009188222879583,16.933398464929038,17.478917234372734,17.422706724587645,16.97661555646811,17.02860456389259,17.017089340526514,16.844211299857204,16.64641864743034,16.636418647430343,16.739088817960287,16.771926481382508,16.92250880046549,17.033983643651094,16.718200188178017,16.512859862410416,16.530095273643596,16.459724374332183,16.61977710392111,16.75175376950468,15.896678641126808,15.448247737571371,15.403874326811543,15.450500619568302,15.507724871284529,16.538412733865606,16.32025794191488
18.606758170524095,18.827001590465056,17.910667163024623,17.91383170459695,18.524469623138767,18.655156204706383,18.4140190859167,18.062569324051385,18.068381724895954,17.954779201484083,17.95755307003234,17.82163476724,18.092994924216246,18.177605611422138,18.56463354997995,18.277686048082764,18.128776068496748,18.075368399404347,18.050403126505582,18.055458816740128,18.042494456737092,17.868733986451254,17.889813558517375,17.715749564575304,18.33981637231365,18.513313349410964,18.10626937467037,17.90622609770188,17.6138401621347,18.349457129330823,17.519082575139326,17.489082575139328,18.078057023020065,17.499802132777074,17.70677516862659,17.308103098449553,17.64952714457212,17.38706513513724,17.34532771925326,17.4727607158152,17.220301629664068,17.3969102662355,17.680335251899987,17.138788075564722,17.275777387125235,17.03767545452932,16.962724143664467,16.629344579603817,16.50657668005585,16.67003030581603,16.677042101592146,16.91141514905759,16.96339846492904,16.949520347516646,17.528917234372734,16.86457996328291,16.941654240524674,17.006836628640137,17.028631153695517,16.724326297819164,16.630802721508733,16.527223492873528,16.721919049022507,16.66733764443079,16.475284439046415,16.63612467327446,16.515059391666977,16.51877162921151,16.286234345926744,16.310055027962797,16.22763101938255,16.056053576069342,15.504835606603567,15.33495396770121,15.336223928476954,15.67342607818572,15.74047231284994,15.695497738510435,15.67047231284994
18.79065146404145,18.13102701060171,17.786193577767236,17.880710315401995,17.915606985509807,18.318264015653092,18.17259022034943,18.291175884218525,18.308264320828872,17.84451149273233,18.024629700995977,17.713795815643703,17.693344369389283,17.637492006645783,18.424542262947185,18.251110425049912,18.082349524495207,17.82189106580335,18.636018696439887,19.177562907459116,17.83489988711703,18.369656467291932,17.645561157835985,17.57301733763781,17.695653971898874,17.554399605703438,17.918330039075027,17.499214196774062,17.8690263926428,18.270560789612304,18.125926501029618,18.318916621069665,17.804165657532074,17.655641034859592,17.433608968923384,17.511100367070394,17.377574346730956,17.49726366208807,17.21639683211688,17.198245707459975,17.18648943398528,17.084359033338217,17.10649767826022,16.98112140016545,17.15850682510044,17.232902864363414,17.175606985509805,17.148001331835744,16.595473732183567,16.416708956199262,16.500024334754013,16.734203552907566,17.087642097948844,17.313139483533245,17.035670578094273,16.915454165680732,16.891186815995884,16.85057161206004,17.006072480816563,16.736948249709922,16.78107701401588,16.590190930776522,16.583485808519182,16.714192668413958,16.52691463546921,16.4906190342249,16.127723124373933,16.37153413351557,16.16723186094243,16.2147399545954,16.043524434590147,15.931171230646623,15.448990071022198,15.344953967701212,15.384953967701211,15.566150069931759,15.723835229393773,15.848496019515078,15.760537793356585
19.14589195915333,18.054841478099956,18.07521299476663,17.73193305204974,18.121223884610995,18.24885631557858,18.30305993821833,18.012216540875404,17.990753893423935,18.245056507976045,17.954619336128005,17.71701936393631,17.66570650637706,17.697063030164134,17.786888324640312,17.798879741908742,18.182953483930422,18.07885631557858,18.010282241091687,17.921754898928068,17.99791933102093,17.649520347516646,17.573386653461792,17.427492006645785,17.471723974598447,17.334062125384513,17.26916411269067,17.4781525635745,17.570180408151955,17.69477433912902,17.71855009541641,17.543309929139884,17.556799428969896,17.682994924216246,17.712994924216247,17.81111042504991,17.61864867700906,17.19369119735073,17.76429884148385,17.315739034618517,17.20685281399508,17.13708736731474,17.082680478870156,17.039481738509604,16.930343611405185,16.918771087773877,17.10592986886033,17.238491227130428,16.521399800828807,16.406708956199264,16.349774099167536,16.29892218222627,16.75802523910687,16.811672988208308,17.00764030349393,16.971753769504684,16.847514778627865,16.99007747538147,16.793667105483742,17.086515660432404,16.68108722874922,16.59481034110673,16.528273903703038,16.549017399251444,16.445611546140004,16.451003095953297,16.20507737826089,16.00324670415258,16.267946211011818,16.565521117293642,16.31246044095301,15.700507087249214,15.414835606603567,15.500850943959351,16.06721553905058,15.678057869568685,15.708063371807901,15.67470580178483,15.596717343548832
18.41883985255508,18.12072497444806,17.6932533594022,18.127065440313025,18.01369538504802,18.462232416566092,18.467560956390948,18.29869288636048,18.835693720033213,18.383935957052454,18.024469437338688,17.56685281399508,17.67730805372169,17.508803423731088,17.575653971898877,17.528103403625334,17.62175520410385,17.480525486310285,17.90877606849675,17.96185120203385,17.57617824415404,17.553880274640658,17.434394381585264,17.426732758196763,17.33412895508486,17.276799863238903,17.219164417866452,17.20697555162052,17.151522439235354,17.61040724449786,17.74776364465521,17.542890537149106,17.939859139879523,17.642617596940845,17.688661218695323,17.7226306915642,17.748698356906804,17.657764617398254,17.497747625724003,17.416563062562304,17.14855105552215,17.17607248081656,17.2313678155229,16.980455064176557,17.012403441059064,16.92523405799151,16.89545563902548,17.117065440313024,17.159801827601292,16.47240369328362,16.364951493612942,16.279184899281454,16.51463898848043,16.881091519421418,16.9038401621347,16.89450031903658,16.86108692357344,16.91136844088532,16.901189272002114,16.747029273876578,16.67422438289316,16.430055027962798,16.53349851614178,16.678545821468344,16.647607522394573,16.27386573256668,16.362672077877594,16.26874414094066,16.065664084057065,16.137649640709743,15.832579271886216,15.738792004520302,15.626526675971371,15.58070008638941,15.72549591025408,15.817712096025927,15.476251229840164,15.506253973794218,15.416011107075567
18.17175933174932,17.606694666891034,17.536332231378875,17.830455064176558,17.92165393534889,17.809140436464507,17.756948249709925,18.306603370960765,18.280788399635057,18.154433507694197,17.755368399404347,17.515572605262207,17.429494860846482,17.47574096855566,17.486474069027892,17.46660437681256,17.41770679874638,17.625297537128482,17.53432323695578,17.436396832116884,17.639747961361376,17.570180408151955,17.319752570942903,17.32770679874638,17.426567192258396,17.438123525238932,17.356732758196763,17.1597783246489,16.983610972758903,17.70925869858784,17.138462237885154,17.582215656082564,17.210462083620886,17.458843600324084,17.282569018875602,17.55817298115385,17.209842250158914,17.317065440313023,16.920979244459694,17.541837061813382,16.8601537806415,17.10685281399508,16.927029273876578,16.96979000552101,17.032939279304937,16.849358960688335,16.907641792773063,16.83979000552101,17.100508307093065,16.307102955784615,16.258024302194208,16.204671336422184,16.62372967012248,16.72984980105025,16.779140436464505,16.77733366419691,16.816564061717905,16.951188966826333,16.724614797572567,16.543660416546015,16.60349851614178,16.33281905383324,16.347949233272267,16.300728319412706,16.19277128369273,16.082650663896676,16.085703337241732,16.30643433755402,16.416011868288003,16.274779960820915,16.02154722213426,16.02339703312819,15.970016117882153,15.941660122565695,15.559952505547841,15.691749180082533,15.950639928922705,15.400204653937294,15.38961650325308
16.93428798415969,17.440514482669588,18.29460047489019,18.042690599750387,18.045914286201143,18.046163874918204,18.13849189073954,17.994267159062606,17.750514279607692,17.761896162096136,17.353442712525542,17.21287530333231,17.869124116610525,17.46411510002253,17.55532771925326,17.259520347516645,17.446067326017996,17.918550095416407,17.141771802725398,17.149256661940868,17.09078558372629,17.28834826278873,17.38996215662247,17.47685281399508,17.4793075045728,17.457050726925228,17.366744950595702,17.172875303332308,17.627977634823505,17.819493802820368,17.19180324385887,17.451653701994786,17.01641087064526,17.081991691994272,17.428561007188303,17.30521299476663,17.460192737932065,17.0982767118752,16.850783026925217,16.997644050555067,16.94531334368651,17.00879362852209,16.89991752344354,16.90979000552101,16.941801390457595,16.784886824253423,16.918001331835743,16.89171661451921,16.580100222674737,16.941127912806667,16.919495078454666,16.128998631130163,16.05354953259281,16.69296222202832,16.612212868221953,16.564394787967736,16.50188815423159,17.240406675988318,16.49965467025092,16.59645740037481,16.50945891251731,16.19466887759753,16.199779971611925,16.14673050195988,16.12968099801167,16.313207904615336,16.176492411782235,16.319707195398735,16.367241762681665,16.934574453176204,15.667802080450102,15.901600262696553,15.791060815050942,15.730305881673708,15.827982021413954,15.676886334045362,15.543495938931397,15.673065306934554,15.315447850078016
0.0,15.019861849544824,17.538451453755574,17.16134261933984,17.992310894926128,17.40809734628875,17.551991691994274,18.126515660432403,17.999899949313082,18.090881141567845,17.750295283590674,17.272590779346327,17.27591469408336,17.699721597165055,17.437512613821127,17.314361098321427,17.31523405799151,17.285963023425836,17.00410506955397,17.01399047945985,16.91896237404843,17.040100222674738,17.398123525238933,17.212322941138112,17.62831003668879,17.324074998563287,17.41648943398528,17.18301301066558,17.126884318061567,17.34497108865601,17.274205443927073,17.270432147016503,17.15789172710277,17.073944439061695,16.913002636372855,17.030517609400633,17.02393027607273,16.974711471140864,16.961839709435612,16.709388861839027,16.469483417097347,16.408008037731356,16.321587480180746,16.305592736731406,17.226732328817516,16.732925140312798,16.65648448328653,16.79065467624915,16.629399403416635,16.406116996189894,16.07169100073866,17.065016806707128,16.56081322706146,16.038998631130163,16.871189272002113,16.91040724449786,16.76812932979948,16.56883432472997,16.423390756715353,16.38602034959012,16.3257251771799,16.22897656299523,16.2760206547659,16.37965467025092,16.572047476067514,16.369395682917965,16.50037654632463,16.69171497828222,16.233131822500237,16.560677250361234,15.926929106161396,15.948742253713105,15.77171576448411,15.546547124415198,15.485938372382762,15.667849122956431,15.5834268877791,15.51340108877686,15.55015730159137
0.0,0.0,0.0,16.99965521950602,17.17299169537946,17.461703263707715,17.382910542709276,17.89219516964626,18.075182499028394,18.10817109251073,17.594670584552137,17.22984980105025,17.549962461798252,17.97541697594469,17.163447092181396,17.149789505885664,17.06393349636306,17.156178244154038,17.1511135968562,17.06153706084152,17.23991752344354,17.026512601183363,17.026418647430344,17.048712752806573,17.142484851990194,17.445368399404348,17.394810755588956,17.273440897985402,17.227311978812818,17.137032431069645,17.315572910437993,17.300432147016505,17.357574346730956,17.17439960570344,17.18529753712848,17.081991691994272,17.00850682510044,16.746487863125765,16.73695846272748,16.73424145633782,16.51658957849646,16.30362962071382,16.318857987441874,16.186727385770695,17.197456967718217,16.654196370465083,16.721991691994273,16.588013512505476,16.54544940912445,16.1156886334143,16.19210390498244,16.07488232307974,16.977711133112606,16.905016806707128,16.876293905705367,16.662008014675393,16.29722792637258,16.400854477494462,16.366357541914777,16.631479063030305,16.438818342531697,16.33528443904642,16.70452092379988,16.599669438162476,16.682377365115872,16.54030146984573,16.354115576968244,16.72149717191204,16.541041550745597,17.00672545105744,15.958631177516372,15.615638848630221,15.316098631815901,15.380656766227663,15.30442148497777,15.37009020383122,15.286265594188249,15.541481434621762,15.506248757933685
0.0,0.0,0.0,16.570042939070465,17.91103952463854,17.51334436938928,17.454288399139163,18.04044481749058,17.92541697594469,17.80544649253497,17.662890537149107,17.30642686095816,17.268138388383406,17.408456048536138,17.402517382772395,17.457312140183106,17.183629823559457,17.320523018709572,17.360180408151955,17.14991752344354,17.13306192935108,17.073061929351077,17.088775719643156,16.915131705894574,17.02562234954464,17.21529753712848,17.19439960570344,17.280311133771228,17.413235750407186,17.475422482688323,17.488843600324085,17.390180102976174,17.347859530753777,17.27521299476663,17.095327414077477,17.15410412537495,16.944886824253423,16.779610824164838,16.951422474033315,16.712567119147714,16.39948980387259,16.274264426796865,16.188858292617653,16.13436131611672,16.149513766724162,16.702913664471566,16.555772011444134,16.50683019939098,16.054508863396237,16.02039834111726,16.08604998644147,15.970534903559129,15.897452779402883,15.82384034416814,15.82710121821219,15.7866590276167,15.820391822429421,16.23614993105047,16.329535729635612,16.333660416546014,16.379207170546604,17.652393794476005,16.69128949967759,16.55707351605075,16.441132471417546,16.6083399082849,16.5587440638376,16.648251498427506,16.514712873616542,16.267667959475588,15.885619151021352,15.67430604998875,15.651087187845459,15.671575746713009,15.560302861452742,15.511954217218516,15.616598575136342,15.468837008771006,15.820394985488699
0.0,0.0,0.0,16.271591719616293,17.524034755360688,17.34887940989355,17.58334436938928,17.50709341045143,17.602890537149108,17.310826902334547,17.07858825049615,17.358569837867098,17.188138693559186,17.378569837867097,17.47475113874112,17.326379886398044,17.270043640821818,17.276567192258398,17.304795977209288,17.236793971835212,17.121091519421416,17.014105069553967,17.03380609473073,17.00046092849882,17.052962406464996,17.070523018709572,17.04949486084648,17.2334408979854,17.314104430550728,17.380180408151954,17.284751138741118,17.367019363936308,17.313832224852867,17.3185898368543,17.184205443927073,17.11410879474524,16.916615556468113,16.883040856838484,16.48011781221757,16.332929965510516,16.25800066068946,16.17387364069954,15.977258407620278,16.101680914352066,16.214638524505244,16.02802559791314,16.029493679331964,16.256038753078144,15.983459609587653,15.913341955248466,15.895559958962322,15.895961766696551,15.702513130998964,15.76329050672759,15.834359870362162,15.793610802824423,15.752684785315758,15.880261598924665,15.987102955784614,16.191283448470315,16.601411195136265,16.628910990198147,16.289395682917963,16.303914719580693,16.45753844251617,16.430294978414892,16.453403144793374,16.18555736684068,16.377261270401583,16.058745465357518,15.943724628041569,15.624821246295188,15.472909588510927,15.733295370793638,15.607712096025926,15.575860546822511,15.32720047893961,15.46094904943875,15.335090258259838
0.0,0.0,0.0,16.694542262947188,17.279728860760887,17.8422043241883,17.372569324051383,17.691248328832764,18.288510824138672,17.277019363936308,17.684980780322245,16.9794331782425,16.963447092181394,17.095606985509807,17.18340190180779,17.282517382772394,17.216465838058305,17.195455639025482,17.110979244459696,17.14532771925326,17.050696442706116,16.96760467120815,17.03380609473073,17.010460928498823,17.046170168033672,17.210183379291298,16.957330038966084,17.12420544392707,16.88806551603246,17.125614424993532,17.122797346642294,17.282735209467198,17.277747625724,17.258491890739542,17.323429286173877,17.16948054527637,17.063641702056263,16.80551701430892,16.57614859376698,16.345165616971272,16.396728335717853,16.18892431695709,15.879110362348785,15.901390182255119,15.940041676453527,15.933946996487103,16.15444822189336,16.05305259579844,16.156038753078143,16.13334276070146,15.830698946332914,15.784848641796227,15.689950482935192,15.580758537274336,15.666983078105176,15.64973328635878,15.965340111206288,15.734359870362162,15.670132513768426,16.059535729635613,16.27366710548374,16.403575853826382,16.22702914830409,16.51642882200744,16.628910990198147,16.4636582618578,16.25483385881935,16.05107701401588,15.927048698891635,15.927290223956351,15.911086402041153,15.745739240389739,15.475093753721314,15.493198064915443,15.53849601951508,16.037225495562026,15.497707714119226,15.494582158676618,15.48754298186222
0.0,0.0,15.791707385999437,17.65248783238018,16.91393027607273,17.597686048082764,17.92651324011621,17.352569324051384,17.41020483783833,16.926604071636778,17.006181977855167,17.09751261382113,17.10062685220392,16.938138693559186,17.286804094821,17.081070508110642,17.000030305816033,17.019535729635614,17.028652559399106,17.06219925424455,16.91244768093899,16.961445387584664,16.84804619257209,16.76901365403216,17.053701959397806,16.664475812827586,16.797595770361255,16.813816934289143,16.64157139776166,16.668652559399106,16.578587538097644,16.897944298674282,17.179728860760886,17.07789172710277,17.166602224354573,17.37866121457175,17.21464973731885,17.31844882323325,17.136756307688124,16.45292976281114,16.7221932307051,16.069218734792848,16.025378600792525,15.9195269118491,15.845268561995848,15.615781300252628,15.464107828476312,15.477354970904619,15.737697266262112,15.843292076177054,15.833436712033757,15.762146688545101,15.613221827371234,15.61305942423217,15.546489884511637,15.53966944568538,15.603059424232171,15.491629479585448,15.573184823299226,15.619633076553463,15.694299974305164,15.864000599661265,15.995444050412246,16.072843432618463,15.926584385947802,15.897290223956352,15.913589509363213,15.876167847677591,15.99208647765844,15.869269892611673,15.75954377280555,15.71573924038974,15.573413050005378,15.436682886881382,15.383624882183266,15.596455951003739,15.463933712323662,15.455014000966099,15.531725638363607
0.0,0.0,16.93154809633714,16.809481738509604,17.113175610418942,17.57868415194253,17.788753031642113,17.727143182321015,17.602996374938545,16.824703968677515,16.949829325897394,16.94343529294368,16.947640303493927,16.763928657179534,17.036765060990135,16.757444362525526,16.813115312430284,16.923798149184115,17.066903478935135,16.90406712781262,16.80846445691429,17.008097346288746,16.97916441786645,16.8251863997306,16.750538751695824,16.740100222674737,16.6442061220984,16.601890244939916,16.60536206254335,16.456282270483715,16.422827429405558,16.842938974129154,16.864625931449726,16.86991752344354,16.945342064283484,17.278949288330303,17.221317142186514,16.982119872236687,16.59823758556166,16.49794657013474,16.32953072657837,16.28640620065062,16.16056316030353,15.951398068298783,16.799140598294045,15.562136277552,15.399566895854628,15.521250604358809,15.74287530333231,15.503961925876455,15.7342061220984,15.635079448007724,15.525497738510435,15.485293753422614,15.437602924931202,15.375511924321168,15.5856474764696,15.351304379137957,15.484107828476311,15.693867437748436,15.930154995753604,15.533289072299787,15.683749817224783,16.413788769633733,15.96287499815653,15.768458981529262,15.683456590134412,15.624709647263547,16.62338470289992,15.90142679315042,15.86441680659536,15.927723124373934,15.708925574011701,15.496938231847214,15.581137940450345,15.543493095512371,15.517821644930027,15.680720230012744,15.686696440966777
0.0,0.0,17.135183581920348,16.787174438930844,16.705584518633255,17.166852813995078,17.531058021321062,17.542275132022134,17.293511273160675,17.473858315300784,16.741416416182222,16.846662835242846,17.03118896682633,16.70683019939098,16.741499034552856,16.63742627360239,16.533237631104477,16.812221846931838,16.695279616191733,16.8469452757311,16.644933238613483,16.45662114772636,16.855584518633254,16.83769024967417,16.909494860846483,16.741416416182222,16.708775719643157,16.52480572512032,16.489939171733564,16.50617824415404,16.43953572963561,16.44412895508486,16.367150753132144,16.41818430070471,16.504220623522446,16.64977740909689,16.918437755042945,16.919516467464035,16.51044952383303,16.666205253322772,16.36291608846471,16.28995915338793,15.930686800752552,15.809510341230395,15.802989369457435,15.864080550911261,15.681698965367675,15.581380628656301,16.055259282975047,15.905079448007724,15.723956638202829,15.607497859489925,15.629802240056847,15.946003414852177,15.436717343548832,15.46754799334783,15.455146502795914,15.472107080546909,15.432785247847184,15.554310076578894,15.429314569613945,15.669483534882353,15.519234588013152,16.240139080279395,15.613363840253761,15.678048955736362,15.65306528837711,15.655961512418436,15.637453698513463,15.614390549435143,16.09879362852209,15.99426510596324,15.709552654437228,15.585706675164708,15.606169286301812,15.50200030466537,15.471698965367674,15.64939102798379,15.534080550911261
0.0,0.0,19.769547345543486,19.484149088075306,17.86741802800976,16.915614730169313,16.854196675640864,17.22446974251447,17.286799428969893,16.97216584364049,17.045614730169312,16.74714904042944,16.592804888863146,16.754022341577244,16.2648840426142,16.650961625483678,16.85750116066327,16.596091933662034,16.656332231378876,16.577688905576846,16.294052444206184,16.40620007855071,16.64078558372629,16.361187310992854,16.77010022267474,16.834376497307623,16.741113596856195,16.600191235952302,16.489474840797833,16.409866966158813,16.57023809318972,16.284577978418614,16.21752654021674,16.355864647378013,16.491113596856195,16.29038189453093,16.843052447645746,16.762730940221005,16.837609376493404,16.295327719253258,16.14072334805783,16.07188815423159,15.9854528388435,15.771643277093702,15.42289410193634,15.427814775869376,15.47635872951966,15.791509971759286,15.590100222674739,15.887690249674172,15.588931126803821,15.588322051857167,15.703402728983766,15.609715864621895,15.407955027431868,15.32502286862842,15.357875154708035,15.54210738572269,15.794080550911263,15.527602001066288,15.473537202591096,15.409786422268564,15.461132822364295,15.722685090491538,15.836186742920653,15.940106122227153,15.783740060872884,15.605638848630221,15.53931622313547,15.532901440409173,15.529882643904118,15.427866974097373,15.654480670189008,15.697816542214618,15.683083996043413,15.465688550039417,15.534480670189009,15.54094108338587,15.362955818941579
0.0,0.0,0.0,0.0,19.68686494359565,20.135144066494256,18.716518849962874,17.050192737932065,17.102664467198814,17.128774863847877,16.48406212538451,16.685126921013897,16.266708956199263,16.217354559579427,16.396358729519662,16.229372188733972,16.26957731319206,16.13830094943657,16.245899706866314,16.46455133807232,16.333292076177052,16.15409555280568,16.55157813582459,17.40954609930523,16.549834839137805,16.498962374048432,16.589448227704903,15.92878330441236,16.342870337823292,15.796714114780233,16.482340800331606,16.258754769408228,16.441315311344272,16.53369119735073,16.319607022587896,16.668588319124925,16.701816739525103,16.301654240524673,16.006598835872186,15.936648370438945,15.91287530333231,16.10521299476663,15.810477779668403,16.16711364092211,15.80412864990908,15.381969437530756,15.275724054879076,15.554115100022528,15.611267144160788,15.497150753132145,15.633734201008894,15.326778890133355,15.299292180401066,15.447802548308733,15.446245540270109,15.503889910873148,15.65862339550724,15.541166288791858,15.597542981862222,15.46607493429751,15.594310076578894,15.548588925463923,15.512013089693186,15.555744224409414,15.473782808506797,15.43760230624207,15.711710010061381,15.740785583726291,15.777365442694528,15.63841622289913,15.681052940202221,15.570961625483678,15.261072050014302,15.889057596186863,15.461698965367674,15.687439931258902,15.58094108338587,15.50202236015473,15.250144910331404
0.0,0.0,0.0,0.0,0.0,0.0,16.60003267948299,16.78348268101508,17.1725929820602,17.08241569683054,16.367122158704056,16.494492772972663,16.65532139434527,16.27690965419303,16.358604980629746,15.951431076669301,16.4595705313048,16.110698946332914,16.040748502097454,16.496116996189894,16.187272963865745,16.261731670053177,16.031489901266024,16.174759880663764,16.791077014015883,16.48780157054507,15.98957731319206,15.915117694162916,15.870327912665388,16.222305384464004,16.638357156065467,16.421319606444776,16.36794923327227,16.54857566486498,16.33291054270928,16.76849189073954,16.85100664408863,16.264080553102968,16.014398343780755,15.979582941533371,16.178043745107782,15.833659572559313,15.534952757340795,15.56097376315807,15.320696960721538,15.478322051857168,15.486012877976997,15.661390761398966,15.684196675640866,16.118803423731087,15.815961512418436,15.631673295653195,15.683296414918015,15.375090258259839,15.359584986808166,15.513902483241253,15.549969240576846,15.623034069833894,15.853597192456544,15.580026190367683,15.55988264390412,15.663934017499447,15.685034177709548,15.53476341284228,15.521380628656301,15.538475275916884,15.574882878930008,15.761390761398966,15.605945278326825,15.696058279649115,16.434832093328264,15.58040854345563,15.185099377472273,15.040936591940747,15.362013089693185,14.954496302350336,15.305025507061137,15.46282773458134,15.4348060302961
0.0,0.0,0.0,0.0,0.0,0.0,15.499156409274741,16.812996374938546,16.48144644389401,16.617859530753776,16.683277525956587,17.078715815190176,15.975262103522997,16.20347426876195,16.146708956199262,16.06039834111726,16.068360415627417,16.01997865096012,16.061398068298782,15.869414638285509,16.120154995753605,15.822757485543407,15.988172794596643,15.794709647263545,16.025970629935177,15.897181881853092,15.927978207467277,16.011890244939917,15.86175512566591,15.715524287252865,15.852564834789032,15.818604980629743,16.666474870059904,15.970940778210089,15.956725583808057,15.880148031767256,15.935483113840844,16.12660437681256,16.16077272241182,16.060297697289943,16.040520755448522,16.139660597846316,15.77169137710757,15.406358729519662,15.333383489458228,15.24931120974025,15.145577343960262,15.445777387125233,15.632590779346327,15.512827734581341,15.59066087438968,15.5756474764696,15.541421467215887,15.618821374647426,15.506074934297509,15.531347376803652,15.495336648321222,15.732498891574615,15.556847705265074,15.64903586445048,15.523702993881779,15.667821644930028,15.523786937786426,15.5413806286563,16.15952004766768,16.175470211574353,15.735168989873358,15.57715572933338,15.752169811956255,15.714080550911262,15.590786649295,15.296538829947767,15.045803584961867,15.170034767803111,14.865384090743538,15.368409856423332,15.187541896403728,15.582804888863146,15.08385882656531
0.0,0.0,0.0,0.0,0.0,0.0,16.31094012007523,15.82962070081447,0.0,15.898818204399866,16.758306297052506,16.64707847152363,15.940801357894244,16.449838639864343,15.922026784813994,16.01895116197845,15.908232123137113,15.81212977920547,15.845524287252864,16.47291054270928,15.826727385770695,15.80230991085422,15.883956638202829,15.683193950485258,15.761969437530759,16.092278843634602,17.26054774196134,15.950651943885632,15.909385720794724,15.76329472892297,15.723237936280256,15.735673795644539,15.724771489578757,15.686561240859543,15.669103525736688,15.51931120974025,15.73287530333231,15.790517609400634,15.851771802725398,15.807332484628734,15.963189601000131,15.751091214245637,15.977863635649687,15.687736370492086,15.549520347516646,15.491888466954217,15.05896237404843,15.41833543715745,15.38833473258131,15.466038753078145,15.56652978892469,15.317999671772075,15.537251493341218,15.488821374647426,15.574026807736923,15.467904813407387,15.488567166988558,15.48856716698856,15.593610972758903,15.496941945874418,15.543934017499446,15.485089953084056,15.405845193191132,15.36603570014628,15.568322051857168,15.564306049988751,15.605174441974906,15.463072333632834,15.566597614645943,15.766208561107627,15.654480670189008,15.293934017499446,15.003282605093364,14.97210245186048,15.287481432216378,14.824239026219574,14.773708176795814,15.304568811042849,14.62513330454887
0.0,0.0,0.0,0.0,0.0,0.0,0.0,0.0,0.0,15.744650907911911,16.6751621638964,15.748755478034436,16.32591438890758,16.1289544982595,16.056444631222455,15.814118522985076,15.857567337078063,15.915454704943645,15.893093141993633,15.90256483478903,15.91430049956255,15.743961925876455,15.754334440335251,15.782925464577744,15.656847705265074,15.955584518633255,16.065004332209277,15.978445411160457,15.84312463016551,15.722433709055856,15.906373029272368,15.674818438218491,15.640340198098272,15.67193107984603,15.478002316939001,15.395771919983433,15.592804888863146,15.864987834402848,15.561522439235352,15.854399300527657,15.702460920617558,15.838763089859935,15.601015351817189,15.33342408918232,14.858937026213825,15.389401221137154,15.263447092181396,15.412003290473995,15.353759899523386,15.312982052311238,15.40500718941782,15.383491064255027,15.25516560844214,15.255245628869552,15.172021980076622,15.803083996043412,15.18662114772636,15.245131439555797,15.272958698975161,15.133465062028936,15.26239278677637,15.23239278677637,15.295672427350299,15.264076066855628,15.235090258259838,15.693024626248297,15.5536222068186,15.409151506926392,15.405706369988927,15.477816542214619,15.443622206818599,15.350974068333851,15.13584925831907,14.62316484429578,14.648899288722518,14.688119892890626,14.662136607514855,14.831431076669304,14.641907290461228
0.0,0.0,0.0,0.0,0.0,0.0,0.0,0.0,0.0,0.0,16.577211372466408,15.932847353174983,16.51470637052933,15.833943542407322,15.957096440501921,16.078040235963222,15.913401481947169,15.875174824243476,15.684263810053164,16.22781853347695,15.830400882589936,15.797332484628734,16.15618197785517,15.72193107984603,15.711578135824594,15.668458981529263,15.97406712781262,15.990897288632716,16.022680478870157,15.748165040074763,15.637614142259938,15.585483113840844,15.701316744670631,15.611475676026581,15.667150447956363,15.54078558372629,15.839849801050248,15.48871275280657,15.574571154711906,15.865653971898874,15.568879409893547,15.416092680809008,15.348962374048432,14.902093484603778,14.737033685892001,14.983867437748437,15.141890244939919,15.447677120577685,15.20198961871412,15.249844632717187,16.092216540875405,15.506719499543737,15.372202468328531,15.334310076578893,14.894588059576378,15.063889910873149,15.222221127818374,15.269194657600476,15.1555710190486,15.3892524354562,15.736357541914778,15.233051000048773,15.898859594071988,16.010337836351535,15.11072807511066,15.110311533346646,15.450960632999175,15.28182929960917,15.437816237038836,15.263106682204626,15.479311209740251,15.473024626248296,15.41862288801461,14.713596605041708,14.520387169906888,14.526096591226182,14.556101802084982,14.50699887230881,14.410215314786821
0.0,0.0,0.0,0.0,0.0,0.0,0.0,0.0,0.0,15.936866288263753,16.126793971835212,16.31884178996276,15.998984145907073,16.14404097327032,16.036410870645263,16.101326151412042,16.01175418269615,15.882557777879013,15.915443880264355,15.776599141047969,15.944492772972662,15.904492772972663,15.62833503775709,16.66613875232231,15.834398343780755,15.78652978892469,15.519249153951266,16.34362645778196,15.831672988208307,15.657042101592145,15.565420703893405,15.468592535160282,15.536725888983838,16.176140347562374,15.474450303663616,15.40157139776166,15.41287530333231,15.313597192456545,15.394630698520409,15.308097346288747,15.338478706005493,15.380420734142529,15.32042073414253,14.970807887647675,15.062678949927204,15.06614993105047,15.123924716811262,15.196561240859543,15.062283164303775,15.154981216915221,15.226521558161123,15.04381699349223,14.982696997984615,14.876929262134318,15.587333664196906,14.627950292242742,14.7548779282135,15.060652452049043,15.765073262926869,15.78711364092211,14.997131835767462,15.14515374974139,15.0721466885451,15.006734454704052,15.019591146762641,16.119856245719472,15.59068561761969,15.464942985634224,15.376357541914777,15.225619151021352,15.263024626248297,15.23329526759435,15.290477474492622,14.74255019572573,14.50979510228521,14.744785831454902,14.66630995441691,14.711452291701928,14.413780329917303
