0.0,0.0,0.0,0.0,0.0,0.0,0.0,0.0,0.0,0.0,0.0,0.0,0.0,0.0,0.0,0.0,0.0,0.0,0.0,0.0,0.0,0.0,0.0,0.0,0.0,0.0,0.0,0.0,0.0,0.0,0.0,0.0,0.0,0.0,0.0,0.0,0.0,0.0,0.0,0.0,0.0,11.267219647276036,0.0,0.0,0.0,0.0,0.0,0.0,20.815969222352827,19.399909003208858,26.38511848411004,22.23323139165465,33.64104399037919,22.020723327640823,39.98790521257648,41.21627543997806,23.742428591855756,15.139184753039618,19.682190716483305,25.00144194779126,21.289685131778974,17.702651961914356,21.83719785700243,21.663333311873885,19.171481563569127,21.18082967847556,24.247889145613392,16.34806409705803,34.72926940472731,26.608060214913532,34.344248968147674,20.4749224581456,26.316367932603782,27.63188594212736,27.18468929865196,20.68413371530786,24.528485654200324,29.304255041129522,27.973275206772183
0.0,0.0,0.0,0.0,0.0,0.0,0.0,0.0,0.0,0.0,0.0,0.0,0.0,0.0,0.0,0.0,0.0,0.0,0.0,0.0,0.0,0.0,0.0,0.0,0.0,0.0,0.0,0.0,0.0,0.0,0.0,0.0,0.0,0.0,0.0,0.0,0.0,0.0,0.0,0.0,0.0,11.326910664551566,11.498334255915578,0.0,0.0,0.0,0.0,78.02280986993988,33.63675307236625,18.319515169684372,24.499864114230334,20.76226044125004,21.511191911931483,22.650898784757374,18.95999494471448,25.37546312247053,34.131500161919476,22.313062302267248,23.190399806053648,30.138386101054184,27.074664012512507,24.143186900228294,25.424226692226604,23.57114204195929,33.469153703654214,24.17138288719925,20.246274396048584,22.18587898961265,25.578943369716754,28.869022554421385,24.3854448484904,31.16085207390436,33.98673889803182,27.087079114783307,27.032589826288927,34.1850994972113,31.470542127493218,22.1708809598886,20.0343809917741
0.0,0.0,0.0,0.0,0.0,0.0,0.0,0.0,0.0,0.0,0.0,0.0,0.0,0.0,0.0,0.0,0.0,0.0,0.0,0.0,0.0,0.0,0.0,0.0,0.0,0.0,0.0,0.0,0.0,0.0,0.0,0.0,0.0,0.0,0.0,0.0,0.0,0.0,0.0,0.0,12.49971435935959,11.569513989815537,0.0,0.0,0.0,0.0,48.09425996263238,50.12636320578405,29.786093099963956,24.953498770003844,29.93279855688486,20.684297227895254,26.77695900805199,24.63816118319977,30.040048023108977,22.14228400109632,30.518681610120055,31.30853079701386,23.518205579369777,28.719929648908312,46.64900937849985,43.30182090384849,20.530668398814313,30.737390058049918,21.633480362532218,21.90195358596701,29.366168079114445,60.11821169797982,21.283365409039252,21.476381869840758,28.080745899925176,47.212883214922506,32.81268620105571,23.953161701069412,45.24464234000113,28.57068594439533,25.66663687221574,25.523309780026516,19.021856221758284
0.0,0.0,0.0,0.0,0.0,0.0,0.0,0.0,0.0,0.0,0.0,0.0,0.0,0.0,0.0,0.0,0.0,0.0,0.0,0.0,0.0,0.0,0.0,0.0,0.0,0.0,0.0,0.0,0.0,0.0,0.0,0.0,0.0,0.0,0.0,0.0,0.0,0.0,0.0,12.589622356311608,12.162785152314148,12.130007283537557,12.01747209531666,0.0,20.43612662113498,39.280575502912384,28.880503480589507,19.56502916362812,21.438172742121345,27.103889400755623,19.731461878318143,27.157725373821627,21.0912037139655,17.576253430329665,16.8160333692012,23.097351305394692,18.560884076034377,21.678492352895326,19.164785784812572,21.99473687085921,27.813734347157357,27.17237951594379,29.04083585900437,23.739181983796605,17.72623591615918,32.11501044277617,39.13374427067763,23.37917428350385,19.939220847863325,27.811875719568725,27.889230553298333,27.908451763184452,23.685422167828005,34.37844691863891,24.080524232655748,34.27698401377668,31.092398724675792,19.301613131995488,23.981297382194228
0.0,0.0,0.0,0.0,0.0,0.0,0.0,0.0,0.0,0.0,0.0,0.0,0.0,0.0,0.0,0.0,0.0,0.0,0.0,0.0,0.0,0.0,0.0,0.0,0.0,0.0,0.0,0.0,0.0,0.0,0.0,0.0,0.0,0.0,0.0,0.0,0.0,0.0,12.814093369312321,12.259903399468701,12.186687221344766,12.294134303912326,11.847138924477397,0.0,16.94702984342766,19.432701968660474,20.36243554966449,22.778825035555798,19.369574371113885,27.03333873653341,23.40454198066688,21.7132974546606,26.83032114654106,20.022327970757825,18.14720012500961,21.658030229097236,19.866322275025073,17.584040569464957,23.95684157989045,29.719436243667204,32.512696994478404,27.415983401634083,29.34330069299429,33.31015086002333,24.571351958735683,26.37486934061846,31.641103582605616,24.30402280211043,103.29990245834873,22.840896034313047,24.681024181363686,28.87094151002577,33.38035745108721,22.242825250804913,28.556406641531332,25.486390236439817,21.546703999807804,17.363681356780695,26.018249649340685
0.0,0.0,0.0,0.0,0.0,0.0,0.0,0.0,0.0,0.0,0.0,0.0,0.0,0.0,0.0,0.0,0.0,0.0,0.0,0.0,0.0,0.0,0.0,0.0,0.0,0.0,0.0,0.0,0.0,0.0,0.0,0.0,0.0,0.0,0.0,0.0,0.0,13.540848642349836,13.036882816008065,12.150343633959892,12.076073214230895,12.350309857593366,0.0,0.0,19.536072154418346,22.142357237972362,24.682106385422664,19.490954812217282,43.21785458074009,33.97243777206496,24.554053984176257,23.961797352774077,37.945506951953746,24.493724831531253,22.917699628345673,39.54788078676059,28.652465807311884,18.703580136154805,26.89691199184771,29.239603453821395,26.843380662619474,23.759058506270172,22.851842948616657,34.04838621868474,23.675273599231005,26.441698522705543,29.424203120682293,27.9176544762517,24.427255700478163,20.06439217796541,23.278598451893323,24.945907479378356,24.13337236421109,19.806730181695258,19.527723019037655,26.861235059635685,21.0077533973567,19.193629083833763,26.957605543878724
0.0,0.0,0.0,0.0,0.0,0.0,0.0,0.0,0.0,0.0,0.0,0.0,0.0,0.0,0.0,0.0,0.0,0.0,0.0,0.0,0.0,0.0,0.0,0.0,0.0,0.0,0.0,0.0,0.0,0.0,0.0,0.0,0.0,0.0,0.0,0.0,13.516500031339291,13.325574449254248,12.535263833568266,12.177122823355884,12.12819552601424,12.45896355818049,0.0,0.0,0.0,23.736438215958607,27.465217013961645,22.18604158566709,20.82819575927646,26.694329550953903,24.255649875053656,16.501942074606003,22.15546691707087,28.246687169767984,35.19005265432631,18.299199165197585,22.305419687185385,27.53967601881981,31.667922116065334,23.550409915224357,22.650927918455242,23.267458715451546,30.204782244949456,21.46894414187738,17.871709207185354,17.126997804151312,31.032724357959935,38.487533380881246,30.6609252729749,30.362969332857297,20.2098179365967,18.618355540872592,17.05851011824291,19.955825817847053,20.127955649138592,18.609794827834683,21.4376874620383,26.902035812988565,17.459760890404674
0.0,0.0,0.0,0.0,0.0,0.0,0.0,0.0,0.0,0.0,0.0,0.0,0.0,0.0,0.0,0.0,0.0,0.0,0.0,0.0,0.0,0.0,0.0,0.0,0.0,0.0,0.0,0.0,0.0,0.0,0.0,0.0,0.0,0.0,0.0,14.976272684067759,13.288541356686931,13.138921832536353,12.299290048555992,12.230351690292048,12.201459334555622,12.458141457060558,0.0,0.0,0.0,14.903030671462574,25.408282507121854,20.710322382734855,17.362612621538076,20.817975286637953,36.48440652943742,22.587126120541733,24.284397703734403,20.90004719231346,34.144986224032984,31.559277440590808,21.102894406195936,28.764116504863743,34.714667108903136,24.689546764084113,25.907240656172664,28.91238691207137,22.910620560568102,19.529845954959278,20.369628194555407,25.91950696665534,18.45510331829795,18.43700952677157,21.735169433061813,16.23572699903639,21.4155988480433,21.634504564006726,19.607326748621965,25.075895318168463,18.715410627502223,18.72092049166116,24.509287752545177,25.627956076720203,17.65215448219241
0.0,0.0,0.0,0.0,0.0,0.0,0.0,0.0,0.0,0.0,0.0,0.0,0.0,0.0,0.0,0.0,0.0,0.0,0.0,0.0,0.0,0.0,0.0,0.0,0.0,0.0,0.0,0.0,0.0,0.0,0.0,0.0,0.0,0.0,16.630736119061407,13.254967615602189,13.870383525732008,13.456366896202713,12.299911398118756,14.691676026670313,13.19321119088265,15.152123220866184,15.42992613122765,23.653061235756123,16.922177655044447,18.620648948814605,20.315683628384736,14.969597179161106,23.43766693034473,17.12703047512168,18.747336813571323,18.213874507991022,18.670911043742688,23.2371355057645,29.473526155101936,30.036229730891257,35.4118696182997,38.0881130436391,20.548972339421475,29.80635958195277,21.91768477485792,26.639711954050824,28.273319240636766,40.636780894329405,25.984916063522682,53.11891124677524,22.52666271006493,21.755169433061813,20.049052572802633,22.378122619291396,20.397502261736676,16.500986255068543,20.108537391009133,17.47153272311575,20.554440185658514,18.284814088806886,24.027224134055025,20.243512305432255,19.931405037996218
0.0,0.0,0.0,0.0,0.0,0.0,0.0,0.0,0.0,0.0,0.0,0.0,0.0,0.0,0.0,0.0,0.0,0.0,0.0,0.0,0.0,0.0,0.0,0.0,0.0,0.0,0.0,0.0,0.0,0.0,0.0,0.0,0.0,14.778652355123914,13.126071631901834,13.273179401046308,13.096507124928149,12.566275392597827,12.572425772299043,15.983055584651279,15.533322693482546,15.129883231808666,15.256712848485357,17.973556936656635,17.983009228780276,17.958540901942172,15.528320439001117,20.77976367373563,13.651066464408203,15.944743143719197,17.500759777056224,13.830459703625284,20.246515538449017,21.477995189241852,27.308926512934725,36.76286390227488,54.20426366418445,26.322171909528706,27.30278580588469,22.767087493550044,16.483273783343094,18.815160300925356,19.880958536694212,18.673840157496343,18.903473490681385,19.302677288388097,18.06911874728791,19.601364449827592,16.36953442393215,23.046820664808052,20.567427483525307,19.494419174798125,17.942363650147374,17.169213331193884,21.118821134637194,22.212351580126295,17.39336393189965,21.904837398405526,18.578920427217604
0.0,0.0,0.0,0.0,0.0,0.0,0.0,0.0,0.0,0.0,0.0,0.0,0.0,0.0,0.0,0.0,0.0,0.0,0.0,0.0,0.0,0.0,0.0,0.0,0.0,0.0,0.0,0.0,0.0,0.0,0.0,0.0,13.626175419405694,14.348750106561894,12.295604129037919,13.55970207907084,12.732909434105872,12.58130998361309,12.78603565303412,12.893557039915642,14.247981897193146,13.222571084995131,0.0,0.0,15.726584392158067,16.964591293802478,18.097456755041843,16.33933675769022,16.270900975944866,15.93419589762878,13.804451051297043,13.67871716259483,14.546277307940578,38.39599436346412,24.41284400611992,21.530132649352616,16.373148327952624,20.123498176010973,17.70556620946766,24.217117629590398,18.213268439398817,19.617943800609915,18.017893079495664,16.27680507487932,20.630902893524954,18.894269740548154,21.730279407106543,19.411051663809708,19.877975452208286,39.690970667707035,25.921509821472895,23.609426550533776,17.251695138334302,18.082471028610833,19.225894908057125,17.01203727249024,17.428184918248522,18.38247102861083,21.645041054870433
0.0,0.0,0.0,0.0,0.0,0.0,0.0,0.0,0.0,0.0,0.0,0.0,0.0,0.0,0.0,0.0,0.0,0.0,0.0,0.0,0.0,0.0,0.0,0.0,0.0,0.0,0.0,0.0,0.0,0.0,0.0,13.306688074693508,14.341441988480321,12.237796064503105,13.522249884545895,11.783676459997722,12.683011690199914,14.912081627574091,12.33279527850694,12.41724951613169,12.523471375739113,12.541419901356788,0.0,0.0,0.0,17.6620555375564,26.996935455740022,17.80268586316237,22.962649355631335,28.261005046983044,18.020775017337428,20.774693866058936,31.84839355889978,27.754798259463552,26.17369248659655,21.263215848974134,22.30627427943292,29.91344009945915,16.973554800050998,16.57492986886013,19.152418917462736,19.26354151718428,16.43942431942624,16.630238556862754,23.617834714381143,20.167243352575657,24.233723292292918,21.57506635642418,20.266149939347557,21.334097444726346,18.40462476151444,24.283231391654652,18.866844314237124,18.82830735566064,22.282351580126296,18.864995144549003,17.01237129169657,17.039476564819186,16.975627292847186
0.0,0.0,0.0,0.0,0.0,0.0,0.0,0.0,0.0,0.0,0.0,0.0,0.0,0.0,0.0,0.0,0.0,0.0,0.0,0.0,0.0,0.0,0.0,0.0,0.0,0.0,0.0,0.0,0.0,0.0,13.206027779924748,12.13567288047201,13.16321258359433,11.777555959883033,12.078847775605308,12.134490685744932,12.784008691467761,12.581628761467679,12.34888001949518,12.46906128644181,12.439062383936875,12.384329116135376,0.0,0.0,0.0,0.0,0.0,13.647100827060562,15.975293539273991,28.28130128859547,23.96224843289079,19.287183986001004,15.19687745235521,22.71107269950619,25.376480049356406,22.287924075210377,24.96512322995341,15.149730454827587,19.7658949619606,16.313116238710897,18.473862029242134,20.622498521264422,16.636869627884625,20.28932970348953,19.70888994172583,18.87241859632713,22.675926376394926,18.92068235052617,19.35665902685216,22.222554885871546,24.433861444859666,20.519826232033772,16.61312225720792,25.42804594058139,24.7105093375917,19.540636128026435,18.1481285734023,19.816333126998067,16.530315754136694
0.0,0.0,0.0,0.0,0.0,0.0,0.0,0.0,0.0,0.0,0.0,0.0,0.0,0.0,0.0,0.0,0.0,0.0,0.0,0.0,0.0,0.0,0.0,0.0,0.0,0.0,0.0,0.0,0.0,12.030401765683349,11.973227570130884,12.725381428247491,11.639154294981886,12.67373134763735,12.209436238925738,12.218847775605306,12.437077093119596,12.575856241201922,13.059992728941756,12.43015799618515,12.370320824096993,0.0,0.0,0.0,0.0,0.0,0.0,0.0,0.0,20.332904803978682,33.8957313149046,15.034209341601024,26.315029490143,20.347310216110948,21.264943905128145,24.15338597011695,24.873859332488664,16.69861059418211,24.86969842128132,19.985331721866743,34.459346162148236,26.74519162895038,16.706597861151252,16.888320439001117,23.02727825400992,19.382743188807638,19.759420767832502,21.18413767216491,18.31253352760843,17.571660072875666,22.029198585941828,20.696839302460027,18.343158981045843,18.24837966893471,18.236571361953082,18.787881192774982,16.58338033010068,17.586848772664595,18.84426287009179
0.0,0.0,0.0,0.0,0.0,0.0,0.0,0.0,0.0,0.0,0.0,0.0,0.0,0.0,0.0,0.0,0.0,0.0,0.0,0.0,0.0,0.0,0.0,0.0,0.0,0.0,0.0,13.90296078934873,13.046848467488815,13.495878388596193,12.82706900164678,11.918371483210159,13.409808213275909,12.242125712167628,12.269467371850988,12.266383051262078,12.385085110869886,12.424573519503545,13.16005027166456,12.3393006717303,0.0,0.0,0.0,0.0,0.0,0.0,0.0,0.0,23.060876065413378,16.350054057886624,20.03427090838217,21.737959803259926,21.112353550536046,19.786310237739393,19.92556664313414,18.820232521674043,19.79536447817058,15.308503386710187,21.455038547381974,22.047831013201506,19.342274102588988,24.728731529940923,25.952874859265542,18.67656391176194,21.461561753057,17.61419853676319,20.318619033126566,16.040579199077154,18.210237161735304,18.70399924959843,18.4049880292899,16.16441952773424,22.037506541278354,16.805519474622606,18.928886072406137,17.477896998422565,16.938762366518137,16.69949541996084,16.625638431257556
0.0,0.0,0.0,0.0,0.0,0.0,0.0,0.0,0.0,0.0,0.0,0.0,0.0,0.0,0.0,0.0,0.0,0.0,0.0,0.0,0.0,0.0,0.0,0.0,0.0,0.0,0.0,13.47439429737678,12.43668224970697,12.329968323324502,12.32775864773676,12.585619357268087,12.599743166526988,12.715680485192761,12.579141814898417,12.472552047144296,12.39673529786358,12.679901938266239,0.0,0.0,0.0,26.867239075999017,26.005331787985288,0.0,0.0,26.379227272505616,21.752399023669945,18.44349090091146,14.494763191099906,16.713393124869576,20.049370502566283,26.485293508385013,21.354619487311425,17.806770557992692,24.15473351337029,16.671358467288204,17.611891103779367,18.865597406118788,15.49090080593046,22.974807402290935,21.71974558962255,21.90383017619525,20.205488911588105,20.814446548683406,15.550744644231749,25.22360663081775,18.821185623592456,19.400434869460753,22.460992127282367,21.055977794747548,16.31608812009184,18.184336455649927,20.871543682575403,26.910490058182187,16.81301630444248,16.878454828044422,16.57726389396932,18.17166668881219,16.537682943444075
0.0,0.0,0.0,0.0,0.0,0.0,0.0,0.0,0.0,0.0,0.0,0.0,0.0,0.0,0.0,0.0,0.0,0.0,0.0,0.0,0.0,0.0,0.0,0.0,0.0,0.0,13.799789348826625,12.487995374040679,13.973668624392523,12.350530155242254,12.366577242261274,12.863851021422136,13.773424272973017,13.941416841853563,13.818744501870547,12.439367044686177,12.391208726285768,13.440533846326282,0.0,0.0,26.579945476748314,23.996119548846337,40.07087981629027,41.22238598365918,21.243579746813047,24.000409472796726,21.448003329787863,19.222559528393745,19.907093169993004,24.309583830725742,21.35401317332651,18.607514271705668,18.182245716653444,22.436968176941207,23.628700813903492,23.60725730043606,19.947197633501972,15.417296607932455,23.413209015217536,22.999034347764354,16.8202437609458,16.853425189630865,18.509978394556036,21.927758466314195,21.148370767547878,19.031793459049617,19.834341770834175,19.765488813713976,16.086501260008625,17.305620169618443,18.400750412232302,17.646621075155434,16.82745200946882,22.036969752189965,21.50917782372148,16.751692365201702,16.651928837613845,16.587739897061564,16.600163084525953
0.0,0.0,0.0,0.0,0.0,0.0,0.0,0.0,0.0,0.0,0.0,0.0,0.0,0.0,0.0,0.0,0.0,0.0,0.0,0.0,0.0,0.0,0.0,0.0,0.0,11.7346959107781,11.963026689475836,13.013295515427881,12.459266360095306,12.367383419247675,12.380550067950354,15.60283753635181,15.80436987446292,15.255816953247827,12.67764403445463,13.72896476812856,14.148083601623483,12.631710525815848,25.817976481808152,24.55877369063642,49.73697375579727,26.506011998500075,30.65875029645762,19.86225834772307,26.071162664812515,24.625833895720817,20.537879864060393,19.75817354484778,19.27651540476224,23.416531548657346,22.16816748813709,18.677753051311406,20.17853095251368,20.378361545247362,22.892480105227442,28.768591661900416,21.154970992060303,22.01974944017347,21.57181417581135,21.42526217393894,16.560953434685665,16.714217337611032,17.183002210767068,15.46419003749241,15.498652337739603,17.97881561775708,22.1738510018349,15.657319084528476,16.92760355530253,19.604889600379764,18.341062835791085,17.750712336581906,17.16005510587314,17.714052120774525,16.86845482804442,17.343194131299416,16.700849989399625,16.676114425281895,16.663226076732993
0.0,0.0,0.0,0.0,0.0,0.0,0.0,0.0,0.0,0.0,0.0,0.0,0.0,0.0,0.0,0.0,0.0,0.0,0.0,0.0,0.0,0.0,0.0,0.0,12.608774932952265,11.552877401449702,11.740810511368814,12.544023531569088,12.452645288401929,12.408250936794401,12.990852484992256,17.305279543524925,16.401763940793046,13.896805896799265,12.821278208590757,12.918110553835467,12.962170098971637,13.354364880621288,20.01881726099456,14.332704194795754,0.0,26.138450560705138,37.78811393599287,19.18015792764656,20.830975484327176,29.17546345512114,26.73423089854128,20.316450348941423,19.42842255036763,17.93185618230711,21.16558497570199,19.306418714543575,18.12278215275366,17.62870822386205,18.301450944255816,19.924902962914395,21.060272148800124,23.069398686353153,16.607040528223834,16.600028981332553,16.621084074063884,20.032818719248798,19.113424796084544,18.871284338885143,17.60842478371098,18.02624553379781,15.309412737771467,15.651726913661133,18.62710509491644,17.230785830373037,16.295825596719375,20.923477367343235,24.458910690911296,19.10878065159492,19.80341928881476,17.809284777442883,18.419469593171392,18.10614876333691,16.68969632509992
0.0,0.0,0.0,0.0,0.0,0.0,0.0,0.0,0.0,0.0,0.0,0.0,0.0,0.0,0.0,0.0,0.0,0.0,0.0,0.0,0.0,0.0,0.0,11.361746500366683,12.147388873122184,11.66417364071436,12.310695008451216,12.586232224194507,12.56364468380849,12.727393674266665,13.250165941217158,13.522119326774277,14.036626449410987,12.910849038302871,12.904115037168303,12.621963822625673,12.794997597688452,13.205103375953618,0.0,0.0,0.0,0.0,22.4508417388005,25.25517966605755,20.341273324474958,22.34210962045274,31.50953515680186,22.87504619599799,15.503162792078676,20.00119785869563,20.642611347954094,17.72314845408429,18.770652442271526,17.83529176295466,15.685206806614412,19.659621790840415,17.381960383967485,18.10976396943257,18.03827389215621,19.542867027087123,16.487042642986403,19.986477214642584,16.59256623711392,18.570594294576615,20.876071351149072,20.965366650225796,18.349719965750133,16.693069435279142,18.9026401829275,15.698136513667706,24.69933470671792,17.41123057015224,23.780838825353644,22.05694574833749,25.212654183317373,21.162218915504603,16.881340670755968,20.067819680588194,16.69533960398898
0.0,0.0,0.0,0.0,0.0,0.0,0.0,0.0,0.0,0.0,0.0,0.0,0.0,0.0,0.0,0.0,0.0,0.0,0.0,0.0,0.0,13.151214998508447,14.196186532368165,18.57729532377933,12.846997039889098,12.244472288115414,12.584661052979097,12.717373642062263,12.904599952488383,13.157980505676571,13.24653805275938,13.852656452226338,13.418002124195592,12.876862889630413,12.585948416612828,12.520952522257115,13.150184818579254,14.023099783661811,12.590505497163939,0.0,0.0,0.0,35.13091219752917,26.342647410868018,18.55654053386045,19.42237613974088,21.872073723461945,22.07294012813187,17.853635828698906,20.073449065214394,22.80235649166248,21.213266063156425,21.19515223675881,16.37028636459307,21.178479513670208,19.065949073401352,20.201762567166522,20.322312905702077,17.449714108629536,19.714874777324475,16.4107754732901,20.024179652528456,26.196920916655827,18.143822388687347,20.324168605248715,16.54393571419651,16.545869650384446,16.737383580926316,17.32964725723894,20.49821402444306,19.42267233052673,24.498155266574507,18.741508115053378,21.88038688352058,20.821174820772374,19.245457280773138,22.44179530208278,19.257349449868368,18.61626443557151
0.0,0.0,0.0,0.0,0.0,0.0,0.0,0.0,0.0,0.0,0.0,0.0,0.0,0.0,0.0,0.0,0.0,0.0,0.0,0.0,14.408908555900826,15.806331326982612,15.928996920176075,14.23754861653612,13.550417103932793,14.258694207822824,12.604419527734239,13.34726849671872,12.932873133922545,14.288436413631839,13.700870452986653,14.00102987079421,13.41655617123275,13.06872279053491,12.728381030596015,12.84834824469437,13.185499564070216,13.969167908770245,12.728256234302979,0.0,0.0,0.0,24.250569529252587,24.48526895235673,16.02328586237119,17.642876026017504,17.90034463043439,19.893984561938503,18.19685159628297,19.140136903116186,18.163263974731343,16.531945224534976,17.334966683402776,21.749707007862394,19.37977433449505,19.876087544740876,20.805322488351152,20.113638106800245,19.16422780286141,18.55711954434664,19.195583044100406,20.660090263788717,20.8363597829634,18.33725268176321,18.068478788721677,17.156560439218115,18.92034097834521,20.49076454301321,17.720383039986594,33.122461669042764,19.50621200284112,21.703643857722614,17.602236042933157,19.22663906239103,18.046158316144496,18.289766407923832,19.199662325977922,18.801471848232456,18.025846745899067
0.0,0.0,0.0,0.0,0.0,0.0,0.0,0.0,0.0,0.0,0.0,0.0,0.0,0.0,0.0,0.0,0.0,0.0,0.0,13.636976196729293,14.220905538048648,16.922751310414352,13.711947722541069,13.440672192994713,12.932565675074478,12.737544614015633,12.765323315210857,12.905997219298174,12.994138795428466,13.295523757338277,14.185284947390166,13.927278498405101,14.740269506880587,13.623227723805236,13.18291772181433,13.032345238271496,13.017941699666071,12.995859169473611,0.0,0.0,0.0,0.0,20.628198148805478,17.67917336333133,16.53966766513829,18.181401921441694,19.231884407951984,21.674184909224387,18.04153265100297,18.063263974731342,15.706044603281809,16.874256361985754,16.460206942176182,23.07122822814771,19.02367287887748,17.36803418599365,16.56387734990813,16.395610016810526,21.97207621258636,21.497267051262938,20.718158691249094,22.97853986125139,21.276647120058055,16.493940850653477,18.317783122867223,16.65162836609449,21.339707012736056,28.7088290251099,17.535701928760346,21.008639152080256,19.329760152216906,25.912045634370177,24.406357333860242,19.006996408648533,18.190218078094265,18.111358467288206,19.75614364067409,17.960953434685667,18.58613024537479
0.0,0.0,0.0,0.0,0.0,0.0,0.0,0.0,0.0,0.0,0.0,0.0,0.0,0.0,0.0,0.0,0.0,0.0,11.828263985449775,14.196320257104276,14.758776947842264,13.8669908932016,13.991872435679241,13.191509819451314,13.067739420607444,13.186425349933067,14.508903482326788,13.468526200337713,13.746650879438151,14.067167290368385,14.261034721494735,13.609746136822906,13.75589467386059,13.455418734809662,13.443300439670388,13.222570349160735,13.218262345119333,13.08048457598772,0.0,0.0,0.0,21.77373196280167,17.965018306551915,16.62345505299826,19.218758966885748,15.591505293289485,15.723553753871773,23.298092842856505,21.114060612839744,18.232146799256657,16.70678138403846,20.957524790987087,20.64684911362303,17.053713000791056,19.251741354202068,20.03121483385517,16.023736275673105,19.675078106031155,22.026372944648205,19.586356956303696,15.389744577711799,16.580084365405362,17.634432396428934,16.9035755020569,18.400541049787357,18.196245533797807,21.781006161879727,21.496703999807803,17.62170944814553,18.199653739171307,18.91144243158317,19.1937242985936,18.75249786051598,18.28192942260334,19.043083364788448,18.884111456781415,18.259858250284772,18.57332923265804,17.88362646935796
0.0,0.0,0.0,0.0,0.0,0.0,0.0,0.0,0.0,0.0,0.0,0.0,0.0,0.0,0.0,0.0,0.0,0.0,14.45111382182003,12.603657647061276,13.713991992328705,12.964285031831716,12.985186854982771,13.549671951812272,13.762117765416885,13.895705762046031,14.840391109416625,14.602965639366552,13.578830925473312,13.648473580972151,13.399614756306596,13.591074216562859,13.407639139686667,13.288336734167356,13.276239672395763,13.307098501937068,14.04526048828065,0.0,0.0,0.0,23.141937949026296,23.30020745877391,30.1115904888741,21.70284515194414,15.107172476425262,20.891839334720004,21.119269325786753,18.7126064227653,17.618733681234765,16.751153773440432,16.598269264396787,21.6906916306689,16.81821708674503,18.533477885037986,20.595222019381232,15.948577943280668,15.758562185121422,21.362310606025673,19.768575187769866,17.60144198848032,19.89082650889834,16.034058071275112,16.216054663116147,18.31003020911944,25.971532292639466,19.71899133847972,17.148248345462733,20.69178666115372,19.811051663809707,18.544355824781444,18.71708581918959,18.75939003098439,20.997796688620404,19.49541325338312,20.625811344162685,19.38934700067351,18.74300042813293,17.911056946057464,18.04421733761103
0.0,0.0,0.0,0.0,0.0,0.0,0.0,0.0,0.0,0.0,0.0,0.0,0.0,0.0,0.0,0.0,0.0,0.0,21.15531157471452,12.801164043050228,15.85548711498192,13.309157500593493,13.644265611372422,18.8659702481902,19.35504772882481,14.469022429026483,14.364414442784962,14.671661210446874,14.4401503979404,13.467098922209098,13.25400289416551,13.303025137941624,13.15444727046634,13.076069897323361,13.289783596304915,13.626407840577286,0.0,0.0,0.0,0.0,0.0,21.777468037315103,16.22661182004883,19.047943800609914,20.043081467305893,17.612576497928096,19.45353492962406,21.327973193118975,24.704535634520106,17.285686990550566,18.950675688502923,19.96586815844644,17.025012036465604,17.43185847187796,17.991390466380345,19.62244369036069,22.797924075210386,21.708942623571197,19.222785964520014,16.052196375884993,20.628233656393178,19.090904863149284,19.104386114238828,16.930773992359722,17.419685324627892,19.190056788770484,20.879880977070346,24.119257900090176,25.925018239113484,22.802346255507523,26.850626564328245,18.665525637322947,18.336050163266783,18.732609711395078,20.961732783611314,22.19594873756612,20.474945870339713,18.079626195803378,18.088917680955106
0.0,0.0,0.0,0.0,0.0,0.0,0.0,0.0,0.0,0.0,0.0,0.0,0.0,0.0,0.0,0.0,0.0,0.0,13.620862856383585,13.647327001870964,12.97187238290848,13.055515387360433,13.560008344636802,13.318355697585098,13.793398002142816,14.268587113691481,14.612417621187877,14.056880065928295,14.023293938130232,13.667462585641186,13.314982502078994,13.280739778290815,0.0,13.667490061542622,0.0,0.0,0.0,0.0,0.0,0.0,19.536216242585418,24.814461826317817,22.227585125260205,16.780668585804115,17.413260320166447,21.37141050822804,16.781396056509358,19.011303095842457,15.760928728282703,18.17293881094576,17.191262653056576,16.96423314890237,17.438688164318446,15.89081049668875,19.301748370333126,16.878562088525,22.016173410000967,21.548633320840167,16.19865079616236,16.608108210543385,17.747811902006173,16.72157271702628,16.362460843419065,17.148183228592575,17.889697976150217,17.004272889169986,19.868259059465014,27.212589826288927,19.27292727730738,22.74317797407654,18.041802776519923,17.381909166862123,20.622247897728336,17.85097443738077,17.6169472351123,17.986106516771557,17.959604784240067,20.130256235592814,19.885855443160313
0.0,0.0,0.0,0.0,0.0,0.0,0.0,0.0,0.0,0.0,0.0,0.0,0.0,0.0,0.0,0.0,0.0,0.0,13.527767070778125,13.455522531669143,12.936561862106828,13.007465184424008,13.455500905268398,13.53180419741874,13.779647257238938,14.300483132744652,13.935236312927973,13.518912121008011,14.00446957320516,14.06536348854936,13.875795496633973,0.0,0.0,0.0,0.0,0.0,0.0,0.0,0.0,0.0,21.302996187619385,20.724557023261603,21.724405660951682,23.284256038082496,16.4953442869118,27.436570362203188,17.71808077295023,21.036146584641585,20.39051078285526,23.924459807931925,18.56520730306705,20.25467851621756,17.087320497082604,17.429258192595157,16.671939400628776,16.687046292907375,22.0685142331537,19.23591746256152,18.073255471648462,18.38428047512929,16.218100923594587,18.84321464207678,17.63588749500748,16.53596274996296,16.527767625169254,16.705487008950488,19.51446261496635,18.809684385182624,19.862251690619754,22.742318882917473,18.810377674666153,23.614432792292682,18.82778649147523,18.991450011311315,19.35401049385891,19.099499628837442,19.36686278050543,22.815446374143477,20.704358720012355
0.0,0.0,0.0,0.0,0.0,0.0,0.0,0.0,0.0,0.0,0.0,0.0,0.0,0.0,0.0,0.0,0.0,0.0,14.201025927040988,13.445975571524171,13.15353819201961,13.325928817273187,13.384461151954122,13.31555700043004,15.06389839443499,13.63388031022146,14.376725262235999,13.704755647209627,13.975650779475087,13.833019517487637,14.077370660841794,0.0,0.0,0.0,0.0,0.0,0.0,0.0,0.0,0.0,17.644879090030074,21.56366712024503,16.28373335136048,20.033558332613328,16.772142941298974,19.36023915520094,17.551278747210244,20.028201863287737,17.574398229600593,27.694559319936698,19.1312642514235,18.467845003140624,18.447117879356586,17.73369711226001,18.561946096032464,19.39853656383097,21.40960869427373,17.57539674121309,16.678263787781276,16.31659805938271,16.237791348091697,16.18488636811854,16.595326100058383,16.853463658381195,16.407070851681528,19.57835933066384,16.674959294062834,17.78328952375902,22.501823539532786,30.636164918822168,22.025807884094682,17.823855751562604,17.183439931225976,17.036314630869704,16.975495315967027,16.972574354171982,20.32905984170358,20.61016032054096,20.404306022357122
0.0,0.0,0.0,0.0,0.0,0.0,0.0,0.0,0.0,0.0,0.0,0.0,0.0,0.0,0.0,0.0,0.0,12.987652957129562,12.97522327490912,14.203407725196083,13.815514652207224,13.406352778125598,13.74301838375034,13.391858379113344,0.0,0.0,0.0,0.0,0.0,0.0,0.0,0.0,0.0,0.0,0.0,0.0,0.0,0.0,0.0,0.0,16.716573783274903,21.224244220308883,16.411520638363868,26.823273172359265,16.31413681003486,22.749586489535286,16.845341288820762,21.873911315251174,18.799627625050178,20.66065587727556,23.634761513035734,18.6995483993625,17.707506645406134,18.404081256166315,17.2030353114751,18.003082406195876,17.976125970873085,18.136326045934812,22.079885720805258,19.953259864588603,19.637724880091596,19.159314041748253,16.192580256806245,16.72217698792149,16.403224769883526,17.079242755368078,16.754694395039266,17.00391860596815,17.40625214170042,25.25395878225889,21.916197450498508,19.824513013203358,20.446282928562077,23.268947404698075,18.428750106561896,18.175743522052343,19.79711954434663,17.276528798527274,17.275466102294374
0.0,0.0,0.0,0.0,0.0,0.0,0.0,0.0,0.0,0.0,0.0,0.0,0.0,0.0,0.0,0.0,0.0,12.557596854324721,13.152949634854107,13.837981592017364,13.62931536939092,12.904914372098514,12.893440545976812,0.0,0.0,0.0,0.0,0.0,0.0,0.0,0.0,0.0,0.0,0.0,0.0,0.0,0.0,20.296296603907418,21.1786142462342,19.080590482543727,20.045603879403217,18.77158969244877,21.329919328862683,18.19783164337993,16.207020169252786,17.34617696919023,17.742411161573177,26.2221943544447,24.158447978149155,20.056373258633897,18.871002264400975,22.615990943655618,20.8675384593335,19.86035148341076,17.079529064903983,17.007868240116338,16.54011245525392,20.274059759976964,23.919325115726615,20.09711116307697,16.001189166546375,15.981442366148158,16.017899104002478,17.71597158534863,16.13215737550907,16.31195171745704,16.852642005198383,16.641787759233484,18.800165480101025,16.626972303297308,17.450389859437333,19.337851820453107,17.633522046349402,20.451821291441135,18.398279693882774,20.593701533112764,16.81745304647102,18.405913252285448,19.25899495728276
0.0,0.0,0.0,0.0,0.0,0.0,0.0,0.0,0.0,0.0,0.0,0.0,0.0,0.0,0.0,0.0,0.0,12.948003536769576,12.49882924789691,13.477614310880744,12.750350006430367,0.0,0.0,0.0,0.0,0.0,0.0,0.0,0.0,0.0,0.0,0.0,27.74734873221297,28.402913250810485,26.75400824309686,16.72848073629868,22.79573661239525,20.516482864389186,24.87241060274891,19.58346615732364,24.73111369340256,18.506365781964988,29.235378014524727,27.275337488718716,21.467581376833586,26.145541872302953,29.490789876211252,17.20769031363885,18.8788802376989,20.618369526436823,18.242660839462452,19.32887276595156,22.818776864583498,18.0053972611254,16.78883557506758,17.31163790392349,16.88805347023203,17.576245871640626,16.46311941398792,17.735657035302097,15.64916558542174,15.708886399882452,15.825504325639496,18.3076241757656,16.220850294575406,16.084266228746223,19.06379127473,17.056251010242192,16.68406809192646,17.351503443470655,17.072726159155216,17.279540753819873,17.69564510825984,20.047363522070356,16.760407460656783,18.018912231587496,16.97224314920531,16.977764747951888,17.44273484533276
0.0,0.0,0.0,0.0,0.0,0.0,0.0,0.0,0.0,0.0,0.0,0.0,0.0,0.0,0.0,0.0,0.0,12.273158134285243,13.477003467098022,14.602202342238797,0.0,0.0,0.0,0.0,0.0,0.0,0.0,0.0,16.726946089480574,0.0,0.0,23.5219608111257,30.96626300952144,39.74104145720637,38.86050778952456,30.261635151329838,24.47807716551653,21.97757133610247,20.7552331373723,22.281681242159095,19.19468429613208,21.22202366760656,19.584345531114344,16.67404417568853,19.504362110763196,15.877549346456076,18.461304598990274,15.911332419733265,20.0256607287946,18.089829180581614,19.05205521444214,17.327205752000545,17.356112611030987,20.737842043276565,23.014803562241305,17.581925441784467,17.35300042813293,16.520895235031844,15.906261541961403,15.625561087577058,15.626686161968642,17.833790002090282,15.569838593556483,15.850460733520158,15.994138914523635,21.03823938458803,22.25416482107998,16.23377350549582,24.251912782033212,20.47482638980243,20.31208474936055,17.952636166375903,17.987137606918232,20.877769674484583,18.04245209339368,16.872359969002964,16.92408065858577,17.15790911231655,18.14764662917146
0.0,0.0,0.0,0.0,0.0,0.0,0.0,0.0,0.0,0.0,0.0,0.0,0.0,0.0,0.0,0.0,0.0,0.0,0.0,0.0,0.0,0.0,0.0,0.0,0.0,0.0,0.0,21.504334880901876,18.896566962595244,20.49795922059465,23.681349302254432,24.077611882791103,18.55180676378994,23.61641957738355,18.030847477240094,15.043210255003533,16.040229128624365,16.086310152055315,17.75206256924111,24.440423952398916,16.704237812983703,20.14384060292527,21.438295647962313,17.211558028994872,17.553412467000758,17.120828311371348,18.63398506315754,15.687260706779517,21.837214696626297,18.63989892418559,21.221325650271616,18.03634840426099,18.151880856049345,21.37910407068301,17.759980645288536,16.835112696229842,16.244044587604932,16.03291542028984,17.965877373326794,17.646152140398463,17.78144592278742,15.539469678273262,15.58034368344444,15.835327373409175,16.021841632072974,16.18134067075597,16.366216427942756,23.19131363657182,25.372716681686057,17.65083966425039,21.5603023007855,17.759723464757823,20.22757688569787,17.339383533285364,16.953639399250868,17.043173599362195,17.27379914625163,20.993139040074247,18.010650102851116
0.0,0.0,0.0,0.0,0.0,0.0,0.0,0.0,0.0,0.0,0.0,0.0,0.0,0.0,0.0,0.0,0.0,0.0,0.0,0.0,0.0,0.0,23.67918249603646,15.683449454014234,0.0,21.836897225843664,23.038308908720794,19.23632399952431,17.773227926175377,18.963380461538073,23.760336622425527,23.11615191406011,26.564456405519238,18.52069147401315,16.554569826448407,16.594198022073957,15.375789197098094,18.47443236758707,19.83180451053797,19.797294705805896,25.858221865548963,33.14450045111244,23.355724254901563,23.2015253049344,22.26841031609466,23.450981316045997,19.63725727891371,18.016174889326845,19.184603805064143,16.860697114758416,17.15138683550132,23.026636140279145,19.58151958250143,18.390429012968298,16.800901922457623,16.329113686381636,17.869958909124996,15.85213182100911,20.05614008978391,15.505362166650558,16.740112350346664,15.54377931497799,15.824771369340528,20.06263221641354,17.553348153678805,16.670661425600443,20.06689306697401,21.59028685966382,22.134129304146146,17.755801329965095,19.013829422683532,23.498607476827402,17.04946937905838,19.88412920328933,16.879635588183618,16.853120595410033,21.127958471831377,16.68719292498472,20.43481708353169
0.0,0.0,0.0,0.0,0.0,0.0,0.0,0.0,0.0,0.0,0.0,0.0,0.0,0.0,0.0,0.0,0.0,0.0,0.0,0.0,0.0,0.0,36.5308109196956,28.280232476981006,21.40677062796958,21.248805141616334,18.95092711580479,19.4670327000522,15.421169473185788,24.360497673746647,19.699707007862397,20.292485325429755,16.359148415596188,20.86602757068915,18.32156511645045,15.513808889918401,17.676573095332365,16.02622968988298,21.663209339478456,32.320421883827876,27.123040952095796,26.9779681445225,25.28876747357501,22.36209664685692,20.162910031367986,24.85276150941369,21.79706161070174,18.534802271178158,17.732838246281393,18.724945870339713,19.61933848821349,17.677316935176357,20.20393326436868,19.169504249344342,16.736488310353366,16.31872989048917,16.03130996241176,15.839025162900029,17.563965053298446,20.095093761389634,15.508178478362737,17.96539742869907,19.986052709881506,19.89636900410739,19.556851347450674,19.716036483331216,19.393467941594935,20.56624880142529,20.3681751490327,19.738090235550693,21.80543739062607,21.314785116166327,20.87110572658313,16.734166800735835,18.444562267008735,20.047575261436293,18.553821423825365,17.395030711584166,16.94629873607275
0.0,0.0,0.0,0.0,0.0,0.0,0.0,0.0,0.0,0.0,0.0,0.0,0.0,0.0,0.0,0.0,0.0,0.0,0.0,0.0,0.0,0.0,27.961793189596676,26.379701647767497,23.26806553306051,21.73603075845328,24.46021183792903,25.485259259583785,24.00085386862873,21.00239352321335,29.97463607057833,16.655594474259733,21.200958581957487,17.674487147346518,22.194887248794934,23.888256560914584,19.780439313215645,19.081067134766286,23.308497272162995,17.15012226831021,21.13430571177967,24.298917748057402,16.813223997470043,15.565603383059672,27.56945865613433,31.221582870456253,26.618408100229534,19.52986566597294,17.160145646044857,19.24466985203699,15.420950447580632,18.163456269347783,18.054352642915816,16.956388999539087,17.490587732952438,17.19304598362144,15.969721128170285,16.784320739058437,16.632873900386162,16.646704901401417,16.69376911081892,16.90990523769363,16.61977303735643,18.618486711592027,16.89084649564287,20.156052709881507,21.754453390811427,17.223139586419336,20.215570896592013,16.739321369223394,18.604388068312616,16.769579101904256,16.81132846015669,20.327627740411767,17.458646961879783,22.90755217178883,20.027088525232628,18.500848642349837,17.977445824610648
0.0,0.0,0.0,0.0,0.0,0.0,0.0,0.0,0.0,0.0,17.691104362850496,26.632859157060018,0.0,12.43861041539695,15.220636081248028,0.0,13.418849123262962,0.0,0.0,0.0,0.0,21.609553846255324,21.472663122727084,20.162856982933263,21.233059643170485,17.696323514076234,17.798765340459454,17.93678988550091,17.638067551071156,14.535567683928639,18.330976529468032,19.079253472358992,14.755364657611285,21.21143993650063,22.020943652586098,20.441154825454866,21.171908558520876,14.756150620282241,18.592721516105883,17.30770392907259,20.09417388268774,17.632543423303737,18.981008494495526,19.957658891217037,17.550590736636323,16.810031970119702,17.194351935865328,17.482270329246223,16.612365308785964,16.746972483083812,14.633246599106087,18.258124969357826,17.408990898236635,16.919652651144723,15.582547836900735,16.114569974644468,18.928185766837878,15.926635264148755,16.96985794510899,15.988585936470002,17.420940763948515,16.771976275857057,21.846897671169557,20.11412042997792,19.099771468768225,17.168390902637405,16.740621639132574,16.506014866140436,17.329671951812273,19.77851987661712,22.838691950396306,17.021030703283557,19.951250885511094,20.78072213101712,18.734075823098898,18.256500031339293,17.80436582043206,19.921221049217845,17.92296220718638
0.0,0.0,0.0,0.0,0.0,0.0,0.0,0.0,0.0,20.51640627779872,39.70325872710655,26.485824688024696,28.237246463700522,14.471333435753994,16.70799020198963,37.34102093234006,14.324306820861839,18.161008129501933,21.138179783211243,25.399667876313977,21.411924599519338,17.143701533112765,24.261649412046985,18.04539673804506,17.20390141692149,16.212836926796086,15.289978212587695,16.799624033666802,21.905286508155715,18.9212896821534,17.728946405195693,16.206048120855208,21.04154549483021,20.873811274181406,20.446443295546345,15.228448089682676,15.153895367294679,18.88211325430099,14.079073161163464,19.53140502960241,16.705321799062865,17.192838246281394,16.122067399475206,15.428721894386536,15.344245920822926,15.058121033470442,17.91494082736085,20.114636993844968,15.325910020794343,17.21139382639545,17.28727677730752,20.77321533159314,20.205396036775298,19.313843866176004,17.685875391975713,17.348644451843054,19.65950480289118,17.90631644665411,16.81131240161232,18.745153774620647,17.557376258585222,17.08830525355142,17.257848587609185,17.9382804833514,17.32358793847367,20.085452580498607,16.62571456564155,16.74749006154262,19.108608769114138,19.788519876617123,23.174415323269262,22.47897577009124,18.187533643223155,18.27918882195253,18.172476662679944,17.463983875358434,19.442576497928098,17.814672417135434,18.314646800545194
0.0,0.0,0.0,0.0,0.0,0.0,0.0,0.0,0.0,14.730492658500587,14.577860483860068,17.501454896837615,13.951402100494413,17.271607748324936,22.56326282740676,17.262808473171624,16.33744646579295,14.066885676085645,22.293650517460463,21.266890159046536,21.460101479769946,20.904196861350048,16.879241437420564,17.740977849672195,31.271685011907337,20.400953262255086,18.06259220018132,15.81846474847288,14.978705822827932,15.961793815219039,15.321021399597434,15.843232726945232,15.431046889330624,16.537033830930433,15.155366719553639,15.244743128894783,16.465778138149027,18.33633386241821,16.886316446654114,27.69933071036848,21.858410229786024,15.09495131660352,16.122575912584796,14.947153672964006,16.898292065546823,17.344152634293476,17.166663079332434,15.536145045059634,15.302109253606913,19.6035407006269,16.105984784620063,14.75816301402823,15.195269943285378,16.551164088578922,18.730482111526655,17.04108911851002,18.847100698740405,17.927311930336373,17.58692575904507,18.381977877701683,19.72992077312063,18.02910711322925,18.578292096711436,21.338626043565338,17.213243965782958,16.942015403529386,16.72714966305655,16.38209515214862,19.627141698754905,19.225320683707576,21.92831813511158,19.36847236150743,23.119985567116444,20.702481160951994,22.50312221160675,20.862047859468127,22.94755217178883,18.86611570556207,17.778638279186854
0.0,0.0,0.0,0.0,0.0,0.0,0.0,0.0,17.464481429816043,13.602965274506303,13.934850030531706,15.068552013349612,15.38307379202305,17.569783125012556,21.918620442125842,18.06458509365402,17.642934359104466,18.561010303619305,14.389718671978754,15.935500118922231,25.786294284239062,21.732201538558705,17.265220330525413,18.551896679644706,15.21878723844775,17.445259251472493,19.63206090969723,17.64948804196741,16.04435813024942,14.358984081361946,17.033897756322627,16.213800961317947,16.79694824750782,15.406259324015581,16.507221860427556,16.494859701844426,15.894856173904657,16.31105386801456,21.59385221464531,15.426559589630337,16.971930789112008,18.771033001541774,18.49354094042569,20.496322547842333,19.79203522177433,17.230167832364117,16.97864485621582,19.386997724281457,21.76876172628974,20.556825896266503,16.016002913932226,15.173978436596075,15.18875331963861,14.825100744574153,14.788141457060558,14.963555330880247,18.376127232944857,18.34897761431862,16.246940594796868,16.50027934556073,16.59334988106925,17.928710997988194,17.091799648352776,18.6163937550144,16.674926164604514,18.54918643217125,17.10107998666409,16.688124939399984,16.76568976543871,26.087485919314997,25.861880601637168,19.34515981076077,19.037455739355366,20.462554561592505,16.853732197249894,17.142196681060774,20.7139475564887,18.39883557506758,20.792554866768285
0.0,0.0,14.43476916852671,0.0,0.0,0.0,13.835055497639102,15.07595623376324,14.856229235032814,14.361360550736233,14.760977701848606,13.4469442616137,17.589783125012556,18.617691861626717,15.681442488550285,19.289269325786755,18.486054573816492,16.349425130462482,18.275897577764937,17.18313194914095,16.003993471545662,17.14438832382484,18.281437881959263,21.55808919675502,17.094835278100295,14.89085877984353,14.983190781907567,16.771450944255815,15.596843003831426,15.307661857310883,15.681649958107599,17.69206017414869,16.798984581491297,17.567814976691736,16.97117029573577,15.248818956218308,23.139904015820107,21.407038768125894,31.087576448269957,15.996221841754934,18.031271380246125,16.61245790065785,18.524204130486982,15.707962097623524,18.934396341100626,17.56318183429594,19.323447501141487,19.571921678887037,18.40989892418559,16.96779094898755,17.381180747074847,17.43085863690802,17.371367966602786,17.800425175502554,17.168997253658354,15.259830540363469,16.829077984499282,17.2221171801132,16.900456028425513,16.745754716826234,16.662544177568762,17.288237515508474,17.60536401812339,19.216931437024122,16.53675077622103,17.19838089098888,20.517735681152644,16.7038208032311,16.62238852428328,16.574234960274232,19.33952895027637,20.205122466516684,16.621482547022975,16.968694515444295,16.8409294570918,16.894551862747353,20.64085561031788,17.59415559018373,18.486275712565998
0.0,0.0,0.0,0.0,0.0,12.61142577887808,15.551489897142417,17.66493950466009,16.801137000032966,22.48609079226218,22.91021003423942,14.869002951101713,17.28159112291945,14.45561082290886,16.074539717882686,19.719842027997768,16.405398779625198,20.111819801148318,17.062761665151186,16.606240499957078,17.050576316181967,18.015725001083034,17.630986117665266,15.104552059269608,14.174928569359738,14.13733343536478,14.523295469343893,18.687865206931114,16.659328712185793,17.685232305259333,17.57172743568077,15.412209518844893,16.481916447607613,15.365307122207064,14.583781866128742,15.4755786609564,16.394390069137806,21.676418027881923,19.458829461703623,18.579498951913287,16.860592592160305,17.602644435432662,19.078582327742843,16.228854392041423,17.52090632656545,16.975335219062682,19.690013643380865,17.313993471545658,17.030285218901245,16.667199867579082,16.47791783711576,17.286201380009636,14.927576530366405,16.496102187630356,15.502244108124572,15.960750379047912,15.930232073401534,16.542873900386162,16.63772484372475,22.339585586591095,16.758623966945628,16.24607868965255,16.521641016176268,17.08474822511964,20.40874636030154,22.240912303842965,19.801059325224994,18.43830462610748,16.50054358717149,17.667703656426845,22.64501870700424,16.69110034994015,16.17773349599544,16.622320933983662,17.956001048854752,16.528624599354913,19.649135904373537,16.670920146180887,16.665185147639956
0.0,0.0,0.0,13.866799681729447,18.485445087927506,15.916244641200716,18.103673628252416,15.71824287766379,17.579624768991813,16.131454090057836,16.728932250908095,16.26419598721874,12.955812175081862,17.27933848821349,20.747130618292445,15.612386270644599,23.98757559813659,24.23777037383603,21.08131835124008,13.480854080536396,13.435919934975429,13.875991629975427,15.012364180987724,13.43093452509039,19.287995852907617,16.373656234833344,23.06707154610295,15.257705157568898,19.08300158208489,15.814089631402469,18.170447178492974,15.616599959669209,16.288262143828607,15.065544531735135,16.88379091877501,14.586402465075139,17.539425909084123,16.44128199962916,16.371498241234843,16.470931283003186,28.49251332048692,27.612986348274887,30.53656217223149,25.859103026071338,18.550781234074403,17.1570933640034,17.406467810949636,18.319886041542546,17.847132304081576,17.610540366490504,18.58799436990031,17.005436400135235,17.267232523546976,16.879436754518977,16.342504156070092,15.905899757394165,14.811270105895023,15.06263749884025,15.997418012082427,16.74711712798324,16.173093608689562,18.429742583284156,16.37871113689993,16.504033736426077,17.24697506510548,18.859496629227475,16.891044156937383,16.76377310208288,16.98537644431783,16.11527797873937,16.158290511044065,16.34241974971942,16.36339862524737,20.416587765058285,16.823215513982653,16.85224890119411,16.79376295071267,16.74673621839574,18.38883065981794
0.0,16.24968580970894,13.876008160293644,15.547259548615555,14.404862364154368,13.701780126001886,13.009327826968544,15.434485340855446,17.317291067700573,14.195990753594135,15.858090235550693,17.800177156203148,16.700658515705207,15.027541068174147,20.658589586790946,20.18974997546981,16.565355465360874,16.466299753206613,15.760756687719603,17.36128534502014,13.627979032588767,14.6220925132282,20.52787743550658,17.401607508394935,16.931781729415626,21.034196861350047,16.279732656980244,14.636333451842612,18.634121319091147,16.519300671193818,18.853728530916452,15.279156745801172,15.119779837929844,18.216427925284922,14.84318495281326,14.838562185121422,19.66863072408774,16.98713696780883,17.17731620514745,22.376522334576457,16.617307900464112,27.010284286830593,21.87238591571394,18.23790249188308,17.530520324476562,18.890584158382836,18.17133003829131,17.42357559471185,17.311450011311315,16.927762928293475,17.036345439807473,17.121869559972115,16.994523584133336,18.92415294930432,16.344564878769788,14.781570833331124,14.905617732139412,15.120110159670734,15.83081329407681,15.965193955452001,15.950046157222236,16.527579493294674,15.825251974778679,15.907918922198423,15.815735002518137,16.652914647842664,15.983005617839355,18.887119544346643,18.134411678868762,18.34284163679262,16.219846563245348,16.430884629631567,18.20558298962618,18.188693594969855,16.737005745746036,18.987869889076016,20.98286943997189,16.906903362740913,18.17890978362524
0.0,23.831527456032703,16.25580574050561,16.418944828173657,16.79391231091536,13.3937008264128,14.53765855835842,14.76704017352362,14.351429008612147,14.451698731350485,16.171602890522422,13.16578074525982,16.718260249804032,44.28942558846672,17.323152477084026,18.70611619004353,18.585397358426782,16.719037146074257,14.645900190533446,16.942185703132264,13.87790641341283,21.63215185271421,16.45403274909848,15.420062948186324,17.56231103477567,27.00090610929677,15.039952970758721,17.0746079551322,16.438921683459697,17.90557822921824,17.11158715387161,15.250974146218564,14.315150474057308,15.268937982220418,14.89856218512142,20.669100142202232,18.41687347433031,17.350540366490506,16.78020340279647,18.738012556242772,24.159270336804926,24.27283605071733,17.008184769024584,18.622387086111758,17.04157458597662,16.767611549411974,16.20851199529895,15.953401475190944,15.59631269269614,15.16874369484944,17.310987964961615,16.6222830664151,16.386689510922444,14.87050802451581,15.110095761722217,14.777618317390992,14.978261683665977,18.113217971250613,19.248565064659182,17.45705995451383,17.722459057857243,16.450675441495658,17.68175126763075,15.834580896895169,15.870745824983516,15.918931801652235,15.863308976598592,15.928042975675456,19.13798744958985,16.636599212804818,16.161744994593263,16.265687823170488,18.0319574914206,17.943511931849642,17.746607129474274,21.392040314303813,24.29274006573153,21.386528660632727,20.471372195259452
14.950420762699293,25.496047936376392,18.46357925845291,17.39663583292844,16.410794054438554,15.12153648437561,14.424247481925967,13.320763225283477,14.274390069137809,13.357425496947318,13.85224090806934,15.39445406265737,13.749585524979675,16.597975452208285,16.09351210748218,16.265094758473474,16.42890316553454,14.04650712492815,14.091845194922222,15.838644856215819,22.702509914830298,25.718531225302648,17.91272829814237,21.11178835683885,22.728906822802536,18.129796942637235,17.425207303067054,16.975995777126144,22.14618378335885,16.53096140325457,17.056003291734626,20.08808331266127,21.37152695760347,22.187516277041468,20.486867328291286,18.08035852296039,16.10205219956088,20.567703566910538,16.42105386801456,16.37302593175521,22.247762220640197,21.415316207085553,16.602672534391992,24.151069248479576,18.081170318788885,16.482398605956163,16.085002002775358,16.0106259776287,19.49482532391161,15.659392639030129,14.792785403114973,14.883164528613726,14.871962983691995,14.91008813227829,14.87738878606551,16.893455052998263,17.72817682820307,15.074715275373258,17.123344512199687,15.11258464690612,15.838436255633116,15.935213634473625,15.957715845334603,15.921358445526911,18.754372942971138,18.917215841269094,22.85778400114239,19.79218711368389,15.993556066693182,17.683404371626086,16.093465379065254,16.327276080732343,20.628050468685295,16.468099213251197,18.424464179422237,16.80136589160584,17.52034893705129,21.58619225926639,18.622987593630725
15.407629701447537,18.106891406317423,16.051570754152984,17.79917276354358,20.84328148208327,31.166638255060775,30.371570013863586,16.91498807011061,39.417332671675176,26.77343183500495,14.376357804974262,18.249070381205044,20.070180176624774,14.332026272080196,14.932798667212545,20.732565278496406,18.730005745492,14.321749085194263,14.496639747412479,14.964931718865778,16.788808414238133,15.26194772254107,16.791121525518175,19.395175043318208,18.833034569286635,17.330749835666246,16.317901023113198,16.491481236144274,15.927696251927955,18.956291729917154,14.557691685650857,18.034440001090275,15.870562835248293,18.105388350784825,15.91683961263248,15.45074349408546,15.05500095703615,22.58018588075115,22.248346391693296,22.89691187247546,17.843176388761503,18.47439195861917,19.210617499813157,23.057788854468818,20.409134563764677,16.384455358271918,16.31026502185573,15.564842627913665,17.016408846652105,15.188406168220524,14.994238984698006,15.004579811276484,17.734607303333682,20.32686257580928,15.028779839350833,16.628586810928212,14.952692328288954,15.157373177233575,17.794920824725676,15.079556147493683,15.126323482265219,17.462960789348728,16.631084074063885,15.950726220818677,17.955696714924287,16.087004602388838,16.60625101024219,16.2973426193618,19.135949073401353,16.862903372450024,18.48053289100296,16.97239868682494,16.878522479773675,16.77567547669453,16.58473486158142,20.18372865466598,24.466359828650276,21.484262376141505,16.541049499524245
14.842676928357994,15.276422362357916,17.33318418170278,23.384739056597283,18.939117995283134,21.58790591954271,19.26103238465757,21.696661402129095,24.73039902871715,22.726224735611176,14.81816255228103,16.64443435466987,16.934208110511626,16.206175812206773,14.812866534115905,16.56318183429594,16.727373703076747,14.419633769156375,18.043152477084025,18.954421761527833,16.7135429362286,19.43873394533742,17.65286796714094,21.901015634121112,20.357084386619686,19.0704691021068,16.036180279219707,16.299202890570157,14.707465733904714,14.65547921487719,16.239419906873998,15.491375583943949,15.916926033751226,16.755556676846712,18.117578589453796,17.119337817119714,20.846959936039646,21.67097307178942,20.749915259997408,18.627748919071827,16.429767335636953,17.097372926980583,16.78855770361237,19.315732743931232,19.117278349785234,18.903358139000495,19.315471006787064,16.91381661696753,15.349098737684397,16.441250901321464,15.480297688164217,15.336542085955488,15.132348080695973,15.305216771645531,16.655610515762493,16.351882645685478,17.45799799580626,17.35378719590659,15.168858801695968,15.337083177431056,15.749562069773106,15.25321671199254,17.468653849132565,15.9826541890707,21.470789632376345,20.06906761581405,16.163935714196512,16.123766828212297,18.902233688344737,16.538117542841963,16.830763225283476,16.42692989998553,20.928330946570842,16.779067348051807,17.02952438537715,16.676798048192513,17.094512924270404,17.54026502185573,16.887624346789536
16.979169177563467,13.192271647227948,21.286110890453468,14.56627626098588,23.4954865560712,18.133893501912404,14.476281170308742,19.585903960615187,20.27219090024976,16.440924146501956,15.410475269928718,15.291512340733263,15.307271087404324,18.791382936575243,14.65882251512058,14.049849123478173,15.26523334516546,17.25490994036729,15.80325212972204,16.145343865763564,18.45462311179242,15.933394213824482,20.05495976277706,22.64840534341651,22.82700915665899,18.254109082976733,16.84813191809448,15.5975493478837,14.939523380782806,16.42773083251832,15.386892227214938,15.0159026077219,19.592381998669076,19.148154258957085,22.55602812323471,23.460868064117946,18.53109607330391,16.928364490830454,20.13453276299994,16.793310067174787,17.137523286591545,16.4084013759529,16.621498546410624,18.835696380613083,16.670005957773263,16.685214735983422,16.345670686441053,15.963460089039394,15.259967314197874,17.229573620840014,15.491904146499289,16.32051640347393,15.654014732559878,14.99155099005596,16.853970193321594,16.435299799656256,15.140242766049086,14.892018419082596,15.005157273225855,14.862590021053322,15.803953335121719,15.848848293878387,19.6492757230568,15.156642129973907,17.609947718870323,16.31495336849773,15.972619381387622,16.356212642694647,16.769648044019835,16.814882424674888,17.722247908937184,17.55592785563181,17.097409833199844,16.987797065548964,20.345673438124017,17.11021532026527,17.765428268301022,17.64287082497473,17.022710133598565
15.350002934703676,0.0,18.577691861626718,23.92555740701305,23.959138263837158,15.274213431136786,20.000504464638826,14.556635160001182,15.219363448439662,17.564988409082385,18.72649342389776,15.344319226512969,14.844909412211887,16.393560685910987,14.688822515120581,14.128781936218022,15.601904475186744,16.752221730783354,17.55875747184315,16.6197601522169,23.612717283325217,16.96800755289969,18.709476680827567,20.863886785208926,17.30786997966194,16.807111735697426,15.970142083808572,16.744275292519895,15.288763791107593,17.07328765511032,18.117731027089206,15.169219235919911,15.420419036801258,16.70552948207935,22.03184584535251,22.714366836669136,18.925169737462113,18.302230433033,16.360957599291147,16.08199549485433,15.389616015627622,17.610910686576094,17.625457280773134,19.555969083807526,18.788193721655695,16.17108336452999,15.444695766800482,18.992274102588986,15.872246560661535,16.304200143184165,17.372310360698762,16.473901420124456,18.75462866098705,17.303944298843685,15.110854310849884,18.016481266790503,16.60284020109894,14.94952315148134,15.068529630850957,15.048308909823817,19.248600897233644,16.477545931182078,15.916982447958729,15.919324055873997,16.05275570675272,17.124148857787993,16.38505687095728,17.225302570998792,18.17645644844034,17.461288701141143,17.887750360316243,17.873305103112713,19.364046631090616,17.685214735983422,17.794780346817166,17.69746391396199,17.75055686573437,18.048200428729054,17.199264271862646
0.0,0.0,33.26376259927866,15.50275643942538,16.914933445653805,14.77916520628385,13.006097577562015,21.879271187706074,19.448888989852506,13.619878793169143,16.256568713042633,13.944510309637778,17.501464804862476,16.57393852557103,15.204673870449657,16.605532921890415,14.996892516785545,14.644901358102466,16.302177829422718,18.13772926289439,20.68760653776276,15.334307817793512,16.650882851572334,17.311807308951487,16.90290309764167,16.166983154516924,16.133088311060856,16.4963308451864,15.32971188888698,15.396097830307628,16.5854697233455,18.131608417787056,16.900773148814814,16.179431762075286,16.085094830731403,19.274154522964093,18.21168361644158,16.41306564313053,15.642679801160664,16.969832210350894,16.49959423575093,16.681281999629164,16.088108210543385,17.197122871942085,16.819438494254655,15.928203204761886,15.28801002451344,15.111559968820796,15.133448279076408,19.805897572463763,16.538123274444004,14.933339590741355,16.926347842548736,15.177996067513218,14.962966126453706,16.232843136299145,16.250626830132518,14.999769312219044,15.01899818558073,15.109888102490824,15.194812088490805,16.362392648107807,17.37749917792193,17.991396923299916,16.131980145677986,16.331391146844503,16.55927305481339,17.891314095434872,17.736881185465673,19.498391085293413,18.975674348538327,17.93344987662561,19.066038383468314,17.661305890485117,17.810412490529455,20.548018259789703,17.908200123553275,18.411621278220448,18.490880742804123
0.0,0.0,29.558531113973494,13.77522413212635,16.834803335593815,17.932354401217392,22.566103258907763,13.739437795443969,15.03616667253604,13.82372697270667,17.838888928731073,16.926003425780706,19.898734173116196,15.74500816356798,18.403571361629897,19.30146060851854,16.5196445160664,16.144910665414397,15.557609316791972,16.086091432243258,18.411072591299856,15.185446785163162,15.703348475876854,17.094310023200208,16.571703377324305,16.544307095331874,16.312129343581276,15.746918951109212,15.824113638658785,15.327439610942179,17.120341357195166,15.330345535606595,19.331953955799563,19.229182344569935,15.700177935039667,16.771944712597474,16.201450803057856,15.352048564671923,15.719856290888382,15.397513290000706,15.281301127222397,15.252772435727493,16.143301396174653,15.871093325772009,15.54904465887763,15.612725632335689,16.25565078444542,15.105361256510498,15.178660326422872,15.581998179963561,15.549246393385818,14.996869158230847,17.286518574112478,17.405657035302095,15.04308421452673,16.239285181661394,16.331056946057462,15.1351915612277,15.109533370753272,16.43307173820408,15.238081794823394,15.548036664561106,15.612947232214829,15.286329231078087,16.503210717334156,16.49193726919545,16.54939384588815,16.63931365445214,18.74031995853765,18.919654897986614,19.281274577246204,20.001123531269734,19.207471774788026,18.399576643987288,18.277434654716444,17.892344259336664,18.92735391066519,19.842858172031153,18.40662890612385
0.0,0.0,17.985789658207608,18.95455033633035,15.461589728100943,23.419466182446534,19.360586916297386,15.141293172640443,19.533685134330696,17.192960271776442,19.388195590264647,17.198292154674782,19.689145168559833,21.138849960198712,22.13634399002999,16.44824466463769,15.630717165867862,17.61203312623453,15.816261238925016,16.580314797534506,16.15039171990856,17.134641663773902,16.8806593207698,16.482868976671487,16.703917994701456,16.681449112937354,16.53583428424692,16.461629236835215,15.687141042098927,15.47954426867198,20.099570238955895,19.630300000141887,19.2803564962558,16.49693686429872,19.435475497656892,18.130127201758068,16.3530394143758,15.18713378058738,16.66889241517942,18.801724232120172,16.744775995431908,16.33421801541357,15.084394222505606,15.8932965982759,17.975552156384396,15.807296647155031,15.836867849863737,15.80558580786104,15.175355188130455,18.465568722915496,17.34666603607549,17.350180371272945,15.035293578151412,15.039410114748673,14.999716305827741,16.305629812725705,16.18814201268621,15.126529420193402,15.167043164462017,15.197080527782195,16.30142524501176,19.564013644662218,15.61519739803521,16.11375051234411,16.05132649550861,16.4178478561792,16.4099400913977,16.26105614190803,16.733028205164942,16.972927972535132,17.162422490734052,18.889071766721344,17.586912575711168,18.714344423636202,18.071751090822616,19.083690661933986,21.107183855284646,29.60108353335262,18.653140632018516
0.0,17.491032356341904,20.214119114940168,16.016676878738057,16.2400822464605,18.14346615732364,18.2883278512088,15.419431993544988,19.21612387942676,18.929586487938998,19.658492874904663,17.352960271776446,22.79346567734808,21.591848857020413,22.441280258776885,17.725930387367026,16.631280603077744,15.670811282247541,17.996640617126737,16.099103641987174,15.531526502443388,17.32894369038947,17.420335245168562,17.142198722827082,20.1356066379074,17.385381919334165,16.860054645577385,16.72349737589741,16.417510466559598,16.361059281655027,15.695728212725204,15.81233735327632,17.0606579993507,19.59705616638965,16.52018983754393,16.378326427156008,15.080846866715264,17.87596472423651,23.81979067790403,21.459372806433873,15.238191835921796,15.029106856486248,15.008997880404948,14.955908256257747,15.830168332795035,15.776276942969861,15.716261900292407,15.84254503565289,17.31705995451383,15.463005617839356,14.994458213282563,15.057163614183425,15.123642862727559,15.047430596719822,15.434830626843242,16.351860016830578,15.157617843049117,15.215626894730871,15.152805155257546,15.30337438989193,15.303308920827071,15.520638081657783,15.435461568759397,15.984617804524849,16.13706184356497,16.137627488685126,19.700262211686578,17.54880258583098,17.597391481702992,16.51854952823783,17.546836235281294,16.590078443498218,16.600965491722793,18.007809966995644,18.244276063156075,17.105146682759976,21.29066839881431,26.27241199538193,19.04460803840754
0.0,15.763231414842375,14.953994568761388,14.846221841754934,17.012987736078948,16.83070712945259,16.741972888138577,18.23014872226114,17.525509416257336,19.188894315439555,17.843358139000493,22.020002946866455,20.984571674640932,24.133452554573203,18.18561338643766,19.95908994911049,15.880416863718494,16.259953881719053,15.688345695351856,15.668394497717262,15.166737814890864,18.211481563569127,17.36520737993721,21.096682176892646,17.99902769125348,19.43966845864872,24.082849557403847,20.500633579892074,17.150450715295385,17.037753726708946,17.225307447119103,15.777369741926266,18.34305946438914,17.05839053799839,19.95450650124583,15.442633103426267,15.430743182741294,16.456946955922444,16.348669920141806,19.14857959204899,18.95448714734652,18.6476681793414,14.921261437394298,14.852035521581229,15.757890687150905,14.738732017779206,17.558994957282756,17.44463426566824,17.599714948522227,15.286481536143866,17.37358588731253,17.28358588731253,17.541698731350486,17.205990753594136,17.390662477704886,17.25189906007018,15.262040467065754,15.259036304497878,15.34213653085156,15.356098213116189,16.180095136382572,15.552253123020803,15.60144236614816,15.803276345086514,16.138840973393602,19.784875665291956,17.23411343689316,16.27706448133248,16.236499430992698,17.094560060900733,17.414453275089873,16.95379028728125,19.30784224374042,16.250656222680934,16.51441989323902,16.396366896202714,17.55927659349599,17.117628112150364,20.691981397029515
14.99668606417598,16.02599985263928,15.443519592112288,16.77202147000398,14.860869865249803,16.78261149115368,18.95453602932216,18.716158426447706,18.686297606426265,19.684845807848646,18.486653066282564,19.47114403522018,19.71465422725377,18.257183404922603,18.091636278837527,17.28685537500587,18.440346592861744,18.104508882570496,20.542019930511756,16.475697027678347,15.390376833016711,15.859200334912774,16.784351839131094,16.88429425405137,16.69571957879889,17.03580051942984,16.83243863652262,17.160382434760216,18.871816288962997,17.20492786385522,16.582818169453034,16.28074587026919,16.771504128446864,16.669645179722373,17.847873935977017,15.463246288048571,15.661827780925197,15.986268826621139,16.216942652331817,20.058133489942275,16.282753386622687,16.13613712744793,17.505331550092524,17.407390283045984,17.778610138054326,17.35848366641504,17.599244066459427,17.732801194711705,17.302730122725123,17.424062345106588,17.255990753594133,17.291159591368675,17.332202688824342,17.508901274040902,17.28933675769022,15.435900656697038,15.442636569505735,15.319584236311131,15.349241413589612,16.37468195726,16.26125556405178,15.67114894946857,15.898100923594587,15.83255181207467,15.766117045259955,15.877977104716097,15.887485167825787,16.123087576929883,16.21089218670896,16.293940531111687,19.384677175680274,18.016998402866495,18.148868273953617,17.98141496314858,16.41148084936417,16.406637010832952,16.90187984075921,17.256038226259303,16.950869865249803
16.461740672803977,17.071258435533892,16.659333996172048,16.269647700379572,17.541425889528554,21.812412883998256,18.61992782060141,17.778765424175802,18.90725444270995,19.65133300875064,18.244202085797227,17.351604897202563,17.365243217899057,17.07549670673278,17.246556239892158,17.923182527278755,15.738059312224564,20.28175898290641,20.173472597344013,18.937174452050435,21.629644069166517,18.630157103054202,18.74514981139995,18.368197309449442,18.60702789160914,16.620698600960818,16.74215203095609,16.643831401225462,17.80390930645375,16.89399776163952,16.755926524362355,16.518755102333184,16.275219819516654,17.897697210049174,15.75580830717133,15.464402284018707,15.599188399027849,16.262704366618074,16.190975874831803,17.92791643847629,17.85126935989194,17.657111735697423,18.62330239389675,17.73276281972038,17.581698731350485,17.581862398919522,17.652841165903364,17.645641644891157,17.424690765357028,17.448763759628463,17.95821628748426,17.308457105524305,17.41392187822688,18.874418893868203,17.296802594749565,17.122468376720523,15.340447057913494,15.414969992329926,15.476624249118633,16.298510773570943,16.466758588134965,15.678355492734227,15.885268508050451,16.01268211025208,16.483931705967656,15.78291539597074,15.967715845334602,16.11090583321867,16.30193642072655,16.188166757113752,16.219580346045827,16.130265086004425,16.347557862395416,16.318419332844506,16.485833449594686,16.562967337589562,16.648654516531042,18.675859304077456,17.083904575724212
16.714564336162287,16.23872173853557,15.648259946681383,14.108274479256357,16.803985608613733,16.565094453297693,17.786289662344643,20.80028865841229,17.256412648254837,17.333211458807625,17.428169722961023,17.745643613062263,17.915469162436615,16.386738409448707,16.007948280290154,17.533696525064723,16.478787582947636,18.050171040003562,18.596087544740875,21.834901640436257,19.25297084194216,18.505201582494696,18.47381505241253,18.941025028334508,18.188196778345123,18.640161597425436,18.201732318298028,18.16286984120095,18.715643613062262,17.741228839970475,16.79134220449874,17.10839934951534,16.050028218205757,15.69838081376186,17.95768027270661,15.70464444241374,18.14642972226276,17.683533625201694,18.47145817938455,17.931521564872117,18.084424752239137,17.676386609920478,18.663868337589623,18.52330239389675,20.819631672355705,17.510611527903798,17.5310043627222,17.47186239891952,17.39198624961476,17.28189906007018,17.34523873570171,17.23108881333424,17.25286682023012,17.33566272874784,17.115504237639286,15.962392270078846,15.906882816008066,15.6223290642947,16.633126122785594,16.4944639173392,15.827625610401663,15.962021406987269,15.901568005387285,16.44057164341709,15.709900802481373,16.001390805489486,16.06987621775907,15.902211568451476,16.088993341349777,16.216797142366815,16.30796811437572,16.236751379053633,17.01283037628525,16.518583629764972,18.72271399285185,16.920383525732007,16.779945658962117,17.522748901254843,19.095766755514664
16.71386266217918,16.090467197937727,14.156896636947634,16.90290998762309,17.215004237826257,16.86764782301295,19.77710762055078,17.322627173318722,17.046143640674092,17.177800739320286,16.948852376866,16.371149311468066,16.329689366358984,16.497193693898637,16.128031160139784,17.20405471460043,17.271385132309582,17.291996891395172,18.03548383551685,19.236879594437653,19.102133320722192,18.393880971564695,18.157060582722885,18.506751879099042,18.937828135018272,18.202708663199914,18.572383894632196,18.148935369842185,18.376404097061133,18.121977007266246,18.41754991369763,18.50907930363011,18.54706170208501,19.01698299753395,17.929946433811068,18.114401654233344,17.99278466342202,19.53625181460423,20.2182011194229,17.954709888057554,17.907620842462773,17.715848574380065,18.730385231019294,18.73124716580687,18.89979946157584,18.849686624608346,17.957403077461507,17.19526718673632,17.41488623025768,17.426205516111665,17.4245305025168,17.968545325253647,17.283780086434934,16.094815124252356,16.019160163310435,15.971009094823499,15.543484759274602,15.630199521855948,16.521901095660013,15.745158603088045,15.931842075998492,15.863188380602066,15.594708951840431,15.75126358070409,17.888610138054325,15.680317503287721,15.903068106037592,15.98336825534567,16.17247181536073,16.313940531111687,18.867744408698968,16.238415768904694,16.68877787332515,16.695806886163098,16.741456755901787,16.45821647779816,16.951425078392706,17.4095511778961,18.69294254872703
14.088143666375682,15.101338853474353,16.2790958070026,18.101229515507423,17.164073933907993,16.988801779228986,17.449133741711158,17.344872050581735,17.495364894300316,17.241883970462766,17.874876871947812,17.149892454043837,17.061927200484458,16.220058638812034,16.262960789348732,18.428930948490574,17.36405471460043,18.010294793560664,17.44366452994203,18.05675808647687,18.433115484699925,18.1531334464595,18.36607539129444,17.859040128461398,18.532418127224616,18.13071703153985,19.156425519347792,17.934297271792303,18.202695059720348,18.346964890656597,18.361309556395593,18.250214490322918,18.280058597175376,18.06547342534964,17.928405261276346,17.710472170416956,18.04358448977257,17.75519716847618,17.75749602346572,17.834153734292556,17.99751765606769,17.594745042416285,17.8274963286415,17.4393446825311,18.742610222387324,17.49504296197314,17.45061183307958,17.796770557992694,17.65614979853615,17.67419802207396,17.728242226607993,16.183994702206533,16.144310430382575,16.074116569954974,15.88146443888595,15.570199521855947,15.677662905182602,15.802310097186865,15.805648923652377,15.832391964903064,15.868923023160129,15.798990694393108,15.36574004677,16.813994568761387,15.697936728381666,15.85688745424549,16.002988993070815,16.741178614533663,16.077732827468488,16.439256775566676,16.478132470094234,16.973459970783512,17.403204817540228,17.375567581559938,16.409130925474194,16.520239973991153,16.754646409543177,17.411637903923488,16.65970688146997
13.752870988844423,16.149030062038925,17.625726312413676,17.329776898943962,22.225029950243737,17.112002927825543,17.139892454043835,17.057108350565013,17.04337752871107,17.181796378852734,17.05686591740961,17.310436953132136,17.5531518873844,17.04192720048446,21.194640988327365,18.107960949816288,17.792782663401585,17.95354072508224,19.227605496855208,18.15520634696726,17.839662695686037,17.744674965755443,18.31480227117816,17.651773239223065,17.747547044964115,17.583558021933207,17.87807950333676,18.142869841200948,18.053263974731344,18.212146799256654,18.317158565324732,18.499520592971127,18.036682974609036,18.001532651002968,17.79305554521431,17.671261313839775,18.244844511364953,17.888768060845504,18.304699253697294,17.815523144274454,17.742020533913845,17.685848574380067,17.512593416697236,17.47504296197314,17.585053187537103,17.390301701950467,16.660243760945804,16.4557823262843,16.3598688273252,16.350853900119283,16.260354673786942,15.929723244108963,15.81827322131792,15.358912948425347,15.435289548063256,15.566677680006872,15.78047495004382,15.829537033739463,15.781120493440511,15.86191031245858,15.909870962838939,15.790555494704035,15.46818393374411,15.649045115266299,15.605573327184267,15.57805296687906,16.190946199964902,15.638257924494951,16.078050840490864,18.73460390025878,16.242536636383083,16.451613774212746,16.838471847497363,16.908136435534836,16.80134451103082,17.194106837341586,20.1327565181752,15.958602666422731,15.516182445074298
14.88670490140142,15.923574831673074,17.108587768844473,17.125973021207688,17.537587081970223,18.826015421822493,17.725509416257335,17.631756941024122,17.731756941024123,17.36211063097412,17.34544963156689,17.35275162404895,17.182002927825543,17.767596305664227,17.77188063992908,17.484045140936125,17.778466121379346,17.396652421442518,17.1004478692635,17.259135904373537,17.389802649327876,17.254254910747754,17.43680508845243,17.423054724196305,17.432005143954356,17.608073495767695,19.16558890229823,18.83769886419856,18.65688799819492,18.972344683386755,18.873317433249206,18.150214490322917,18.023140420245433,18.258770860564695,18.86598715280059,18.219707541974472,18.236038793583624,18.335003932650473,18.779188006703524,17.593228357383012,17.67853333773535,17.649246902529104,16.38528144196411,16.42163122675165,16.48580291523608,16.493126122785593,16.511450803057855,17.293497783590794,16.774800591561032,16.457510284784426,15.324717972021858,15.230034731626995,15.235221159287303,15.29945769460579,15.464220030778469,15.6506241788916,15.881023538210872,18.131380831849807,16.075489285605503,15.925695552832913,15.883353550400262,15.836396255409849,15.312187027694028,18.961303628098303,15.650131038998325,15.78275137908989,16.3667263007956,18.97188063992908,15.968581142716607,16.178721894386538,16.416740595672728,20.94201955609507,16.893853487783826,17.01476359014975,17.53695036394621,17.405393888835366,16.25655889357674,16.041042641702017,15.309106054975224
0.0,14.24458077598246,14.415715900772199,27.565933086736678,18.73755138987232,18.156011050514344,17.54214026552039,17.594156701451325,18.612778382478872,19.621722023529813,16.956966821023897,17.360822120977517,17.076358460324148,17.35110390731894,17.14303717838471,17.393086506032244,17.882290228349632,17.458173375894077,17.727612049512583,17.382126955122498,17.419285253096703,17.416040751872412,17.12190714724823,17.64419469831505,17.649388299133648,17.988570247902487,18.7941178789842,20.043396207708952,18.691417016486604,18.70540789451429,18.531148218106473,18.472817067111986,18.501870185799213,18.302150754851418,18.727234452005796,18.339038173502235,18.369354873520827,18.594945870339714,18.268407808412054,17.663846934357707,17.639831083234007,16.35915156300871,16.55085877984353,16.459937275532152,16.563268594948354,16.68026074280017,17.09009219412433,17.364842754426846,16.875439085951363,16.82490931876236,16.227971791448358,16.53729309772068,15.487933603255996,15.37102314802143,15.602208246098634,15.85597237990425,16.003344109012694,15.99830698098286,16.01637656425671,16.09909146699664,15.91622121818478,15.853999220887788,15.619581013782367,18.93450410454436,16.447423189392442,15.562759207840784,16.441081976539206,16.332049036173863,16.059531825388973,15.844311510955944,17.142862843414186,15.920340861619415,17.42286928184727,15.73612084559584,16.81556318022343,16.04515152505371,15.301496507270034,16.21179338996295,15.459803705282395
0.0,0.0,0.0,14.52604648268451,22.12695203152522,17.984708343309226,17.21141008128614,18.339859455500545,20.388950363430784,17.17186185534211,17.156934617410275,17.268370547976385,17.200447869263503,17.228523311470287,16.856413807252373,17.698788552763475,17.246865917409608,17.1021269551225,17.347108350565016,17.527108350565015,17.400101750986334,17.48158797218466,17.678447090855705,17.570012035074217,17.717226487313308,17.712109323102965,18.511781266061533,17.9990401284614,19.14786663549546,18.373646638226063,18.38951650692181,18.275654491745538,18.100400461858765,18.18565758870227,18.04153265100297,18.679615580867306,18.66763648791813,18.817095588580095,17.620597177316434,17.564570212490857,16.424564878769786,16.360644484698213,16.494742783943764,16.540328648762333,16.654047771342263,16.98822261119775,17.22124276770264,16.831364751935354,16.64608950651656,16.584484976658622,16.625593868800856,16.541293655733654,16.181796363281112,16.02299405244413,15.947034569419912,15.816269432053417,15.899194860424442,15.952289590153256,15.93278427554742,15.927194447399089,15.904329157679953,15.91619601535757,15.72350851852864,15.30276035063525,20.02027176134574,20.110680402321265,16.504128896353453,15.974310996686276,15.854402284018706,15.869611426425035,16.08450292536363,16.667733018928864,15.4621074778253,15.889230051144906,16.670360392157967,16.393918668120516,15.47260389914865,15.304360421489587,15.277775944781066
0.0,0.0,0.0,13.933571592551049,21.32293956121744,19.101055525006913,17.700373682126944,17.498654936054066,18.556133242900195,17.252382165187846,17.495360062373173,17.519010551562562,17.090534667733557,17.3145175889952,18.083173260022612,17.160012035074217,17.02494464665959,17.02542893809888,17.02494464665959,17.626733538920323,17.429285253096705,17.612665051251494,17.401582068587487,17.828173375894078,17.742109323102966,18.56381505241253,17.888806066351687,18.013170070535175,17.805097754945432,18.20114821810647,18.717698864198564,18.34944919026669,18.250664484556285,18.300998531385584,18.109120182840794,18.612418127224615,18.643511192650216,19.141580429447085,17.766481571966285,17.704322267951877,16.97109096171029,16.6585445932813,16.344564878769788,16.53019263277863,16.637131629727353,17.46586054111549,17.473575594711853,17.010307503765716,16.981471848232452,16.67575625202621,16.602139869857666,16.59333830123083,16.36293331257668,16.312798738513962,16.356473079852417,16.235940578317486,16.103210255003532,15.89719444739909,15.991825778133736,15.97779400197151,15.986095293615904,15.958716946026083,15.942226706624309,15.571929950571011,15.406239020904664,17.770712267658375,17.819619732177262,17.885892744345252,15.855761555857107,16.31839382274311,20.676821028786918,17.441242537437983,17.66842729147693,15.839508209370933,15.915655147126921,15.84731547128292,15.634972774574852,15.28465481710587,15.878923023160128
0.0,0.0,0.0,13.245612352566994,19.220932092316197,18.12415441462389,18.664917390689453,18.3657124534995,16.996966821023896,17.514537874937236,17.652315499106045,17.29540810353653,17.32043380705137,17.178996279490036,17.200012035074216,17.45377807393599,17.1621269551225,17.217969294877207,17.16039318852227,17.26273270963178,17.490031106135522,17.742426071833627,16.886878768888412,16.65710600549837,17.85213660583208,17.880495895959665,17.903993121208337,17.976659127412013,17.856648043685848,17.686802703378454,18.346670836040747,21.40816453350755,18.783312692512915,18.204079374688114,18.479290039212472,18.451067444788396,18.538205694266253,18.081807308951493,17.95089677045591,17.934666879609612,16.960092194124332,16.684706332723817,16.780974347217004,17.071259416442498,17.710503477458097,17.271684161854772,16.939621088888437,16.806422719008005,16.448057133727986,16.75332894869765,16.475759133220446,16.441008144304703,16.324950832033217,16.26187387735799,16.28995327852052,16.351405371457325,16.102509975075627,15.984631102056518,16.01668320841202,15.949622764176794,15.935878981312692,16.054245866025,16.69475122280387,16.03321025500353,15.808576608924618,19.525938146239437,16.40025130387319,15.924997030472682,16.01515019104976,17.753066803643737,16.476704816069375,16.54466699997339,15.52876050384504,14.999769367515217,14.949203421391129,15.956264374684407,15.041981872234153,15.002445532943844,15.527569337096912
0.0,0.0,0.0,16.74951525298929,18.297584023085875,15.906313605244016,18.39690662655534,17.761928940348586,17.333429662419277,17.371883970462765,17.34889707692014,17.782175519962163,17.618971402425025,17.38182619716696,17.230012035074218,17.33164786525036,17.436380642353058,17.28273270963178,18.14618739480122,17.82172743568077,17.884565009450125,17.59202543272358,17.4767644243759,17.70724943465795,17.932104729029565,18.002525481645296,18.18926316580975,17.986450252046936,17.9378132522038,17.952581053840795,18.460394242154766,18.393437489875993,18.131246137860792,17.8601235936749,18.741723926944392,18.645954237003984,18.25221693362805,17.888405261276343,17.76550465577683,17.827647517837168,16.679496705090955,17.038941966752336,18.58971960891661,18.746498794574425,17.770812126686806,17.084111456781415,16.585840808559247,15.625476007475559,16.418057133727984,16.40873784950063,16.442021232212117,16.483807540170943,16.371341678301647,16.372595073463252,16.32065626673836,16.31256951307538,16.32065626673836,16.44058778908868,15.33415739107484,16.018209016637556,15.905346496320977,16.012384710762042,16.025629648717576,15.969626225916281,16.48112050686735,15.76796910657971,16.10988821318933,16.634138705817442,15.960313128684566,16.008145787999275,16.071024309259702,16.13700355768331,15.086790210998306,15.087317869231441,15.011437525300124,16.435217839235893,15.076995440547858,15.027338870143303,15.639283725089753
0.0,0.0,14.997659231438497,19.341623609900424,15.968518577284481,16.257393270863417,15.818214760324928,18.68774517177828,17.608037186468277,17.412797070359012,17.221380831849807,17.427116678271126,18.053274912492153,17.5763114575686,17.53207583077753,17.348145264820456,17.497116678271126,17.699038173502235,17.579698345857878,18.893830031741516,18.167698864198563,17.622192654763825,20.26682704462268,18.336535903775083,18.193437489875993,18.20983115515471,18.566672124299764,17.895579883523457,18.00198210655369,18.04033558600983,18.163984262736463,17.938339214573688,18.124388525705406,17.933434216519757,17.90660660377553,18.246404097061134,19.4244987273618,17.77807950333676,17.748405261276346,17.722879530688278,17.961807308951492,18.272789236105652,17.273943519119282,17.78243060276176,17.995978770985957,17.559496044895653,16.259319242027885,16.321552892341124,16.131957670673486,16.507154814895276,16.406107134465756,16.48052049837631,16.505296214478374,16.3556442811795,16.307169663775152,16.362805473753703,16.4622772305946,16.37292717520293,16.396645080916205,15.498846415475446,15.75687122442812,15.290174848955903,15.992184419790938,15.82674218366729,15.908618854394593,15.862140786367515,16.059659100468878,16.64742318939244,16.122657437089217,16.145658034141743,15.209901045015368,16.060918790078446,17.62562009851221,15.049339302856618,14.964755276515442,19.811952187369787,15.033770043832758,15.150028249475982,15.212830546435477
0.0,0.0,17.05306490861635,15.757745262520764,16.69720054947183,15.86689937848704,18.125362796558267,18.313880128658795,17.678654630878285,17.5250245652441,17.988965005137246,17.60002507521761,18.2566557511526,17.499608602573407,17.525870324613997,17.588538735152163,17.528570247902486,16.514824862697544,16.397871871438756,16.63722340832912,17.06461699297268,18.18644153079227,19.073830031741515,17.84416943092824,18.443297320223433,18.221236508607266,18.00787999308544,18.073437489875992,18.646176377323748,18.114388525705404,18.275535629040665,18.61614416180161,18.285535629040663,18.00198180137791,18.228210085086772,17.764976868394413,18.017158565324728,17.813624117510088,16.886924068538256,16.85570188427003,17.465744668338832,17.524776615713606,18.262769505707077,17.455096529501805,16.880568529890233,17.155972897149432,16.63962796467912,16.285442327742402,16.28824467234532,16.926348356326095,16.429403289593907,16.433627137829472,16.289073196981146,16.48233112746894,16.293627137829475,18.13551857945452,16.329557904186917,16.650179640824394,16.289659938121922,16.35273971684939,16.36378690933551,15.993832766669476,15.88482678602287,15.84005494880819,17.984175488479092,16.579552853208305,16.029541224218804,18.55868807562243,16.12006736728052,16.154104913812546,19.482904803978684,19.837652578305104,15.099125541382517,15.916505423274346,15.087852929392286,15.070930357178401,17.735466758426547,15.484421721714984,15.628277954297356
0.0,0.0,17.894417628909228,16.411891531801515,17.695577200356304,23.386663814449136,17.821756941024123,18.000350805158078,18.4390182486114,17.99136805101593,17.59794519869824,17.517119633266702,17.82172743568077,17.413207419820314,17.68207583077753,17.492109323102966,16.350311050764205,16.694860030033936,16.586600507866372,16.708011656017867,16.7380053864557,16.8943145233145,17.996925588617195,18.107541066093077,18.1056541070249,18.048911952076345,18.04983115515471,18.311810570574682,18.176535903775083,18.191236508607265,18.105217010332108,18.42526027532487,18.16862911195536,18.47593000397149,17.922834869831323,17.883594526645194,18.89651576084247,17.85987677123611,16.995472239884403,19.128679071193684,18.360590701041094,16.972244318448304,17.901134588793546,17.16366930717016,17.21816258893744,17.111114786664267,16.93464636023594,16.303092051672543,16.283698116213195,16.396799143918003,16.38066058648706,16.42508964424578,16.331201022575645,16.359458834190534,16.36114750240532,18.007680272706608,16.53519400082478,16.603018419964762,16.400517423303185,16.296158663526548,16.386064257593404,16.606202629598737,16.73816973522608,16.19942816505954,16.778687028472945,16.862862843414185,15.968874796796474,16.01410491381255,15.005577548462867,15.784277707325971,15.014990353261782,15.03069749920111,15.836051918556969,16.317460840850117,15.097919522720556,15.069402464129135,15.273366490736342,15.37361923184113,16.170396105140895
0.0,0.0,20.253473074082663,21.412565438005274,18.11021873866372,18.875944795270232,18.35595982638252,17.88762147191439,18.776586849340582,19.539949689787665,17.430514966804687,17.41295681472959,18.19085561031788,18.051595483216303,16.776464614607743,16.355210858351203,16.373186149538075,16.892071691433316,16.57654950045868,16.69801165601787,16.554405148655338,16.87780633991988,17.435735073736453,18.03926286063397,18.123437489875993,18.870365329314886,18.57552014518759,18.146289414088937,18.301125548091218,18.23264490961003,18.102753805386726,18.128210085086774,17.80549961518696,18.5707749926424,18.137541066093075,17.926670938849938,17.886253503280365,18.020058597175378,16.900049292653627,17.03499306154639,16.763247966464775,16.61589701270574,16.75677341551267,17.29136386044957,17.52088285157233,17.52674385709753,18.03184830198443,16.242352711677935,15.917324175073325,16.271018221880745,16.482574391376442,16.392931645749634,16.431641927349688,16.383521430877522,16.462218127131052,16.342538039206847,16.472164819897777,16.358205388577915,16.51840691081104,16.583504918741568,16.627698053310155,16.8954423277424,16.681552892341124,16.90475052348134,16.71226228986167,16.843386673849857,15.919769083304,15.711448908934194,15.846490286546484,15.726677399380694,16.45965993812192,15.832310097186863,19.008750649176854,18.966106597939863,15.163828888372466,15.095818924850562,15.363906018502393,15.538697880559004,15.966374950369415
0.0,0.0,0.0,0.0,19.721160965859173,20.196845553485147,19.70349540423239,16.941712017172144,17.22004673360334,16.536608857275663,17.249255709650345,16.372841601708807,16.266872953997602,16.328380568902602,16.192764076586883,16.23758329182484,16.426905228203836,16.376905228203835,16.282668200777675,16.37494220732617,16.512992738657246,16.89462225112469,17.45213945404464,18.193195532994274,18.1556541070249,18.45566357426431,18.187270631951993,18.11210668611721,18.149405362130533,18.388044606487316,17.04914588579932,16.60862714670683,19.09619033976905,17.997879993085437,17.992902913093967,18.268471185870677,17.837198207403322,18.027950121739686,18.037360737041325,16.80936634969445,16.727475068775433,17.078947943641616,17.14251645209823,17.629566019992023,17.847565672949976,16.844903242088183,16.87475292315208,16.67993409225591,16.385517331077658,16.288942200235695,16.930194165936335,16.570466432064897,16.416871349016475,16.38375914770419,16.340251483186492,16.289037215545484,16.419071139707224,16.761692666834346,16.614000846208206,16.729013362273324,16.918362975865726,16.91988722536386,16.64155289234112,16.842862843414185,16.7137535565471,16.537612639016366,16.54509145870612,16.176673541458275,16.01141386082423,16.349870480056772,18.049093500976287,14.92405985032372,14.988885360809737,14.970470263354507,15.165334367794973,17.891586920950303,15.416858592696954,15.697925845337656,15.585709818984894
0.0,0.0,0.0,0.0,0.0,0.0,16.793149261235374,16.892991699344083,16.98863358574006,17.84913297161181,17.31783752840111,17.00330891577699,16.355511387365297,16.155008186590177,16.31265613744671,16.291379432909523,16.186404539403387,16.351961277393734,17.077425592153567,16.418773593593254,16.794532633511313,17.067636445591774,18.168927311098628,18.128753096875148,18.33181057057468,18.259748549802303,18.17268118199032,18.136601136102314,17.085802919699578,17.015979612063045,16.620336473840577,16.523736561021295,16.561260936073914,16.904043971378982,17.49675647177069,18.094446702359154,17.882151144819304,18.550211850650427,18.334142525846246,16.836061821288446,16.98934983276937,16.913129734978778,16.936448131469778,17.98722438478864,17.907108456829462,18.05330214140124,18.425406118669862,16.381338429725915,16.274112463025336,16.74126862697889,16.567875232640638,16.515277668053116,16.50580391981747,16.50092741456747,16.391608899776315,16.53221491727802,16.68948597229558,16.77044103175659,16.76722103067823,17.01200392367239,17.17313393021475,17.360133224544626,16.486984872967238,16.65265697111543,20.261584868520956,16.710671771391155,16.370422514326908,16.74126578576497,14.875228005036035,14.86579180138416,16.001944828732185,15.224809737541579,15.349474896362114,15.186972967920784,15.46950943306102,15.473455918447582,15.679776444420366,15.544116377412989,15.474220030778469
0.0,0.0,0.0,0.0,0.0,0.0,18.04020995714837,20.425539353309727,17.855654221446905,17.257592470100345,16.47366056451677,16.458842445707113,16.367013982751182,16.342957015629462,16.370453404936708,18.06903900814577,16.337878904941824,16.303378598429333,16.40430013071693,16.33168521683857,16.621596435604214,17.16455404394987,16.979413075686086,18.502736423569008,18.33424984405005,18.116780945521555,18.35660939440473,18.280779476919594,18.18771500139529,17.64834777893972,16.586077095466898,16.708462400707603,16.84044454704091,16.446215501531924,16.851551603330527,18.09215344009982,18.12900901114658,17.104548464002434,16.612372494147724,16.933730796608085,16.855860237991045,18.185293534989388,16.820038692773775,16.963146881985136,16.434372073149955,18.017541066093074,15.171736136528699,15.51372219463557,15.458994746198467,16.652850347993535,16.571825157858818,16.60603132770141,16.557041977722516,16.665350406719135,16.662304872319798,16.38265697111543,16.27721468384324,16.58587348359431,16.64128308708396,17.242735590613986,16.916898392455817,17.973635828698907,16.94182406963207,16.008769951232797,16.803492688318872,16.243170786444878,16.723361732515894,18.13379842941248,17.980821237272025,15.155765044666921,16.04516870299161,15.272054986561717,19.205085733891075,16.290863837129884,16.655889876572353,16.1809758748318,21.289519058599055,15.974702657251726,15.739194860424442
0.0,0.0,0.0,0.0,0.0,0.0,17.803163639804783,15.155754949959192,0.0,15.373503259496609,19.824375771367222,16.588697613132204,17.24763681895213,17.571032356341902,18.158036103902898,16.65520737789909,16.532917915809538,16.35218812367951,16.49520737789909,16.491442488550284,16.576948247507822,17.069304705021054,17.400000125020874,19.48845215349303,18.357668658950587,20.599890517938658,21.168660412592033,18.393732781877112,16.909656075538237,17.210302160342117,16.646165627659954,17.394456743713356,17.010925420408988,16.96462225112469,17.321548673678393,18.397487240518814,17.176604733217694,16.788950177723986,16.971017505916933,17.277612881785736,17.094402690516656,17.505443434148887,17.82075134230674,17.13182461391606,19.28905420955919,16.153132971546547,17.5073144609581,17.57613086238308,16.6179308279131,16.47631172560373,16.468356325893563,17.757583583666218,17.920819204086683,16.594476252114788,16.828020362261412,16.765156004292415,16.67016225815766,16.648239992300727,16.812270530210746,17.027256104755665,17.386285333806022,16.43985629133655,16.511533242253932,15.883334121839177,17.626056715780962,17.529983374126644,16.75805713372798,16.192484168836323,15.466696123034758,16.10112885783697,17.702268030379688,16.467661857310883,16.445845294078136,16.743343982674965,17.049839787411166,21.80116172363757,16.924428340183706,17.103800961317948,17.015927694557828
0.0,0.0,0.0,0.0,0.0,0.0,0.0,0.0,0.0,15.864133573881535,16.441634665037927,17.280610615847145,18.188208146237777,17.203586068886363,17.10332785221156,16.924732133220004,16.780963224155393,16.39445788762567,16.729814123017174,16.724532633511316,17.067331266820283,17.35121142713688,17.74684920492626,17.057863204388667,17.427496020317722,18.685235785436,18.784730465665355,18.969832621997064,18.95009423848682,18.54754303696668,16.95167217972489,16.903897871492205,16.58303914874166,19.465257680687593,18.6185635239343,16.99496945240577,16.836126241295503,16.95167217972489,17.03002309952754,16.914283777092155,17.18100485079421,16.88798641750537,16.977549840422572,16.98639537447875,17.205637960031734,18.1573662069477,15.266438006387393,19.03210173546007,16.77508487416407,16.45488679501756,16.463696909001786,16.57310930167107,16.461338429725913,16.788613824387863,16.647447786311403,16.847417280872158,16.82654584564849,16.780479132465295,16.84203385025564,19.499620344058062,16.30829779626209,15.996383917851114,16.289575635137687,15.895276748373359,15.631503526198735,17.294987254016736,17.49168521683857,16.66155289234112,16.47710368454065,16.462538039206844,16.542755460239654,16.647161586643865,16.51476359014975,19.81507436335219,24.160053498521474,18.362175519962165,16.10088002202527,16.54434975575945,15.806359450352302
0.0,0.0,0.0,0.0,0.0,0.0,0.0,0.0,0.0,0.0,16.069271277286916,16.211313950410783,16.850994295458086,17.11479316252769,16.63643963536008,15.086802034566698,16.30057001718777,16.55501313776229,14.749912626368094,16.025472239884405,16.62777455496538,16.22379648774964,16.455017372617828,17.109205773833096,17.60014428060943,16.41733321830906,18.202871566570554,16.547008574801445,19.637445354136624,16.672941801693398,19.20922907197628,16.741792450742643,16.369715816988858,16.990941872408726,17.12032359207192,18.420392727896335,16.937612881785736,16.898755203852563,16.97523419084947,16.80496945240577,16.865705151346276,16.766295076868175,16.558687560340346,16.83382503547569,15.790870477259027,16.77215460974323,17.277892703659177,16.80062270230337,16.61019445814275,16.64576279937382,16.645918475441338,16.6737498674343,16.5563383731049,16.588608240507334,16.55974130338081,16.533034855774204,16.356561691720806,16.88305535658224,17.028514055632648,17.109275652940156,16.350335716151726,17.351323372660385,15.95334180977399,15.988495945115918,16.653992753961244,15.95353459969451,16.983232726945232,17.597604983232408,16.905325913666644,16.613505401724847,16.41205439490726,19.031159495068398,15.29622933503494,15.36152166587318,15.621434409916578,19.819620534785425,20.04500292181824,16.461485639225224,16.07645689302521
0.0,0.0,0.0,0.0,0.0,0.0,0.0,0.0,0.0,15.397239205094658,17.53021873866372,18.577380890561493,14.964455358271918,18.17344750114149,16.646599918083382,16.77659991808338,18.750967353264258,15.251715363396567,18.65682934079647,17.145369391952446,17.758631231989554,16.722733584366207,17.282834869831326,16.728606438022943,16.989943735708753,15.236248322605345,16.89512622722377,17.153449454014233,16.710336496625104,16.708027997973268,18.143009228780276,18.12420658668847,18.47188602237576,16.278230576934966,16.291198203104443,16.195055289426918,18.15464382335033,17.896093925437775,16.453832227751423,16.436172418015936,16.835960000636064,16.53583076427812,16.583519137981092,16.52041191793924,16.54922834038183,16.75765743857977,16.783027535049996,16.59351124639771,17.892455241363315,16.793774103014435,16.70334063650502,16.62041737390857,16.581680963035357,16.973494511512484,16.344204192821735,16.356662195878034,16.36155243288384,16.44974130338081,16.97723480770376,17.32273163549298,17.281179134258508,17.493685306576864,17.41463440999057,17.27355259780093,17.314231807465287,17.394942207326174,17.51840456778873,17.015882105693493,16.69327691002116,16.63328319586654,16.516397740637625,15.278188462236843,15.262846868176823,15.286903615767905,19.269263901436226,20.13486685545388,21.443356170401536,20.976549713715215,20.85054656934921
