0.0,0.0,0.0,0.0,0.0,0.0,0.0,0.0,0.0,0.0,0.0,0.0,0.0,0.0,0.0,0.0,0.0,0.0,0.0,0.0,0.0,0.0,0.0,0.0,0.0,0.0,0.0,0.0,0.0,0.0,0.0,0.0,0.0,0.0,0.0,0.0,0.0,0.0,0.0,0.0,0.0,11.799268850697082,0.0,0.0,0.0,0.0,0.0,0.0,17.68950228281109,21.91316980083755,20.18522635930875,27.36102339508459,24.266961073436836,21.812585381519156,21.438122748944075,21.209263570802047,25.856807659939577,26.49080305155441,24.964100161537523,24.120165757876578,25.511408273223463,25.05888085581229,25.293285244026862,19.881639708992452,22.90714654282471,25.79102780789988,23.938100635021488,21.98571891692901,26.552214948742602,28.003467999874523,28.409928950028707,19.459993015759444,19.593304539867354,21.437517015934613,26.14508155119176,23.760821165052544,23.63957936175564,21.889230033115382,20.29073332067254
0.0,0.0,0.0,0.0,0.0,0.0,0.0,0.0,0.0,0.0,0.0,0.0,0.0,0.0,0.0,0.0,0.0,0.0,0.0,0.0,0.0,0.0,0.0,0.0,0.0,0.0,0.0,0.0,0.0,0.0,0.0,0.0,0.0,0.0,0.0,0.0,0.0,0.0,0.0,0.0,0.0,12.82987856230626,12.863952232821294,0.0,0.0,0.0,0.0,24.139839561954158,22.556454862021216,18.890470280997135,22.814619202841406,27.391023395084588,21.675731374680474,19.29256896298212,19.745327583512935,21.57182123410523,19.299759137323996,24.313873526133577,20.17840193557766,20.39229137805311,16.79920138808039,24.193090567864978,21.861981892426893,17.671555825506587,21.963311331544823,17.775947063280746,22.068090863251413,18.2412624020267,26.940127990706365,28.411239023147886,22.74796924015238,21.32260317713552,21.19035651328474,22.672692921130825,20.514716441577562,24.740969272610098,22.611511983980627,20.66850086862425,18.836962677647385
0.0,0.0,0.0,0.0,0.0,0.0,0.0,0.0,0.0,0.0,0.0,0.0,0.0,0.0,0.0,0.0,0.0,0.0,0.0,0.0,0.0,0.0,0.0,0.0,0.0,0.0,0.0,0.0,0.0,0.0,0.0,0.0,0.0,0.0,0.0,0.0,0.0,0.0,0.0,0.0,11.71618062882039,13.004361745552211,0.0,0.0,0.0,19.00033016755304,25.43683078120395,17.83944735760752,31.052221300347544,31.12265964215144,21.322647328764866,22.97600454945994,21.881820374753588,19.850809195043986,19.734446480706325,20.064625625904768,21.944508604913423,19.08057136799831,17.41123417035517,21.193125010297614,19.960736344580273,20.3761689069644,24.28752099355425,22.000320385059823,23.291065487849497,22.57442024857918,19.533954975589417,23.562055952492294,22.506956627798523,21.305337788090053,19.701217727498666,23.46697956778303,20.206888384034087,22.226683143092146,23.694374364911397,20.180129662039878,21.377152102411866,22.528772593763115,21.279367164593452
0.0,0.0,0.0,0.0,0.0,0.0,0.0,0.0,0.0,0.0,0.0,0.0,0.0,0.0,0.0,0.0,0.0,0.0,0.0,0.0,0.0,0.0,0.0,0.0,0.0,0.0,0.0,0.0,0.0,0.0,0.0,0.0,0.0,0.0,0.0,0.0,0.0,0.0,0.0,13.474927754353121,12.225868217087383,12.050580035081477,12.422923133860076,0.0,26.079065163907863,33.926895017832386,19.11914469941724,20.9271551780083,19.94338649380477,23.92147796207222,20.558043987902728,20.078367213704343,20.382812795413276,21.070765016566337,19.40274664027569,22.19621159795495,29.31429700860186,22.395351094787685,19.802501903181643,20.14308412530131,23.336496170211717,19.026692674064332,22.653833122926805,19.96734253931887,19.55304912630969,21.564754944659928,20.693637250480446,23.269984876821397,22.939554908232104,20.808269550042745,19.19072659508347,19.47187939904916,20.22308055678797,20.42155269992368,21.887050399125517,22.54864482134702,19.972336090945742,18.600872906559196,18.95838377684759
0.0,0.0,0.0,0.0,0.0,0.0,0.0,0.0,0.0,0.0,0.0,0.0,0.0,0.0,0.0,0.0,0.0,0.0,0.0,0.0,0.0,0.0,0.0,0.0,0.0,0.0,0.0,0.0,0.0,0.0,0.0,0.0,0.0,0.0,0.0,0.0,0.0,0.0,12.526946425338249,13.67011637233813,12.422311598722409,12.99781416276813,12.461601431533857,0.0,17.98613818554497,16.893201173961458,20.620714415136813,24.393690609001865,19.767099352089268,17.77108916145146,19.71048335093922,20.166546750568454,19.09927832319272,19.38296509581654,18.218079266796018,19.861378309692196,23.016426803466366,24.65142348254542,20.23846900976129,19.8414661673378,21.417638130707097,23.171614110844462,19.120965946252113,21.615484045348772,25.680439124653034,19.82701079428548,20.955175133167746,19.070478348591053,20.185242325150323,26.241363327238723,22.791110319888446,20.894655719569464,20.440711913466608,20.29177990628059,19.541762309201882,23.30732858278183,21.396966299147362,20.35506866511252,23.611499282563788
0.0,0.0,0.0,0.0,0.0,0.0,0.0,0.0,0.0,0.0,0.0,0.0,0.0,0.0,0.0,0.0,0.0,0.0,0.0,0.0,0.0,0.0,0.0,0.0,0.0,0.0,0.0,0.0,0.0,0.0,0.0,0.0,0.0,0.0,0.0,0.0,0.0,11.640653677839788,12.989155631383158,14.7265795397041,12.523781443195904,12.385896530993703,0.0,0.0,26.272232203816408,20.51434706894426,19.52297625772871,18.865350987500555,21.783282247014665,19.01675433708545,18.23012252761026,19.976561898144872,18.093605364790534,20.10316902949486,16.13879744522883,17.723224274295614,19.759175865082465,22.84906754211987,22.309554908232105,24.873753357782142,20.25667391952625,21.219605069438067,19.84046528634628,27.40437569462444,23.060835339420045,26.430236172865527,24.65696136865887,21.78165534171513,21.80187450961268,25.706850463376597,31.92314647856285,21.290218346288633,21.894693633980093,21.805662257395635,24.16442160670679,20.425447465464202,20.76807430442141,24.220080018523035,20.775471904912607
0.0,0.0,0.0,0.0,0.0,0.0,0.0,0.0,0.0,0.0,0.0,0.0,0.0,0.0,0.0,0.0,0.0,0.0,0.0,0.0,0.0,0.0,0.0,0.0,0.0,0.0,0.0,0.0,0.0,0.0,0.0,0.0,0.0,0.0,0.0,0.0,12.908422855445629,13.227311630930794,13.521796300526717,14.10675562718313,12.337833335350359,13.822975412217128,0.0,0.0,0.0,17.818490207132204,15.046513682807722,20.626454463044904,16.948612091951176,19.081556892192417,20.054493018511007,17.259438817391892,18.965936796755535,17.62350592542078,18.639839856732195,18.505779536285893,19.293112692621598,21.11331386048968,25.97465152250161,21.95130157861288,22.28415270299417,25.672037722059187,36.70068517328029,25.61229655318897,26.097912415241233,29.032209468353727,24.924501987772416,27.420390148497532,32.84934122063103,20.74167205882515,24.064464667596955,25.310828142169946,22.415944581835554,23.265758377967305,20.381205667708016,22.032575230143472,23.678454682472847,25.368742768591133,20.365087460846077
0.0,0.0,0.0,0.0,0.0,0.0,0.0,0.0,0.0,0.0,0.0,0.0,0.0,0.0,0.0,0.0,0.0,0.0,0.0,0.0,0.0,0.0,0.0,0.0,0.0,0.0,0.0,0.0,0.0,0.0,0.0,0.0,0.0,0.0,0.0,15.127349013711017,13.58176037242755,15.984628221196381,14.696555039798202,14.111853443620863,14.25538477362451,14.082641539987005,0.0,0.0,0.0,14.562181221847288,16.899319080495605,21.216543423846556,18.019502282811093,17.447290280247135,19.529670749771242,16.370129016568345,17.525288822928562,20.930070410979255,20.688923120881185,20.490199947441596,16.106343360664688,20.207386223410076,24.139230864982565,20.9242521728019,22.293549237388763,20.85490855312838,21.062505159767372,20.216650092757025,30.619432264326708,25.18367450113692,27.94064284740177,37.26759369841776,30.884075750430604,25.922706440184903,21.214043199992332,19.859912052226267,20.653059159962954,22.749647460647672,19.956907430346096,19.885560733223418,20.118475316562304,22.432972451236463,21.130197972524964
0.0,0.0,0.0,0.0,0.0,0.0,0.0,0.0,0.0,0.0,0.0,0.0,0.0,0.0,0.0,0.0,0.0,0.0,0.0,0.0,0.0,0.0,0.0,0.0,0.0,0.0,0.0,0.0,0.0,0.0,0.0,0.0,0.0,0.0,14.36886565648906,13.5445941486868,14.65891705663098,14.560901823014225,14.290798393416454,13.432011299951832,17.256773467582896,13.962234688988282,14.246153975248637,17.285890113138098,15.486595223711515,17.46981404662356,19.875426447767673,15.400111213554236,15.940404694827542,18.311118907545122,18.31335166392251,17.900905119800516,17.200101782698308,18.56073883316103,22.251344968648084,21.354740871689966,19.302105849818876,19.703374218311186,21.33219214750873,24.933420389530433,23.861477031404323,23.837685723539614,20.70475192304198,26.695515713734956,35.80310880323517,31.312727709427932,30.48498702760279,27.341749389382834,21.428485070373874,20.702694030562352,18.96676679106605,18.12609327333589,22.51314026256972,22.38695005642283,22.381129631307154,19.39312746892165,19.736368340153344,20.01900819019177,22.079125363698893
0.0,0.0,0.0,0.0,0.0,0.0,0.0,0.0,0.0,0.0,0.0,0.0,0.0,0.0,0.0,0.0,0.0,0.0,0.0,0.0,0.0,0.0,0.0,0.0,0.0,0.0,0.0,0.0,0.0,0.0,0.0,0.0,0.0,15.328755240165997,14.846610624110351,15.026593060789953,15.297736774574826,14.66867032725587,15.152200716558868,14.484273174878568,14.52654465670614,15.919810293914715,18.282773143621345,17.785585022750134,17.476556803026547,18.082298997811275,17.322801539746465,21.549537572247527,15.780467088523682,15.101374581542466,14.968048152546501,15.21452047783027,15.280660236326973,16.260107013034073,20.347730393971,31.12327776398856,21.844683151225283,19.409993015759436,23.223248523705195,25.653937276757535,22.05492086903699,19.18156680658692,22.60910574357318,19.764356037742566,23.75090686539938,27.072256730007773,24.473629882889597,18.370870644269434,21.110531292532464,21.96680856238757,18.605921706019267,18.284889864258105,19.485582848806352,18.832298041490176,18.521327277620767,20.762444294684208,19.473127468921653,19.320106371567572,19.747278300958367
0.0,0.0,0.0,0.0,0.0,0.0,0.0,0.0,0.0,0.0,0.0,0.0,0.0,0.0,0.0,0.0,0.0,0.0,0.0,0.0,0.0,0.0,0.0,0.0,0.0,0.0,0.0,0.0,0.0,0.0,0.0,0.0,15.852972415676284,16.499103300815243,17.332732927585106,16.050825389435737,15.321650998759548,16.2291869242906,14.55734188480157,14.207327374705061,14.50658021940382,14.55610017784181,0.0,0.0,21.050563845146193,19.15495804801849,17.631464994749006,20.417645740979104,18.920598087267592,15.547752639388431,14.711931940873143,14.610502092392233,14.832108306259743,22.404145460095464,24.209455454462528,26.238750050631133,20.078810302248904,21.872651359967108,20.872120791661633,21.150398462685637,21.369852381837497,23.099719796321615,22.538549593362156,49.43999660675801,20.017200592593134,20.87337331367538,31.391202345870397,24.6613066705006,21.63538834734517,21.810005427787576,20.447670836681077,18.174499133407963,18.425306946393274,22.08096505424409,21.989992700775954,18.542479902486534,19.013282850452047,21.849965306954413,18.8606912388247
0.0,0.0,0.0,0.0,0.0,0.0,0.0,0.0,0.0,0.0,0.0,0.0,0.0,0.0,0.0,0.0,0.0,0.0,0.0,0.0,0.0,0.0,0.0,0.0,0.0,0.0,0.0,0.0,0.0,0.0,0.0,15.052834469459942,15.669480978808094,16.52717766026184,16.892848603955798,15.351846788957523,16.797023818100648,15.014807020850995,15.130926650014906,14.95347212075821,16.434485009970544,15.372241464365217,0.0,0.0,0.0,34.67309148818022,20.33387684541394,19.373382506928184,21.581025084300528,20.52226783961785,21.02901774477707,21.066436857174356,28.254944135042493,34.141156572898424,25.378983029525934,21.41290088746264,19.639890566294913,18.653921982832504,23.37577624239539,19.852319626361254,19.919843469594106,26.28028410794942,22.67882793611785,24.606004520439395,24.88588051945379,27.521053106795367,21.9385922334491,21.26683588859539,19.51954230852275,18.36950247013255,18.425140033588125,19.53957440910579,20.857371380132896,18.863495272651395,19.365053253171148,18.832239153079676,19.96239918551025,20.339110625580407,19.903574453785442
0.0,0.0,0.0,0.0,0.0,0.0,0.0,0.0,0.0,0.0,0.0,0.0,0.0,0.0,0.0,0.0,0.0,0.0,0.0,0.0,0.0,0.0,0.0,0.0,0.0,0.0,0.0,0.0,0.0,0.0,14.684722557600061,16.37037834670978,16.412359583028238,17.331784948310176,18.142852002906253,17.048810607424684,15.305929341978722,15.473641393630084,15.448777498945642,15.249109584001165,14.792456831195484,14.82927132899541,0.0,0.0,0.0,0.0,0.0,13.92166974561054,14.040780811734898,18.756263480447984,24.632070808788534,29.589876196217467,26.591998050630927,18.418808096105174,26.468935552497825,24.65455935374552,20.570596443359147,18.46015817969994,22.020580276766218,19.75719644369464,20.335864831763626,21.567230040542775,20.31111374334873,19.117955488485116,20.183477366288837,19.755567188416073,25.16776772304729,23.680597921703693,26.2473314063664,19.277074392666503,19.49428456727089,20.496791005115988,20.612063444043947,21.322391485396807,22.452192147508732,20.400666451167577,20.186729318100312,19.340893192329858,20.933827691985364
0.0,0.0,0.0,0.0,0.0,0.0,0.0,0.0,0.0,0.0,0.0,0.0,0.0,0.0,0.0,0.0,0.0,0.0,0.0,0.0,0.0,0.0,0.0,0.0,0.0,0.0,0.0,0.0,0.0,15.33958809856718,16.234128116592462,16.323573054914064,17.31702419174269,17.063382038264017,17.52384064614065,17.63547927734983,18.77759121508295,16.146747783974664,15.959577117579409,15.441601135997717,15.131311338329724,0.0,0.0,0.0,0.0,0.0,0.0,0.0,0.0,21.603368945897863,22.541475470640243,21.255919699689183,23.63880731097726,23.445041549609506,25.439779878872283,21.224330814337986,23.892127420823478,24.960786526457056,29.75567562262204,20.72259035835114,19.056102145197457,18.47140573248072,21.742467465317482,21.75089938270598,19.813358351707183,18.835549222630807,20.496245513739304,20.78376034377148,18.274180767317063,18.256815552086408,19.64103189286931,18.4078127558814,18.47405980070516,20.222576003508564,18.750989775448822,21.14599756622803,22.35538142099061,19.04620021042437,20.333268376839413
0.0,0.0,0.0,0.0,0.0,0.0,0.0,0.0,0.0,0.0,0.0,0.0,0.0,0.0,0.0,0.0,0.0,0.0,0.0,0.0,0.0,0.0,0.0,0.0,0.0,0.0,0.0,16.242444971953688,16.264482504309484,15.57494599775283,15.451064212930731,16.523131129449055,16.84715418985497,17.939788981484345,18.05555096865303,17.61374350756644,17.68134899242064,16.231472905709325,15.433224579471393,14.954635600763885,0.0,0.0,0.0,0.0,0.0,0.0,0.0,0.0,25.86403116413579,23.586308968927387,24.225984036385142,24.409594846704145,20.453501044316745,24.89543780832045,22.893594468847596,23.70461054062352,23.856439478510673,18.993506388729223,18.83699403392494,20.755544011247164,20.082484993109766,18.227978170618808,20.977765099012643,32.74822622044125,22.706226651872367,23.290812112732368,23.38384579847314,19.960593436603233,18.085627448314582,17.590884077365565,18.26784749255098,18.393190545783476,19.187199939116013,20.94645082425819,19.86445126364031,19.829414137846328,19.62354151454847,22.517818323248537,22.465515915835372
0.0,0.0,0.0,0.0,0.0,0.0,0.0,0.0,0.0,0.0,0.0,0.0,0.0,0.0,0.0,0.0,0.0,0.0,0.0,0.0,0.0,0.0,0.0,0.0,0.0,16.906890257674206,17.95935915279486,15.649186924290603,15.608252721732764,15.144153632662425,15.69812376770238,16.448345525584863,16.570938636890318,17.188506177459622,17.55000458414058,17.190752506393405,15.77476224966098,16.445704850529523,0.0,0.0,0.0,18.703879820534343,18.52266771605165,0.0,0.0,23.379475447690616,22.870363107555633,24.36345151420013,27.587710698448248,25.203514833078742,27.637010649985328,24.104876388236413,22.312152443010497,18.94176562069167,19.309881303774365,19.73815095896437,20.93685011633764,19.653037233192176,18.584274563443167,20.70249609361425,19.66434734893556,18.783067154014233,20.145481887417716,20.62702419174269,21.431411403927278,22.445966419228803,19.620866334044898,18.900499383319538,19.546852990357756,19.784494102483382,18.65663183667243,19.00221876430978,19.224742573551076,22.609677144575105,20.983483589477267,19.79148947621361,21.52964503388373,21.005728466554835,22.377722992065074
0.0,0.0,0.0,0.0,0.0,0.0,0.0,0.0,0.0,0.0,0.0,0.0,0.0,0.0,0.0,0.0,0.0,0.0,0.0,0.0,0.0,0.0,0.0,16.568904389114508,21.523406365208707,19.598563838513368,15.09506880563703,15.878282441943231,15.725385523432006,15.672170884738964,15.632865233817338,16.242234556439172,16.364872283148653,16.72759649695898,17.209697873944304,17.253857095774404,16.05787714425356,16.045427240506932,0.0,0.0,21.892157723512582,23.1098819016133,20.47218241901767,19.42544274485551,24.768783037806088,22.07730799284664,24.26013904903848,20.52535880142343,20.8775153254305,21.702902720655484,30.675531536670686,22.560555260099015,23.33261144042019,19.810130448989423,19.478681865521366,22.051710484765056,19.613513095973126,21.395243990996004,19.21678599471472,20.184235215025577,20.844349195951416,19.449566112333684,19.091766837127327,18.597147587450454,19.47659700577763,18.665968238093573,17.92249037610916,21.84498971349365,23.573762530164625,25.00122116683626,22.51888100923621,19.202690481074995,20.986361874531774,19.761612116007733,21.493395202153785,19.682172661188396,20.064451263640308,21.974661698460142,21.634879134671326
0.0,0.0,0.0,0.0,0.0,0.0,0.0,0.0,0.0,0.0,0.0,0.0,0.0,0.0,0.0,0.0,0.0,0.0,0.0,0.0,0.0,0.0,0.0,18.241110319888442,16.985235216069462,15.817858169428463,15.518543906251615,18.05438028898154,15.774750284303456,15.800717172853137,15.541604030913478,15.992547004281112,17.237450187339547,17.215006668680267,17.409289445136316,17.25129342301181,16.11078528131547,15.955037366252665,18.05684914949508,19.251745262602103,20.987075124139366,16.558593639532752,19.582731017266923,23.23536218932321,18.65393586851947,20.743894127298443,22.444030668865587,21.647726174608383,18.83073883316103,24.903241182105575,23.974763341913285,19.885361339442646,18.40090709534674,17.971528774931354,19.75386659628157,19.49939364760175,24.997606439669216,22.89651096320761,19.719249218682833,20.65144245705954,20.478979595992207,18.477762396166295,19.24034138924004,19.8741285652807,17.77751258484596,18.590257308981222,18.848537399225425,20.47767114185686,21.940021942633123,19.56729735944903,21.592363621905264,19.954473286041896,23.608182480217337,24.289417106396,21.13426330583227,20.421034554027298,24.677251898635436,22.234982094302712,25.75946033694997
0.0,0.0,0.0,0.0,0.0,0.0,0.0,0.0,0.0,0.0,0.0,0.0,0.0,0.0,0.0,0.0,0.0,0.0,15.042585582673018,14.139182845562114,0.0,14.862910448787368,19.29331579118891,17.356422726569754,15.134620730052008,15.090738954400067,15.982851737965394,18.679057612827386,15.630114167790483,15.41751857944799,15.469155887786957,15.829644135996782,16.703920895715374,15.653882679857919,16.42022730462903,15.390286498537503,15.863133234620289,15.12531692034943,18.68528520697376,20.769647577075784,0.0,23.656992147172733,31.79704849883901,20.19860674444426,22.880664877636313,24.67401610620868,21.557754852920393,19.341177959466073,19.158723282649987,19.02318507993099,19.007816466946103,18.65403564385925,23.59640346730817,19.49875134321784,18.536692669799677,18.904569946722706,22.181548133762007,23.189747690466632,25.472377189731027,20.8228678010639,20.688239787172037,18.306397261078594,17.953295865694685,18.966836349085646,17.583612901229298,22.05116121041848,20.073985824781012,20.577275922006447,23.345712308158742,21.365327583512933,20.36760622384048,18.812590977748737,19.5467418278336,22.79372581864135,23.366399338416578,22.116259800860423,21.788358841532872,23.102372123174916,27.56994083889059
0.0,0.0,0.0,0.0,0.0,0.0,0.0,0.0,0.0,0.0,0.0,0.0,0.0,0.0,0.0,0.0,0.0,14.622890066748187,15.686975672727122,15.622209336094109,14.187416393658031,17.853689409115727,15.035367159475715,15.008062385269902,14.802305237532877,15.28650520450303,15.937779044460452,19.74756608676529,16.988505872283845,16.438926879179252,15.248629840024496,15.491547083979615,15.89472286277584,17.493407575403296,15.419323015787857,15.595162188053902,15.41447707931378,14.619865145995107,0.0,0.0,0.0,0.0,26.428972770987823,20.211149364361045,18.645189594870658,21.62975629846111,17.828895480845574,18.116334355364664,18.516917083371347,19.518850773806893,19.094493348426724,18.1104458213137,18.815324755821727,18.904887319081602,19.410915686943735,26.013293105449954,20.315915187373527,19.690145123634608,19.370818377825504,23.346754797647826,19.126204751089737,20.02836508008153,19.89106102038653,19.720379613574334,17.745646666032677,18.979174793041654,20.05035086139101,19.587503885740194,19.441220414354124,20.409016621670126,21.10525548339095,23.792789411346128,25.341190438511294,24.145102200104233,22.987103291027232,28.244482045835724,25.547088923426138,27.849546182007845,27.035402472786835
0.0,0.0,0.0,0.0,0.0,0.0,0.0,0.0,0.0,0.0,0.0,0.0,0.0,0.0,0.0,0.0,0.0,16.7826481987985,15.780573899064342,15.097716642732056,14.655233152028067,14.206585754356096,13.718637375898492,14.506817461258585,14.862710213468038,17.243756313990254,23.730229799334886,16.507986825603133,15.732093989319214,15.228148323793505,15.215009434461654,15.374569974021558,15.975280610953178,15.186804463670871,15.221117289657405,15.324705042054237,14.617201874088124,13.903180814557322,14.431374731072019,0.0,0.0,0.0,32.44003036868918,21.35625594953813,18.677181557100525,20.844148049267055,17.208999620096094,21.993791963401613,19.936127219810835,19.2537230822408,19.607200592593134,23.393376715369566,19.013506388729223,22.048604067004305,21.803983510749887,20.978956042593637,20.85052750879483,19.86534189525895,19.000400443012193,18.728519422699804,19.80995787279592,22.87162857907544,20.030966840923526,19.482368768401763,18.516328799846008,20.265740793289737,21.160289160340476,20.10485287018974,20.0002269625312,22.813697535571407,20.489334834772798,22.36705049670258,21.660119151339003,24.3759295954288,29.71009801101222,25.74566848210116,28.617995252529887,28.36283299031203,24.80776699055526
0.0,0.0,0.0,0.0,0.0,0.0,0.0,0.0,0.0,0.0,0.0,0.0,0.0,0.0,0.0,0.0,0.0,18.131387017925185,15.619232538963242,13.955766914246345,15.72899048150585,15.888011633750853,18.312273660563655,15.197424745644305,18.424246060103737,20.29832149924325,18.043931066218754,16.39118093977056,15.153033605593107,14.846427020853369,15.07442646088305,15.583181422577592,15.834255336782467,16.230619596678775,16.030330936941375,14.75971484034285,14.090822109463438,13.800660508661226,14.511925984647156,0.0,0.0,0.0,21.601599275070278,21.53149831278111,19.778714914882016,18.517703554273783,23.05171110504199,19.10238948083053,20.228522001477117,21.333809366263417,21.03094874507407,27.99290148199863,23.25901527415793,23.025676907989222,23.339119294296175,20.634286063343374,23.831568250570932,19.539873571473137,18.542499693750152,22.630264200436187,18.998849938602202,20.704800581678455,24.188147053745105,21.934908762715267,21.171610032186287,19.346863421216142,20.0503529590881,19.59157355724985,22.195664533907944,21.181293682642238,20.469379955561287,26.72671578412868,21.982217005606195,23.57047993938727,26.48782521224477,26.120932129921385,26.882031080592427,24.646678571650746,23.101439079643548
0.0,0.0,0.0,0.0,0.0,0.0,0.0,0.0,0.0,0.0,0.0,0.0,0.0,0.0,0.0,0.0,0.0,16.60619877338373,15.469993015759446,14.864786289991462,14.844280097888166,16.083234020553125,15.34217145956018,14.756355776155404,17.82841752474947,15.94601862518009,16.40250505103333,15.419618515687777,14.473157604846797,14.328568803230077,15.665268635985964,15.668487194229064,16.702707348655636,16.971738864944243,16.213490087801127,14.105211741099556,13.723349896125743,14.002909536693442,0.0,0.0,0.0,0.0,23.7476051383154,22.486806505900958,19.75838726855472,20.178259590461614,18.464641205354127,21.35781658092322,21.75525684353186,20.27341642852534,22.800830312344125,24.688557313914437,19.799843469594105,21.725027162618005,20.670664663591356,21.901756209999416,21.15580150268603,19.79840737327367,20.360555219812724,22.618577078867855,20.298712378777957,20.06181672264294,21.898653605998728,21.278036580465052,20.028909768893346,19.428857902935246,19.35315312032931,19.244694338379933,20.605596447339504,20.69190473049148,22.33170997628398,20.88661926907044,23.596246880318425,22.953935674882544,23.063877150589725,26.89004071941845,24.62675632278621,22.62486748630065,22.37311337459486
0.0,0.0,0.0,0.0,0.0,0.0,0.0,0.0,0.0,0.0,0.0,0.0,0.0,0.0,0.0,0.0,0.0,15.203238501498856,16.58634247605693,15.128763209382107,16.157625215874397,14.299402322832872,14.32422503138898,14.123136889419534,14.13655895265665,15.291013755194948,14.99983881027347,14.751046254608212,14.097529899807183,14.404354790798267,14.55277023874068,15.492222252208517,16.356441312686606,15.576733623212057,14.812536403563158,14.262806008941048,13.81160382708506,14.084542631867631,0.0,0.0,0.0,23.855492625656538,26.90362015185606,22.997447784958354,19.886859283994024,23.607438474592904,24.209477744183502,21.241833847826364,22.489725173490903,27.135006146797437,25.05798890041313,21.40348311001226,20.298252091247228,22.61023239939125,26.000297757084752,21.61401309340602,21.249023474218646,24.755307713518953,21.36866213742919,20.30672995589726,20.865540739975202,21.350542024747583,19.831913338490505,19.125363755733986,21.344904496014355,20.144309411671955,21.321659963513696,18.456310667044814,18.52631066704481,20.050487543921413,21.487482227487877,22.537896187536674,26.138534056750572,22.210218346288634,23.164258278826026,23.378611935581365,23.718312291201375,23.830817277905492,24.76128799183705
0.0,0.0,0.0,0.0,0.0,0.0,0.0,0.0,0.0,0.0,0.0,0.0,0.0,0.0,0.0,0.0,0.0,15.319098007343804,14.848393560504276,15.59895213775669,14.966465279447114,13.459149058622716,13.825615382616034,13.936222884494766,14.036473349364632,14.298267183877327,14.320380026235995,14.307913448687895,14.342361686964338,14.662521318505569,16.0969521595129,16.809588670856083,16.451618015439827,15.460985104844447,14.422179404216992,14.169818613769973,14.143906387176147,0.0,0.0,0.0,22.057269208533857,16.246167366762712,20.384334793702763,19.264377543660874,23.562592169604372,23.09078943510214,22.39230669815101,23.891137764314898,22.95845468247284,20.11376256134634,25.985134050842216,24.77730440484561,22.58403641603713,25.996512160591827,22.08296764876612,21.627515704435893,22.22525684353186,20.735358368735508,21.48107026012581,22.300147807309518,20.689533324567567,21.23357114661235,20.157492349244045,19.461924551442806,19.198429393885437,18.420656843610125,18.46288726513474,18.397347476618616,20.106852681986208,19.483360964515178,20.43272989023482,20.232508424031526,20.035559493135036,21.664269663017123,27.410069713075014,24.482724376250566,28.14854180154261,30.999682972170646,31.520777683361104
0.0,0.0,0.0,0.0,0.0,0.0,0.0,0.0,0.0,0.0,0.0,0.0,0.0,0.0,0.0,0.0,0.0,14.472221067426611,15.276894651352043,15.705557842880596,14.777622083295135,13.235938287074358,13.892054505287513,13.437021958156047,13.636561593144249,13.711686078850313,14.062266515084797,14.12182687347889,14.12206225649564,14.672521318505568,15.395467826873901,15.031737149568801,15.410127745061136,14.437021440014444,14.580985350239098,14.598288309541761,0.0,0.0,0.0,0.0,0.0,19.358294001852713,22.801729058995505,19.92410893780923,22.11975599328533,24.9222051806206,21.30798721976004,23.470139976975236,26.15045086660541,24.954760704562467,20.715546015898262,25.46874440435883,21.98777469183087,20.902648198798502,19.64822977999765,20.55889930323012,20.062950183058433,19.873736360497524,20.20030423499837,19.5546773701588,19.77322542847059,19.959199327266766,19.039905455901778,19.366896019008664,18.698694642590517,18.40151978992808,18.61361398344456,19.10152253941864,19.511848203718195,19.886434081115716,19.430037922505086,20.09316148034539,20.182814325782438,25.40024157050803,22.251826886489788,22.833188167032816,23.090964262827086,26.6525314338721,24.113769560397365
0.0,0.0,0.0,0.0,0.0,0.0,0.0,0.0,0.0,0.0,0.0,0.0,0.0,0.0,0.0,0.0,0.0,15.342882962012713,13.872311316647654,14.471122681451831,14.644579905773035,13.313996050451259,13.102382223637488,12.943564065956853,12.896658984551149,13.617872238565615,13.772752213601574,14.127721617416595,14.488497626565477,13.879145189031622,14.1221212431939,14.712806900065495,0.0,13.446649091913512,0.0,0.0,0.0,0.0,0.0,0.0,19.013160870542485,21.9246803357605,19.14790338662564,22.21051977565746,24.493420389530442,37.150000018654836,30.083273657476838,22.638389290005847,24.69232797760195,20.369894016279513,20.348248656409993,21.509524366933025,19.585603766664374,20.465831347102625,23.436037793784404,20.295458396925387,20.332038759158586,20.865003085933527,19.778561639841026,19.387704233018734,19.36968486054035,18.82379931142973,19.029708006780048,19.53292421275133,20.57559745996278,19.12450376872716,19.716268004800522,19.625527768290734,21.22037098793644,19.783252920079523,19.864103822448563,19.924598143433435,21.0228037460108,21.14714607191989,21.56405457344287,26.764253643653575,23.84627705829108,23.590783950314837,23.182737490656194
0.0,0.0,0.0,0.0,0.0,0.0,0.0,0.0,0.0,0.0,0.0,0.0,0.0,0.0,0.0,0.0,0.0,0.0,13.758637143900911,17.013790785237106,13.75444938258746,13.238146701978069,12.79663997414529,12.882280838889105,12.85071001276691,13.088943529644386,13.722973061661014,13.569637485989045,14.144354105003153,13.971371650865036,13.665886829091162,0.0,0.0,0.0,0.0,0.0,0.0,0.0,0.0,0.0,21.590161576181774,19.237096422797002,19.509249218682832,23.20051074423749,33.03298854910348,31.4434716508301,26.759526390563458,21.96747646525161,22.578710173730496,19.63860192123464,21.130958761523903,19.25962188077738,20.498487163484928,22.264732853756847,19.150149917147708,19.219682014922775,19.84110104968502,19.491989873507432,22.377587818588626,19.078795740953986,21.55270368755032,19.294047110752395,19.268795740953983,19.405761039678232,20.712105379995023,19.62878066539279,22.62838522152527,20.57469633571164,19.96763327638166,20.36855610006954,20.80752620762109,20.865105576098443,20.09697470890495,24.974527581934012,20.10902357556474,23.812943713787675,24.699151150394833,21.33602139426732,21.344086132723703
0.0,0.0,0.0,0.0,0.0,0.0,0.0,0.0,0.0,0.0,0.0,0.0,0.0,0.0,0.0,0.0,0.0,16.31384282065382,16.902923332845106,13.794615127450424,13.383996050451255,13.136606472736744,12.715853490579804,12.644870193573379,12.82907267895401,12.770379439882074,13.489984779528559,13.573290446394855,14.091471094929094,13.791465805586208,13.028034408754893,0.0,0.0,0.0,0.0,0.0,0.0,0.0,0.0,0.0,21.127097656632586,20.084930766220992,22.574313624026118,23.42395798117606,25.367776753981836,22.241427813871358,21.823308417228972,21.307297559535805,23.05455766616251,23.444529860253837,20.23380223197417,21.017427461986983,21.028818363710236,19.235069546186836,19.648454185521604,19.748793640302676,20.057741685233502,19.873040968918797,18.751858886223232,18.710902296642452,19.137061296867106,19.24794403086028,19.4317803467619,19.727479683803075,19.43759540903995,21.591373140903187,21.85871010403129,21.052492561006677,20.677744911288976,19.935022893052274,20.283980652889227,19.707819068886547,19.646308812242957,20.313206202709516,21.41054088543651,22.216687726329855,20.88869572386583,24.89386551849785,20.046584183515737
0.0,0.0,0.0,0.0,0.0,0.0,0.0,0.0,0.0,0.0,0.0,0.0,0.0,0.0,0.0,0.0,0.0,13.193151015015182,12.979390645320436,13.322276613910542,12.757371840409768,13.08883508259679,12.696244403427908,13.3270863846854,0.0,0.0,0.0,0.0,0.0,0.0,0.0,0.0,0.0,0.0,0.0,0.0,0.0,0.0,0.0,0.0,27.14735677676385,19.99836826954173,22.606702060606352,28.14441660373895,21.37181523821913,19.79960713079113,20.671058028881685,19.813935868519472,21.897483006698934,20.039945438351022,19.943990321633688,19.958665788542653,19.96021181294467,19.465382449086405,21.492848349002067,21.111313876984223,19.66236580506842,20.027137638736658,18.57184810348655,18.761117676282034,20.207517940558372,19.599025538027508,19.024892942205916,22.863495747012493,19.790677980197387,20.46740948953782,21.313448137061787,20.53542461161815,20.483451343117636,20.432668605916003,20.585425175171146,20.12588762237591,20.611630277295205,20.67299403068878,20.976366422313838,21.297200592593132,20.768192712406638,21.460324082648533,21.864150817594357
0.0,0.0,0.0,0.0,0.0,0.0,0.0,0.0,0.0,0.0,0.0,0.0,0.0,0.0,0.0,0.0,13.665390935117046,12.278403417000142,12.466114777684183,12.547703868129744,12.769076123598053,12.77260994628298,13.184104990160783,0.0,0.0,0.0,0.0,0.0,0.0,0.0,0.0,0.0,0.0,0.0,0.0,0.0,26.280211782405644,19.297959212516492,20.499912499462432,19.691891963847937,21.812400868403518,20.170066459321376,22.167608871495187,22.76665771893855,22.266848818222282,22.874102289902396,20.440254692962554,19.1010697701509,19.540994596684452,18.439147333209693,18.312959987151984,18.75197990146146,19.594617372862526,19.193165969789398,19.614296776894818,19.41483165499458,19.32936636184231,18.290269912973656,20.134722456434336,20.45893610037741,19.680123653306303,19.312558552878734,18.849438519507373,19.691722464763732,20.44374243794016,19.91484293205867,20.242147772161523,20.187369968210334,23.09721344006233,20.550597570796604,20.540818683001284,20.357503885740194,20.605425175171145,27.635357444467346,21.780708392269688,24.23015064566888,23.159822053799964,25.493464827944226,23.178406687516237
0.0,0.0,0.0,0.0,0.0,0.0,0.0,0.0,0.0,33.80979958725763,0.0,0.0,0.0,0.0,0.0,0.0,15.331438602308719,12.306675209826608,12.578542911463199,13.412088644056514,13.424120635510699,0.0,0.0,0.0,0.0,0.0,0.0,0.0,0.0,0.0,0.0,0.0,19.36553580636829,18.839922834341838,18.235911112493262,19.58324301302798,19.692056695372898,22.531810471111314,25.07139375667731,20.730897695885965,21.97863789098281,24.173048483389415,20.508948374433217,22.67525127371516,19.84050787075178,18.995991978033054,18.77135723879291,19.732437315693083,18.97157249849854,18.675913152473235,18.610960818150865,18.866032319572057,18.738355375284346,18.80983752297774,19.33984082599213,19.633934657371796,19.890804999834486,20.07303038317132,19.995078123708904,19.064054977139016,19.25095558605992,19.23555846934126,22.952633089756873,21.734124161856148,20.211319793554445,20.20396865537795,20.52450404000534,20.88076202087847,20.467721587408533,20.482911217006027,20.303733493754834,19.781860746772615,22.764990451619198,21.234483979448083,23.166226592941655,28.518043702089585,32.54418812487747,25.517894591788632,24.611827624065462
0.0,0.0,0.0,0.0,0.0,0.0,0.0,61.13805609331828,57.882772667664895,77.36486641136621,0.0,0.0,0.0,0.0,0.0,0.0,20.647563127884474,13.537517335387053,12.695437756521258,14.607172365674902,0.0,0.0,0.0,0.0,0.0,0.0,0.0,0.0,18.7593349309687,0.0,0.0,20.475740467550377,19.104149512378164,21.820708025035657,18.175452987676863,19.287858551687556,20.113119151098225,21.564358803455825,26.741794906270638,22.05215230121093,20.569378804781046,20.55710334578038,20.01704959933379,21.130087597312546,19.497767371777908,19.369346728107118,18.909438051648266,19.406701096076464,18.988518358187292,20.231947415422137,18.796363250968497,19.91292517757015,19.163023922792448,19.540051796693632,19.8657962960896,19.64975277629356,19.761850631631894,19.55729276560881,19.59270469504291,20.44474492744953,20.01543709852342,19.08546968915856,19.559128570988833,21.041374186284916,20.525947500169266,20.25592348814132,20.351863353607882,20.412852097173854,20.475424422137305,20.299407802711748,20.580489073192084,21.410962202942706,22.12893684936231,23.011247046826796,23.754180391018693,24.904325634161346,27.36136332723872,27.103890291995526,23.451583123712005
0.0,0.0,0.0,0.0,0.0,0.0,0.0,298.47304389844146,90.64355176373198,138.94565456002724,54.054223994396416,0.0,0.0,0.0,0.0,23.670666367233814,19.694106583534232,0.0,0.0,0.0,0.0,0.0,0.0,0.0,0.0,0.0,0.0,18.921601074356072,19.159862071540054,20.780839374751164,19.748752642623636,24.288054542611217,21.73167001832722,19.99292805239507,19.42979134824148,19.70172022586197,20.016921606474533,20.406436765297133,21.776553526484424,21.181751659023316,20.181434541015367,20.396543252934205,23.283379877999742,19.863555366760448,19.43481778672075,18.94765158167897,21.374145549148388,19.099171929135416,19.04765516112084,19.798478493448012,19.404572309660335,18.495044495687903,19.317380084842906,19.42975277629356,19.883978977518186,19.794521252750087,20.175620812664256,20.023425705670327,19.86809355499615,21.6346518371124,19.859044625230773,20.306584594541494,20.556169486659062,21.91022121818756,20.930929301399786,21.038927437118147,20.892820340649013,21.325546141650136,20.29345134311764,20.659068694686937,22.55584063491695,23.895712308158743,25.98598220812614,27.75102802593878,25.277432900794956,23.78609228156194,27.803362042946453,23.54323049315959,22.846922284430626
0.0,0.0,0.0,0.0,0.0,0.0,0.0,81.49244510507903,70.231526523685,61.06139504898955,27.355494856479858,19.493814271712175,19.60327519304025,23.25018131226509,26.332898666208223,38.265317248147866,0.0,0.0,0.0,0.0,0.0,0.0,22.462682215019527,20.719296413301397,0.0,18.877349519356166,22.04990506221026,20.063251158714607,19.932212447545282,19.894973533555874,19.497263685544585,20.465888939235544,20.32602648343881,21.038892137274367,21.393589574012616,19.591502562955334,20.0271092238315,20.462724184814554,20.407574317545315,23.597990514440674,20.935413368868403,19.921694486867995,20.439308588572274,18.642440923176995,19.144782795587755,18.792941791227136,19.342717923188975,18.564806624013276,18.846476453659257,20.078712378777958,19.208066196934027,18.505913152473237,19.82318720931108,20.478279448943205,21.02520533305851,20.11235693954347,20.241119154567272,21.60086375288095,20.471310737518273,19.70290730823793,20.29570282646948,21.094442136733115,20.7154093920908,20.68872027487795,22.648392129207018,21.088996604307752,23.93223500585874,23.961739994067205,21.30380211587521,22.21944952832428,22.002306917749138,21.694274671175556,23.951386916634675,25.009572500614127,25.91397416354002,25.265538917724655,26.36663216815686,25.36528106246289,22.266750222513487
0.0,0.0,0.0,0.0,0.0,0.0,52.83334242334102,56.83967067409426,48.24650506531388,34.58843334724091,20.72006400006724,27.89315439035706,20.95358099083652,21.059783004924853,27.906080123072364,27.53536627716411,48.562212003960305,29.61410662260856,24.873253789067764,0.0,0.0,0.0,22.281249720969107,18.710379619573654,18.19045961998019,22.141596326163178,20.692619566688613,20.571222137332263,20.66536351103849,20.065166561980565,21.341285659859846,21.88639225401183,20.351211059755247,21.992735050207457,20.152871441844102,19.47774689346167,21.366401079840756,21.184479359302557,20.730073794479182,21.856647874496034,20.54465862378482,24.107730547216207,21.023330932981846,20.305249252745373,19.915614063465824,19.01150272537325,19.168311955716607,18.508891245296432,18.561893427369206,18.42558258771217,18.262264344429298,19.352642935877316,20.8736275177211,20.934789930650737,20.93615431822222,20.686566827355826,20.250191547759695,20.729860891767046,19.810487740393388,20.166297991385193,20.139080317942767,21.213682949744275,21.985045125075608,22.518274045825137,25.53210163049242,21.904051632144846,20.93986935143025,20.962503900269482,20.82650135169196,21.53561478892934,21.272196477974973,21.52157154731206,22.91241499353902,20.641494845282583,22.112807688941736,22.153228796170108,21.94309656520386,21.300094811398562,21.67079849841508
0.0,0.0,0.0,0.0,0.0,0.0,58.12864476457748,33.76282082445697,27.461071559624635,27.237368363475213,22.0914576904532,20.864057467913618,18.263293133512317,21.06779361434654,23.590747324987586,26.325303186074297,21.886387504657954,22.007168346144553,22.567835805734283,0.0,0.0,0.0,20.387531650935756,21.266315660454573,20.281222137332264,19.8490365349168,19.61158098758783,20.580071453716137,19.645462752779675,19.64650946574858,20.901977108231304,19.371126561221516,20.909101679399917,20.228899303230122,20.083614747325402,19.871219613270423,19.733008085721522,22.050919964435607,20.38734780801962,20.27034593819799,20.32515298187292,20.499022294102797,19.16576877745027,18.822273113711773,19.515463023570856,19.145395420169315,18.99714825537982,19.1515601879399,18.735577522064716,18.5464933397028,20.43563137604895,19.688884775728752,21.371091415658356,19.884178386861766,19.720838818209998,19.81046610056056,20.286319549010535,21.054634735753474,21.828256353050143,21.97998228659849,20.430999231373928,21.37428168104895,21.571921660100898,23.746046486839973,21.9309587580698,23.090383612921816,22.978828239929243,23.551323125614303,22.748617331081107,22.66370844983922,21.673501044316744,22.174793169532183,21.39359701876442,20.858088961235143,20.597209873910508,21.635761933043177,20.82091800988845,19.26756941611323,19.265807839730826
0.0,0.0,0.0,0.0,0.0,0.0,26.493409305322324,37.9837716173017,31.403224892787478,21.51689340017365,22.12368554379666,22.701990072297335,20.681361093163233,22.276387809833736,19.57234168628356,21.83708550534014,25.4853108240305,19.364479696187217,0.0,0.0,0.0,19.606582032032847,20.351176371739193,20.167883231713915,19.420205923588618,20.951977413407086,21.53470383496484,22.309177539097398,20.451374389394854,21.944840917289795,20.990597329050452,27.771360751483442,23.889428521151135,19.76157270002568,19.652358829440786,18.382787085723322,19.2486368757316,20.266430215985203,21.050776827516362,19.623020035480756,19.84366307252143,18.928798578474897,22.336642383124968,18.836865364548224,19.45961241819782,18.81930123650188,18.87863305849676,18.396908290675047,18.221099844095477,19.919692986776475,19.476885643635935,19.77564114488928,19.26559386899577,21.138653144425163,19.865166356196983,21.65021683483644,21.05046509600729,22.10213092993247,22.495292012458073,21.46719557077723,21.96892959289332,22.493826212149344,23.02285245948518,21.481026636908105,24.365270810675668,24.762367384219964,24.542480339551787,24.316695441184336,25.42446157406419,21.451252191830736,21.0919891533931,21.063059159962954,22.196786590021805,21.151482110509427,21.983766402597592,20.696916439844205,20.197054633475855,21.100105676020778,19.47943740067185
0.0,0.0,0.0,0.0,0.0,0.0,25.580948849451385,18.278206582797317,17.70311370392267,18.6466819904426,22.050168787623292,27.55085843786452,19.981798898224483,20.080843052685594,20.11264139705807,20.38608249090904,20.23547444187225,25.138414298971036,18.67942733109918,20.965109716157933,24.22431931146052,23.737004136783042,21.561918398049727,18.33087319125548,19.203824519880925,18.63888477572875,21.23383485768995,20.375867499486198,20.133337695531278,21.825872086708042,19.998910590398246,20.147025941569066,22.089682563724445,20.23182766313925,19.925098479053208,19.988453921296262,19.52673429175701,20.076319549010535,19.695627405596333,23.541100137830323,20.582822548493496,20.04291963892396,18.876307519146813,19.11244779866877,18.670759962673607,18.41991185870038,20.90544878523562,20.16646944668219,18.680221022866792,20.260314773495814,18.70129329344433,21.578095262578422,19.16338700439185,20.511301554803303,20.9577577654818,21.05763286654687,21.66547635450397,21.273519347175483,21.178974003344493,21.068192513393868,23.355470858311534,23.080918014045054,22.657390641521307,22.26525684353186,23.67091654889706,23.44415927388784,23.269812623167383,23.794619257584415,23.02368116337798,21.167641458673433,21.197641458673434,20.96041646740875,22.658961705353196,20.375051569037222,21.258038412084524,21.10269267278151,19.908403630886575,19.293241797577178,17.947312586364877
0.0,0.0,0.0,0.0,0.0,20.80191651656348,21.112729758305488,20.253799805149924,18.090481627410966,18.32765911794509,21.386000563378616,27.86620045845923,20.606130368758578,19.810119121034326,19.025246625343264,21.001926903513944,20.875879760032603,18.185653153972293,18.248622096987482,18.922153718158867,21.761215686296165,21.146296765389735,20.41262135537958,18.787061793954138,18.986997651908197,23.623881311238872,18.955051932601616,19.406471470362398,20.0741231461391,20.655881950593187,20.435817636578996,22.4059150936226,20.587827942124,20.811308337795946,19.58892640621252,21.243611395074964,20.252619299111124,20.320285527389025,19.284519812066254,19.654682556435162,19.30142859324156,19.396828747444108,18.66355738067666,19.679184618209845,24.27482003527245,23.189518535512818,23.30101812200913,19.684686100578894,21.42854594552998,19.0191052540103,18.681123447343303,19.216052014216988,19.237459848316323,20.247265376107574,23.084769626400956,20.334276917157382,19.655887334634777,21.134080174309904,19.94168583464137,19.158289263697725,21.466420462982306,23.264920458498743,21.911161417985596,21.659790768753535,21.20200909699316,21.908835706156168,21.35592246040266,20.497284383879208,27.887003792183187,23.116285656766372,22.5137067041988,19.963234189370787,19.871471041057696,20.036144281032865,20.852442013398026,19.66307519688621,19.20199057925044,19.114713449577184,20.217132367816998
0.0,0.0,0.0,0.0,22.129548733325088,20.365111515788477,19.692200346012374,17.381495320607694,17.218473371411942,20.808312363157537,17.746172611051485,20.040692088162047,19.959846866263725,19.48139064408924,22.446467228997086,22.495797146521276,20.597678919729297,21.577116125523183,21.52736556217146,22.238564799831593,20.883018349614197,20.004688134159302,19.870668666417195,21.959319755401676,19.075922029610233,20.127933331241113,20.602212447545284,19.889321751378187,20.605045723679375,20.496549015205407,20.852573025543595,19.499218770305244,19.87210582829825,21.436146920693623,20.235883302264675,21.97620508920094,24.754676224541285,22.664667004996808,20.101880794044174,19.235585072144918,19.805884134323996,18.576022445085723,18.69811160599814,19.896297725499743,20.139100176174296,20.580671344754837,22.4990741878175,19.168614452091155,19.390370399167587,20.325167224840094,19.28376325649476,19.574500079069743,21.044561375094094,21.367351437850964,22.650045533823793,22.45558491543202,20.40659024017249,19.766576404096934,19.7456119554222,20.620606214659375,20.542902010431533,23.004611418368007,21.22381961830217,21.435320698176053,19.966862433759154,21.687831393480565,21.88519524955766,22.04061941983516,20.368891519918513,21.065636139710602,21.100421866552548,22.238932476974167,22.140680043393246,24.727886549827623,23.684145154919683,18.861336919941603,19.09258215427859,22.844779882835482,20.56424344452601
0.0,0.0,16.50380071797257,20.980095313802984,23.354527259770624,22.25882428131694,19.502516942792838,19.5512086255616,18.269776144069333,18.536471532012087,18.719023329111675,19.92707927909916,21.910267667674127,19.328373397805553,18.451816672121776,22.540603731061925,20.72113446460766,20.259023329111677,19.907173728453508,22.19902822426861,19.50781838977205,19.777416111512665,20.052285582059636,21.85370553417028,18.5641630910897,20.60182755161499,18.676667308593935,18.63136607529932,23.00723681472546,21.824723622822574,20.202552441335996,20.08162850925978,20.54384998646634,20.45678082560001,21.55931401643509,22.526386899528962,20.30734780801962,19.950962156517473,19.173359210772887,18.985704816506008,19.695102500782916,19.48565245129817,19.235923149774848,18.571720373495385,20.066953672326022,19.001854425190952,20.66046509600729,20.221134419617375,19.225882803478118,18.88114468696905,19.32961241819782,19.702054151677302,21.36700383439331,19.51444371408083,20.426607319121977,20.456007582049956,19.463650301042232,20.91680665269207,20.145051932601614,20.25650135169196,20.845932540498257,23.76018127937114,22.474347818073433,23.10461141836801,21.541529913059854,21.611701264256254,21.126099126255184,21.21689917198774,20.66296509581654,21.02644555085788,20.477787116055907,20.87155459624919,21.585171124950335,19.099259884141937,19.73663975748782,20.226503303125405,19.634961172819995,19.227093222395073,21.069529779104048
0.0,0.0,0.0,20.02354150033969,26.820211782405647,25.05706183056415,21.82465049334491,19.769207388447875,19.78370553417028,19.696180729638357,18.81918644744553,25.410544149384847,17.548121873399015,22.420067848776355,17.899887375200393,17.30349797128708,19.607662100334863,20.51815109371693,22.01653873935451,19.8784400522722,20.354404140246913,20.819451725755712,20.337765526448027,20.895800278448377,19.422593326085277,19.03315235212396,18.92689601834462,19.26474492744953,21.48622927607204,21.418799827769895,21.28874762243327,20.258146084495888,21.20317336132512,20.948263565893708,20.806215150470507,19.85708693691239,20.721580987587828,20.852755318334275,19.04724190339133,18.983135357978192,19.165057736841753,19.151632882380103,19.851310737518272,19.908852375935183,19.241882877326262,19.727643898670433,19.352797613428912,19.973126609448013,19.044221533480986,19.252453233805483,18.999788189969333,18.785800280014094,24.72775917495121,20.080857839332438,20.02326538304998,20.107109223831497,20.241423103420892,20.712360434662457,20.609993982094792,21.530388960182943,21.062130945264823,20.822807976868575,20.922249896261242,21.40590657420771,21.565126572634174,21.262122877676248,20.551909088520347,21.20436193368858,21.367576625776763,20.52430712449008,20.831730709430296,20.10677214265718,21.025440464405776,19.931696974888066,19.794088503828192,20.526632535096734,19.84365604375423,19.575896631042287,20.438946619014846
0.0,0.0,18.920176241196728,19.0391862412555,24.090262041172835,22.056154419697094,22.040479086511514,20.77040800057325,18.861957868222426,19.556037278967672,24.515990810604983,20.993845103736735,19.327027718366026,19.961040317146516,22.000510208540284,19.47560898849336,19.79841565545451,21.599582354562337,20.21034810862968,20.640972784312765,22.44820992449939,20.43418292944309,20.058618551903887,21.720828412162415,20.0220566953729,20.280393821569806,19.39474492744953,19.61413727873422,19.4873280427465,19.79951168492805,20.0562696642177,20.476837077865902,18.929664362146788,20.029610507746355,19.72819868880941,19.024163091089697,19.789616585039486,18.854283980543613,18.525911381327568,18.735390839173956,19.190378393222915,18.37017933774522,19.428432471585026,19.673940850355002,18.648204530206215,21.002826480898555,20.423109775067196,19.603529467062128,19.038817179811875,19.146857633550063,20.831019185934085,22.79817778135591,20.52398528160078,19.70594005413637,18.984503540011985,19.180160112157854,20.318483184925682,20.683178658402955,20.720464826517336,23.00771591936561,20.184377543660876,20.129292490643753,21.253231305747846,22.44930618375336,21.383020833366615,21.293228796170105,21.307951174225877,20.702227443324,22.173070363310927,21.832779665547104,20.88910207893212,20.262991296473007,19.689468189298207,21.120608824948363,19.091656191334103,19.698975463882384,20.106558947488974,20.01614385427546,20.425222696929293
0.0,42.005294427844575,18.951553050504412,18.01368826530203,19.384790526114855,20.965766177640944,19.76428957914871,19.275545044163685,18.778450675263016,18.363646167383127,19.001914062307073,22.66990513986006,20.60929971996589,18.365000272239996,22.075860710723692,18.107342367074164,20.904941297348977,19.3916205634654,21.3653577454758,19.43209887435749,20.531030735075596,20.37576347381919,20.047747046860813,20.205653153972293,20.932947265593974,19.775463057955456,19.812047823344606,19.31541173718821,19.344632310046464,19.447202615068246,19.64642294004887,20.438663967951204,20.29734780801962,20.458596089048008,19.41318720931108,18.913051066758523,19.22481120172557,18.717949708790194,18.663784151871713,18.71489823301404,18.97935085725926,19.493618253980713,19.722593326085274,19.08155530836863,20.326408756503813,20.258023078032025,19.15505393925658,19.332136688570984,19.896031777990288,20.21439677489866,19.048067692847734,20.918036580465053,19.578898438062154,18.883017654223153,18.845246642937774,18.881573516289517,19.117780898731272,20.822009096993156,19.89493625763185,19.93401283372193,21.26504335112957,21.713603464968294,20.969665444583413,21.15619747621968,20.47805090682692,20.334519755583294,19.71976352694475,21.875541259008244,19.856155184437135,20.097871851628632,20.231041636863935,19.597397928780754,20.21177264815771,19.90421374974709,22.942962030977064,20.270249254145043,20.525493541761424,21.51083026445936,19.918196781066175
0.0,16.982576857222487,17.496190670386557,18.685770457709324,18.9300675403785,20.203173983685343,20.195155213042955,19.214155356162678,18.67252065593879,19.928858683984895,19.302538632004705,19.05593838841758,19.964628028295067,21.131552340413513,19.473999349950155,19.57802472296129,19.8596570220026,19.439058165170838,19.57660553991343,19.838449251067427,19.236412860827663,20.260441222537246,19.78591202666354,20.248938937137634,19.594153143308244,19.92912429776463,19.967595089595033,19.573107338031814,19.434059966471292,19.54060256228567,19.787211609208715,19.943587987313098,19.46640126792163,19.476776281805463,19.054196751230187,19.791509034477222,19.214967374927937,18.572292030628198,19.40713722439168,19.3522369164157,19.080459893062617,19.934540089820096,19.56603960863052,25.216858199359926,23.282489878543046,18.30556133321045,19.19808007510126,19.19588280347812,19.406439739261984,20.721717717996516,18.930503179921217,22.687533577840615,20.181423103420894,19.1243720424155,19.548501846555656,22.547941115374798,18.876773328271156,20.225819187364063,21.346006993381792,20.245915886375762,21.015671902758953,21.226401679815623,20.54485538745309,23.658978189325488,20.55252892983713,20.36419246923838,20.393861158158437,20.846983941809377,19.92127563222746,19.743659474691324,20.00593861402364,20.08177264815771,20.489407638974946,20.50165621917648,19.459956506028043,19.4414202075877,19.932862735515606,19.870830019481154,19.77067412455714
17.177383324136095,17.393229865669124,17.178450914183685,19.1337080872551,17.849181722656034,20.454424603458648,20.990047926403193,20.112238124092514,18.541928826397,18.818775984370376,19.178293331412135,18.81593838841758,19.129101152659484,19.116898369296752,19.715219966247574,20.295723350123158,20.69365768039065,20.20773235348696,19.3978088056808,18.34500764819673,19.203875986767983,20.104795483883166,20.386237727988796,20.049602728962093,20.180896248563094,20.01119382438567,20.082779200129757,19.940680072720966,19.48012321632416,19.52819695755346,19.94334018659057,18.989586526610033,19.66815855027148,18.913151698836213,18.996660774792264,19.34029318334732,19.243806415245405,17.92528485254679,19.382038759158583,19.2560337255864,20.229993982094793,19.22774689346167,19.850925219945708,19.74934031283373,18.969234265959578,18.226550571226458,19.485947640437224,19.209447817343673,23.602413119082453,24.001938135047215,19.093151698836213,19.552911217006027,19.53683695592949,19.453184774755208,19.857628314899813,20.23209749221667,20.145819187364065,20.62456818346018,21.458842509037904,21.343809612664252,21.04165337292406,22.221111035910468,20.812419124491754,22.070765016566337,20.389429462979695,21.166793828719065,20.191228059364494,20.369218492265354,19.819186924290605,20.180985017705662,19.92656158542132,20.07269941173852,21.39757662577676,21.130841999046716,20.579378503298187,20.751242726033464,22.144205429549196,19.611031892869313,19.730876676534944
17.924064033123546,15.93760448217375,16.755446199389677,17.710496913466265,16.877666742789813,17.46104435624344,18.77134566195922,19.188832333370776,18.591180325303853,18.23809025069211,18.59494819933056,18.650776308360413,17.949164352008815,18.571647364172744,21.142949844674483,19.873325113318444,19.549396644828576,19.23534673549893,19.312681189469565,20.372565808545943,21.48056487643599,19.81060641744942,20.651820518399337,20.448077663138584,19.997262071941563,20.02286989281446,19.89063496612832,20.21898221435137,19.65289741933088,19.049354427362665,19.50187827157329,19.38713139968369,19.913713850833332,19.06055809260854,19.238758874647843,19.225221482392847,19.775667924832323,19.193191512107248,18.982771547580754,19.235101240665852,19.39965721610115,19.80402839257512,20.438190221846742,19.05375502936194,17.83551600599774,18.81927187763462,19.823786617906148,19.663377763886363,19.8746922598447,19.284018876589055,19.21806201890873,19.045708297360132,19.417553943213747,21.739738001923996,22.2795484869582,21.89052665164244,19.89857711670654,20.2993623575928,20.901349798599345,20.38900218297271,20.453295283128302,21.053501044316747,20.06336805976721,20.76390622154805,20.658294001852713,20.905250913324423,19.467691924784006,19.67319438988404,19.515460338174314,19.809399076299318,19.620919500965933,19.827490102119263,19.754348938929358,19.35378537015179,21.085751701104037,18.388967825893797,20.327916332820696,20.349757207923584,18.524202994297642
19.09704310149821,18.527401349627247,18.263358316496372,18.430254715400118,18.84277986595102,19.702782033131463,17.781047631658293,19.746949774442285,18.253021945327113,18.932025433194518,18.66803365023856,19.387208674093312,21.593632113865752,20.524358803455822,19.137399627043916,19.371487570605158,18.39308627199484,18.38329804341246,20.108377663171535,20.912779865951016,18.904859422867563,18.659000110572254,18.404863834108774,18.43250214930422,19.50938008885045,20.262565808545943,20.13739977210519,20.113931091657474,20.085329085606823,19.850554914636945,19.66043930649347,19.74314342807476,19.00773934504861,19.062892293511574,19.5066181453939,19.381038974599115,18.603825142624263,18.733584366614192,19.644315648953526,19.454149255432338,19.145166356196977,19.95828666111652,18.686965219138415,17.828457593029047,22.42511276702693,19.801780757270635,20.027196731951623,19.31890976889335,19.182167359567156,19.844190539436358,19.45713840259453,22.743581898566955,23.854408698774,24.106468387849034,21.886411053123766,19.66645580645442,20.596231284500433,21.408560214339637,20.57328462002896,20.217950112042406,20.103125410519635,20.409945210039975,19.176172477436154,20.354486411146024,20.65350265621516,20.790794009433906,20.70151686437388,19.538282747119013,19.75665548624389,19.841751840216247,19.455993868777362,19.682638651905737,21.102211582955285,18.587536239677398,18.010698321698364,21.80830359633562,17.72014122661238,17.852242047879034,19.058688253304194
22.984497073856016,15.45719289249437,18.048916231139223,18.033776266628667,16.768573656788824,17.88307321434764,19.7157877023243,18.066273920917958,18.770032221879525,20.815841044502587,23.54524575370614,22.363692039886672,20.48059553713717,19.250976254697733,19.313163364881216,18.877631660252923,18.869967172209407,18.942809070293464,20.781820518399336,20.767662100334867,20.773276855245307,19.708323439980173,19.548323439980173,19.426888237918952,19.98946523002642,19.578908178277935,20.124885941466875,20.36951168492805,19.89664896688756,19.71453075346248,19.59361825398071,19.200997526386075,19.008803541194556,24.751708902306326,24.207994449841433,21.674629139462326,18.49765516112084,18.469670414618204,18.7945353839752,23.001815391131966,23.268101090955124,18.916454350804557,24.135081729933066,20.623701588180268,18.384499597103883,18.503223773148772,19.479619960593787,19.3080657272879,20.355539991370804,21.460964262827083,20.10355635899847,20.4620754198827,22.677001783501005,20.959037605376224,20.383840646140648,20.84035651328474,19.81168570174343,19.529984770736142,22.41653701166213,19.718679723716182,19.565424611618152,19.618176353988883,20.906209262784216,19.836188506907877,19.7336549835993,19.608069534923473,19.92145051293072,19.606267940463614,19.083490500601478,19.424493348426726,19.47724687473451,18.798977538834006,17.841814156412905,19.48277232765126,19.28699403392494,18.399581034237166,22.951127871232956,18.232028211512034,17.61765000653471
15.451651861006827,0.0,18.07973964454989,17.03329033558237,21.254887711151326,16.203347738501456,18.45733230086452,18.340768945144998,18.606803394474912,19.36840189424059,21.836972370175786,19.702955298925396,20.362054859169525,19.86928839412221,20.551266609460722,21.23325115871461,20.186640170952884,20.02587932597501,19.813009924792034,20.641820518399335,20.950982304949413,20.0181601632541,20.242184733800936,19.32938008885045,19.259518253941927,19.154731004388726,19.09654088966075,18.89619289675794,20.257568765550083,18.988162107659768,19.315727556083246,19.604038460137094,19.054377979269375,21.144776197188545,18.57484614744579,18.342426190715436,18.002091562103004,18.212196297474733,17.917116423790354,18.028532712769767,20.5316228478448,19.522862255729322,21.239747051073437,19.609873867452713,18.264452934375814,19.20873678415175,18.88459778507336,19.627387205562258,19.864727053243872,22.037774199265286,23.870525238257933,24.5150567981983,20.84035651328474,20.91035651328474,20.850356513284737,19.812428765787004,19.552922069772684,24.02390097059789,22.764734961684262,19.54752620762109,19.998393371292746,19.835596142163723,19.751450512930717,19.533913325889788,20.485539991370807,19.714523736636394,19.568673110334156,19.399186924290603,18.756625094476117,22.560903491255488,18.293265718927664,18.48763513936983,18.284336497870846,18.168612091951175,18.159599341896325,18.223150452436133,20.16038325675426,20.030580835763217,17.742245741242268
0.0,0.0,23.907795406179414,17.976897590782826,17.471078063855515,18.27998132520274,15.916963199672146,19.07501543182966,20.394329087085048,18.763284930997806,19.578946818610802,20.33192789964224,21.96215209945742,19.41495091118425,20.74062241867219,20.402725171224365,20.740133603395407,19.86627010289257,21.598916268202544,19.11851975436378,19.461038974599116,19.27000393667892,19.349960718678997,20.083554403398693,19.077746893461672,19.343919282915294,19.075530381127265,18.95719214727974,19.379869352014104,18.968488185686752,20.08229875351045,18.28811453374002,17.52285966990987,17.33345801396364,17.52375048472762,18.64441850837659,17.435095983275925,18.045281865268535,17.57282338098369,17.96644607233718,18.979117287142785,19.666788336411017,18.946457144043436,18.49391284517759,18.565502317420755,19.245066215411697,18.811989776106422,22.30715628644654,20.422041962813672,22.713908159558564,19.826873176194667,20.662022106767527,19.203036327486366,19.568060388792045,18.73853396370644,21.374629081546033,19.032529265140617,23.97634541683712,19.50876736130429,19.056894464336402,19.397138097418754,18.845061420709246,19.055689425811025,19.399113052269144,19.03203683267776,19.209028758357164,20.265275251104743,18.7742258020575,18.604286644199465,18.54370561958849,18.690961744357974,18.42165998250548,18.47982174870718,18.084807020850995,17.896153583722096,19.00136249731289,17.67403959928385,17.521688301701467,19.535608079816313
0.0,0.0,21.223441723496506,20.338797009964907,19.04998009935449,18.561632181406992,17.74079299485207,17.796049075562397,20.850803572478263,19.43818623143599,18.90451287481094,19.43122637944633,20.67005741615209,20.825744842764358,20.04168006024893,20.79489947964479,20.268035314501642,19.578839453398164,21.433760707936358,19.038347254636474,18.933887539113453,19.088639029830183,20.00900218297271,19.89369428002485,19.51589041831388,18.693521189384604,18.828028540203288,19.369769635698685,19.033196815213888,18.57656261427393,18.546562614273927,18.230136577518962,17.768388307921803,18.094061690258304,17.324337190247746,17.24924976870236,17.31907418974361,18.11405320305728,17.262057899851886,18.81239569045271,19.86567470393107,20.132381589023623,19.36199556931422,18.570530419886552,19.76347736628884,18.546855296708998,18.87516396510691,20.697324840957837,20.595675713689708,20.181498054573623,18.658044924310552,18.395865874811754,18.659918532696445,19.585380849154937,18.881982639088044,19.23979590467377,18.732331712973853,19.106309933583425,19.35555077325191,19.13390342971736,18.296651441731427,18.874656754753055,19.152980587426885,20.26079849841508,19.707999526297275,19.773477366288837,18.206320631885973,18.284786403104857,18.22463107204571,17.885594501799115,17.93951460470898,17.916412650653246,17.83188825109772,17.904011543663355,17.626147372908527,17.228301946993763,17.465302658273664,18.117839809340843,19.268786506923114
0.0,0.0,18.42371964493378,19.659474735654413,18.216174741573177,20.433553650587186,18.581164194741472,18.916042927127254,19.096893636354103,18.656594886711403,18.563775525527753,18.95594382040916,20.909466639165053,21.13293687883138,20.84011429430932,20.341509403159634,20.5224570678751,19.712247881196266,20.480205683049167,19.21104878192498,19.254604867242044,19.67985700320023,19.431981161007975,19.280465637076873,19.2339880677234,18.54160056396292,18.48712754922009,18.716879273097042,19.022567536620077,18.373361647409943,18.20611462722458,18.040614865491893,18.117133332620853,18.689276732627455,17.581663215277924,17.158083292800697,17.49170928616894,19.09198142493781,18.65092586260954,18.814630373671452,18.836020901890098,19.73479683584977,19.094940151090256,18.235462075475905,19.288914116854027,18.4759329403478,19.928630385545777,20.998976649064154,19.823461865012487,22.878360822294837,19.92567907211121,20.247976753371162,21.639854226835087,20.017752903893026,19.29435634291835,19.376366422313836,19.62926669683648,18.319093882307733,18.239409549015402,18.39592606815168,19.02606311126027,20.663698921905684,21.168752495739714,22.68546535973102,20.82639947002441,20.044720685515873,18.87961829420789,18.33213668488794,18.306670469976513,17.826412650653246,18.33419651274864,17.564341030158374,17.603670496006995,17.725005245329317,18.046527174590615,16.711556267551444,19.186180600091163,16.86487591423451,16.70571558231489
0.0,18.482020815119512,18.284475564210503,17.84239917482109,19.110095342341726,20.518373397805554,18.415103754972254,18.367139636787023,18.107576808200463,18.132271451136198,18.206779731580944,17.781104033607907,18.82674369591148,18.88634492986785,19.52833208081209,22.086634160399957,20.904798114645303,19.55220434801553,19.456480905422602,19.35120965960482,19.457221804414083,19.16057812744214,19.95007384137537,19.257181557100527,20.44196769587848,19.256401267921632,18.419393996838316,18.711425449841506,19.753842289157518,18.170631281892607,18.108328062447352,17.961036370637874,18.54868655245084,18.429359288664052,17.938300980599216,17.485305108994478,17.177580572711918,19.073527375255765,16.98984666234946,17.555867270936425,19.506416230063184,19.713078290999412,18.720250229078175,17.652491178160822,18.93066973114049,20.487212402264834,19.882174698480352,19.686942215417538,21.958312291201374,23.006926427245883,23.952300185040833,22.30318665943208,22.809090063282888,21.0527485122731,21.636326977906904,19.347292431018204,21.481862326946523,18.697543234567622,18.545416106851953,18.66740374861351,18.53345914876544,21.98256511330679,20.41385344937313,19.748346159321805,23.46733747201018,20.818189434295817,19.76009481139856,19.388158029160213,19.081477052517204,19.358786181025586,18.41153351148783,17.408701677508766,19.835704919540163,17.090725067425492,17.84084527566319,18.04644190541029,16.565929800655088,17.072746959665263,16.835859708121447
0.0,19.41508668658434,18.986911887261762,19.421650749401202,18.098501380691893,19.847182451466654,18.861129593802936,18.107362308710186,17.788336025055195,18.012223526291667,17.788474605995237,17.912545468636807,19.881636097788494,19.26603960863052,19.011097363215605,19.953554403398694,19.21750204529051,19.428470178948373,19.101133419289724,18.883966065216413,18.692196196242016,18.304662462495614,18.600901677079655,19.14800716800791,18.471856390885222,19.241812195936078,18.734662951415025,19.136965240392957,18.466836043909865,18.329285558183543,18.16285237630455,18.54884331187308,18.222940802107917,17.995270159441045,17.44358624136302,17.336093273335887,18.221200903205904,17.099534857582892,18.35513109028126,18.297731961274046,20.199858777805133,18.376183119832874,18.191473444784826,18.284271955003454,20.46511788163097,21.116027967364705,20.71433437162242,21.1834128572343,22.188549593362147,26.336729631784497,18.725411464464912,20.035315167772538,20.555568229913558,19.770727290012754,18.143073453977962,22.209875282931677,17.70193158515692,17.093158190638356,18.05536391136655,17.986235028597672,17.87375135341655,18.34952691688994,19.143485767669578,19.334186287016028,20.166862341775456,21.45350302284647,20.03479784781606,18.991575719777465,18.98862895143869,17.950344594380166,18.12008834407269,17.363614482480287,19.798248414903846,17.172787139050577,17.351038267014015,17.13446288374761,16.936784414725956,22.81058448399755,16.652845569243247
18.727911589579804,18.817115652927434,18.73924261866759,19.602980267523577,19.758459000235312,18.54785306578271,17.898152056645188,17.937134970342516,17.790494898129445,18.89008131921321,18.925289326226324,18.825482361695038,19.151950316658173,19.222327279545034,18.813149162392374,19.700183067124385,20.772272714745604,19.557434371933144,19.218157525661194,22.678387777073894,22.22573720768868,20.979043386289977,18.437873468358134,20.15984210508628,20.87645210392897,17.892885600345753,18.448765159255004,18.86689415916062,18.346757718819404,18.23972537780389,18.057177521605503,18.006997735365054,18.035279729548897,18.004786403104855,17.8131098002501,17.10428879576799,17.834662180752265,17.463680411297613,18.17445345443795,18.066998040540835,18.07914376527359,18.2777928585563,17.550204088494343,18.189857296851255,20.296485748884322,20.575431570355295,20.0497230932369,19.934387460351065,21.062943112824094,23.219751448437286,18.732242421989664,19.363759531003623,19.162249134109892,18.267015009550917,18.373780096759635,17.178823023484494,16.738245801054013,16.846746393815362,17.060632528606284,16.713465017988884,17.2020719827851,18.178097319397217,18.532846981233373,18.161620920021313,21.105388652520944,22.29313968104636,21.08331386048968,18.92944029750179,17.853033605593108,20.386558900727984,17.614443101415837,17.21300968423637,21.325984188304247,16.87920160319682,17.27633637795207,17.128637966694647,16.84810160165479,16.842889789314196,16.827037033458645
18.757660901182255,19.005989536376102,18.41382411638056,19.081174561932293,18.267370182922182,17.94053087153663,17.744508483834885,20.712686888125518,17.991468097500658,17.828827327549767,17.72256848808113,19.15740948953782,19.393063140092544,19.032771547580754,19.072469684835657,18.883212272781694,19.624141795698286,21.527007527251683,21.707824885043294,20.473620071976246,19.661575268573102,18.586752886620314,18.43967927830078,19.277367605598045,19.23141465856176,18.402367391610184,19.461227416076436,17.55124674197249,18.65387835461499,18.893327526742304,19.42740455734658,18.007197217142533,17.979351270141905,18.262328563287834,17.91805606560841,17.790917465796106,17.59166102891125,17.68176288910504,17.817095920826098,18.443465356366847,17.98101331010795,17.951822609038118,18.181303063606602,18.181155769262055,19.62989388938454,19.440378346709778,20.861115813008,19.579289445136318,19.89682647859725,19.249421303075188,18.375259267857274,17.67337203064824,17.576595223711514,17.728218699813056,17.851951897441268,16.817676634007103,16.851297620821274,16.69644243542935,17.25268427095188,16.175849731891965,16.39996164770437,17.297725677130554,19.131687511120262,18.77691449916143,17.08216666388069,17.93958013641686,18.10423677532895,17.518813648228022,18.99116252842215,18.283240890809793,17.311109610197953,17.127187889142217,17.995888007530432,18.213465661542628,17.076676077422732,16.90117548445811,16.964046891200343,16.830244541042596,17.22884083938843
18.966205882650645,19.01521120248716,18.73713963678702,19.263925875690287,18.43800470457145,17.7250228387994,17.828977381125856,17.740203815413857,19.161418438193614,17.447458302628995,18.909693040517972,17.13994071155359,18.95638948163161,19.862013011543503,20.55687777058767,19.507938120947873,19.146444548032036,19.570733320672545,18.752584363652723,18.82776286154306,19.222250629197685,18.68628606373201,19.698220330864203,18.809780604390333,18.485353372573996,19.090597570796604,17.739427202588537,19.73677421697367,18.351081895819142,17.475466357703507,17.40739195047315,19.956111116105774,19.509249218682832,19.135581149060975,18.890921276947786,18.590171904385144,18.73603833028672,18.775475772715197,18.42434515098079,18.610546667883145,18.316584183515737,17.806349885954994,17.749911898258116,17.764662711289038,18.086665623883622,18.235925330484395,18.95058978620039,19.401391995703854,19.152785124794196,18.660462836393812,17.872067654755718,17.517167761029054,17.64645408137104,17.19862407068771,16.49477902182533,16.85754727925749,16.859671906930334,16.55801457475874,16.538108931238757,15.546842819877702,17.006109923270195,16.661306863608388,16.54509918495296,16.315491629129156,16.62813838623199,16.64417587205625,18.61832262491604,16.715614976714903,17.209652834158515,17.823751353416554,17.538033841105285,17.133526323994108,17.16705044767272,18.178755036573058,17.54765340566692,17.015930938845592,17.1298037888983,16.719446043722872,16.666416685319945
18.999612418197817,18.996948307058034,19.17656628382972,18.474262475187455,20.31119351920989,17.899657596140855,16.83349106811142,16.725784957235298,16.955599554532,18.976464269122783,17.075609003302983,20.50625306405419,17.930778135458105,18.27221858316198,18.109950535535067,19.886176298556155,20.810529985476506,20.123798428915073,19.764727053243874,20.892537070548578,19.238655189752663,18.34261090815151,18.79659613617391,18.34622306769292,18.50735410128128,19.897440367715607,17.758362297417428,18.179852592102907,17.811915777928924,17.64837250166491,17.24954270970014,17.232886826816628,17.259513543427218,17.43450744098635,17.47450744098635,18.643206202709518,18.802508195287423,18.135602814558254,18.410714924458777,18.608013836178866,18.147147892626236,18.603036892037515,19.386777429074836,17.75395842593411,17.7479661713874,17.237400340624497,18.289921268213874,18.35673583830541,19.61800665433129,20.300661888394135,17.564591983172892,17.54534393438079,17.588662671793493,17.338467701449954,16.788509032791648,16.18885525201568,17.117670768741167,16.384412029149424,16.276475704523207,15.170758598373704,15.340402271156929,15.527210133700859,15.119180203883753,15.516960402341528,16.264445914660016,16.09605248448276,16.431715652958204,16.63132355837745,16.86861930760748,16.67130686360839,16.878543901537494,16.750111692865907,16.737186328693845,17.02088691171509,17.385748543642833,17.190552178831805,17.32777729540429,17.299518012905786,16.684267784390965
18.67250943427512,18.472841940127147,18.31855940069496,17.74677069353563,18.34709528689535,18.177423349928432,16.56227593017623,16.976792200899407,17.221838416631144,17.437641215427732,19.419869352014103,19.036570536645563,20.09700284243916,18.365124233152077,19.757923135972742,20.1495957345413,20.22276594326787,20.0997230932369,20.236445550857873,20.53627788896824,19.91511640132832,19.1289903567711,20.49956796422941,18.807503885740193,20.240671167150044,17.847506075760386,17.824583545906904,17.712371090920243,17.702717042680504,17.66965789743052,17.17193703463375,17.573891982730814,17.318300022180058,20.812160949481097,22.390183459894082,18.832529570316396,19.377810055445963,18.314050081739456,18.39417498213245,17.4648357824649,17.989316652739845,18.652764363402383,17.936527174590616,17.528383300657307,17.207979940687807,17.288439986675073,18.187627449507566,17.90857672982517,16.887129232087855,18.48022730462903,18.131999184756335,18.01668083918512,15.77285358378162,16.43045489674139,16.652093858627154,16.895266477221302,16.555893032651113,15.627343609571412,15.356230417498649,16.072358420345157,15.375592517634054,19.164378396500496,18.966091281194732,15.383339531222855,15.259750673791222,16.642093858627156,16.53646842503446,16.22514312758495,16.340924034253028,16.249077694431566,15.499995984846528,16.897604556176514,17.580375916819413,16.612164635285918,16.93565754362683,16.927641201378854,16.891788611915864,17.191363486920146,16.991986155010938
18.292094084024757,18.979279567792087,18.93440705824086,17.712522224016602,17.798908926365435,17.757671637405636,17.78815205664519,19.20446310380648,19.39207516810123,19.471342873261904,19.676039303454736,19.294090958240766,19.94088379178907,19.467447011513947,18.696274824028663,27.86184606300693,20.004454632492582,20.06801788185322,22.148955244215607,22.235380730579553,21.696678737116866,20.82935834320716,18.446409166834137,18.17781906888655,20.222755296736352,19.42513751274605,17.722329009128565,18.035924159777366,17.666997054346663,17.635365076582943,17.374957869372157,17.094694724615582,17.675262689886278,17.65695233208148,17.71222717388133,18.3118050868321,17.57550473275898,17.836129445483266,17.489008201725973,17.48600768263131,18.408670145058366,19.993506046204118,18.497943825474014,17.368066825719314,16.242776148227577,16.790911840625323,17.736398503874987,17.48396412034015,17.004835255756415,19.041718847715643,16.589661347200288,15.550994607355062,15.60429361555555,15.659974219109445,17.128281062108904,16.979923458537918,16.952816205574486,16.83904682978996,15.11517086974677,15.324994358419787,14.905389459485573,16.019236585515568,16.214976019131335,16.532045732556192,16.26895850797019,16.2160397973161,16.821046862198564,16.311595890887563,15.74894821099924,15.990864165246025,15.057848233040154,15.284601260486319,15.902815071592684,18.692255762171676,16.56152090825845,17.902758238702845,16.390785727127465,16.54818091464241,16.607386161202346
17.60405206284095,18.928889639809935,18.298385604731802,18.22897337163165,17.81264636942999,18.26452442747114,17.73541019052261,17.68648799512699,20.59365546014806,18.597967051882428,18.401989873507432,24.593028895485034,21.162108540957455,20.182335034768947,19.43425835782792,22.609177617560306,19.694519755583293,19.740980743278,19.613521393365662,18.743447300835708,18.32630499337308,18.74516396510691,18.117819068886547,17.945056697514595,18.156442809618014,19.15964076958195,17.59147466199783,17.601049046582663,17.623855703981583,18.20004338794554,17.68065325487699,17.772703704398896,18.686511381046316,20.024150817594354,17.260329784297113,18.1918050868321,18.349517092504854,18.456870729015282,17.433977171150524,17.578504534242004,18.372193893587614,18.230012678898447,17.76246965064931,21.292342461570353,17.1114132817705,16.694133550718878,17.12851380351286,18.969971333529244,17.181009643343078,18.410117568387044,18.886259058956767,16.80129596235279,17.947448685675173,16.85407281115699,16.046911923013173,16.51137494079488,16.565739550409113,16.469693312304294,15.535138565001278,16.36221621528127,16.243069995358496,16.03667380162103,16.496468425034458,16.5269239672011,17.406665605831172,16.35773499122826,16.166634424971004,15.729834648763191,16.291703643155138,17.28668912736031,15.927114643780762,15.219745947528004,15.231593644362762,15.310582822599216,19.0833801542863,16.54326100226571,16.830123290787903,16.47784891385898,16.255284321563913
0.0,16.070840305841596,18.730506467896863,17.485763739056583,17.98635421869406,17.484411609642052,17.80195666882754,17.790194221714444,18.397699543541055,18.343064387409242,19.294309411671954,19.3029343765546,20.35397471029169,19.43231238907274,23.714110932058674,21.93724596210397,21.161439499867164,19.41061590549426,18.553709414627342,18.678100337014868,18.490530419886554,18.221944310539968,17.70712951306522,17.577063691642675,17.84121741291073,17.761973601709713,17.939739136439997,17.691538047450095,17.78101331010795,17.99180882829023,18.55310971773979,21.80412802933496,17.56195362783036,18.72530430378444,18.351327426934954,18.38701755188861,17.61585427129695,17.622309579123254,18.29380833710953,18.57541995077254,18.808226162091874,18.157651034455213,18.374123724204143,18.611266571546274,17.990636453268003,17.272928179123188,20.54818004660366,17.455352158753996,17.133205351245447,16.85969436955698,15.641809609243092,16.870316275639105,17.80077005034067,17.32827729719346,16.322127751886235,17.052268287409582,16.810213275999196,14.92586901673505,16.70577151802253,17.006482272413237,16.858205954797445,19.39169605255912,16.650310349406578,16.687662680676496,16.446040651584735,17.61785017898762,15.847860762209155,15.978041592327035,15.87748483767969,16.570389436244977,16.35887596147734,16.269787832148594,16.335348315424664,17.573374219683952,16.13954195340708,16.31130364652222,16.219109249614807,16.50977436488381,16.438562267012674
0.0,0.0,0.0,26.84671435784119,17.199320548132654,17.602465126000535,17.942879244223253,17.778571624284066,18.34021118857109,18.772668605916003,19.797057265912198,18.860348880582748,20.163937662524187,19.667546663007734,19.864569655871954,20.47186521829369,19.18281820043255,19.44585352495959,19.379675890455673,18.97787081855064,18.392106522164738,19.230328945923972,18.20519403891134,17.789375528855388,17.905190035304464,18.866597310953413,19.198681062398627,18.12797899245534,17.92806271259418,18.844954809417384,19.2172924310182,18.577115923444516,20.68450264294884,17.47746402157018,18.946721606347452,18.03596823809357,17.923309159785287,17.932200716558867,18.16218358594088,17.678055465037925,19.74636829611,18.2919803561617,18.031029663219474,18.115670412121904,17.72090565916823,17.59805606560841,17.645268635985964,17.362603301263093,15.510409097877755,15.273875287229128,16.790935148052117,18.025826050653166,16.3877296100351,16.302058101753527,16.968751635080462,16.210593162941237,15.926755176057423,16.69577151802253,16.506004772477187,16.84532819995044,17.315375240209544,17.24402419592411,17.01438098477967,17.055622298316134,16.93778427711085,16.715913343803514,16.961914903916725,16.630129914581005,16.274904785164658,16.178629387157436,16.23614083728166,16.28894862190167,16.3721792861556,16.265141207805655,16.593586499021654,16.19845186059194,16.217635092541588,16.36408025243072,17.372398046123315
0.0,0.0,0.0,20.467781150670447,17.209320548132656,17.58427110449777,17.76224674006336,18.25697074996334,18.97136607529932,18.876291789725983,19.15666649690873,21.450181503167254,19.87652564519545,19.32141465856176,20.354458514474263,19.63846884091471,18.838839973167932,19.255874234543572,18.798577456518892,18.537472213068757,18.32444352306306,18.23203172628386,17.9290291365825,17.955803810905053,17.987859754465283,18.447824069602632,18.119358111367433,18.050106371567573,18.209576812403625,19.78771272414094,18.09119697118784,23.63607680313067,20.293401051120156,19.048907606303572,22.8895618544144,19.0349258149758,18.305549507284915,18.230292220112712,18.025108264468187,17.96063614809222,18.057679100442222,18.021327426934953,17.959358111367433,17.629912381368584,17.723364617789947,17.86752171400998,17.616940760715828,17.391742038738776,15.642775502171787,15.647272201628088,18.022693759148826,16.432386781518485,17.56798705887583,16.14558338837646,17.432192891665668,16.598094766096597,16.817784277110857,16.76894774973769,16.787683589679702,17.135383982207692,17.30546621339108,16.89834275552038,16.945622603491916,16.962747129164512,16.857784277110852,16.534674243845338,16.6118851504932,16.41282848026308,16.32074751020564,16.298875961477343,16.181112197599703,16.245324543664967,16.264042981081246,16.275923713503794,16.48365485887902,16.77900012726999,16.45181404140155,16.260439599126837,16.32282848026308
0.0,0.0,0.0,19.6168382598687,17.43286112629086,17.95111767628203,17.82769509570765,18.077724927451165,19.026131168180946,18.605206490665246,21.06331386048968,22.24085379470472,22.306351659818077,19.83113381770579,20.70341234944888,21.360058409347147,18.68640069292099,18.77437234759128,18.840421001413848,18.58151738223266,18.397926206486524,18.107444897381768,18.254300374497767,18.037959047174805,17.956366770285175,18.43189688874772,18.560331354059205,18.551404049875448,19.538894165284745,19.33180224369172,18.9677106792328,19.196619101409674,21.35732455375314,26.47707878100165,20.33885086393344,19.658127017242187,17.793224579471396,17.83503800558022,17.386922455552472,17.162245741242266,17.747888947372363,17.53563625533096,17.52162735591561,17.616031964774844,18.1212823988758,17.953694827433885,17.892520986928567,17.934885267167182,17.34708312633654,16.878629505924174,16.3778465576175,16.506824205311375,18.21578159963194,16.111872222767897,16.616412576322098,16.719927133982452,17.980559084252985,16.840528771336892,16.668728263058007,16.87970531193614,17.02593788271538,16.83820111311752,17.00134851000344,20.005433210106872,16.889911630036227,18.349131853646504,16.508980357421155,16.435860218260146,16.192611179905416,16.261604023332634,16.219713047805723,16.323485264355973,16.39221318426679,16.377644954694592,16.344744194845738,16.541971719174274,16.369239133631325,16.26250765746035,16.070273306446243
0.0,0.0,0.0,18.518226205373058,18.955048918273924,17.90130136940554,18.71972831885581,20.922371702848068,20.144596739534173,18.79644579780445,20.862098140575778,19.14957935911163,22.25056927581653,22.580835339420045,21.015016801221453,19.86250390026948,19.385800793174287,19.706136381419057,19.165874234543573,18.730883896395994,18.05318544926235,17.979351270141905,17.865795376988302,18.075053764867405,17.911886160303766,17.870425167753208,18.064614754117457,18.919748671366797,18.863363826706603,19.476558899006104,18.914759791547983,19.186619406585454,22.067498506888587,21.433787961317762,20.16545521547868,21.04038679832852,18.178657876053155,18.503544451341078,18.533472753637415,16.967654104800804,17.59870296963529,17.656285897693266,17.492493866268962,17.616167729088584,17.55370094148497,17.828458840689606,18.161832222800385,17.93711281711706,17.494296796422724,17.185143270080044,18.08174887704131,17.318945110066302,16.578495755710996,16.53629214776813,16.503688498830382,16.54640537398457,17.21593788271538,18.994633822834693,17.001585253216312,20.21096941563184,17.21037581941479,17.02017707491674,16.978967704284997,16.607831483179936,16.759943522567273,16.554417324791466,16.51826852181767,16.413722658839625,16.37807928287789,16.285651588482846,16.45220928259765,16.4331999517435,17.008911528468147,17.045543158046833,16.748292386948258,16.51165131165546,16.307848913858983,16.201946012128953,16.228877535877913
0.0,0.0,17.199769778959528,19.922682264414973,22.527831190026212,19.41924507261051,19.68837635440283,21.55028408885134,22.03930786711704,19.304928468853355,19.38158920175136,21.994614874937373,21.44325163480159,18.52735410128128,18.711678323807007,19.42094967943372,19.391104278102215,18.709623975423163,18.613774459714744,18.507631976619866,18.079514960584046,19.13277671667897,17.711221390974615,17.833377375461623,17.74088074973443,17.798619289453693,17.73205830819927,17.889452561111778,18.024777894357438,18.56335810492204,17.718506097212597,18.595518694848213,18.662809443638473,24.864747674935288,22.077825861630778,20.11020800090011,18.075595810036624,17.25939781313688,17.94660495756474,16.998205975018465,17.637479116018422,18.06207397561873,17.222112287717096,17.386338302258462,17.379588955786375,18.360400375541882,18.111582877566306,17.64231529922862,17.640435184562897,17.507576590608565,17.298281486914245,17.170257354395847,16.832189888892128,16.801161342951907,16.638728039312866,17.820957414735382,20.058781860207535,16.535968900095295,16.74100204200349,17.194425167722073,17.35672631556132,17.255697933059782,16.587504659994107,17.145464356739232,16.852740568230672,18.779137219030822,16.451242545809073,17.69878066539279,17.769882318476782,16.21869441066724,16.238829905661305,17.09572997407599,16.50340541005037,17.035551794096136,16.92772139679714,16.657135263667712,16.545606542531612,16.325501706537175,16.19434591860543
0.0,0.0,18.298219427972263,18.105382548177847,20.196801608243327,18.041909890809478,18.227325172382812,18.68279239429679,20.213764307202386,18.97062543689318,20.060360405128144,18.14283083760067,18.053395756158125,17.887570169593765,19.086785555468726,18.87062498871407,18.853736861536216,18.5090069925074,18.611778897658986,18.446660933862695,18.166370231756723,18.059446692279245,18.11585116339258,17.50104541058103,17.46708282116076,17.711180844220927,17.82539000673126,17.737390725443298,20.886027967364704,18.094352526745276,17.997188920869373,18.07983191692457,18.421317160463747,21.50025803740731,20.91114377073706,19.915749751375024,18.987806116193816,18.71750708431363,18.808362336792467,19.292545637113925,18.574189300450755,17.582239301526513,18.457291921294274,17.462726208028887,19.21332422179545,17.75671571047585,17.410723608215264,18.472092159756485,18.246309628407644,17.60345180745314,18.733065871751045,18.6348873190816,16.920456836826006,18.84145863890899,16.48299518187263,16.191987123220706,17.722011185469675,16.26790186386346,16.46047654068316,17.406042635580157,17.545362502060623,17.338826299811405,17.258281486914242,16.669943522567273,16.52326176233989,16.42832537406339,17.724008257074644,17.75488924011203,16.4431999517435,16.345931540142733,16.510671781072332,16.29944831635951,17.151221390974612,16.79504986038877,16.808887791998686,16.751495841623143,16.65371638842218,16.440476540683157,16.37860924116475
0.0,0.0,20.027102648703053,17.767590869251507,18.095299139601227,17.86058536806093,18.167343513800276,18.25806251280479,20.67531328560762,18.849745837880146,20.21982073292663,18.146463614319682,17.804170407102998,19.378907873102158,20.350439511818525,17.68666256004174,18.828803541194556,18.68234918238736,19.2267292130832,18.167680921018107,17.928492499937143,18.30697503096043,18.50711592344452,18.010631248368206,17.36922965730396,17.76656456260846,17.441742038738777,17.26107622749133,17.612467920022162,17.7385060972126,17.350616433388275,18.585231412182118,19.452354214567997,21.071199063197234,22.275860797214357,23.164244354752743,19.25086958804966,19.17868136757441,17.62900571295175,17.88201784886314,17.234084753975207,17.680459302279864,16.31919850522956,18.63452353883681,18.18494599924093,18.476077232412322,17.845571493514658,17.676235333773455,17.08049398247543,17.496918171396317,17.53715722039704,17.416742773381685,18.01229367238459,17.253767141345175,18.015834079973647,16.078862752859195,17.70820085664503,16.704151548933957,16.734950915366625,16.604522241737662,18.875402466596203,19.09880258633774,16.64406221684048,17.175056697514595,16.486330718029294,16.57420423233202,16.49454008911608,16.702459586120103,16.444913274922104,17.09037010232951,17.152926833711778,17.031817060276293,17.0537425454984,17.11537112256265,16.62354914888968,16.616924042176052,16.52617911948549,16.767530840418793,16.747670701907094
0.0,0.0,20.395646244149273,20.454551210283245,18.17526816856005,17.85117855749017,17.922704758650546,17.89827533924359,18.204633155233438,19.558774569194377,20.652249958634094,18.851181464109988,18.565921608204214,17.845690115972353,17.70149178896379,17.663827794861508,17.634056322932267,17.598370650094587,17.485391405647547,18.203285756074287,18.91503384219884,18.414604909035567,18.67691894856148,18.300891471135795,17.463182514511594,17.947371380842995,17.39104387702917,17.23107622749133,18.42470644840721,17.718037313183626,18.044999654370756,18.717052970705723,20.140456159763794,23.16119637122745,20.011007540717305,18.560684850433248,20.841084135019404,18.67776286154306,18.02848981056354,18.03183140105954,19.413897703344045,17.386285049982188,16.28215884779024,18.608051674806713,18.561223835069782,18.201824127548715,17.540459302279864,17.40536397103498,16.76967165921555,17.703485293816225,17.827109940923442,17.380921212581143,17.86455840084299,18.64732456323208,17.05631190807673,16.879519780720152,16.54423322026939,18.03608717105344,16.861027259309008,17.0495256616469,15.968048821931848,18.015484922523854,16.014748803511033,16.076394186491445,16.229098069831817,16.682914561908223,16.54406221684048,16.496481692169237,17.502990458269494,17.385382548177844,17.12462208719102,17.15302188022093,17.03475982446258,17.018815076256942,16.91087825595507,16.622562309914237,16.569165404605123,16.791820149678237,17.502962106404205
0.0,0.0,0.0,0.0,19.980582165969057,20.24995953123119,19.66934509402293,17.86711673759316,18.78208073047969,17.960648401587562,18.642947475950866,19.187434371933143,18.01791224469755,17.53589247356793,17.58569736612561,17.43854355858982,18.698747002098973,17.45835007252035,17.33608892498963,17.899553683067225,17.7385060972126,18.824170101698996,19.01273014495126,18.21087494292848,18.382703425359544,17.91314227444217,17.900910884148193,18.323524926469197,17.184373447582292,17.02984867364995,17.012458415540152,18.241456740814726,19.75364400113827,20.010076292919404,18.15533787824549,18.050648096411784,17.394634830995624,17.65805606560841,17.46272999039951,18.239944848398608,18.527018843308586,16.252095249455795,18.475159214735733,18.90125694445637,17.668716205814093,17.926527536984146,17.74538475138454,18.296696265655516,18.726880244054332,17.4253767076215,17.76158150916129,19.094675819250625,17.598008197368355,17.15857102136351,17.072954396905622,16.863600266088458,17.317875013272953,17.267353471319698,16.848308623189133,17.023747348593396,16.351132595675082,15.043801038052518,19.16426422971452,15.04594992595191,15.278033111690172,16.197414510708487,16.422699702806163,16.424522241737662,19.447440367715608,17.405091680183567,17.242465267029967,17.15537112256265,17.047816467307563,16.97622248247302,16.998968685223947,16.744820113425007,17.147063691642675,16.64099460907826,16.92717536361371
0.0,0.0,0.0,0.0,0.0,0.0,16.73299999989353,17.82260585936058,17.004018101233456,18.185992112752466,18.512207044175433,18.763935868519468,18.71985292522711,17.702129173995505,18.674492957987518,19.012685946760925,17.279041337248835,17.39562683252167,18.670584634933235,17.401043877029167,17.172954396905624,17.94871171360853,18.529483357413163,18.198566459297368,17.752322499080663,18.096773275174993,17.95955398824301,18.959681500700974,18.27207397561873,18.025219419501685,17.05070879707934,17.789216380803662,18.419483357413164,18.623084799984795,17.84260226854981,17.3810043584529,17.433977431241424,18.02752171400998,17.600799116639987,18.507691924784005,17.90033354689707,16.797798021122883,18.46238201791722,18.77994191762362,17.901831401059546,17.72984375533646,17.9685211375972,17.292282971060246,17.530177915892402,15.872484288419129,20.20047692551119,19.506776043385972,18.541492949817986,18.15969036665675,18.269729945166432,18.857060355200257,18.211954270065743,18.083127468921653,17.478370849877223,17.403448220838115,17.314871640364633,17.433704529457692,16.33702651379657,15.498659295330274,15.98352357730954,16.067294357382956,16.03121653285235,16.12250765746035,18.944734466595804,16.839273332098404,16.744531208020604,16.730551149907363,17.107137878181746,17.153435795050008,16.960968085443234,16.965792591975625,17.783395756158125,16.81589636658178,16.741328709703712
0.0,0.0,0.0,0.0,0.0,0.0,17.48747425844158,17.627322005334214,17.684457256268992,16.927800962203797,18.727723575603378,18.831500326635805,17.606564562608458,18.640746287720404,18.896630068613312,17.459095197107768,17.415250468040536,17.35589247356793,17.262475096887144,17.272417637273804,17.221239440761305,17.100739359923885,17.123344056073776,17.59373522238062,18.514498255728284,17.762391240384176,18.683783172455705,18.54812843244708,17.92959807761718,17.913452631689037,17.79160121241723,18.166213946348442,18.697640154170646,18.065772478681772,17.881800126918392,17.05017676974096,17.845052047171702,17.48958005411619,17.360353511919442,18.026978838761895,17.012145616385762,16.75421595011906,18.910228572915628,19.823543125531344,17.526562614273928,16.81309944781333,18.209212456694686,16.431417317598576,17.762329057246063,18.63643078444798,18.80689979695314,18.500126012664005,17.99911453444267,17.736718436574996,17.770831366316663,17.26075661044853,17.44534837097058,17.97116466584177,17.547827910632513,17.956468337851092,16.59640440628851,15.224838467725622,15.016795765804595,15.891998231940626,16.03135410886595,16.28463230660316,16.368622199813622,16.361796641334266,19.003342515812363,16.56415185410974,16.71506661979006,16.816222482473023,18.010814245798983,17.088796894541908,16.906159522706226,16.72296958032995,16.83305713547863,17.21477458553463,16.7439472937252
0.0,0.0,0.0,0.0,0.0,0.0,15.742734639292884,17.779472088764997,0.0,17.66195396488996,18.982142005263455,17.283919336670728,18.820068219460342,18.425771002574997,20.349457517656777,19.83208555069954,19.719703502748384,17.22391964184651,17.178753613593354,17.304503844686497,17.106045507123923,17.476955052893477,17.910338685348332,18.041823146592975,17.74599531307468,17.607359934579208,17.442835274004246,17.812933831560297,17.67442745265798,17.44827770149599,18.062573467312408,18.283478818761093,17.51350128850736,16.984500827751557,16.516099853643603,17.147084099954675,17.578198238420388,16.538530497362544,18.56854950640128,16.86883376654033,17.84763327638166,18.02922168178792,18.539897324631333,18.46354265363848,19.23777083212929,16.278436345883215,16.075866633504432,16.511770539551854,16.04864236060861,17.683916201190684,18.54345134311764,18.49989393710582,17.879355321466434,18.085610974229375,18.849656910925365,18.560062777395746,18.30218043964385,18.360487543921412,17.956056883877018,17.911629522937623,16.613632035434968,18.588746696923188,18.46588720696069,18.638569583724685,19.202746640275688,16.56692404217605,16.571760397839835,16.612345889741743,16.535612886819603,16.51718250519795,16.572693838885534,16.96575155540883,16.911791375615504,17.0650566975146,19.029367232907827,16.747087661811317,17.84066243657155,16.724515731539014,16.670683723164984
0.0,0.0,0.0,0.0,0.0,0.0,0.0,0.0,0.0,17.49537456576179,18.100581214284496,16.76394175655949,16.979929712173284,17.385135827908893,16.62601735958441,16.779331466267756,19.033193882521317,17.154503844686495,17.17391964184651,17.247951503229586,17.0992615843206,17.706681749535196,17.649572001580772,17.588325196924774,17.801861711296738,17.731714166755946,17.578038996794856,17.5839552244609,17.623452631689037,17.576563300969834,17.83794102253119,17.683681104033045,17.434734547593024,17.053705847782943,16.647182505197954,17.036495474063834,17.967540285259254,17.352643275213804,17.791672309669963,17.759537563767513,17.790892060739782,17.895610974229374,17.986917083371345,16.92246640208787,17.039093882307736,17.54349050060148,16.224656857929652,15.743596450951529,15.506905299340794,17.475558042918177,18.785956102346198,18.392013354989626,16.620332052693346,18.228556100069543,18.33032692589267,17.954176257098766,18.666109893313955,18.093774459714744,17.783252920079523,17.890012548201536,17.718244501568464,16.761341799415415,16.01881642274202,17.722597223493278,17.746961942869703,16.393340659926796,16.410532602408992,16.444835257000225,16.573116893027752,17.732631683444282,17.64280415768482,16.433077155156,16.441174273567654,19.03983333015314,16.568754671275368,16.5438048905837,16.566949649161412,16.668801244460287,16.670402191063555
0.0,0.0,0.0,0.0,0.0,0.0,0.0,0.0,0.0,0.0,16.87048659646266,18.158021506229854,17.940779416955795,16.766642915977137,16.340475525263166,16.374262084631404,16.937124880616746,16.96008796791694,17.353376866954846,17.05182386790605,17.0741669204639,18.86043608220419,19.26765871939429,17.86955673465163,17.545035879362977,17.71732237765383,18.59323692787568,19.806902039345086,17.87226094465974,17.6039552244609,17.737116737593162,17.471529613773285,17.285589856845693,17.47880849349659,16.579042079264333,16.672671862755443,17.82801123850249,16.770218852078152,16.78100204200349,17.77860164675731,18.294443451749693,18.79249997139021,18.617181557100526,16.836384061396046,16.55315176261481,16.187200099694472,16.070838373244673,15.776877950886767,15.985280875582506,17.40370452945769,18.51006277739575,18.121551209824514,17.979581222978855,18.20299683212002,18.303300953342017,18.145763948373638,17.461954221769307,17.354353301017458,17.3118181072937,15.822213184055261,15.227583200692143,16.02082146250568,16.132244600972598,16.26011701730749,16.344922788985414,16.350235720683838,18.243331252270536,17.56138554838075,17.679861948839445,17.713209467176505,16.312041566960975,16.255473835674607,17.76763297120588,17.890842227358835,16.439744871129502,16.551457402843447,16.166685877991192,16.247986131357102,16.253478135938437
0.0,0.0,0.0,0.0,0.0,0.0,0.0,0.0,0.0,18.89379226806328,19.51345155662413,17.354739634034754,16.66237422149605,16.81015713790145,18.90710901737686,18.2276499218667,16.350996046194627,19.15192953538761,17.630048394755256,17.734215398566693,17.52801123850249,17.73139287106209,19.08252892983713,19.210205215603008,18.93381997994902,18.457540081415118,17.825992112752466,18.062703425359544,18.178592816902405,16.859384762289963,17.42186201647252,17.470425167753206,17.23548637760055,17.182912769046673,17.30832970408956,17.02325731157761,16.951431174716703,17.82714929043087,17.69784131352513,17.87463037367145,17.924630068495674,17.948556100069542,18.134696335711638,17.923110592458467,17.9255348807574,17.27718194871943,16.246564669938486,16.99696053341119,15.85881642274202,17.386963529904694,18.494696335711637,17.839528722112533,17.85002523812981,17.94092586260954,16.89606192743831,16.80388977877947,16.3007262461412,18.708416792541097,20.191179617369706,16.018933980940552,16.29790449561168,20.58702592036151,18.698679723716182,15.94035777509058,15.92734326704411,16.06313175866605,16.05300749214379,16.223333254913364,16.239815928787817,16.243041310353135,17.819644366828488,16.43542135384394,16.570560209441307,16.303159391034207,16.767716129382546,16.299536492142813,16.21961303254406,16.14933598024978,16.11751441612073
