0.0,0.0,0.0,0.0,0.0,0.0,0.0,0.0,0.0,0.0,0.0,0.0,0.0,0.0,0.0,0.0,0.0,0.0,0.0,0.0,0.0,0.0,0.0,0.0,0.0,0.0,0.0,0.0,0.0,0.0,0.0,0.0,0.0,0.0,0.0,0.0,0.0,0.0,0.0,0.0,0.0,0.0,0.0,0.0,0.0,0.0,0.0,0.0,9.9089721572403,10.188393380283781,10.835118326694166,11.105470598856154,11.542651171602651,11.568504193176986,11.64900751285533,11.451795443417797,11.554114794846747,11.505371937476996,11.645886356059066,11.589605016183546,11.692112923633342,11.64672086651431,11.608125533933077,11.661186510820102,11.873874321103031,11.286003023945957,10.82162385113766,9.617682970253261,8.923162014559857,9.391052837966788,9.789632641399495,10.120428404886102,10.605287251241467,11.157164521494032,11.850821591611034,11.944344081542333,12.228745160181738,12.197402407363173,12.456874696021703
0.0,0.0,0.0,0.0,0.0,0.0,0.0,0.0,0.0,0.0,0.0,0.0,0.0,0.0,0.0,0.0,0.0,0.0,0.0,0.0,0.0,0.0,0.0,0.0,0.0,0.0,0.0,0.0,0.0,0.0,0.0,0.0,0.0,0.0,0.0,0.0,0.0,0.0,0.0,0.0,0.0,0.0,0.0,0.0,0.0,0.0,0.0,0.0,9.782976106564774,10.494116552690965,10.947468216295873,11.079375905356915,11.375517394243413,11.467356842487385,11.674158337679112,11.765413956457001,11.774464232078389,11.731795443417798,11.859358655512553,11.85153675566574,11.997863330473905,12.073843452198314,11.999738555866616,12.128762784684152,11.968356850889686,12.155893457578266,12.005394306948975,9.954972015789725,9.11634839092332,10.580106632576411,11.29426487739418,11.319021320866552,11.940656784309798,12.167538137340388,12.338229556684334,12.507119364715471,12.51961939603573,12.702671772701812,12.574320688226587
0.0,0.0,0.0,0.0,0.0,0.0,0.0,0.0,0.0,0.0,0.0,0.0,0.0,0.0,0.0,0.0,0.0,0.0,0.0,0.0,0.0,0.0,0.0,0.0,0.0,0.0,0.0,0.0,0.0,0.0,0.0,0.0,0.0,0.0,0.0,0.0,0.0,0.0,0.0,0.0,0.0,0.0,0.0,0.0,0.0,0.0,0.0,0.0,9.811258174131105,10.160240693405942,10.624755483558527,10.770734645262799,11.179200384485407,11.32137338966583,11.647307751399241,11.93774732054822,12.277146726824798,12.315010578521147,12.168630848519737,12.14211086083947,12.258184284025665,12.328205709944669,12.46432968849327,12.42846121017022,12.735647061808475,12.002011693211339,9.521808771304938,9.21003359681158,10.63346476066169,10.94729997518026,11.639720198772963,12.020696137530333,12.33887055399991,12.513656806391435,12.639140131288725,12.751536755665738,12.933061624175297,13.057041796416364,13.000148031767257
0.0,0.0,0.0,0.0,0.0,0.0,0.0,0.0,0.0,0.0,0.0,0.0,0.0,0.0,0.0,0.0,0.0,0.0,0.0,0.0,0.0,0.0,0.0,0.0,0.0,0.0,0.0,0.0,0.0,0.0,0.0,0.0,0.0,0.0,0.0,0.0,0.0,0.0,0.0,0.0,0.0,0.0,0.0,0.0,0.0,0.0,0.0,0.0,0.0,10.014532374139044,10.486951934031056,10.658158796460983,11.139925492094061,11.43312189582081,11.920493280958727,12.296234748203755,12.422725966208725,12.442072819105535,12.491579707541653,12.462706419411862,12.554133010312244,12.66364902788283,12.677609376493404,12.505380601391687,12.514133010312245,12.405919726832547,11.474362416813415,11.70563486177675,11.77822068355496,12.02019093077652,12.39887055399991,12.679454727069503,12.797388848932979,12.869686716844694,13.045455333849699,13.194080247927188,13.3052972319527,13.412910237533495,13.171441900452411
0.0,0.0,0.0,0.0,0.0,0.0,0.0,0.0,0.0,0.0,0.0,0.0,0.0,0.0,0.0,0.0,0.0,0.0,0.0,0.0,0.0,0.0,0.0,0.0,0.0,0.0,0.0,0.0,0.0,0.0,0.0,0.0,0.0,0.0,0.0,0.0,0.0,0.0,0.0,0.0,0.0,0.0,0.0,0.0,0.0,0.0,0.0,0.0,9.74014078531388,9.911777811592017,10.476136315486299,10.788352062117312,11.101650290208035,11.420976590201791,11.898869240388004,12.380155706443002,12.400846542740654,12.516061799969808,12.520791722141452,12.572387060133806,12.605819445133282,12.637211372466409,12.4986925811847,12.673775148210247,11.878447105333786,11.681147795288474,11.772738381308269,11.877200044026289,12.052590474170545,12.400349579545876,12.670124117671362,12.944394076409484,13.06136726119656,13.188733681275473,13.342157498452902,13.499046460747557,13.558733681275474,13.62789142192699,13.557330038966086
0.0,0.0,0.0,0.0,0.0,0.0,0.0,0.0,0.0,0.0,0.0,0.0,0.0,0.0,0.0,0.0,0.0,0.0,0.0,0.0,0.0,0.0,0.0,0.0,0.0,0.0,0.0,0.0,0.0,0.0,0.0,0.0,0.0,0.0,0.0,0.0,0.0,0.0,0.0,0.0,0.0,0.0,0.0,0.0,0.0,0.0,9.244614596639595,0.0,9.861493638758843,10.3031350437364,10.352811924464511,10.662354677064071,10.903546271978623,11.22773707685108,11.630026983225257,12.0944427187476,12.282495301544143,12.345671559971716,12.387339598724655,12.447605306246356,12.299773585680214,12.109924898946536,12.27558999236328,11.57140358947504,9.949142363453332,10.687923061348515,11.012450566376302,11.513406981212414,11.955218354008986,12.289606717412113,12.555004027033494,12.878022055258526,13.060100683791779,13.197886733002637,13.305506622636855,13.498733681275473,13.644351782452793,13.745055501351004,13.514210994681424
0.0,0.0,0.0,0.0,0.0,0.0,0.0,0.0,0.0,0.0,0.0,0.0,0.0,0.0,0.0,0.0,0.0,0.0,0.0,0.0,0.0,0.0,0.0,0.0,0.0,0.0,0.0,0.0,0.0,0.0,0.0,0.0,0.0,0.0,0.0,0.0,0.0,0.0,0.0,0.0,0.0,0.0,0.0,0.0,0.0,0.0,9.516719145519842,9.637970396888296,9.791989505114676,10.018134366933726,10.317345463307717,10.605138853953688,10.852394943198636,11.01573054830537,11.406572769199897,11.693916116144695,11.922485449959911,12.091148559676581,11.819801827601292,12.019728555585104,12.346809314881263,12.543059633042548,10.415039353446218,9.534954334957416,10.410629572978904,10.777674650282488,11.259116925236388,11.617446003921351,11.96081654116294,12.296149625874689,12.512025123343452,12.657150447956363,12.896487557949982,13.058116750132406,13.174458504814094,13.418816262505885,13.492680173694374,13.662923772407993,13.56958263635759
0.0,0.0,0.0,0.0,0.0,0.0,0.0,0.0,0.0,0.0,0.0,0.0,0.0,0.0,0.0,0.0,0.0,0.0,0.0,0.0,0.0,0.0,0.0,0.0,0.0,0.0,0.0,0.0,0.0,0.0,0.0,0.0,0.0,0.0,0.0,0.0,0.0,0.0,0.0,0.0,0.0,0.0,0.0,0.0,0.0,0.0,0.0,9.48636216024409,9.694098010057479,9.672940798265005,10.068483853097895,10.401541903718332,10.717987918657023,10.987157919018706,11.159677862294751,11.315898826365682,11.490355911390699,11.327998336865743,11.459083127343195,10.813900605709769,10.633184821203505,10.653197764979163,10.257911984578111,10.720391583970043,10.783338956997778,11.137924631967111,11.52840955124755,11.833052894455411,12.016512929197784,12.281698660191893,12.398167769405797,12.5310951744703,12.698791634046874,12.793085849963163,12.965964830243522,13.187676815401904,13.375741631904383,13.541092698030035,13.375420398717623
0.0,0.0,0.0,0.0,0.0,0.0,0.0,0.0,0.0,0.0,0.0,0.0,0.0,0.0,0.0,0.0,0.0,0.0,0.0,0.0,0.0,0.0,0.0,0.0,0.0,0.0,0.0,0.0,0.0,0.0,0.0,0.0,0.0,0.0,0.0,0.0,0.0,0.0,0.0,0.0,0.0,0.0,0.0,0.0,0.0,0.0,0.0,0.0,9.344125380954475,9.658551291497936,10.068901437195636,10.2816925778397,10.582534294162897,10.733142301893611,10.729638979932568,11.24163076253981,11.601637507662419,11.714917028575975,9.6501143650818,0.0,9.538135903479557,9.877018660196446,10.103518868031077,10.459666399046666,10.899396269229431,11.32635842434388,11.703586514037436,11.908207319178992,12.119552349261447,12.232820313110087,12.314788296070267,12.49996654446275,12.65182291910241,12.69892187705049,12.836727080594912,13.08027103640976,13.215746054990744,13.343606916371991,13.285756917898976
0.0,0.0,0.0,0.0,0.0,0.0,0.0,0.0,0.0,0.0,0.0,0.0,0.0,0.0,0.0,0.0,0.0,0.0,0.0,0.0,0.0,0.0,0.0,0.0,0.0,0.0,0.0,0.0,0.0,0.0,0.0,0.0,0.0,0.0,0.0,0.0,0.0,0.0,0.0,0.0,0.0,0.0,0.0,0.0,0.0,0.0,0.0,9.299036661903163,9.374270747875403,9.629763167985828,9.838730816745521,10.213392097774335,10.327136183819627,10.491731273912494,10.885131417450111,9.863065141173033,9.239145700287064,0.0,9.494678757163047,10.261799835995264,10.229169407860223,10.328470223378936,10.584970266079072,10.96402434370366,11.397096135326139,11.674942680458443,11.919654365075138,12.131092418674493,12.372590474170545,12.53287499815653,12.617150447956362,12.696149625874689,12.74362931553804,12.87948949869681,12.991835904201473,13.241933734965183,13.463842516883428,13.698116750132407,13.542230278561028
0.0,0.0,0.0,0.0,0.0,0.0,0.0,0.0,0.0,0.0,0.0,0.0,0.0,0.0,0.0,0.0,0.0,0.0,0.0,0.0,0.0,0.0,0.0,0.0,0.0,0.0,0.0,0.0,0.0,0.0,0.0,0.0,0.0,0.0,0.0,0.0,0.0,0.0,0.0,0.0,0.0,0.0,0.0,0.0,0.0,0.0,0.0,0.0,9.43716072625198,9.707161026376188,10.07426710674848,10.268910487097939,10.505267909860066,8.690250558459605,0.0,0.0,9.846228895050533,10.198674575348983,10.306843767589172,10.721513845901077,10.858582296978977,11.031466878074314,11.232874998156529,11.473423784006538,11.816563448008358,12.067535023593699,12.4002061421206,12.6339972241243,12.811895856920355,12.897388848932977,13.075780419462614,13.261265100939674,13.359329419643025,13.570753588248156,13.680753588248155,13.827065135137243,14.02692213996939,14.178549790240627,14.108381419720173
0.0,0.0,0.0,0.0,0.0,0.0,0.0,0.0,0.0,0.0,0.0,0.0,0.0,0.0,0.0,0.0,0.0,0.0,0.0,0.0,0.0,0.0,0.0,0.0,0.0,0.0,0.0,0.0,0.0,0.0,0.0,0.0,0.0,0.0,0.0,0.0,0.0,0.0,0.0,0.0,0.0,0.0,0.0,0.0,0.0,0.0,0.0,0.0,0.0,0.0,0.0,0.0,0.0,0.0,9.122203353072814,10.075186190254032,10.44764479076768,10.625001617903552,10.772809281524959,10.925697210845078,11.178847812377427,11.50113264533001,11.755885933694136,11.970380016478341,12.258789544116121,12.656400018513224,12.893187339277219,13.216221482120313,13.459150646268533,13.49956783022644,13.584819107151874,13.765416670768907,13.919665955267751,14.044443711479829,14.273908589286675,14.366636727279431,14.52220401901252,14.595416670768909,14.303076256404642
0.0,0.0,0.0,0.0,0.0,0.0,0.0,0.0,0.0,0.0,0.0,0.0,0.0,0.0,0.0,0.0,0.0,0.0,0.0,0.0,0.0,0.0,0.0,0.0,0.0,0.0,0.0,0.0,0.0,0.0,0.0,0.0,0.0,0.0,0.0,0.0,0.0,0.0,0.0,0.0,0.0,0.0,0.0,0.0,0.0,0.0,0.0,0.0,0.0,0.0,0.0,0.0,0.0,0.0,10.343924964163506,10.434845586131463,10.650407369442691,10.892059713344356,10.947975174315587,11.104196051880947,11.491790899627357,11.942516418563862,12.202999212620753,12.406190380425405,12.714972985076772,12.838387643679603,13.141116260119365,13.425534875646026,13.778372405736693,13.884926270437624,13.972654679079035,13.997385294935086,14.279841484230248,14.385048060916155,14.505048060916156,14.567839713256447,14.73984578472442,14.873484586102187,14.723498838867508
0.0,0.0,0.0,0.0,0.0,0.0,0.0,0.0,0.0,0.0,0.0,0.0,0.0,0.0,0.0,0.0,0.0,0.0,0.0,0.0,0.0,0.0,0.0,0.0,0.0,0.0,0.0,0.0,0.0,0.0,0.0,0.0,0.0,0.0,0.0,0.0,0.0,0.0,0.0,0.0,0.0,0.0,0.0,0.0,0.0,0.0,0.0,0.0,0.0,0.0,0.0,0.0,0.0,9.62501100739785,10.316392782303488,10.345207357385597,10.765457938109265,10.987244931587146,11.2750355269135,11.38863822995131,11.594239008911906,11.949776415090858,12.223116404324163,12.433451568101226,12.647572676392878,12.843427123243465,13.217007292579037,13.433750779574666,13.715534875646028,13.900281029066514,14.040281029066513,14.184440285346966,14.389970336726215,14.387341276866902,14.596686587158189,14.691860319278524,14.894755135049618,15.124409040796763,14.929970336726214
0.0,0.0,0.0,0.0,0.0,0.0,0.0,0.0,0.0,0.0,0.0,0.0,0.0,0.0,0.0,0.0,0.0,0.0,0.0,0.0,0.0,0.0,0.0,0.0,0.0,0.0,0.0,0.0,0.0,0.0,0.0,0.0,0.0,0.0,0.0,0.0,0.0,0.0,0.0,0.0,0.0,0.0,0.0,0.0,0.0,0.0,0.0,0.0,0.0,0.0,0.0,0.0,9.220731174042294,9.949908708576501,10.422686421885324,10.56828320993336,10.792912489949302,11.088047851266673,11.407382528680047,11.580659908710544,11.684257171616014,11.988786302481387,12.106651139272,12.412887414912875,12.677897418165415,12.892798608236998,13.269246563952859,13.290384135942563,13.59003237430721,13.780090932151838,14.068154873953809,14.129375086709405,14.284922152211212,14.522000437863174,14.671080349764908,14.985343298138382,15.01150888598968,15.069970336726215,15.09641707097508
0.0,0.0,0.0,0.0,0.0,0.0,0.0,0.0,0.0,0.0,0.0,0.0,0.0,0.0,0.0,0.0,0.0,0.0,0.0,0.0,0.0,0.0,0.0,0.0,0.0,0.0,0.0,0.0,0.0,0.0,0.0,0.0,0.0,0.0,0.0,0.0,0.0,0.0,0.0,0.0,0.0,0.0,0.0,0.0,0.0,0.0,0.0,0.0,0.0,0.0,0.0,9.381281224666342,9.575031290098451,9.775653123472107,10.29311307900626,10.672867817494167,10.923202386396545,11.219654365075138,11.453423784006539,11.635894199852485,11.765093495519114,11.946691313796741,12.088638229951309,12.375987911234231,12.622087306223955,12.885893457578266,13.085771482923494,13.220025545011152,13.377901308446814,13.597877436584604,13.77039581923571,14.026675604535235,14.1940770261285,14.379179130034418,14.610281029066513,14.729375086709407,14.8306155533701,14.96769167958908,14.783093551181375
0.0,0.0,0.0,0.0,0.0,0.0,0.0,0.0,0.0,0.0,0.0,0.0,0.0,0.0,0.0,0.0,0.0,0.0,0.0,0.0,0.0,0.0,0.0,0.0,0.0,0.0,0.0,0.0,0.0,0.0,0.0,0.0,0.0,0.0,0.0,0.0,0.0,0.0,0.0,0.0,0.0,0.0,0.0,0.0,0.0,0.0,0.0,0.0,0.0,0.0,9.306751769152307,9.984307739169223,9.718719776571689,9.921506302181868,10.461336541788782,10.81160386803026,11.099581397390637,11.306234420271062,11.442979893040498,11.587227621196801,11.702194321604967,11.877975604893948,12.088976257819446,12.299605016183547,12.572086172482658,12.787514473452081,13.011753464328901,13.225027070263572,13.354017111483596,13.591006338912852,13.862337302770921,13.963858315300783,14.114074467397947,14.26062283020623,14.539172326683794,14.634884137390314,14.730622830206231,14.787422877544493,14.730669845948261
0.0,0.0,0.0,0.0,0.0,0.0,0.0,0.0,0.0,0.0,0.0,0.0,0.0,0.0,0.0,0.0,0.0,0.0,0.0,0.0,0.0,0.0,0.0,0.0,0.0,0.0,0.0,0.0,0.0,0.0,0.0,0.0,0.0,0.0,0.0,0.0,0.0,0.0,0.0,0.0,0.0,0.0,0.0,0.0,0.0,0.0,0.0,0.0,0.0,9.056976359103412,9.558522677445158,9.706072917027818,9.941298668643089,10.293136102683288,10.559893534928324,10.898872305831782,11.051236465748032,11.243024321072516,11.303467224415153,11.39524635061845,11.57490119447779,11.830818917768141,12.048860598829714,12.293442407349762,12.497041796416365,12.77355835200261,12.980777444215732,13.251265610280523,13.444939725814285,13.59298092577855,13.76823642372391,13.970237479099708,14.13677486345081,14.218491585563761,14.42823642372391,14.593715091178327,14.69076794294698,14.854980475146464,14.602090756303733
0.0,0.0,0.0,0.0,0.0,0.0,0.0,0.0,0.0,0.0,0.0,0.0,0.0,0.0,0.0,0.0,0.0,0.0,0.0,0.0,0.0,0.0,0.0,0.0,0.0,0.0,0.0,0.0,0.0,0.0,0.0,0.0,0.0,0.0,0.0,9.134850429500991,9.107409233204491,9.143270828360594,0.0,0.0,0.0,0.0,0.0,0.0,0.0,0.0,0.0,0.0,10.000301762198252,9.69109972758696,9.674006926699406,9.889664003879046,10.002725564913487,10.459697778569344,10.613011717934182,10.699748630591642,10.828822865298136,11.007896071930624,11.208532911239356,11.381472500851416,11.603467224415153,11.818458676353481,12.029570226129017,12.299654365075138,12.589720198772962,12.874625626273945,13.064750833565338,13.299728555585105,13.49461903095222,13.637764312222474,13.881188575570604,14.019266536533777,14.143059633042547,14.299266536533777,14.450467183523681,14.563309623964102,14.66421202439957,14.758554535265738,14.748549790240627
0.0,0.0,0.0,0.0,0.0,0.0,0.0,0.0,0.0,0.0,0.0,0.0,0.0,0.0,0.0,0.0,0.0,0.0,0.0,0.0,0.0,0.0,0.0,0.0,0.0,0.0,0.0,0.0,0.0,0.0,0.0,0.0,0.0,8.82637357984549,9.089245264344795,9.234612020965452,9.279525289094273,9.325175595877113,0.0,0.0,0.0,0.0,0.0,0.0,0.0,0.0,0.0,9.265512398662597,9.431463565417673,9.71077105510845,9.754610920134832,10.013155415056502,10.098680742715485,10.317110167701385,10.549440926069295,10.668635938324893,10.641040668756576,10.94932800349458,11.10148112944598,11.318686406402106,11.505138557760402,11.768411442953806,12.085131400718792,12.312874998156529,12.667706493570599,12.94420513875129,13.134750833565338,13.39186610996825,13.534137503186468,13.731021245648371,13.928549790240627,14.016809314881263,14.10591398102536,14.242797346642291,14.401366868559135,14.492589915173648,14.68418851111379,14.7647788963083,14.627101833142891
0.0,0.0,0.0,0.0,0.0,0.0,0.0,0.0,0.0,0.0,0.0,0.0,0.0,0.0,0.0,0.0,0.0,0.0,0.0,0.0,0.0,0.0,0.0,0.0,0.0,0.0,0.0,0.0,0.0,0.0,0.0,0.0,0.0,8.888729459084479,9.08240818754516,9.350286769683045,9.423183125325124,9.284463752024783,0.0,0.0,0.0,0.0,0.0,0.0,0.0,0.0,0.0,0.0,9.367667478307117,9.569237579171118,9.804812598882137,9.94213466799287,10.056076084979347,10.360314828962537,10.6856002529056,10.910903385909654,10.815647171293818,10.912510398331944,11.106598575136342,11.358635938324895,11.57949198330974,11.75708973817067,12.088458676353481,12.432473539356486,12.680147291392274,12.988803118555309,13.197062724988353,13.398324493047495,13.628192881080185,13.75710183314289,13.968192881080185,14.13692213996939,14.236922139969389,14.287065135137244,14.387065135137243,14.552082540548986,14.573277220780806,14.572517040279964,14.501091214245637
0.0,0.0,0.0,0.0,0.0,0.0,0.0,0.0,0.0,0.0,0.0,0.0,0.0,0.0,0.0,0.0,0.0,0.0,0.0,0.0,0.0,0.0,0.0,0.0,0.0,0.0,0.0,0.0,0.0,0.0,0.0,0.0,8.644255508791723,8.91480251982209,9.063634116263497,9.25336862013404,9.195617138635692,9.19143571186291,0.0,0.0,0.0,0.0,0.0,0.0,0.0,0.0,0.0,9.72662271609956,9.44766654397257,9.663610769808594,9.84021806360245,10.01230429122993,10.17364744682673,10.451479671165522,10.771776634968049,11.029034512609982,11.103876577836633,11.207961549732769,11.343383654929724,11.505944950011486,11.713254655918584,11.98078527855051,12.234128649909081,12.44046062332304,12.770239029493073,13.035485965969794,13.202491779493887,13.350182149652358,13.529179377063734,13.77348683382091,13.926200224633543,14.110281935915905,14.240281935915904,14.338192881080184,14.431890760627565,14.57710183314289,14.68710183314289,14.665614424993533,14.515653666723093
0.0,0.0,0.0,0.0,0.0,0.0,0.0,0.0,0.0,0.0,0.0,0.0,0.0,0.0,0.0,0.0,0.0,0.0,0.0,0.0,0.0,0.0,0.0,0.0,0.0,0.0,0.0,0.0,0.0,0.0,0.0,0.0,8.625600489520338,8.6578908132941,8.73937455062048,8.638497395811392,8.543772681861839,8.590542206035304,0.0,0.0,0.0,0.0,0.0,0.0,0.0,0.0,0.0,9.56426174968884,9.428646456701118,9.58080905199541,9.833123667170842,10.057406588658566,10.36837540591533,10.585026442931184,10.970366830535516,11.305709796147742,11.415442139285473,11.465443745236463,11.687975604893948,11.825879294913173,12.041818468378478,12.19287499815653,12.306641619585065,12.56598869992601,12.754846056030342,12.988818517671085,13.177185876223717,13.292781502198697,13.520182149652358,13.645653666723094,13.73383985695892,13.98536220187092,14.166387265307137,14.284670279376355,14.41710183314289,14.600281935915906,14.736562078570277,14.719728555585103,14.6633440642135
0.0,0.0,0.0,0.0,0.0,0.0,0.0,0.0,0.0,0.0,0.0,0.0,0.0,0.0,0.0,0.0,0.0,0.0,0.0,0.0,0.0,0.0,0.0,0.0,0.0,0.0,0.0,0.0,0.0,0.0,0.0,0.0,0.0,0.0,8.692139677926406,8.534121017981935,0.0,0.0,0.0,0.0,0.0,0.0,0.0,0.0,0.0,0.0,0.0,9.214554664086236,9.41112687875686,9.535959661787455,9.864532813703397,10.15758256101092,10.481912537560778,10.821154732162793,11.069538257488539,11.44509834918943,11.616366772666982,11.73646802669719,11.811016586515123,12.11888692007456,12.195855688870282,12.338273598527255,12.409654365075138,12.631319301268993,12.846409777067276,13.089841944983132,13.22593630124759,13.347217402717828,13.470294189755222,13.670027761677078,13.800753588248154,13.930115620956487,14.048879104717766,14.251895856920354,14.382099373974217,14.540451817493318,14.80724657328169,14.90331114835437,14.541265610280522
0.0,0.0,0.0,0.0,0.0,0.0,0.0,0.0,0.0,0.0,0.0,0.0,0.0,0.0,0.0,0.0,0.0,0.0,0.0,0.0,0.0,0.0,0.0,0.0,0.0,0.0,0.0,0.0,0.0,0.0,0.0,0.0,0.0,0.0,0.0,0.0,0.0,0.0,0.0,0.0,0.0,0.0,0.0,0.0,0.0,0.0,8.630077861572898,9.244821216175257,9.387300347151422,9.56922117013064,9.77090595834846,10.228634973124215,10.468968213960098,10.846333846596886,11.211497065508226,11.461020189173373,11.514768162736566,11.842717778696425,12.052537974744839,12.326877593155055,12.459088117366012,12.55176162978485,12.690571247494729,12.892615078289188,13.022615078289187,13.222819971919654,13.299494773278884,13.468879104717766,13.558879104717766,13.667067825359755,13.763608874598095,13.910115620956486,14.039082269963547,14.272610017983856,14.307574041555174,14.441890760627565,14.623059633042548,14.86667550267218,14.654574347868717
0.0,0.0,0.0,0.0,0.0,0.0,0.0,0.0,0.0,0.0,0.0,0.0,0.0,0.0,0.0,0.0,0.0,0.0,0.0,0.0,0.0,0.0,0.0,0.0,0.0,0.0,0.0,0.0,0.0,0.0,0.0,0.0,0.0,0.0,0.0,0.0,0.0,0.0,0.0,0.0,0.0,0.0,0.0,0.0,0.0,0.0,0.0,9.558992927937947,9.727221108048271,9.889506484181286,10.114783511914966,10.296694859232941,10.704621532636068,11.063602694234222,11.259021320866552,11.610955998807894,11.770947093003297,11.933325073892725,12.144889664641155,12.321935132271692,12.553983338475316,12.674423434570972,12.886403772382508,12.933011256068664,13.063983338475316,13.203983338475314,13.335738729442735,13.532370001881185,13.643059633042547,13.686809314881263,13.771890760627565,13.788569532691316,13.918803118555308,14.087307748545907,14.180657398385257,14.303388807737655,14.4301689452761,14.594137503186467,14.367062724988351
0.0,0.0,0.0,0.0,0.0,0.0,0.0,0.0,0.0,0.0,0.0,0.0,0.0,0.0,0.0,0.0,0.0,0.0,0.0,0.0,0.0,0.0,0.0,0.0,0.0,0.0,0.0,0.0,0.0,0.0,0.0,0.0,0.0,0.0,0.0,0.0,0.0,0.0,0.0,0.0,0.0,0.0,0.0,0.0,0.0,0.0,0.0,10.132355233835469,10.060496541877894,10.229203543018016,10.535942255097726,10.67100188747926,10.991705958660312,11.265278318974069,11.511186510820101,11.778130403604719,11.911725573570049,12.165828743033506,12.309743759701746,12.467043757019455,12.663511273160672,12.775394306948975,12.8002061421206,12.973369978530329,13.100656195831878,13.150599475570324,13.303983338475316,13.484959616848228,13.570451817493318,13.648381419720172,13.708324493047495,13.728803118555307,13.792910237533494,13.928574595414073,14.07926879773813,14.214685485538386,14.343388807737654,14.51186610996825,14.400900170060126
0.0,0.0,0.0,0.0,0.0,0.0,0.0,0.0,0.0,0.0,0.0,0.0,0.0,0.0,0.0,0.0,0.0,0.0,0.0,0.0,0.0,0.0,0.0,0.0,0.0,0.0,0.0,0.0,0.0,0.0,0.0,0.0,0.0,0.0,0.0,0.0,0.0,0.0,0.0,0.0,0.0,0.0,0.0,0.0,0.0,0.0,9.980306272492895,10.704523775832103,10.099002917198531,10.533481892132565,10.832149259547691,11.211546022984155,11.349818092518099,11.559383020227544,11.675027070263575,11.910025545011152,12.110182521654128,12.27237591454329,12.505230658980937,12.654320074142301,12.700669845948262,12.81114735726776,12.867043757019456,12.982298161915974,12.97855075034637,13.130115620956486,13.210115620956486,13.334670279376356,13.34176162978485,13.413376831617999,13.470237788013938,13.52523375281573,13.631501858815017,13.718468426608403,13.831839355844432,14.078176888151676,14.230478880020398,14.27424932575204,14.06066685784884
0.0,0.0,0.0,0.0,0.0,0.0,0.0,0.0,0.0,0.0,0.0,0.0,0.0,0.0,0.0,0.0,0.0,0.0,0.0,0.0,0.0,0.0,0.0,0.0,0.0,0.0,0.0,0.0,0.0,0.0,0.0,0.0,0.0,0.0,0.0,0.0,0.0,0.0,0.0,0.0,0.0,0.0,0.0,0.0,0.0,0.0,0.0,10.210922838859231,10.063291981921992,10.514522451100323,10.898566879311689,11.27347786080697,11.337001619008912,11.588403118940455,11.845135005236182,12.004114868386788,12.2544427187476,12.431595614535507,12.517560651215167,12.607246573281689,12.731575400602026,12.729764250181102,12.795775934786692,12.845885933694136,12.970599475570324,13.012522853869456,13.033376831617998,13.146067020842214,13.130994724294279,13.236349090136695,13.357440256861697,13.430043335646037,13.385584213457474,13.462278538458824,13.57044564106897,13.569510320014286,13.731035510573717,13.859781524734663,13.75032973214624
0.0,0.0,0.0,0.0,0.0,0.0,0.0,0.0,0.0,0.0,0.0,0.0,0.0,0.0,0.0,0.0,0.0,0.0,0.0,0.0,0.0,0.0,0.0,0.0,0.0,0.0,0.0,0.0,0.0,0.0,0.0,0.0,0.0,0.0,0.0,0.0,0.0,0.0,0.0,0.0,0.0,0.0,0.0,0.0,0.0,0.0,0.0,9.699892831816905,9.792079171604033,10.183719669309408,10.721878788519518,11.054295385310795,11.25385160729253,11.334424599678298,11.625976944681964,11.875490921195132,12.090941158049425,12.222894197263916,12.339127885692355,12.48023747909971,12.499764250181103,12.639764250181102,12.753197375389183,12.845494549972967,12.88855075034637,12.925645193566256,13.025645193566255,13.003273747075625,13.096881068794051,13.165129910453945,13.23647406902789,13.303002331197073,13.351599545103479,13.36800201176322,13.413120831885557,13.542827429405559,13.634234529430008,13.631989313538337,13.448658563305088
0.0,0.0,0.0,0.0,0.0,0.0,0.0,0.0,0.0,0.0,0.0,0.0,0.0,0.0,0.0,0.0,0.0,0.0,0.0,0.0,0.0,0.0,0.0,0.0,0.0,0.0,0.0,0.0,0.0,0.0,0.0,0.0,0.0,0.0,0.0,0.0,0.0,0.0,0.0,0.0,0.0,0.0,0.0,0.0,0.0,0.0,9.278684363717833,9.591024438956682,10.16405489705418,10.181666207269505,10.478395440131214,10.778262929314465,11.034224213724757,11.313464086850717,11.455761866174466,11.67815357726408,11.793983338475314,12.024266853886827,12.103983338475315,12.257073210874971,12.328447105333787,12.544460656163633,12.654423434570973,12.73387432110303,12.760972930872795,12.80391441440491,12.911918325155,12.996563448008358,13.087772256137937,13.158199883002238,13.20708871145262,13.217041796416364,13.307041796416364,13.367075205440917,13.46517389301679,13.496539298465592,13.586539298465592,13.576357236738996,13.447998040366272
0.0,0.0,0.0,0.0,0.0,0.0,0.0,0.0,0.0,0.0,0.0,0.0,0.0,0.0,0.0,0.0,0.0,0.0,0.0,0.0,0.0,0.0,0.0,0.0,0.0,0.0,0.0,0.0,0.0,0.0,0.0,0.0,0.0,0.0,0.0,0.0,0.0,0.0,0.0,0.0,0.0,0.0,0.0,0.0,0.0,0.0,9.183447523787056,9.697585569325314,9.941055442567801,10.27960337261331,10.538111683997796,10.647833065573904,11.054165959516677,11.30913546239417,11.454393052996387,11.511556674226782,11.683843452198316,11.818879104717766,11.988879104717766,12.098841484786977,12.22884148478698,12.322522853869454,12.536276021545405,12.597514473452081,12.660260163735867,12.74057130688426,12.808400770132444,12.920571306884261,12.967119364715472,13.057119364715472,13.148125533933076,13.142086172482658,13.30057130688426,13.374061274030305,13.375571859557287,13.48932429985549,13.44674891767167,13.568938402179466,13.30372432286579
0.0,0.0,0.0,0.0,0.0,0.0,0.0,0.0,0.0,0.0,0.0,0.0,0.0,0.0,0.0,0.0,0.0,0.0,0.0,0.0,0.0,0.0,0.0,0.0,0.0,0.0,0.0,0.0,0.0,0.0,0.0,0.0,0.0,0.0,0.0,0.0,0.0,0.0,0.0,0.0,0.0,0.0,0.0,0.0,0.0,0.0,0.0,9.550413589070907,9.91739534501676,10.492585569503456,10.465054206895907,10.804419398072739,10.94261261770604,11.127943614019243,11.315898826365682,11.408839272876072,11.55855075034637,11.683748065253763,11.802522853869455,12.002615078289187,12.225589992363279,12.320294978414893,12.343843452198316,12.515253596829957,12.552522853869455,12.63751447345208,12.689470562276352,12.797889018778072,12.809300953955253,12.924278789561633,13.03176162978485,13.04057130688426,13.162522853869454,13.302949658703545,13.328841484786977,13.265874428449711,13.359081703862847,13.417119364715472,13.38057130688426
0.0,0.0,0.0,0.0,0.0,0.0,0.0,0.0,0.0,0.0,0.0,0.0,0.0,0.0,0.0,0.0,0.0,0.0,0.0,0.0,0.0,0.0,0.0,0.0,0.0,0.0,0.0,0.0,0.0,0.0,0.0,0.0,0.0,0.0,0.0,0.0,0.0,0.0,0.0,0.0,0.0,0.0,0.0,0.0,0.0,0.0,0.0,9.278945426149422,9.706574791824359,9.961811979868775,10.278229540029207,10.471994989382482,10.785240889308296,10.953552084648972,11.178096988232923,11.345354133819201,11.491919878106073,11.51855075034637,11.690077475381468,11.784585585614257,12.010294978414892,12.014585585614256,12.216652147207558,12.223748065253762,12.35855075034637,12.41057124749473,12.570599254380507,12.554278789561634,12.627535023593698,12.7211865108201,12.78947056227635,12.864278789561633,12.988356850889685,13.050599475570325,13.140789281880975,13.151627168092581,13.22051397443191,13.288550750346369,13.191471142111592
0.0,0.0,0.0,0.0,0.0,0.0,0.0,0.0,0.0,0.0,0.0,0.0,0.0,0.0,0.0,0.0,0.0,0.0,0.0,0.0,0.0,0.0,0.0,0.0,0.0,0.0,0.0,0.0,0.0,0.0,0.0,0.0,0.0,0.0,0.0,0.0,0.0,0.0,0.0,0.0,0.0,0.0,0.0,0.0,0.0,0.0,0.0,0.0,9.440268055491115,9.617371165648791,9.98848544148968,10.192406786763225,10.391010439083487,10.607681225994579,10.890120768135844,11.022478365667876,11.224815909838254,11.338604125079026,11.514885357199114,11.55100238617354,11.7402061421206,11.792882791331703,11.950206142120601,12.0602061421206,12.065187017657244,12.112314620473596,12.2075350235937,12.28947056227635,12.43407417478249,12.446645036078646,12.614833553643567,12.591186510820101,12.661186510820102,12.761678735326896,12.80977710392111,12.881002386173542,12.996726409253961,13.060599475570324,12.998356850889685
0.0,0.0,0.0,0.0,0.0,0.0,0.0,0.0,0.0,0.0,0.0,0.0,0.0,0.0,0.0,0.0,0.0,0.0,0.0,0.0,0.0,0.0,0.0,0.0,0.0,0.0,0.0,0.0,0.0,0.0,0.0,0.0,0.0,0.0,0.0,0.0,0.0,0.0,0.0,0.0,0.0,0.0,0.0,0.0,0.0,0.0,0.0,0.0,8.967770437997624,9.39494515137212,9.799918564964445,9.82036572177986,9.997439528090283,10.25650162900709,10.473251000760975,10.672124251489251,10.885679493863604,11.033466900592611,11.21498335861925,11.332044612935551,11.365389204685794,11.554889664641156,11.6537263266171,11.671132166241765,11.748519423206673,11.851186510820101,11.898945703489936,12.007535023593697,12.101132166241765,12.161186510820102,12.31051397443191,12.35407417478249,12.3911865108201,12.441186510820101,12.554971179973801,12.638447105333785,12.702882791331703,12.798447105333786,12.708356850889686
0.0,0.0,0.0,0.0,0.0,0.0,0.0,0.0,0.0,0.0,0.0,0.0,0.0,0.0,0.0,0.0,0.0,0.0,0.0,0.0,0.0,0.0,0.0,0.0,0.0,0.0,0.0,0.0,0.0,0.0,0.0,0.0,0.0,0.0,0.0,0.0,0.0,0.0,0.0,0.0,0.0,0.0,0.0,0.0,0.0,0.0,0.0,0.0,0.0,0.0,9.535565526493272,9.509123046922998,9.705653123472107,9.924837077275642,10.170292116760127,10.334828087562247,10.49449318335416,10.671191668686294,10.819391513068886,10.94106341590651,11.069526665049388,11.140518740605534,11.25305191890237,11.42947056227635,11.517658065644117,11.572526484077336,11.591918325155,11.695429695650954,11.68469049176322,11.835565649915628,11.840274211578617,11.910274211578614,11.970274211578616,12.073251525585718,12.153914414404909,12.349530340841508,12.346645036078646,12.51051397443191,12.407889018778071
0.0,0.0,0.0,0.0,0.0,0.0,0.0,0.0,0.0,0.0,0.0,0.0,0.0,0.0,0.0,0.0,0.0,0.0,0.0,0.0,0.0,0.0,0.0,0.0,0.0,0.0,0.0,0.0,0.0,0.0,0.0,0.0,0.0,0.0,0.0,0.0,0.0,0.0,0.0,0.0,0.0,0.0,0.0,0.0,0.0,0.0,0.0,0.0,0.0,0.0,0.0,9.411043735643794,9.424541614951995,9.60472750974719,9.822288223462655,9.993827505529241,10.12523040891267,10.26180133582488,10.370613890371722,10.529058063349215,10.679880264629306,10.746799867117893,10.911190740258638,11.005896193877641,11.06545319293003,11.216618981221988,11.284093552626851,11.350034953545086,11.410034953545086,11.464768162736567,11.490947547566432,11.585758101514687,11.686863061816084,11.705758101514686,11.80293577234007,11.933896140203636,12.024631437340583,12.23378846445795,12.183788464457951
0.0,0.0,0.0,0.0,0.0,0.0,0.0,0.0,0.0,0.0,0.0,0.0,0.0,0.0,0.0,0.0,0.0,0.0,0.0,0.0,0.0,0.0,0.0,0.0,0.0,0.0,0.0,0.0,0.0,0.0,0.0,0.0,0.0,0.0,0.0,0.0,0.0,0.0,0.0,0.0,0.0,0.0,0.0,0.0,0.0,0.0,0.0,0.0,0.0,0.0,0.0,0.0,0.0,9.311604483419327,9.389237579171118,9.448236889137256,9.684277847449692,9.785440036599823,9.886462723107826,10.04594909188138,10.258544216893764,10.340157739310914,10.498594684260976,10.51684386566852,10.605500743619366,10.718605616598364,10.874443823257714,11.02323027658431,11.06748603396423,11.126358008933485,11.167218249833333,11.215093495519113,11.276691313796743,11.341824939316888,11.407218249833331,11.590274211578617,11.703896140203636,11.797682241735444,11.76391441440491
0.0,0.0,0.0,0.0,0.0,0.0,0.0,0.0,0.0,0.0,0.0,0.0,0.0,0.0,0.0,0.0,0.0,0.0,0.0,0.0,0.0,0.0,0.0,0.0,0.0,0.0,0.0,0.0,0.0,0.0,0.0,0.0,0.0,0.0,0.0,0.0,0.0,0.0,0.0,0.0,0.0,0.0,0.0,0.0,0.0,0.0,0.0,0.0,0.0,0.0,0.0,0.0,0.0,0.0,0.0,8.983907116097582,9.104607147182538,9.203633656928075,9.41701512436798,9.625166803101614,9.73241579311106,9.822093448906294,9.978269774293343,10.03758778241535,10.190717708087245,10.257582180574595,10.484494290690481,10.528650355065704,10.607527853959564,10.71423263286464,10.82436041181991,10.898634042125611,10.95548492456271,11.031824939316888,11.085093495519112,11.217385324059336,11.29738252868005,11.41293577234007,11.40466345247064
0.0,0.0,0.0,0.0,0.0,0.0,0.0,0.0,0.0,0.0,0.0,0.0,0.0,0.0,0.0,0.0,0.0,0.0,0.0,0.0,0.0,0.0,0.0,0.0,0.0,0.0,0.0,0.0,0.0,0.0,0.0,0.0,0.0,0.0,0.0,0.0,0.0,0.0,0.0,0.0,0.0,0.0,0.0,0.0,0.0,0.0,0.0,0.0,0.0,0.0,0.0,0.0,0.0,0.0,0.0,0.0,0.0,0.0,8.909172813611379,8.94206117245945,9.120139968866996,9.307276301198513,9.47611111472537,9.57838791483631,9.76482734595047,9.846214272003847,9.93956161184466,10.087299096019677,10.224795471518485,10.255349169565019,10.36546795905842,10.419010993568458,10.470218930400547,10.583325990891181,10.786818644554705,10.795458191926876,10.906812537171536,11.062715009508885,11.076334170381346
0.0,0.0,0.0,0.0,0.0,0.0,0.0,0.0,0.0,0.0,0.0,0.0,0.0,0.0,0.0,0.0,0.0,0.0,0.0,0.0,0.0,0.0,0.0,0.0,0.0,0.0,0.0,0.0,0.0,0.0,0.0,0.0,0.0,0.0,0.0,0.0,0.0,0.0,0.0,0.0,0.0,0.0,0.0,0.0,0.0,0.0,0.0,0.0,0.0,0.0,0.0,0.0,0.0,0.0,0.0,0.0,0.0,0.0,0.0,0.0,8.633413192280768,8.80291761604128,8.932717544525767,9.079450667394992,9.23680093132283,9.374298102178205,9.52284484696905,9.664247446232078,9.819679857365566,9.724939659885546,10.096954416819198,10.111150422143968,10.190581556550885,10.209950202730987,10.39530439238974,10.480378887082981,10.584270037595017,10.652636631241963,10.656792382268694
0.0,0.0,0.0,0.0,0.0,0.0,0.0,0.0,0.0,0.0,0.0,0.0,0.0,0.0,0.0,0.0,0.0,0.0,0.0,0.0,0.0,0.0,0.0,0.0,0.0,0.0,0.0,0.0,0.0,0.0,0.0,0.0,0.0,0.0,0.0,0.0,0.0,0.0,0.0,0.0,0.0,0.0,0.0,0.0,0.0,0.0,0.0,0.0,0.0,0.0,0.0,0.0,0.0,0.0,0.0,0.0,0.0,0.0,0.0,0.0,0.0,0.0,0.0,8.65788463217161,8.606953156388771,8.764820484079078,9.118542271455738,9.105974795621545,9.157731073280116,9.349460613043235,9.524063622934136,9.677554480524872,9.788848890867435,9.86892684285364,9.91040440192777,10.005101878020518,10.15863362595719,10.430600403324336,10.346307223769768
0.0,0.0,0.0,0.0,0.0,0.0,0.0,0.0,0.0,0.0,0.0,0.0,0.0,0.0,0.0,0.0,0.0,0.0,0.0,0.0,0.0,0.0,0.0,0.0,0.0,0.0,0.0,0.0,0.0,0.0,0.0,0.0,0.0,0.0,0.0,0.0,0.0,0.0,0.0,0.0,0.0,0.0,0.0,0.0,0.0,0.0,0.0,0.0,0.0,0.0,0.0,0.0,0.0,0.0,0.0,0.0,0.0,0.0,0.0,0.0,0.0,0.0,0.0,0.0,0.0,0.0,0.0,0.0,0.0,0.0,9.079282276738368,9.286717261499076,9.387087374968683,9.560803390725537,9.719671774532717,9.833712911225827,9.873762105893423,10.003731485332915,9.973683375142024
0.0,0.0,0.0,0.0,0.0,0.0,0.0,0.0,0.0,0.0,0.0,0.0,0.0,0.0,0.0,0.0,0.0,0.0,0.0,0.0,0.0,0.0,0.0,0.0,0.0,0.0,0.0,0.0,0.0,0.0,0.0,0.0,0.0,0.0,0.0,0.0,0.0,0.0,0.0,0.0,0.0,0.0,0.0,0.0,0.0,0.0,0.0,0.0,0.0,0.0,0.0,0.0,0.0,0.0,0.0,0.0,0.0,0.0,0.0,0.0,0.0,0.0,0.0,0.0,0.0,0.0,0.0,0.0,0.0,0.0,0.0,0.0,8.93332819274238,9.18766202139218,9.303700453611288,9.525061346543119,9.62658487741233,9.806290850081833,9.678374340332766
0.0,0.0,0.0,0.0,0.0,0.0,0.0,0.0,0.0,0.0,0.0,0.0,0.0,0.0,0.0,0.0,0.0,0.0,0.0,0.0,0.0,0.0,0.0,0.0,0.0,0.0,0.0,0.0,0.0,0.0,0.0,0.0,0.0,0.0,0.0,0.0,0.0,0.0,0.0,0.0,0.0,0.0,0.0,0.0,0.0,0.0,0.0,0.0,0.0,0.0,0.0,0.0,0.0,0.0,0.0,0.0,0.0,0.0,0.0,0.0,0.0,0.0,0.0,0.0,0.0,0.0,0.0,0.0,0.0,0.0,0.0,0.0,0.0,0.0,0.0,0.0,0.0,9.539441391145573,9.934594344184976
0.0,0.0,0.0,0.0,0.0,0.0,0.0,0.0,0.0,0.0,0.0,0.0,0.0,0.0,0.0,0.0,0.0,0.0,0.0,0.0,0.0,0.0,0.0,0.0,0.0,0.0,0.0,0.0,0.0,0.0,0.0,0.0,0.0,0.0,0.0,0.0,0.0,0.0,0.0,0.0,0.0,0.0,0.0,0.0,0.0,0.0,0.0,0.0,0.0,0.0,0.0,0.0,0.0,0.0,0.0,0.0,0.0,0.0,0.0,0.0,0.0,0.0,0.0,0.0,0.0,0.0,0.0,0.0,0.0,0.0,0.0,0.0,0.0,0.0,0.0,0.0,0.0,0.0,0.0
0.0,0.0,0.0,0.0,0.0,0.0,0.0,0.0,0.0,0.0,0.0,0.0,0.0,0.0,0.0,0.0,0.0,0.0,0.0,0.0,0.0,0.0,0.0,0.0,0.0,0.0,0.0,0.0,0.0,0.0,0.0,0.0,0.0,0.0,0.0,0.0,0.0,0.0,0.0,0.0,0.0,0.0,0.0,0.0,0.0,0.0,0.0,0.0,0.0,0.0,0.0,0.0,0.0,0.0,0.0,0.0,0.0,0.0,0.0,0.0,0.0,0.0,0.0,0.0,0.0,0.0,0.0,0.0,0.0,0.0,0.0,0.0,0.0,0.0,0.0,0.0,0.0,0.0,0.0
0.0,0.0,0.0,0.0,0.0,0.0,0.0,0.0,0.0,0.0,0.0,0.0,0.0,0.0,0.0,0.0,0.0,0.0,0.0,0.0,0.0,0.0,0.0,0.0,0.0,0.0,0.0,0.0,0.0,0.0,0.0,0.0,0.0,0.0,0.0,0.0,0.0,0.0,0.0,0.0,0.0,0.0,0.0,0.0,0.0,0.0,0.0,0.0,0.0,0.0,0.0,0.0,0.0,0.0,0.0,0.0,0.0,0.0,0.0,0.0,0.0,0.0,0.0,0.0,0.0,0.0,0.0,0.0,0.0,0.0,0.0,0.0,0.0,0.0,0.0,0.0,0.0,0.0,0.0
0.0,0.0,0.0,0.0,0.0,0.0,0.0,0.0,0.0,0.0,0.0,0.0,0.0,0.0,0.0,0.0,0.0,0.0,0.0,0.0,0.0,0.0,0.0,0.0,0.0,0.0,0.0,0.0,0.0,0.0,0.0,0.0,0.0,0.0,0.0,0.0,0.0,0.0,0.0,0.0,0.0,0.0,0.0,0.0,0.0,0.0,0.0,0.0,0.0,0.0,0.0,0.0,0.0,0.0,0.0,0.0,0.0,0.0,0.0,0.0,0.0,0.0,0.0,0.0,0.0,0.0,0.0,0.0,0.0,0.0,0.0,0.0,0.0,0.0,0.0,0.0,0.0,0.0,0.0
0.0,0.0,0.0,0.0,0.0,0.0,0.0,0.0,0.0,0.0,0.0,0.0,0.0,0.0,0.0,0.0,0.0,0.0,0.0,0.0,0.0,0.0,0.0,0.0,0.0,0.0,0.0,0.0,0.0,0.0,0.0,0.0,0.0,0.0,0.0,0.0,0.0,0.0,0.0,0.0,0.0,0.0,0.0,0.0,0.0,0.0,0.0,0.0,0.0,0.0,0.0,0.0,0.0,0.0,0.0,0.0,0.0,0.0,0.0,0.0,0.0,0.0,0.0,0.0,0.0,0.0,0.0,0.0,0.0,0.0,0.0,0.0,0.0,0.0,0.0,0.0,0.0,0.0,0.0
0.0,0.0,0.0,0.0,0.0,0.0,0.0,0.0,0.0,0.0,0.0,0.0,0.0,0.0,0.0,0.0,0.0,0.0,0.0,0.0,0.0,0.0,0.0,0.0,0.0,0.0,0.0,0.0,0.0,0.0,0.0,0.0,0.0,0.0,0.0,0.0,0.0,0.0,0.0,0.0,0.0,0.0,0.0,0.0,0.0,0.0,0.0,0.0,0.0,0.0,0.0,0.0,0.0,0.0,0.0,0.0,0.0,0.0,0.0,0.0,0.0,0.0,0.0,0.0,0.0,0.0,0.0,0.0,0.0,0.0,0.0,0.0,0.0,0.0,0.0,0.0,0.0,0.0,0.0
0.0,0.0,0.0,0.0,0.0,0.0,0.0,0.0,0.0,0.0,0.0,0.0,0.0,0.0,0.0,0.0,0.0,0.0,0.0,0.0,0.0,0.0,0.0,0.0,0.0,0.0,0.0,0.0,0.0,0.0,0.0,0.0,0.0,0.0,0.0,0.0,0.0,0.0,0.0,0.0,0.0,0.0,0.0,0.0,0.0,0.0,0.0,0.0,0.0,0.0,0.0,0.0,0.0,0.0,0.0,0.0,0.0,0.0,0.0,0.0,0.0,0.0,0.0,0.0,0.0,0.0,0.0,0.0,0.0,0.0,0.0,0.0,0.0,0.0,0.0,0.0,0.0,0.0,0.0
0.0,0.0,0.0,0.0,0.0,0.0,0.0,0.0,0.0,0.0,0.0,0.0,0.0,0.0,0.0,0.0,0.0,0.0,0.0,0.0,0.0,0.0,0.0,0.0,0.0,0.0,0.0,0.0,0.0,0.0,0.0,0.0,0.0,0.0,0.0,0.0,0.0,0.0,0.0,0.0,0.0,0.0,0.0,0.0,0.0,0.0,0.0,0.0,0.0,0.0,0.0,0.0,0.0,0.0,0.0,0.0,0.0,0.0,0.0,0.0,0.0,0.0,0.0,0.0,0.0,0.0,0.0,0.0,0.0,0.0,0.0,0.0,0.0,0.0,0.0,0.0,0.0,0.0,0.0
0.0,0.0,0.0,0.0,0.0,0.0,0.0,0.0,0.0,0.0,0.0,0.0,0.0,0.0,0.0,0.0,0.0,0.0,0.0,0.0,0.0,0.0,0.0,0.0,0.0,0.0,0.0,0.0,0.0,0.0,0.0,0.0,0.0,0.0,0.0,0.0,0.0,0.0,0.0,0.0,0.0,0.0,0.0,0.0,0.0,0.0,0.0,0.0,0.0,0.0,0.0,0.0,0.0,0.0,0.0,0.0,0.0,0.0,0.0,0.0,0.0,0.0,0.0,0.0,0.0,0.0,0.0,0.0,0.0,0.0,0.0,0.0,0.0,0.0,0.0,0.0,0.0,0.0,0.0
0.0,0.0,0.0,0.0,0.0,0.0,0.0,0.0,0.0,0.0,0.0,0.0,0.0,0.0,0.0,0.0,0.0,0.0,0.0,0.0,0.0,0.0,0.0,0.0,0.0,0.0,0.0,0.0,0.0,0.0,0.0,0.0,0.0,0.0,0.0,0.0,0.0,0.0,0.0,0.0,0.0,0.0,0.0,0.0,0.0,0.0,0.0,0.0,0.0,0.0,0.0,0.0,0.0,0.0,0.0,0.0,0.0,0.0,0.0,0.0,0.0,0.0,0.0,0.0,0.0,0.0,0.0,0.0,0.0,0.0,0.0,0.0,0.0,0.0,0.0,0.0,0.0,0.0,0.0
0.0,0.0,0.0,0.0,0.0,0.0,0.0,0.0,0.0,0.0,0.0,0.0,0.0,0.0,0.0,0.0,0.0,0.0,0.0,0.0,0.0,0.0,0.0,0.0,0.0,0.0,0.0,0.0,0.0,0.0,0.0,0.0,0.0,0.0,0.0,0.0,0.0,0.0,0.0,0.0,0.0,0.0,0.0,0.0,0.0,0.0,0.0,0.0,0.0,0.0,0.0,0.0,0.0,0.0,0.0,0.0,0.0,0.0,0.0,0.0,0.0,0.0,0.0,0.0,0.0,0.0,0.0,0.0,0.0,0.0,0.0,0.0,0.0,0.0,0.0,0.0,0.0,0.0,0.0
0.0,0.0,0.0,0.0,0.0,0.0,0.0,0.0,0.0,0.0,0.0,0.0,0.0,0.0,0.0,0.0,0.0,0.0,0.0,0.0,0.0,0.0,0.0,0.0,0.0,0.0,0.0,0.0,0.0,0.0,0.0,0.0,0.0,0.0,0.0,0.0,0.0,0.0,0.0,0.0,0.0,0.0,0.0,0.0,0.0,0.0,0.0,0.0,0.0,0.0,0.0,0.0,0.0,0.0,0.0,0.0,0.0,0.0,0.0,0.0,0.0,0.0,0.0,0.0,0.0,0.0,0.0,0.0,0.0,0.0,0.0,0.0,0.0,0.0,0.0,0.0,0.0,0.0,0.0
0.0,0.0,0.0,0.0,0.0,0.0,0.0,0.0,0.0,0.0,0.0,0.0,0.0,0.0,0.0,0.0,0.0,0.0,0.0,0.0,0.0,0.0,0.0,0.0,0.0,0.0,0.0,0.0,0.0,0.0,0.0,0.0,0.0,0.0,0.0,0.0,0.0,0.0,0.0,0.0,0.0,0.0,0.0,0.0,0.0,0.0,0.0,0.0,0.0,0.0,0.0,0.0,0.0,0.0,0.0,0.0,0.0,0.0,0.0,0.0,0.0,0.0,0.0,0.0,0.0,0.0,0.0,0.0,0.0,0.0,0.0,0.0,0.0,0.0,0.0,0.0,0.0,0.0,0.0
0.0,0.0,0.0,0.0,0.0,0.0,0.0,0.0,0.0,0.0,0.0,0.0,0.0,0.0,0.0,0.0,0.0,0.0,0.0,0.0,0.0,0.0,0.0,0.0,0.0,0.0,0.0,0.0,0.0,0.0,0.0,0.0,0.0,0.0,0.0,0.0,0.0,0.0,0.0,0.0,0.0,0.0,0.0,0.0,0.0,0.0,0.0,0.0,0.0,0.0,0.0,0.0,0.0,0.0,0.0,0.0,0.0,0.0,0.0,0.0,0.0,0.0,0.0,0.0,0.0,0.0,0.0,0.0,0.0,0.0,0.0,0.0,0.0,0.0,0.0,0.0,0.0,0.0,0.0
0.0,0.0,0.0,0.0,0.0,0.0,0.0,0.0,0.0,0.0,0.0,0.0,0.0,0.0,0.0,0.0,0.0,0.0,0.0,0.0,0.0,0.0,0.0,0.0,0.0,0.0,0.0,0.0,0.0,0.0,0.0,0.0,0.0,0.0,0.0,0.0,0.0,0.0,0.0,0.0,0.0,0.0,0.0,0.0,0.0,0.0,0.0,0.0,0.0,0.0,0.0,0.0,0.0,0.0,0.0,0.0,0.0,0.0,0.0,0.0,0.0,0.0,0.0,0.0,0.0,0.0,0.0,0.0,0.0,0.0,0.0,0.0,0.0,0.0,0.0,0.0,0.0,0.0,0.0
0.0,0.0,0.0,0.0,0.0,0.0,0.0,0.0,0.0,0.0,0.0,0.0,0.0,0.0,0.0,0.0,0.0,0.0,0.0,0.0,0.0,0.0,0.0,0.0,0.0,0.0,0.0,0.0,0.0,0.0,0.0,0.0,0.0,0.0,0.0,0.0,0.0,0.0,0.0,0.0,0.0,0.0,0.0,0.0,0.0,0.0,0.0,0.0,0.0,0.0,0.0,0.0,0.0,0.0,0.0,0.0,0.0,0.0,0.0,0.0,0.0,0.0,0.0,0.0,0.0,0.0,0.0,0.0,0.0,0.0,0.0,0.0,0.0,0.0,0.0,0.0,0.0,0.0,0.0
0.0,0.0,0.0,0.0,0.0,0.0,0.0,0.0,0.0,0.0,0.0,0.0,0.0,0.0,0.0,0.0,0.0,0.0,0.0,0.0,0.0,0.0,0.0,0.0,0.0,0.0,0.0,0.0,0.0,0.0,0.0,0.0,0.0,0.0,0.0,0.0,0.0,0.0,0.0,0.0,0.0,0.0,0.0,0.0,0.0,0.0,0.0,0.0,0.0,0.0,0.0,0.0,0.0,0.0,0.0,0.0,0.0,0.0,0.0,0.0,0.0,0.0,0.0,0.0,0.0,0.0,0.0,0.0,0.0,0.0,0.0,0.0,0.0,0.0,0.0,0.0,0.0,0.0,0.0
0.0,0.0,0.0,0.0,0.0,0.0,0.0,0.0,0.0,0.0,0.0,0.0,0.0,0.0,0.0,0.0,0.0,0.0,0.0,0.0,0.0,0.0,0.0,0.0,0.0,0.0,0.0,0.0,0.0,0.0,0.0,0.0,0.0,0.0,0.0,0.0,0.0,0.0,0.0,0.0,0.0,0.0,0.0,0.0,0.0,0.0,0.0,0.0,0.0,0.0,0.0,0.0,0.0,0.0,0.0,0.0,0.0,0.0,0.0,0.0,0.0,0.0,0.0,0.0,0.0,0.0,0.0,0.0,0.0,0.0,0.0,0.0,0.0,0.0,0.0,0.0,0.0,0.0,0.0
0.0,0.0,0.0,0.0,0.0,0.0,0.0,0.0,0.0,0.0,0.0,0.0,0.0,0.0,0.0,0.0,0.0,0.0,0.0,0.0,0.0,0.0,0.0,0.0,0.0,0.0,0.0,0.0,0.0,0.0,0.0,0.0,0.0,0.0,0.0,0.0,0.0,0.0,0.0,0.0,0.0,0.0,0.0,0.0,0.0,0.0,0.0,0.0,0.0,0.0,0.0,0.0,0.0,0.0,0.0,0.0,0.0,0.0,0.0,0.0,0.0,0.0,0.0,0.0,0.0,0.0,0.0,0.0,0.0,0.0,0.0,0.0,0.0,0.0,0.0,0.0,0.0,0.0,0.0
0.0,0.0,0.0,0.0,0.0,0.0,0.0,0.0,0.0,0.0,0.0,0.0,0.0,0.0,0.0,0.0,0.0,0.0,0.0,0.0,0.0,0.0,0.0,0.0,0.0,0.0,0.0,0.0,0.0,0.0,0.0,0.0,0.0,0.0,0.0,0.0,0.0,0.0,0.0,0.0,0.0,0.0,0.0,0.0,0.0,0.0,0.0,0.0,0.0,0.0,0.0,0.0,0.0,0.0,0.0,0.0,0.0,0.0,0.0,0.0,0.0,0.0,0.0,0.0,0.0,0.0,0.0,0.0,0.0,0.0,0.0,0.0,0.0,0.0,0.0,0.0,0.0,0.0,0.0
0.0,0.0,0.0,0.0,0.0,0.0,0.0,0.0,0.0,0.0,0.0,0.0,0.0,0.0,0.0,0.0,0.0,0.0,0.0,0.0,0.0,0.0,0.0,0.0,0.0,0.0,0.0,0.0,0.0,0.0,0.0,0.0,0.0,0.0,0.0,0.0,0.0,0.0,0.0,0.0,0.0,0.0,0.0,0.0,0.0,0.0,0.0,0.0,0.0,0.0,0.0,0.0,0.0,0.0,0.0,0.0,0.0,0.0,0.0,0.0,0.0,0.0,0.0,0.0,0.0,0.0,0.0,0.0,0.0,0.0,0.0,0.0,0.0,0.0,0.0,0.0,0.0,0.0,0.0
0.0,0.0,0.0,0.0,0.0,0.0,0.0,0.0,0.0,0.0,0.0,0.0,0.0,0.0,0.0,0.0,0.0,0.0,0.0,0.0,0.0,0.0,0.0,0.0,0.0,0.0,0.0,0.0,0.0,0.0,0.0,0.0,0.0,0.0,0.0,0.0,0.0,0.0,0.0,0.0,0.0,0.0,0.0,0.0,0.0,0.0,0.0,0.0,0.0,0.0,0.0,0.0,0.0,0.0,0.0,0.0,0.0,0.0,0.0,0.0,0.0,0.0,0.0,0.0,0.0,0.0,0.0,0.0,0.0,0.0,0.0,0.0,0.0,0.0,0.0,0.0,0.0,0.0,0.0
0.0,0.0,0.0,0.0,0.0,0.0,0.0,0.0,0.0,0.0,0.0,0.0,0.0,0.0,0.0,0.0,0.0,0.0,0.0,0.0,0.0,0.0,0.0,0.0,0.0,0.0,0.0,0.0,0.0,0.0,0.0,0.0,0.0,0.0,0.0,0.0,0.0,0.0,0.0,0.0,0.0,0.0,0.0,0.0,0.0,0.0,0.0,0.0,0.0,0.0,0.0,0.0,0.0,0.0,0.0,0.0,0.0,0.0,0.0,0.0,0.0,0.0,0.0,0.0,0.0,0.0,0.0,0.0,0.0,0.0,0.0,0.0,0.0,0.0,0.0,0.0,0.0,0.0,0.0
0.0,0.0,0.0,0.0,0.0,0.0,0.0,0.0,0.0,0.0,0.0,0.0,0.0,0.0,0.0,0.0,0.0,0.0,0.0,0.0,0.0,0.0,0.0,0.0,0.0,0.0,0.0,0.0,0.0,0.0,0.0,0.0,0.0,0.0,0.0,0.0,0.0,0.0,0.0,0.0,0.0,0.0,0.0,0.0,0.0,0.0,0.0,0.0,0.0,0.0,0.0,0.0,0.0,0.0,0.0,0.0,0.0,0.0,0.0,0.0,0.0,0.0,0.0,0.0,0.0,0.0,0.0,0.0,0.0,0.0,0.0,0.0,0.0,0.0,0.0,0.0,0.0,0.0,0.0
0.0,0.0,0.0,0.0,0.0,0.0,0.0,0.0,0.0,0.0,0.0,0.0,0.0,0.0,0.0,0.0,0.0,0.0,0.0,0.0,0.0,0.0,0.0,0.0,0.0,0.0,0.0,0.0,0.0,0.0,0.0,0.0,0.0,0.0,0.0,0.0,0.0,0.0,0.0,0.0,0.0,0.0,0.0,0.0,0.0,0.0,0.0,0.0,0.0,0.0,0.0,0.0,0.0,0.0,0.0,0.0,0.0,0.0,0.0,0.0,0.0,0.0,0.0,0.0,0.0,0.0,0.0,0.0,0.0,0.0,0.0,0.0,0.0,0.0,0.0,0.0,0.0,0.0,0.0
0.0,0.0,0.0,0.0,0.0,0.0,0.0,0.0,0.0,0.0,0.0,0.0,0.0,0.0,0.0,0.0,0.0,0.0,0.0,0.0,0.0,0.0,0.0,0.0,0.0,0.0,0.0,0.0,0.0,0.0,0.0,0.0,0.0,0.0,0.0,0.0,0.0,0.0,0.0,0.0,0.0,0.0,0.0,0.0,0.0,0.0,0.0,0.0,0.0,0.0,0.0,0.0,0.0,0.0,0.0,0.0,0.0,0.0,0.0,0.0,0.0,0.0,0.0,0.0,0.0,0.0,0.0,0.0,0.0,0.0,0.0,0.0,0.0,0.0,0.0,0.0,0.0,0.0,0.0
0.0,0.0,0.0,0.0,0.0,0.0,0.0,0.0,0.0,0.0,0.0,0.0,0.0,0.0,0.0,0.0,0.0,0.0,0.0,0.0,0.0,0.0,0.0,0.0,0.0,0.0,0.0,0.0,0.0,0.0,0.0,0.0,0.0,0.0,0.0,0.0,0.0,0.0,0.0,0.0,0.0,0.0,0.0,0.0,0.0,0.0,0.0,0.0,0.0,0.0,0.0,0.0,0.0,0.0,0.0,0.0,0.0,0.0,0.0,0.0,0.0,0.0,0.0,0.0,0.0,0.0,0.0,0.0,0.0,0.0,0.0,0.0,0.0,0.0,0.0,0.0,0.0,0.0,0.0
0.0,0.0,0.0,0.0,0.0,0.0,0.0,0.0,0.0,0.0,0.0,0.0,0.0,0.0,0.0,0.0,0.0,0.0,0.0,0.0,0.0,0.0,0.0,0.0,0.0,0.0,0.0,0.0,0.0,0.0,0.0,0.0,0.0,0.0,0.0,0.0,0.0,0.0,0.0,0.0,0.0,0.0,0.0,0.0,0.0,0.0,0.0,0.0,0.0,0.0,0.0,0.0,0.0,0.0,0.0,0.0,0.0,0.0,0.0,0.0,0.0,0.0,0.0,0.0,0.0,0.0,0.0,0.0,0.0,0.0,0.0,0.0,0.0,0.0,0.0,0.0,0.0,0.0,0.0
0.0,0.0,0.0,0.0,0.0,0.0,0.0,0.0,0.0,0.0,0.0,0.0,0.0,0.0,0.0,0.0,0.0,0.0,0.0,0.0,0.0,0.0,0.0,0.0,0.0,0.0,0.0,0.0,0.0,0.0,0.0,0.0,0.0,0.0,0.0,0.0,0.0,0.0,0.0,0.0,0.0,0.0,0.0,0.0,0.0,0.0,0.0,0.0,0.0,0.0,0.0,0.0,0.0,0.0,0.0,0.0,0.0,0.0,0.0,0.0,0.0,0.0,0.0,0.0,0.0,0.0,0.0,0.0,0.0,0.0,0.0,0.0,0.0,0.0,0.0,0.0,0.0,0.0,0.0
0.0,0.0,0.0,0.0,0.0,0.0,0.0,0.0,0.0,0.0,0.0,0.0,0.0,0.0,0.0,0.0,0.0,0.0,0.0,0.0,0.0,0.0,0.0,0.0,0.0,0.0,0.0,0.0,0.0,0.0,0.0,0.0,0.0,0.0,0.0,0.0,0.0,0.0,0.0,0.0,0.0,0.0,0.0,0.0,0.0,0.0,0.0,0.0,0.0,0.0,0.0,0.0,0.0,0.0,0.0,0.0,0.0,0.0,0.0,0.0,0.0,0.0,0.0,0.0,0.0,0.0,0.0,0.0,0.0,0.0,0.0,0.0,0.0,0.0,0.0,0.0,0.0,0.0,0.0
0.0,0.0,0.0,0.0,0.0,0.0,0.0,0.0,0.0,0.0,0.0,0.0,0.0,0.0,0.0,0.0,0.0,0.0,0.0,0.0,0.0,0.0,0.0,0.0,0.0,0.0,0.0,0.0,0.0,0.0,0.0,0.0,0.0,0.0,0.0,0.0,0.0,0.0,0.0,0.0,0.0,0.0,0.0,0.0,0.0,0.0,0.0,0.0,0.0,0.0,0.0,0.0,0.0,0.0,0.0,0.0,0.0,0.0,0.0,0.0,0.0,0.0,0.0,0.0,0.0,0.0,0.0,0.0,0.0,0.0,0.0,0.0,0.0,0.0,0.0,0.0,0.0,0.0,0.0
0.0,0.0,0.0,0.0,0.0,0.0,0.0,0.0,0.0,0.0,0.0,0.0,0.0,0.0,0.0,0.0,0.0,0.0,0.0,0.0,0.0,0.0,0.0,0.0,0.0,0.0,0.0,0.0,0.0,0.0,0.0,0.0,0.0,0.0,0.0,0.0,0.0,0.0,0.0,0.0,0.0,0.0,0.0,0.0,0.0,0.0,0.0,0.0,0.0,0.0,0.0,0.0,0.0,0.0,0.0,0.0,0.0,0.0,0.0,0.0,0.0,0.0,0.0,0.0,0.0,0.0,0.0,0.0,0.0,0.0,0.0,0.0,0.0,0.0,0.0,0.0,0.0,0.0,0.0
0.0,0.0,0.0,0.0,0.0,0.0,0.0,0.0,0.0,0.0,0.0,0.0,0.0,0.0,0.0,0.0,0.0,0.0,0.0,0.0,0.0,0.0,0.0,0.0,0.0,0.0,0.0,0.0,0.0,0.0,0.0,0.0,0.0,0.0,0.0,0.0,0.0,0.0,0.0,0.0,0.0,0.0,0.0,0.0,0.0,0.0,0.0,0.0,0.0,0.0,0.0,0.0,0.0,0.0,0.0,0.0,0.0,0.0,0.0,0.0,0.0,0.0,0.0,0.0,0.0,0.0,0.0,0.0,0.0,0.0,0.0,0.0,0.0,0.0,0.0,0.0,0.0,0.0,0.0
