121.0,121.5,122.0,122.5,123.0,123.5,124.0,124.5,125.0,125.5,126.0,126.5,127.0,127.5,128.0,128.5,129.0,129.5,130.0,130.5,131.0,131.5,132.0,132.5,133.0,133.5,134.0,134.5,135.0,135.5,136.0,136.5,137.0,137.5,138.0,138.5,139.0,139.5,140.0,140.5,141.0,141.5,142.0,142.5,143.0,143.5,144.0,144.5,145.0,145.5,146.0,146.5,147.0,147.5,148.0,148.5,149.0,149.5,150.0,150.5,151.0,151.5,152.0,152.5,153.0,153.5,154.0,154.5,155.0,155.5,156.0,156.5,157.0,157.5,158.0,158.5,159.0,159.5,160.0
121.0,121.5,122.0,122.5,123.0,123.5,124.0,124.5,125.0,125.5,126.0,126.5,127.0,127.5,128.0,128.5,129.0,129.5,130.0,130.5,131.0,131.5,132.0,132.5,133.0,133.5,134.0,134.5,135.0,135.5,136.0,136.5,137.0,137.5,138.0,138.5,139.0,139.5,140.0,140.5,141.0,141.5,142.0,142.5,143.0,143.5,144.0,144.5,145.0,145.5,146.0,146.5,147.0,147.5,148.0,148.5,149.0,149.5,150.0,150.5,151.0,151.5,152.0,152.5,153.0,153.5,154.0,154.5,155.0,155.5,156.0,156.5,157.0,157.5,158.0,158.5,159.0,159.5,160.0
121.0,121.5,122.0,122.5,123.0,123.5,124.0,124.5,125.0,125.5,126.0,126.5,127.0,127.5,128.0,128.5,129.0,129.5,130.0,130.5,131.0,131.5,132.0,132.5,133.0,133.5,134.0,134.5,135.0,135.5,136.0,136.5,137.0,137.5,138.0,138.5,139.0,139.5,140.0,140.5,141.0,141.5,142.0,142.5,143.0,143.5,144.0,144.5,145.0,145.5,146.0,146.5,147.0,147.5,148.0,148.5,149.0,149.5,150.0,150.5,151.0,151.5,152.0,152.5,153.0,153.5,154.0,154.5,155.0,155.5,156.0,156.5,157.0,157.5,158.0,158.5,159.0,159.5,160.0
121.0,121.5,122.0,122.5,123.0,123.5,124.0,124.5,125.0,125.5,126.0,126.5,127.0,127.5,128.0,128.5,129.0,129.5,130.0,130.5,131.0,131.5,132.0,132.5,133.0,133.5,134.0,134.5,135.0,135.5,136.0,136.5,137.0,137.5,138.0,138.5,139.0,139.5,140.0,140.5,141.0,141.5,142.0,142.5,143.0,143.5,144.0,144.5,145.0,145.5,146.0,146.5,147.0,147.5,148.0,148.5,149.0,149.5,150.0,150.5,151.0,151.5,152.0,152.5,153.0,153.5,154.0,154.5,155.0,155.5,156.0,156.5,157.0,157.5,158.0,158.5,159.0,159.5,160.0
121.0,121.5,122.0,122.5,123.0,123.5,124.0,124.5,125.0,125.5,126.0,126.5,127.0,127.5,128.0,128.5,129.0,129.5,130.0,130.5,131.0,131.5,132.0,132.5,133.0,133.5,134.0,134.5,135.0,135.5,136.0,136.5,137.0,137.5,138.0,138.5,139.0,139.5,140.0,140.5,141.0,141.5,142.0,142.5,143.0,143.5,144.0,144.5,145.0,145.5,146.0,146.5,147.0,147.5,148.0,148.5,149.0,149.5,150.0,150.5,151.0,151.5,152.0,152.5,153.0,153.5,154.0,154.5,155.0,155.5,156.0,156.5,157.0,157.5,158.0,158.5,159.0,159.5,160.0
121.0,121.5,122.0,122.5,123.0,123.5,124.0,124.5,125.0,125.5,126.0,126.5,127.0,127.5,128.0,128.5,129.0,129.5,130.0,130.5,131.0,131.5,132.0,132.5,133.0,133.5,134.0,134.5,135.0,135.5,136.0,136.5,137.0,137.5,138.0,138.5,139.0,139.5,140.0,140.5,141.0,141.5,142.0,142.5,143.0,143.5,144.0,144.5,145.0,145.5,146.0,146.5,147.0,147.5,148.0,148.5,149.0,149.5,150.0,150.5,151.0,151.5,152.0,152.5,153.0,153.5,154.0,154.5,155.0,155.5,156.0,156.5,157.0,157.5,158.0,158.5,159.0,159.5,160.0
121.0,121.5,122.0,122.5,123.0,123.5,124.0,124.5,125.0,125.5,126.0,126.5,127.0,127.5,128.0,128.5,129.0,129.5,130.0,130.5,131.0,131.5,132.0,132.5,133.0,133.5,134.0,134.5,135.0,135.5,136.0,136.5,137.0,137.5,138.0,138.5,139.0,139.5,140.0,140.5,141.0,141.5,142.0,142.5,143.0,143.5,144.0,144.5,145.0,145.5,146.0,146.5,147.0,147.5,148.0,148.5,149.0,149.5,150.0,150.5,151.0,151.5,152.0,152.5,153.0,153.5,154.0,154.5,155.0,155.5,156.0,156.5,157.0,157.5,158.0,158.5,159.0,159.5,160.0
121.0,121.5,122.0,122.5,123.0,123.5,124.0,124.5,125.0,125.5,126.0,126.5,127.0,127.5,128.0,128.5,129.0,129.5,130.0,130.5,131.0,131.5,132.0,132.5,133.0,133.5,134.0,134.5,135.0,135.5,136.0,136.5,137.0,137.5,138.0,138.5,139.0,139.5,140.0,140.5,141.0,141.5,142.0,142.5,143.0,143.5,144.0,144.5,145.0,145.5,146.0,146.5,147.0,147.5,148.0,148.5,149.0,149.5,150.0,150.5,151.0,151.5,152.0,152.5,153.0,153.5,154.0,154.5,155.0,155.5,156.0,156.5,157.0,157.5,158.0,158.5,159.0,159.5,160.0
121.0,121.5,122.0,122.5,123.0,123.5,124.0,124.5,125.0,125.5,126.0,126.5,127.0,127.5,128.0,128.5,129.0,129.5,130.0,130.5,131.0,131.5,132.0,132.5,133.0,133.5,134.0,134.5,135.0,135.5,136.0,136.5,137.0,137.5,138.0,138.5,139.0,139.5,140.0,140.5,141.0,141.5,142.0,142.5,143.0,143.5,144.0,144.5,145.0,145.5,146.0,146.5,147.0,147.5,148.0,148.5,149.0,149.5,150.0,150.5,151.0,151.5,152.0,152.5,153.0,153.5,154.0,154.5,155.0,155.5,156.0,156.5,157.0,157.5,158.0,158.5,159.0,159.5,160.0
121.0,121.5,122.0,122.5,123.0,123.5,124.0,124.5,125.0,125.5,126.0,126.5,127.0,127.5,128.0,128.5,129.0,129.5,130.0,130.5,131.0,131.5,132.0,132.5,133.0,133.5,134.0,134.5,135.0,135.5,136.0,136.5,137.0,137.5,138.0,138.5,139.0,139.5,140.0,140.5,141.0,141.5,142.0,142.5,143.0,143.5,144.0,144.5,145.0,145.5,146.0,146.5,147.0,147.5,148.0,148.5,149.0,149.5,150.0,150.5,151.0,151.5,152.0,152.5,153.0,153.5,154.0,154.5,155.0,155.5,156.0,156.5,157.0,157.5,158.0,158.5,159.0,159.5,160.0
121.0,121.5,122.0,122.5,123.0,123.5,124.0,124.5,125.0,125.5,126.0,126.5,127.0,127.5,128.0,128.5,129.0,129.5,130.0,130.5,131.0,131.5,132.0,132.5,133.0,133.5,134.0,134.5,135.0,135.5,136.0,136.5,137.0,137.5,138.0,138.5,139.0,139.5,140.0,140.5,141.0,141.5,142.0,142.5,143.0,143.5,144.0,144.5,145.0,145.5,146.0,146.5,147.0,147.5,148.0,148.5,149.0,149.5,150.0,150.5,151.0,151.5,152.0,152.5,153.0,153.5,154.0,154.5,155.0,155.5,156.0,156.5,157.0,157.5,158.0,158.5,159.0,159.5,160.0
121.0,121.5,122.0,122.5,123.0,123.5,124.0,124.5,125.0,125.5,126.0,126.5,127.0,127.5,128.0,128.5,129.0,129.5,130.0,130.5,131.0,131.5,132.0,132.5,133.0,133.5,134.0,134.5,135.0,135.5,136.0,136.5,137.0,137.5,138.0,138.5,139.0,139.5,140.0,140.5,141.0,141.5,142.0,142.5,143.0,143.5,144.0,144.5,145.0,145.5,146.0,146.5,147.0,147.5,148.0,148.5,149.0,149.5,150.0,150.5,151.0,151.5,152.0,152.5,153.0,153.5,154.0,154.5,155.0,155.5,156.0,156.5,157.0,157.5,158.0,158.5,159.0,159.5,160.0
121.0,121.5,122.0,122.5,123.0,123.5,124.0,124.5,125.0,125.5,126.0,126.5,127.0,127.5,128.0,128.5,129.0,129.5,130.0,130.5,131.0,131.5,132.0,132.5,133.0,133.5,134.0,134.5,135.0,135.5,136.0,136.5,137.0,137.5,138.0,138.5,139.0,139.5,140.0,140.5,141.0,141.5,142.0,142.5,143.0,143.5,144.0,144.5,145.0,145.5,146.0,146.5,147.0,147.5,148.0,148.5,149.0,149.5,150.0,150.5,151.0,151.5,152.0,152.5,153.0,153.5,154.0,154.5,155.0,155.5,156.0,156.5,157.0,157.5,158.0,158.5,159.0,159.5,160.0
121.0,121.5,122.0,122.5,123.0,123.5,124.0,124.5,125.0,125.5,126.0,126.5,127.0,127.5,128.0,128.5,129.0,129.5,130.0,130.5,131.0,131.5,132.0,132.5,133.0,133.5,134.0,134.5,135.0,135.5,136.0,136.5,137.0,137.5,138.0,138.5,139.0,139.5,140.0,140.5,141.0,141.5,142.0,142.5,143.0,143.5,144.0,144.5,145.0,145.5,146.0,146.5,147.0,147.5,148.0,148.5,149.0,149.5,150.0,150.5,151.0,151.5,152.0,152.5,153.0,153.5,154.0,154.5,155.0,155.5,156.0,156.5,157.0,157.5,158.0,158.5,159.0,159.5,160.0
121.0,121.5,122.0,122.5,123.0,123.5,124.0,124.5,125.0,125.5,126.0,126.5,127.0,127.5,128.0,128.5,129.0,129.5,130.0,130.5,131.0,131.5,132.0,132.5,133.0,133.5,134.0,134.5,135.0,135.5,136.0,136.5,137.0,137.5,138.0,138.5,139.0,139.5,140.0,140.5,141.0,141.5,142.0,142.5,143.0,143.5,144.0,144.5,145.0,145.5,146.0,146.5,147.0,147.5,148.0,148.5,149.0,149.5,150.0,150.5,151.0,151.5,152.0,152.5,153.0,153.5,154.0,154.5,155.0,155.5,156.0,156.5,157.0,157.5,158.0,158.5,159.0,159.5,160.0
121.0,121.5,122.0,122.5,123.0,123.5,124.0,124.5,125.0,125.5,126.0,126.5,127.0,127.5,128.0,128.5,129.0,129.5,130.0,130.5,131.0,131.5,132.0,132.5,133.0,133.5,134.0,134.5,135.0,135.5,136.0,136.5,137.0,137.5,138.0,138.5,139.0,139.5,140.0,140.5,141.0,141.5,142.0,142.5,143.0,143.5,144.0,144.5,145.0,145.5,146.0,146.5,147.0,147.5,148.0,148.5,149.0,149.5,150.0,150.5,151.0,151.5,152.0,152.5,153.0,153.5,154.0,154.5,155.0,155.5,156.0,156.5,157.0,157.5,158.0,158.5,159.0,159.5,160.0
121.0,121.5,122.0,122.5,123.0,123.5,124.0,124.5,125.0,125.5,126.0,126.5,127.0,127.5,128.0,128.5,129.0,129.5,130.0,130.5,131.0,131.5,132.0,132.5,133.0,133.5,134.0,134.5,135.0,135.5,136.0,136.5,137.0,137.5,138.0,138.5,139.0,139.5,140.0,140.5,141.0,141.5,142.0,142.5,143.0,143.5,144.0,144.5,145.0,145.5,146.0,146.5,147.0,147.5,148.0,148.5,149.0,149.5,150.0,150.5,151.0,151.5,152.0,152.5,153.0,153.5,154.0,154.5,155.0,155.5,156.0,156.5,157.0,157.5,158.0,158.5,159.0,159.5,160.0
121.0,121.5,122.0,122.5,123.0,123.5,124.0,124.5,125.0,125.5,126.0,126.5,127.0,127.5,128.0,128.5,129.0,129.5,130.0,130.5,131.0,131.5,132.0,132.5,133.0,133.5,134.0,134.5,135.0,135.5,136.0,136.5,137.0,137.5,138.0,138.5,139.0,139.5,140.0,140.5,141.0,141.5,142.0,142.5,143.0,143.5,144.0,144.5,145.0,145.5,146.0,146.5,147.0,147.5,148.0,148.5,149.0,149.5,150.0,150.5,151.0,151.5,152.0,152.5,153.0,153.5,154.0,154.5,155.0,155.5,156.0,156.5,157.0,157.5,158.0,158.5,159.0,159.5,160.0
121.0,121.5,122.0,122.5,123.0,123.5,124.0,124.5,125.0,125.5,126.0,126.5,127.0,127.5,128.0,128.5,129.0,129.5,130.0,130.5,131.0,131.5,132.0,132.5,133.0,133.5,134.0,134.5,135.0,135.5,136.0,136.5,137.0,137.5,138.0,138.5,139.0,139.5,140.0,140.5,141.0,141.5,142.0,142.5,143.0,143.5,144.0,144.5,145.0,145.5,146.0,146.5,147.0,147.5,148.0,148.5,149.0,149.5,150.0,150.5,151.0,151.5,152.0,152.5,153.0,153.5,154.0,154.5,155.0,155.5,156.0,156.5,157.0,157.5,158.0,158.5,159.0,159.5,160.0
121.0,121.5,122.0,122.5,123.0,123.5,124.0,124.5,125.0,125.5,126.0,126.5,127.0,127.5,128.0,128.5,129.0,129.5,130.0,130.5,131.0,131.5,132.0,132.5,133.0,133.5,134.0,134.5,135.0,135.5,136.0,136.5,137.0,137.5,138.0,138.5,139.0,139.5,140.0,140.5,141.0,141.5,142.0,142.5,143.0,143.5,144.0,144.5,145.0,145.5,146.0,146.5,147.0,147.5,148.0,148.5,149.0,149.5,150.0,150.5,151.0,151.5,152.0,152.5,153.0,153.5,154.0,154.5,155.0,155.5,156.0,156.5,157.0,157.5,158.0,158.5,159.0,159.5,160.0
121.0,121.5,122.0,122.5,123.0,123.5,124.0,124.5,125.0,125.5,126.0,126.5,127.0,127.5,128.0,128.5,129.0,129.5,130.0,130.5,131.0,131.5,132.0,132.5,133.0,133.5,134.0,134.5,135.0,135.5,136.0,136.5,137.0,137.5,138.0,138.5,139.0,139.5,140.0,140.5,141.0,141.5,142.0,142.5,143.0,143.5,144.0,144.5,145.0,145.5,146.0,146.5,147.0,147.5,148.0,148.5,149.0,149.5,150.0,150.5,151.0,151.5,152.0,152.5,153.0,153.5,154.0,154.5,155.0,155.5,156.0,156.5,157.0,157.5,158.0,158.5,159.0,159.5,160.0
121.0,121.5,122.0,122.5,123.0,123.5,124.0,124.5,125.0,125.5,126.0,126.5,127.0,127.5,128.0,128.5,129.0,129.5,130.0,130.5,131.0,131.5,132.0,132.5,133.0,133.5,134.0,134.5,135.0,135.5,136.0,136.5,137.0,137.5,138.0,138.5,139.0,139.5,140.0,140.5,141.0,141.5,142.0,142.5,143.0,143.5,144.0,144.5,145.0,145.5,146.0,146.5,147.0,147.5,148.0,148.5,149.0,149.5,150.0,150.5,151.0,151.5,152.0,152.5,153.0,153.5,154.0,154.5,155.0,155.5,156.0,156.5,157.0,157.5,158.0,158.5,159.0,159.5,160.0
121.0,121.5,122.0,122.5,123.0,123.5,124.0,124.5,125.0,125.5,126.0,126.5,127.0,127.5,128.0,128.5,129.0,129.5,130.0,130.5,131.0,131.5,132.0,132.5,133.0,133.5,134.0,134.5,135.0,135.5,136.0,136.5,137.0,137.5,138.0,138.5,139.0,139.5,140.0,140.5,141.0,141.5,142.0,142.5,143.0,143.5,144.0,144.5,145.0,145.5,146.0,146.5,147.0,147.5,148.0,148.5,149.0,149.5,150.0,150.5,151.0,151.5,152.0,152.5,153.0,153.5,154.0,154.5,155.0,155.5,156.0,156.5,157.0,157.5,158.0,158.5,159.0,159.5,160.0
121.0,121.5,122.0,122.5,123.0,123.5,124.0,124.5,125.0,125.5,126.0,126.5,127.0,127.5,128.0,128.5,129.0,129.5,130.0,130.5,131.0,131.5,132.0,132.5,133.0,133.5,134.0,134.5,135.0,135.5,136.0,136.5,137.0,137.5,138.0,138.5,139.0,139.5,140.0,140.5,141.0,141.5,142.0,142.5,143.0,143.5,144.0,144.5,145.0,145.5,146.0,146.5,147.0,147.5,148.0,148.5,149.0,149.5,150.0,150.5,151.0,151.5,152.0,152.5,153.0,153.5,154.0,154.5,155.0,155.5,156.0,156.5,157.0,157.5,158.0,158.5,159.0,159.5,160.0
121.0,121.5,122.0,122.5,123.0,123.5,124.0,124.5,125.0,125.5,126.0,126.5,127.0,127.5,128.0,128.5,129.0,129.5,130.0,130.5,131.0,131.5,132.0,132.5,133.0,133.5,134.0,134.5,135.0,135.5,136.0,136.5,137.0,137.5,138.0,138.5,139.0,139.5,140.0,140.5,141.0,141.5,142.0,142.5,143.0,143.5,144.0,144.5,145.0,145.5,146.0,146.5,147.0,147.5,148.0,148.5,149.0,149.5,150.0,150.5,151.0,151.5,152.0,152.5,153.0,153.5,154.0,154.5,155.0,155.5,156.0,156.5,157.0,157.5,158.0,158.5,159.0,159.5,160.0
121.0,121.5,122.0,122.5,123.0,123.5,124.0,124.5,125.0,125.5,126.0,126.5,127.0,127.5,128.0,128.5,129.0,129.5,130.0,130.5,131.0,131.5,132.0,132.5,133.0,133.5,134.0,134.5,135.0,135.5,136.0,136.5,137.0,137.5,138.0,138.5,139.0,139.5,140.0,140.5,141.0,141.5,142.0,142.5,143.0,143.5,144.0,144.5,145.0,145.5,146.0,146.5,147.0,147.5,148.0,148.5,149.0,149.5,150.0,150.5,151.0,151.5,152.0,152.5,153.0,153.5,154.0,154.5,155.0,155.5,156.0,156.5,157.0,157.5,158.0,158.5,159.0,159.5,160.0
121.0,121.5,122.0,122.5,123.0,123.5,124.0,124.5,125.0,125.5,126.0,126.5,127.0,127.5,128.0,128.5,129.0,129.5,130.0,130.5,131.0,131.5,132.0,132.5,133.0,133.5,134.0,134.5,135.0,135.5,136.0,136.5,137.0,137.5,138.0,138.5,139.0,139.5,140.0,140.5,141.0,141.5,142.0,142.5,143.0,143.5,144.0,144.5,145.0,145.5,146.0,146.5,147.0,147.5,148.0,148.5,149.0,149.5,150.0,150.5,151.0,151.5,152.0,152.5,153.0,153.5,154.0,154.5,155.0,155.5,156.0,156.5,157.0,157.5,158.0,158.5,159.0,159.5,160.0
121.0,121.5,122.0,122.5,123.0,123.5,124.0,124.5,125.0,125.5,126.0,126.5,127.0,127.5,128.0,128.5,129.0,129.5,130.0,130.5,131.0,131.5,132.0,132.5,133.0,133.5,134.0,134.5,135.0,135.5,136.0,136.5,137.0,137.5,138.0,138.5,139.0,139.5,140.0,140.5,141.0,141.5,142.0,142.5,143.0,143.5,144.0,144.5,145.0,145.5,146.0,146.5,147.0,147.5,148.0,148.5,149.0,149.5,150.0,150.5,151.0,151.5,152.0,152.5,153.0,153.5,154.0,154.5,155.0,155.5,156.0,156.5,157.0,157.5,158.0,158.5,159.0,159.5,160.0
121.0,121.5,122.0,122.5,123.0,123.5,124.0,124.5,125.0,125.5,126.0,126.5,127.0,127.5,128.0,128.5,129.0,129.5,130.0,130.5,131.0,131.5,132.0,132.5,133.0,133.5,134.0,134.5,135.0,135.5,136.0,136.5,137.0,137.5,138.0,138.5,139.0,139.5,140.0,140.5,141.0,141.5,142.0,142.5,143.0,143.5,144.0,144.5,145.0,145.5,146.0,146.5,147.0,147.5,148.0,148.5,149.0,149.5,150.0,150.5,151.0,151.5,152.0,152.5,153.0,153.5,154.0,154.5,155.0,155.5,156.0,156.5,157.0,157.5,158.0,158.5,159.0,159.5,160.0
121.0,121.5,122.0,122.5,123.0,123.5,124.0,124.5,125.0,125.5,126.0,126.5,127.0,127.5,128.0,128.5,129.0,129.5,130.0,130.5,131.0,131.5,132.0,132.5,133.0,133.5,134.0,134.5,135.0,135.5,136.0,136.5,137.0,137.5,138.0,138.5,139.0,139.5,140.0,140.5,141.0,141.5,142.0,142.5,143.0,143.5,144.0,144.5,145.0,145.5,146.0,146.5,147.0,147.5,148.0,148.5,149.0,149.5,150.0,150.5,151.0,151.5,152.0,152.5,153.0,153.5,154.0,154.5,155.0,155.5,156.0,156.5,157.0,157.5,158.0,158.5,159.0,159.5,160.0
121.0,121.5,122.0,122.5,123.0,123.5,124.0,124.5,125.0,125.5,126.0,126.5,127.0,127.5,128.0,128.5,129.0,129.5,130.0,130.5,131.0,131.5,132.0,132.5,133.0,133.5,134.0,134.5,135.0,135.5,136.0,136.5,137.0,137.5,138.0,138.5,139.0,139.5,140.0,140.5,141.0,141.5,142.0,142.5,143.0,143.5,144.0,144.5,145.0,145.5,146.0,146.5,147.0,147.5,148.0,148.5,149.0,149.5,150.0,150.5,151.0,151.5,152.0,152.5,153.0,153.5,154.0,154.5,155.0,155.5,156.0,156.5,157.0,157.5,158.0,158.5,159.0,159.5,160.0
121.0,121.5,122.0,122.5,123.0,123.5,124.0,124.5,125.0,125.5,126.0,126.5,127.0,127.5,128.0,128.5,129.0,129.5,130.0,130.5,131.0,131.5,132.0,132.5,133.0,133.5,134.0,134.5,135.0,135.5,136.0,136.5,137.0,137.5,138.0,138.5,139.0,139.5,140.0,140.5,141.0,141.5,142.0,142.5,143.0,143.5,144.0,144.5,145.0,145.5,146.0,146.5,147.0,147.5,148.0,148.5,149.0,149.5,150.0,150.5,151.0,151.5,152.0,152.5,153.0,153.5,154.0,154.5,155.0,155.5,156.0,156.5,157.0,157.5,158.0,158.5,159.0,159.5,160.0
121.0,121.5,122.0,122.5,123.0,123.5,124.0,124.5,125.0,125.5,126.0,126.5,127.0,127.5,128.0,128.5,129.0,129.5,130.0,130.5,131.0,131.5,132.0,132.5,133.0,133.5,134.0,134.5,135.0,135.5,136.0,136.5,137.0,137.5,138.0,138.5,139.0,139.5,140.0,140.5,141.0,141.5,142.0,142.5,143.0,143.5,144.0,144.5,145.0,145.5,146.0,146.5,147.0,147.5,148.0,148.5,149.0,149.5,150.0,150.5,151.0,151.5,152.0,152.5,153.0,153.5,154.0,154.5,155.0,155.5,156.0,156.5,157.0,157.5,158.0,158.5,159.0,159.5,160.0
121.0,121.5,122.0,122.5,123.0,123.5,124.0,124.5,125.0,125.5,126.0,126.5,127.0,127.5,128.0,128.5,129.0,129.5,130.0,130.5,131.0,131.5,132.0,132.5,133.0,133.5,134.0,134.5,135.0,135.5,136.0,136.5,137.0,137.5,138.0,138.5,139.0,139.5,140.0,140.5,141.0,141.5,142.0,142.5,143.0,143.5,144.0,144.5,145.0,145.5,146.0,146.5,147.0,147.5,148.0,148.5,149.0,149.5,150.0,150.5,151.0,151.5,152.0,152.5,153.0,153.5,154.0,154.5,155.0,155.5,156.0,156.5,157.0,157.5,158.0,158.5,159.0,159.5,160.0
121.0,121.5,122.0,122.5,123.0,123.5,124.0,124.5,125.0,125.5,126.0,126.5,127.0,127.5,128.0,128.5,129.0,129.5,130.0,130.5,131.0,131.5,132.0,132.5,133.0,133.5,134.0,134.5,135.0,135.5,136.0,136.5,137.0,137.5,138.0,138.5,139.0,139.5,140.0,140.5,141.0,141.5,142.0,142.5,143.0,143.5,144.0,144.5,145.0,145.5,146.0,146.5,147.0,147.5,148.0,148.5,149.0,149.5,150.0,150.5,151.0,151.5,152.0,152.5,153.0,153.5,154.0,154.5,155.0,155.5,156.0,156.5,157.0,157.5,158.0,158.5,159.0,159.5,160.0
121.0,121.5,122.0,122.5,123.0,123.5,124.0,124.5,125.0,125.5,126.0,126.5,127.0,127.5,128.0,128.5,129.0,129.5,130.0,130.5,131.0,131.5,132.0,132.5,133.0,133.5,134.0,134.5,135.0,135.5,136.0,136.5,137.0,137.5,138.0,138.5,139.0,139.5,140.0,140.5,141.0,141.5,142.0,142.5,143.0,143.5,144.0,144.5,145.0,145.5,146.0,146.5,147.0,147.5,148.0,148.5,149.0,149.5,150.0,150.5,151.0,151.5,152.0,152.5,153.0,153.5,154.0,154.5,155.0,155.5,156.0,156.5,157.0,157.5,158.0,158.5,159.0,159.5,160.0
121.0,121.5,122.0,122.5,123.0,123.5,124.0,124.5,125.0,125.5,126.0,126.5,127.0,127.5,128.0,128.5,129.0,129.5,130.0,130.5,131.0,131.5,132.0,132.5,133.0,133.5,134.0,134.5,135.0,135.5,136.0,136.5,137.0,137.5,138.0,138.5,139.0,139.5,140.0,140.5,141.0,141.5,142.0,142.5,143.0,143.5,144.0,144.5,145.0,145.5,146.0,146.5,147.0,147.5,148.0,148.5,149.0,149.5,150.0,150.5,151.0,151.5,152.0,152.5,153.0,153.5,154.0,154.5,155.0,155.5,156.0,156.5,157.0,157.5,158.0,158.5,159.0,159.5,160.0
121.0,121.5,122.0,122.5,123.0,123.5,124.0,124.5,125.0,125.5,126.0,126.5,127.0,127.5,128.0,128.5,129.0,129.5,130.0,130.5,131.0,131.5,132.0,132.5,133.0,133.5,134.0,134.5,135.0,135.5,136.0,136.5,137.0,137.5,138.0,138.5,139.0,139.5,140.0,140.5,141.0,141.5,142.0,142.5,143.0,143.5,144.0,144.5,145.0,145.5,146.0,146.5,147.0,147.5,148.0,148.5,149.0,149.5,150.0,150.5,151.0,151.5,152.0,152.5,153.0,153.5,154.0,154.5,155.0,155.5,156.0,156.5,157.0,157.5,158.0,158.5,159.0,159.5,160.0
121.0,121.5,122.0,122.5,123.0,123.5,124.0,124.5,125.0,125.5,126.0,126.5,127.0,127.5,128.0,128.5,129.0,129.5,130.0,130.5,131.0,131.5,132.0,132.5,133.0,133.5,134.0,134.5,135.0,135.5,136.0,136.5,137.0,137.5,138.0,138.5,139.0,139.5,140.0,140.5,141.0,141.5,142.0,142.5,143.0,143.5,144.0,144.5,145.0,145.5,146.0,146.5,147.0,147.5,148.0,148.5,149.0,149.5,150.0,150.5,151.0,151.5,152.0,152.5,153.0,153.5,154.0,154.5,155.0,155.5,156.0,156.5,157.0,157.5,158.0,158.5,159.0,159.5,160.0
121.0,121.5,122.0,122.5,123.0,123.5,124.0,124.5,125.0,125.5,126.0,126.5,127.0,127.5,128.0,128.5,129.0,129.5,130.0,130.5,131.0,131.5,132.0,132.5,133.0,133.5,134.0,134.5,135.0,135.5,136.0,136.5,137.0,137.5,138.0,138.5,139.0,139.5,140.0,140.5,141.0,141.5,142.0,142.5,143.0,143.5,144.0,144.5,145.0,145.5,146.0,146.5,147.0,147.5,148.0,148.5,149.0,149.5,150.0,150.5,151.0,151.5,152.0,152.5,153.0,153.5,154.0,154.5,155.0,155.5,156.0,156.5,157.0,157.5,158.0,158.5,159.0,159.5,160.0
121.0,121.5,122.0,122.5,123.0,123.5,124.0,124.5,125.0,125.5,126.0,126.5,127.0,127.5,128.0,128.5,129.0,129.5,130.0,130.5,131.0,131.5,132.0,132.5,133.0,133.5,134.0,134.5,135.0,135.5,136.0,136.5,137.0,137.5,138.0,138.5,139.0,139.5,140.0,140.5,141.0,141.5,142.0,142.5,143.0,143.5,144.0,144.5,145.0,145.5,146.0,146.5,147.0,147.5,148.0,148.5,149.0,149.5,150.0,150.5,151.0,151.5,152.0,152.5,153.0,153.5,154.0,154.5,155.0,155.5,156.0,156.5,157.0,157.5,158.0,158.5,159.0,159.5,160.0
121.0,121.5,122.0,122.5,123.0,123.5,124.0,124.5,125.0,125.5,126.0,126.5,127.0,127.5,128.0,128.5,129.0,129.5,130.0,130.5,131.0,131.5,132.0,132.5,133.0,133.5,134.0,134.5,135.0,135.5,136.0,136.5,137.0,137.5,138.0,138.5,139.0,139.5,140.0,140.5,141.0,141.5,142.0,142.5,143.0,143.5,144.0,144.5,145.0,145.5,146.0,146.5,147.0,147.5,148.0,148.5,149.0,149.5,150.0,150.5,151.0,151.5,152.0,152.5,153.0,153.5,154.0,154.5,155.0,155.5,156.0,156.5,157.0,157.5,158.0,158.5,159.0,159.5,160.0
121.0,121.5,122.0,122.5,123.0,123.5,124.0,124.5,125.0,125.5,126.0,126.5,127.0,127.5,128.0,128.5,129.0,129.5,130.0,130.5,131.0,131.5,132.0,132.5,133.0,133.5,134.0,134.5,135.0,135.5,136.0,136.5,137.0,137.5,138.0,138.5,139.0,139.5,140.0,140.5,141.0,141.5,142.0,142.5,143.0,143.5,144.0,144.5,145.0,145.5,146.0,146.5,147.0,147.5,148.0,148.5,149.0,149.5,150.0,150.5,151.0,151.5,152.0,152.5,153.0,153.5,154.0,154.5,155.0,155.5,156.0,156.5,157.0,157.5,158.0,158.5,159.0,159.5,160.0
121.0,121.5,122.0,122.5,123.0,123.5,124.0,124.5,125.0,125.5,126.0,126.5,127.0,127.5,128.0,128.5,129.0,129.5,130.0,130.5,131.0,131.5,132.0,132.5,133.0,133.5,134.0,134.5,135.0,135.5,136.0,136.5,137.0,137.5,138.0,138.5,139.0,139.5,140.0,140.5,141.0,141.5,142.0,142.5,143.0,143.5,144.0,144.5,145.0,145.5,146.0,146.5,147.0,147.5,148.0,148.5,149.0,149.5,150.0,150.5,151.0,151.5,152.0,152.5,153.0,153.5,154.0,154.5,155.0,155.5,156.0,156.5,157.0,157.5,158.0,158.5,159.0,159.5,160.0
121.0,121.5,122.0,122.5,123.0,123.5,124.0,124.5,125.0,125.5,126.0,126.5,127.0,127.5,128.0,128.5,129.0,129.5,130.0,130.5,131.0,131.5,132.0,132.5,133.0,133.5,134.0,134.5,135.0,135.5,136.0,136.5,137.0,137.5,138.0,138.5,139.0,139.5,140.0,140.5,141.0,141.5,142.0,142.5,143.0,143.5,144.0,144.5,145.0,145.5,146.0,146.5,147.0,147.5,148.0,148.5,149.0,149.5,150.0,150.5,151.0,151.5,152.0,152.5,153.0,153.5,154.0,154.5,155.0,155.5,156.0,156.5,157.0,157.5,158.0,158.5,159.0,159.5,160.0
121.0,121.5,122.0,122.5,123.0,123.5,124.0,124.5,125.0,125.5,126.0,126.5,127.0,127.5,128.0,128.5,129.0,129.5,130.0,130.5,131.0,131.5,132.0,132.5,133.0,133.5,134.0,134.5,135.0,135.5,136.0,136.5,137.0,137.5,138.0,138.5,139.0,139.5,140.0,140.5,141.0,141.5,142.0,142.5,143.0,143.5,144.0,144.5,145.0,145.5,146.0,146.5,147.0,147.5,148.0,148.5,149.0,149.5,150.0,150.5,151.0,151.5,152.0,152.5,153.0,153.5,154.0,154.5,155.0,155.5,156.0,156.5,157.0,157.5,158.0,158.5,159.0,159.5,160.0
121.0,121.5,122.0,122.5,123.0,123.5,124.0,124.5,125.0,125.5,126.0,126.5,127.0,127.5,128.0,128.5,129.0,129.5,130.0,130.5,131.0,131.5,132.0,132.5,133.0,133.5,134.0,134.5,135.0,135.5,136.0,136.5,137.0,137.5,138.0,138.5,139.0,139.5,140.0,140.5,141.0,141.5,142.0,142.5,143.0,143.5,144.0,144.5,145.0,145.5,146.0,146.5,147.0,147.5,148.0,148.5,149.0,149.5,150.0,150.5,151.0,151.5,152.0,152.5,153.0,153.5,154.0,154.5,155.0,155.5,156.0,156.5,157.0,157.5,158.0,158.5,159.0,159.5,160.0
121.0,121.5,122.0,122.5,123.0,123.5,124.0,124.5,125.0,125.5,126.0,126.5,127.0,127.5,128.0,128.5,129.0,129.5,130.0,130.5,131.0,131.5,132.0,132.5,133.0,133.5,134.0,134.5,135.0,135.5,136.0,136.5,137.0,137.5,138.0,138.5,139.0,139.5,140.0,140.5,141.0,141.5,142.0,142.5,143.0,143.5,144.0,144.5,145.0,145.5,146.0,146.5,147.0,147.5,148.0,148.5,149.0,149.5,150.0,150.5,151.0,151.5,152.0,152.5,153.0,153.5,154.0,154.5,155.0,155.5,156.0,156.5,157.0,157.5,158.0,158.5,159.0,159.5,160.0
121.0,121.5,122.0,122.5,123.0,123.5,124.0,124.5,125.0,125.5,126.0,126.5,127.0,127.5,128.0,128.5,129.0,129.5,130.0,130.5,131.0,131.5,132.0,132.5,133.0,133.5,134.0,134.5,135.0,135.5,136.0,136.5,137.0,137.5,138.0,138.5,139.0,139.5,140.0,140.5,141.0,141.5,142.0,142.5,143.0,143.5,144.0,144.5,145.0,145.5,146.0,146.5,147.0,147.5,148.0,148.5,149.0,149.5,150.0,150.5,151.0,151.5,152.0,152.5,153.0,153.5,154.0,154.5,155.0,155.5,156.0,156.5,157.0,157.5,158.0,158.5,159.0,159.5,160.0
121.0,121.5,122.0,122.5,123.0,123.5,124.0,124.5,125.0,125.5,126.0,126.5,127.0,127.5,128.0,128.5,129.0,129.5,130.0,130.5,131.0,131.5,132.0,132.5,133.0,133.5,134.0,134.5,135.0,135.5,136.0,136.5,137.0,137.5,138.0,138.5,139.0,139.5,140.0,140.5,141.0,141.5,142.0,142.5,143.0,143.5,144.0,144.5,145.0,145.5,146.0,146.5,147.0,147.5,148.0,148.5,149.0,149.5,150.0,150.5,151.0,151.5,152.0,152.5,153.0,153.5,154.0,154.5,155.0,155.5,156.0,156.5,157.0,157.5,158.0,158.5,159.0,159.5,160.0
121.0,121.5,122.0,122.5,123.0,123.5,124.0,124.5,125.0,125.5,126.0,126.5,127.0,127.5,128.0,128.5,129.0,129.5,130.0,130.5,131.0,131.5,132.0,132.5,133.0,133.5,134.0,134.5,135.0,135.5,136.0,136.5,137.0,137.5,138.0,138.5,139.0,139.5,140.0,140.5,141.0,141.5,142.0,142.5,143.0,143.5,144.0,144.5,145.0,145.5,146.0,146.5,147.0,147.5,148.0,148.5,149.0,149.5,150.0,150.5,151.0,151.5,152.0,152.5,153.0,153.5,154.0,154.5,155.0,155.5,156.0,156.5,157.0,157.5,158.0,158.5,159.0,159.5,160.0
121.0,121.5,122.0,122.5,123.0,123.5,124.0,124.5,125.0,125.5,126.0,126.5,127.0,127.5,128.0,128.5,129.0,129.5,130.0,130.5,131.0,131.5,132.0,132.5,133.0,133.5,134.0,134.5,135.0,135.5,136.0,136.5,137.0,137.5,138.0,138.5,139.0,139.5,140.0,140.5,141.0,141.5,142.0,142.5,143.0,143.5,144.0,144.5,145.0,145.5,146.0,146.5,147.0,147.5,148.0,148.5,149.0,149.5,150.0,150.5,151.0,151.5,152.0,152.5,153.0,153.5,154.0,154.5,155.0,155.5,156.0,156.5,157.0,157.5,158.0,158.5,159.0,159.5,160.0
121.0,121.5,122.0,122.5,123.0,123.5,124.0,124.5,125.0,125.5,126.0,126.5,127.0,127.5,128.0,128.5,129.0,129.5,130.0,130.5,131.0,131.5,132.0,132.5,133.0,133.5,134.0,134.5,135.0,135.5,136.0,136.5,137.0,137.5,138.0,138.5,139.0,139.5,140.0,140.5,141.0,141.5,142.0,142.5,143.0,143.5,144.0,144.5,145.0,145.5,146.0,146.5,147.0,147.5,148.0,148.5,149.0,149.5,150.0,150.5,151.0,151.5,152.0,152.5,153.0,153.5,154.0,154.5,155.0,155.5,156.0,156.5,157.0,157.5,158.0,158.5,159.0,159.5,160.0
121.0,121.5,122.0,122.5,123.0,123.5,124.0,124.5,125.0,125.5,126.0,126.5,127.0,127.5,128.0,128.5,129.0,129.5,130.0,130.5,131.0,131.5,132.0,132.5,133.0,133.5,134.0,134.5,135.0,135.5,136.0,136.5,137.0,137.5,138.0,138.5,139.0,139.5,140.0,140.5,141.0,141.5,142.0,142.5,143.0,143.5,144.0,144.5,145.0,145.5,146.0,146.5,147.0,147.5,148.0,148.5,149.0,149.5,150.0,150.5,151.0,151.5,152.0,152.5,153.0,153.5,154.0,154.5,155.0,155.5,156.0,156.5,157.0,157.5,158.0,158.5,159.0,159.5,160.0
121.0,121.5,122.0,122.5,123.0,123.5,124.0,124.5,125.0,125.5,126.0,126.5,127.0,127.5,128.0,128.5,129.0,129.5,130.0,130.5,131.0,131.5,132.0,132.5,133.0,133.5,134.0,134.5,135.0,135.5,136.0,136.5,137.0,137.5,138.0,138.5,139.0,139.5,140.0,140.5,141.0,141.5,142.0,142.5,143.0,143.5,144.0,144.5,145.0,145.5,146.0,146.5,147.0,147.5,148.0,148.5,149.0,149.5,150.0,150.5,151.0,151.5,152.0,152.5,153.0,153.5,154.0,154.5,155.0,155.5,156.0,156.5,157.0,157.5,158.0,158.5,159.0,159.5,160.0
121.0,121.5,122.0,122.5,123.0,123.5,124.0,124.5,125.0,125.5,126.0,126.5,127.0,127.5,128.0,128.5,129.0,129.5,130.0,130.5,131.0,131.5,132.0,132.5,133.0,133.5,134.0,134.5,135.0,135.5,136.0,136.5,137.0,137.5,138.0,138.5,139.0,139.5,140.0,140.5,141.0,141.5,142.0,142.5,143.0,143.5,144.0,144.5,145.0,145.5,146.0,146.5,147.0,147.5,148.0,148.5,149.0,149.5,150.0,150.5,151.0,151.5,152.0,152.5,153.0,153.5,154.0,154.5,155.0,155.5,156.0,156.5,157.0,157.5,158.0,158.5,159.0,159.5,160.0
121.0,121.5,122.0,122.5,123.0,123.5,124.0,124.5,125.0,125.5,126.0,126.5,127.0,127.5,128.0,128.5,129.0,129.5,130.0,130.5,131.0,131.5,132.0,132.5,133.0,133.5,134.0,134.5,135.0,135.5,136.0,136.5,137.0,137.5,138.0,138.5,139.0,139.5,140.0,140.5,141.0,141.5,142.0,142.5,143.0,143.5,144.0,144.5,145.0,145.5,146.0,146.5,147.0,147.5,148.0,148.5,149.0,149.5,150.0,150.5,151.0,151.5,152.0,152.5,153.0,153.5,154.0,154.5,155.0,155.5,156.0,156.5,157.0,157.5,158.0,158.5,159.0,159.5,160.0
121.0,121.5,122.0,122.5,123.0,123.5,124.0,124.5,125.0,125.5,126.0,126.5,127.0,127.5,128.0,128.5,129.0,129.5,130.0,130.5,131.0,131.5,132.0,132.5,133.0,133.5,134.0,134.5,135.0,135.5,136.0,136.5,137.0,137.5,138.0,138.5,139.0,139.5,140.0,140.5,141.0,141.5,142.0,142.5,143.0,143.5,144.0,144.5,145.0,145.5,146.0,146.5,147.0,147.5,148.0,148.5,149.0,149.5,150.0,150.5,151.0,151.5,152.0,152.5,153.0,153.5,154.0,154.5,155.0,155.5,156.0,156.5,157.0,157.5,158.0,158.5,159.0,159.5,160.0
121.0,121.5,122.0,122.5,123.0,123.5,124.0,124.5,125.0,125.5,126.0,126.5,127.0,127.5,128.0,128.5,129.0,129.5,130.0,130.5,131.0,131.5,132.0,132.5,133.0,133.5,134.0,134.5,135.0,135.5,136.0,136.5,137.0,137.5,138.0,138.5,139.0,139.5,140.0,140.5,141.0,141.5,142.0,142.5,143.0,143.5,144.0,144.5,145.0,145.5,146.0,146.5,147.0,147.5,148.0,148.5,149.0,149.5,150.0,150.5,151.0,151.5,152.0,152.5,153.0,153.5,154.0,154.5,155.0,155.5,156.0,156.5,157.0,157.5,158.0,158.5,159.0,159.5,160.0
121.0,121.5,122.0,122.5,123.0,123.5,124.0,124.5,125.0,125.5,126.0,126.5,127.0,127.5,128.0,128.5,129.0,129.5,130.0,130.5,131.0,131.5,132.0,132.5,133.0,133.5,134.0,134.5,135.0,135.5,136.0,136.5,137.0,137.5,138.0,138.5,139.0,139.5,140.0,140.5,141.0,141.5,142.0,142.5,143.0,143.5,144.0,144.5,145.0,145.5,146.0,146.5,147.0,147.5,148.0,148.5,149.0,149.5,150.0,150.5,151.0,151.5,152.0,152.5,153.0,153.5,154.0,154.5,155.0,155.5,156.0,156.5,157.0,157.5,158.0,158.5,159.0,159.5,160.0
121.0,121.5,122.0,122.5,123.0,123.5,124.0,124.5,125.0,125.5,126.0,126.5,127.0,127.5,128.0,128.5,129.0,129.5,130.0,130.5,131.0,131.5,132.0,132.5,133.0,133.5,134.0,134.5,135.0,135.5,136.0,136.5,137.0,137.5,138.0,138.5,139.0,139.5,140.0,140.5,141.0,141.5,142.0,142.5,143.0,143.5,144.0,144.5,145.0,145.5,146.0,146.5,147.0,147.5,148.0,148.5,149.0,149.5,150.0,150.5,151.0,151.5,152.0,152.5,153.0,153.5,154.0,154.5,155.0,155.5,156.0,156.5,157.0,157.5,158.0,158.5,159.0,159.5,160.0
121.0,121.5,122.0,122.5,123.0,123.5,124.0,124.5,125.0,125.5,126.0,126.5,127.0,127.5,128.0,128.5,129.0,129.5,130.0,130.5,131.0,131.5,132.0,132.5,133.0,133.5,134.0,134.5,135.0,135.5,136.0,136.5,137.0,137.5,138.0,138.5,139.0,139.5,140.0,140.5,141.0,141.5,142.0,142.5,143.0,143.5,144.0,144.5,145.0,145.5,146.0,146.5,147.0,147.5,148.0,148.5,149.0,149.5,150.0,150.5,151.0,151.5,152.0,152.5,153.0,153.5,154.0,154.5,155.0,155.5,156.0,156.5,157.0,157.5,158.0,158.5,159.0,159.5,160.0
121.0,121.5,122.0,122.5,123.0,123.5,124.0,124.5,125.0,125.5,126.0,126.5,127.0,127.5,128.0,128.5,129.0,129.5,130.0,130.5,131.0,131.5,132.0,132.5,133.0,133.5,134.0,134.5,135.0,135.5,136.0,136.5,137.0,137.5,138.0,138.5,139.0,139.5,140.0,140.5,141.0,141.5,142.0,142.5,143.0,143.5,144.0,144.5,145.0,145.5,146.0,146.5,147.0,147.5,148.0,148.5,149.0,149.5,150.0,150.5,151.0,151.5,152.0,152.5,153.0,153.5,154.0,154.5,155.0,155.5,156.0,156.5,157.0,157.5,158.0,158.5,159.0,159.5,160.0
121.0,121.5,122.0,122.5,123.0,123.5,124.0,124.5,125.0,125.5,126.0,126.5,127.0,127.5,128.0,128.5,129.0,129.5,130.0,130.5,131.0,131.5,132.0,132.5,133.0,133.5,134.0,134.5,135.0,135.5,136.0,136.5,137.0,137.5,138.0,138.5,139.0,139.5,140.0,140.5,141.0,141.5,142.0,142.5,143.0,143.5,144.0,144.5,145.0,145.5,146.0,146.5,147.0,147.5,148.0,148.5,149.0,149.5,150.0,150.5,151.0,151.5,152.0,152.5,153.0,153.5,154.0,154.5,155.0,155.5,156.0,156.5,157.0,157.5,158.0,158.5,159.0,159.5,160.0
121.0,121.5,122.0,122.5,123.0,123.5,124.0,124.5,125.0,125.5,126.0,126.5,127.0,127.5,128.0,128.5,129.0,129.5,130.0,130.5,131.0,131.5,132.0,132.5,133.0,133.5,134.0,134.5,135.0,135.5,136.0,136.5,137.0,137.5,138.0,138.5,139.0,139.5,140.0,140.5,141.0,141.5,142.0,142.5,143.0,143.5,144.0,144.5,145.0,145.5,146.0,146.5,147.0,147.5,148.0,148.5,149.0,149.5,150.0,150.5,151.0,151.5,152.0,152.5,153.0,153.5,154.0,154.5,155.0,155.5,156.0,156.5,157.0,157.5,158.0,158.5,159.0,159.5,160.0
121.0,121.5,122.0,122.5,123.0,123.5,124.0,124.5,125.0,125.5,126.0,126.5,127.0,127.5,128.0,128.5,129.0,129.5,130.0,130.5,131.0,131.5,132.0,132.5,133.0,133.5,134.0,134.5,135.0,135.5,136.0,136.5,137.0,137.5,138.0,138.5,139.0,139.5,140.0,140.5,141.0,141.5,142.0,142.5,143.0,143.5,144.0,144.5,145.0,145.5,146.0,146.5,147.0,147.5,148.0,148.5,149.0,149.5,150.0,150.5,151.0,151.5,152.0,152.5,153.0,153.5,154.0,154.5,155.0,155.5,156.0,156.5,157.0,157.5,158.0,158.5,159.0,159.5,160.0
121.0,121.5,122.0,122.5,123.0,123.5,124.0,124.5,125.0,125.5,126.0,126.5,127.0,127.5,128.0,128.5,129.0,129.5,130.0,130.5,131.0,131.5,132.0,132.5,133.0,133.5,134.0,134.5,135.0,135.5,136.0,136.5,137.0,137.5,138.0,138.5,139.0,139.5,140.0,140.5,141.0,141.5,142.0,142.5,143.0,143.5,144.0,144.5,145.0,145.5,146.0,146.5,147.0,147.5,148.0,148.5,149.0,149.5,150.0,150.5,151.0,151.5,152.0,152.5,153.0,153.5,154.0,154.5,155.0,155.5,156.0,156.5,157.0,157.5,158.0,158.5,159.0,159.5,160.0
121.0,121.5,122.0,122.5,123.0,123.5,124.0,124.5,125.0,125.5,126.0,126.5,127.0,127.5,128.0,128.5,129.0,129.5,130.0,130.5,131.0,131.5,132.0,132.5,133.0,133.5,134.0,134.5,135.0,135.5,136.0,136.5,137.0,137.5,138.0,138.5,139.0,139.5,140.0,140.5,141.0,141.5,142.0,142.5,143.0,143.5,144.0,144.5,145.0,145.5,146.0,146.5,147.0,147.5,148.0,148.5,149.0,149.5,150.0,150.5,151.0,151.5,152.0,152.5,153.0,153.5,154.0,154.5,155.0,155.5,156.0,156.5,157.0,157.5,158.0,158.5,159.0,159.5,160.0
121.0,121.5,122.0,122.5,123.0,123.5,124.0,124.5,125.0,125.5,126.0,126.5,127.0,127.5,128.0,128.5,129.0,129.5,130.0,130.5,131.0,131.5,132.0,132.5,133.0,133.5,134.0,134.5,135.0,135.5,136.0,136.5,137.0,137.5,138.0,138.5,139.0,139.5,140.0,140.5,141.0,141.5,142.0,142.5,143.0,143.5,144.0,144.5,145.0,145.5,146.0,146.5,147.0,147.5,148.0,148.5,149.0,149.5,150.0,150.5,151.0,151.5,152.0,152.5,153.0,153.5,154.0,154.5,155.0,155.5,156.0,156.5,157.0,157.5,158.0,158.5,159.0,159.5,160.0
121.0,121.5,122.0,122.5,123.0,123.5,124.0,124.5,125.0,125.5,126.0,126.5,127.0,127.5,128.0,128.5,129.0,129.5,130.0,130.5,131.0,131.5,132.0,132.5,133.0,133.5,134.0,134.5,135.0,135.5,136.0,136.5,137.0,137.5,138.0,138.5,139.0,139.5,140.0,140.5,141.0,141.5,142.0,142.5,143.0,143.5,144.0,144.5,145.0,145.5,146.0,146.5,147.0,147.5,148.0,148.5,149.0,149.5,150.0,150.5,151.0,151.5,152.0,152.5,153.0,153.5,154.0,154.5,155.0,155.5,156.0,156.5,157.0,157.5,158.0,158.5,159.0,159.5,160.0
121.0,121.5,122.0,122.5,123.0,123.5,124.0,124.5,125.0,125.5,126.0,126.5,127.0,127.5,128.0,128.5,129.0,129.5,130.0,130.5,131.0,131.5,132.0,132.5,133.0,133.5,134.0,134.5,135.0,135.5,136.0,136.5,137.0,137.5,138.0,138.5,139.0,139.5,140.0,140.5,141.0,141.5,142.0,142.5,143.0,143.5,144.0,144.5,145.0,145.5,146.0,146.5,147.0,147.5,148.0,148.5,149.0,149.5,150.0,150.5,151.0,151.5,152.0,152.5,153.0,153.5,154.0,154.5,155.0,155.5,156.0,156.5,157.0,157.5,158.0,158.5,159.0,159.5,160.0
121.0,121.5,122.0,122.5,123.0,123.5,124.0,124.5,125.0,125.5,126.0,126.5,127.0,127.5,128.0,128.5,129.0,129.5,130.0,130.5,131.0,131.5,132.0,132.5,133.0,133.5,134.0,134.5,135.0,135.5,136.0,136.5,137.0,137.5,138.0,138.5,139.0,139.5,140.0,140.5,141.0,141.5,142.0,142.5,143.0,143.5,144.0,144.5,145.0,145.5,146.0,146.5,147.0,147.5,148.0,148.5,149.0,149.5,150.0,150.5,151.0,151.5,152.0,152.5,153.0,153.5,154.0,154.5,155.0,155.5,156.0,156.5,157.0,157.5,158.0,158.5,159.0,159.5,160.0
121.0,121.5,122.0,122.5,123.0,123.5,124.0,124.5,125.0,125.5,126.0,126.5,127.0,127.5,128.0,128.5,129.0,129.5,130.0,130.5,131.0,131.5,132.0,132.5,133.0,133.5,134.0,134.5,135.0,135.5,136.0,136.5,137.0,137.5,138.0,138.5,139.0,139.5,140.0,140.5,141.0,141.5,142.0,142.5,143.0,143.5,144.0,144.5,145.0,145.5,146.0,146.5,147.0,147.5,148.0,148.5,149.0,149.5,150.0,150.5,151.0,151.5,152.0,152.5,153.0,153.5,154.0,154.5,155.0,155.5,156.0,156.5,157.0,157.5,158.0,158.5,159.0,159.5,160.0
121.0,121.5,122.0,122.5,123.0,123.5,124.0,124.5,125.0,125.5,126.0,126.5,127.0,127.5,128.0,128.5,129.0,129.5,130.0,130.5,131.0,131.5,132.0,132.5,133.0,133.5,134.0,134.5,135.0,135.5,136.0,136.5,137.0,137.5,138.0,138.5,139.0,139.5,140.0,140.5,141.0,141.5,142.0,142.5,143.0,143.5,144.0,144.5,145.0,145.5,146.0,146.5,147.0,147.5,148.0,148.5,149.0,149.5,150.0,150.5,151.0,151.5,152.0,152.5,153.0,153.5,154.0,154.5,155.0,155.5,156.0,156.5,157.0,157.5,158.0,158.5,159.0,159.5,160.0
121.0,121.5,122.0,122.5,123.0,123.5,124.0,124.5,125.0,125.5,126.0,126.5,127.0,127.5,128.0,128.5,129.0,129.5,130.0,130.5,131.0,131.5,132.0,132.5,133.0,133.5,134.0,134.5,135.0,135.5,136.0,136.5,137.0,137.5,138.0,138.5,139.0,139.5,140.0,140.5,141.0,141.5,142.0,142.5,143.0,143.5,144.0,144.5,145.0,145.5,146.0,146.5,147.0,147.5,148.0,148.5,149.0,149.5,150.0,150.5,151.0,151.5,152.0,152.5,153.0,153.5,154.0,154.5,155.0,155.5,156.0,156.5,157.0,157.5,158.0,158.5,159.0,159.5,160.0
121.0,121.5,122.0,122.5,123.0,123.5,124.0,124.5,125.0,125.5,126.0,126.5,127.0,127.5,128.0,128.5,129.0,129.5,130.0,130.5,131.0,131.5,132.0,132.5,133.0,133.5,134.0,134.5,135.0,135.5,136.0,136.5,137.0,137.5,138.0,138.5,139.0,139.5,140.0,140.5,141.0,141.5,142.0,142.5,143.0,143.5,144.0,144.5,145.0,145.5,146.0,146.5,147.0,147.5,148.0,148.5,149.0,149.5,150.0,150.5,151.0,151.5,152.0,152.5,153.0,153.5,154.0,154.5,155.0,155.5,156.0,156.5,157.0,157.5,158.0,158.5,159.0,159.5,160.0
121.0,121.5,122.0,122.5,123.0,123.5,124.0,124.5,125.0,125.5,126.0,126.5,127.0,127.5,128.0,128.5,129.0,129.5,130.0,130.5,131.0,131.5,132.0,132.5,133.0,133.5,134.0,134.5,135.0,135.5,136.0,136.5,137.0,137.5,138.0,138.5,139.0,139.5,140.0,140.5,141.0,141.5,142.0,142.5,143.0,143.5,144.0,144.5,145.0,145.5,146.0,146.5,147.0,147.5,148.0,148.5,149.0,149.5,150.0,150.5,151.0,151.5,152.0,152.5,153.0,153.5,154.0,154.5,155.0,155.5,156.0,156.5,157.0,157.5,158.0,158.5,159.0,159.5,160.0
121.0,121.5,122.0,122.5,123.0,123.5,124.0,124.5,125.0,125.5,126.0,126.5,127.0,127.5,128.0,128.5,129.0,129.5,130.0,130.5,131.0,131.5,132.0,132.5,133.0,133.5,134.0,134.5,135.0,135.5,136.0,136.5,137.0,137.5,138.0,138.5,139.0,139.5,140.0,140.5,141.0,141.5,142.0,142.5,143.0,143.5,144.0,144.5,145.0,145.5,146.0,146.5,147.0,147.5,148.0,148.5,149.0,149.5,150.0,150.5,151.0,151.5,152.0,152.5,153.0,153.5,154.0,154.5,155.0,155.5,156.0,156.5,157.0,157.5,158.0,158.5,159.0,159.5,160.0
121.0,121.5,122.0,122.5,123.0,123.5,124.0,124.5,125.0,125.5,126.0,126.5,127.0,127.5,128.0,128.5,129.0,129.5,130.0,130.5,131.0,131.5,132.0,132.5,133.0,133.5,134.0,134.5,135.0,135.5,136.0,136.5,137.0,137.5,138.0,138.5,139.0,139.5,140.0,140.5,141.0,141.5,142.0,142.5,143.0,143.5,144.0,144.5,145.0,145.5,146.0,146.5,147.0,147.5,148.0,148.5,149.0,149.5,150.0,150.5,151.0,151.5,152.0,152.5,153.0,153.5,154.0,154.5,155.0,155.5,156.0,156.5,157.0,157.5,158.0,158.5,159.0,159.5,160.0
