0.0,0.0,0.0,0.0,0.0,0.0,0.0,0.0,0.0,0.0,0.0,0.0,0.0,0.0,0.0,0.0,0.0,0.0,0.0,0.0,0.0,0.0,0.0,0.0,0.0,0.0,0.0,0.0,0.0,0.0,0.0,0.0,0.0,0.0,0.0,0.0,0.0,0.0,0.0,0.0,0.0,12.561949552075022,12.223329022177104,0.0,0.0,0.0,0.0,0.0,30.850510512031285,20.088664694206066,28.612251799058875,22.478393003956704,25.008329272824927,24.48467405094297,43.00349401637434,39.50727541638543,23.006953980343972,23.379151364721963,17.979506627255553,24.83617583540848,22.782459965928158,16.368953744261653,17.982664553448544,21.788818539740014,24.73969692240399,25.331881092236472,21.510597960985077,20.022950725183392,25.869466942654775,26.448991196217946,27.53308271024176,30.090228265511172,24.04109404776053,17.5865397145416,21.025535537464904,19.977649896135276,23.575707592829772,18.473669440597156,17.838687793289843
0.0,0.0,0.0,0.0,0.0,0.0,0.0,0.0,0.0,0.0,0.0,0.0,0.0,0.0,0.0,0.0,0.0,0.0,0.0,0.0,0.0,0.0,0.0,0.0,0.0,0.0,0.0,0.0,0.0,0.0,0.0,0.0,0.0,0.0,0.0,0.0,0.0,0.0,0.0,0.0,0.0,14.838572413875912,12.77554689681977,0.0,0.0,0.0,0.0,29.86950728422488,33.261652930260574,27.488960592994573,30.57328796000313,31.69136482721712,23.595756046891978,16.203219023285683,26.732199588793343,21.76065663330555,30.317894771329982,18.790617604173825,20.834097058074228,21.86877549051092,20.71845252864275,17.42947187987778,21.579089300074177,25.063958377787586,20.893156862543044,22.51889070062461,24.30323674984785,22.46115227321574,26.49758466206511,41.74794995747609,25.2807680147557,23.587967928574358,22.802348364832106,19.401045827723287,21.066246997350596,25.620689024727955,22.393069076979828,20.946727481098506,18.055817120494634
0.0,0.0,0.0,0.0,0.0,0.0,0.0,0.0,0.0,0.0,0.0,0.0,0.0,0.0,0.0,0.0,0.0,0.0,0.0,0.0,0.0,0.0,0.0,0.0,0.0,0.0,0.0,0.0,0.0,0.0,0.0,0.0,0.0,0.0,0.0,0.0,0.0,0.0,0.0,0.0,13.960750509724033,14.47514008367336,0.0,0.0,0.0,18.83406133645107,26.65819819630235,19.90193551705858,28.567603127469134,22.20982615591234,31.415659270385596,20.298664694206067,35.07118666625097,21.396527173705017,19.27203712143084,65.58157458343757,28.41022604271332,21.398213569745423,23.475408573546222,16.902235162928072,28.45325856952537,23.47926707501309,19.691574812835242,28.95450734499866,23.804340517234724,23.29788504679187,24.02045133530949,40.15971105181453,31.84446620954447,24.319267075013094,23.209317051026794,23.837072009430337,18.39381729403421,17.78145836649618,19.013931013100123,16.315382486524143,16.364082921234747,19.056567635654496,19.029575320236834
0.0,0.0,0.0,0.0,0.0,0.0,0.0,0.0,0.0,0.0,0.0,0.0,0.0,0.0,0.0,0.0,0.0,0.0,0.0,0.0,0.0,0.0,0.0,0.0,0.0,0.0,0.0,0.0,0.0,0.0,0.0,0.0,0.0,0.0,0.0,0.0,0.0,0.0,0.0,13.986816767368781,14.451062618584505,14.504421587170079,17.842490820150736,0.0,20.5508819896814,20.532625748380458,19.621242046567037,21.013906015080565,20.27965090230033,19.06566851881537,18.447516990974812,18.10348151158317,19.914769962656372,24.651437525581088,17.092338417140436,31.402547826418832,53.6999376250576,24.47782464542666,26.222704994446087,22.667479255116017,20.567451506778163,18.462298689431847,20.976156375007882,20.904193733878,24.95104208997656,19.27861864969998,29.798624296222314,30.868959450703407,24.31148974030952,19.628218925221393,22.559244058170727,23.86248856826963,19.124917044987008,19.694362586003404,16.281830251601423,18.1330402857733,16.359179750135947,16.49212198749717,16.462560055780337
0.0,0.0,0.0,0.0,0.0,0.0,0.0,0.0,0.0,0.0,0.0,0.0,0.0,0.0,0.0,0.0,0.0,0.0,0.0,0.0,0.0,0.0,0.0,0.0,0.0,0.0,0.0,0.0,0.0,0.0,0.0,0.0,0.0,0.0,0.0,0.0,0.0,0.0,14.775770327518222,14.73344889219574,14.528677957177766,14.538174792520884,16.791794550517174,0.0,15.908058698492962,19.535296028660838,20.117028358459276,20.60198040116312,32.8169421581024,20.34188929086168,28.030907077119124,25.122026425891832,22.761426411646447,31.156940428177776,32.17621398057037,16.58436503514694,16.878957302240362,20.00307458697776,27.145813599125816,21.642373207616217,17.74621804199349,22.23861937807516,21.1704938540909,25.29182635240489,24.86077740324498,30.984080168987163,28.431165963138525,22.020187143947933,24.028887522901023,17.61226826764331,21.661293447277316,20.52873490256864,19.73075155855521,19.77903163467172,16.479598201689402,19.816942345886567,16.633870751859657,19.548259223211353,20.796698591849463
0.0,0.0,0.0,0.0,0.0,0.0,0.0,0.0,0.0,0.0,0.0,0.0,0.0,0.0,0.0,0.0,0.0,0.0,0.0,0.0,0.0,0.0,0.0,0.0,0.0,0.0,0.0,0.0,0.0,0.0,0.0,0.0,0.0,0.0,0.0,0.0,0.0,14.205101242927016,14.43213829399755,16.269097712005316,15.514540860276728,17.885652132542443,0.0,0.0,21.533728456350673,15.780333388444188,22.7306508459976,15.91147336642979,22.137839382221717,17.95662919314271,17.527714442896638,17.31498488894053,22.044461223413904,20.273690161562836,16.74789060841946,16.01339655243482,25.026718730131183,27.30933025985213,24.370288064351982,20.154995309601627,16.798573535659344,19.496906401214332,20.549347067419873,28.7992306067042,24.02896260281981,30.1254451123772,22.117859587354783,29.89121543171433,20.20281956246217,24.093679021397094,24.56261948872658,25.810376345541222,21.73717874779452,20.95124657166366,18.03998388765468,20.72954575943972,18.714022204461365,22.15859885486973,20.942620556095726
0.0,0.0,0.0,0.0,0.0,0.0,0.0,0.0,0.0,0.0,0.0,0.0,0.0,0.0,0.0,0.0,0.0,0.0,0.0,0.0,0.0,0.0,0.0,0.0,0.0,0.0,0.0,0.0,0.0,0.0,0.0,0.0,0.0,0.0,0.0,0.0,16.63546906780484,14.489145739535857,14.707138593967102,15.275354127790514,15.953481511583167,16.919743581001484,0.0,0.0,0.0,22.21886023133454,22.332708910964413,14.846952037881387,14.192866137725904,19.244315912769878,23.58859459965572,14.797114397919643,22.999685319054656,18.691634096625467,16.89678395901624,29.930595773205916,23.57355064761471,48.02972992342623,16.795350232602758,21.22242423984401,19.67850634941232,20.402790240905865,30.641348500662506,26.37214217533662,19.09239072549275,19.416803452402377,26.489783297342335,23.823891961671983,23.28682690871257,21.261891245422415,22.917442100909803,19.81662885742606,18.131990753536343,18.23949311011075,19.50023547126846,21.644374298244774,18.9056749321314,20.805442463128536,18.888148112750176
0.0,0.0,0.0,0.0,0.0,0.0,0.0,0.0,0.0,0.0,0.0,0.0,0.0,0.0,0.0,0.0,0.0,0.0,0.0,0.0,0.0,0.0,0.0,0.0,0.0,0.0,0.0,0.0,0.0,0.0,0.0,0.0,0.0,0.0,0.0,15.948724210029805,16.003105784135656,17.484474669285778,15.730960473560227,16.883957703087304,17.08719273294458,16.461650757210023,0.0,19.85715702771963,0.0,19.75653083746406,21.714656826167477,17.800539593394298,18.822863634020077,20.85015388411224,17.32473178434359,17.152205014748795,22.78171543859381,19.609676371863248,18.099436646261616,24.40457530548005,22.19475054110257,20.814284725040018,25.159446274450158,34.112120642044786,23.10888723067727,21.06953418933501,18.621196424592654,34.5272702369856,20.772814105887996,19.427221828417647,25.144897132307584,27.39784213197199,21.933451005824175,18.648504599236986,22.02345070064839,17.85030968316537,20.502255824073156,20.93577890988898,19.12256932053115,19.27540706260564,18.921262234169706,18.962672503603688,19.155314235759892
0.0,0.0,0.0,0.0,0.0,0.0,0.0,0.0,0.0,0.0,0.0,0.0,0.0,0.0,0.0,0.0,0.0,0.0,0.0,0.0,0.0,0.0,0.0,0.0,0.0,0.0,0.0,0.0,0.0,0.0,0.0,0.0,0.0,0.0,15.109956046487277,16.829853422743014,15.873182273093153,15.341196424592653,17.54790783896467,16.193181967917372,15.41213829399755,18.083550250278783,15.85676955638221,19.416671940444573,16.773449519530654,18.242255824073155,20.084577206755093,36.96729363891384,18.107410597477774,17.10504726962987,15.14561965907353,17.4013873409159,16.700470594410298,16.22273815291699,18.78751699097481,21.182407393004095,18.801391946459564,18.093721739012054,55.23168565532376,39.465817930547075,24.46290258927897,18.06643866537816,24.136953675168193,22.041253508994266,17.989630573441595,19.536550940324386,25.458835523884794,21.293447491213943,23.320449832477017,19.100847999047875,22.937442406085587,22.7892723465812,24.51106940489715,20.353010821463435,19.360325062489895,18.915313523306516,18.93011383207974,19.367019525132893,19.41959883602133
0.0,0.0,0.0,0.0,0.0,0.0,0.0,0.0,0.0,0.0,0.0,0.0,0.0,0.0,0.0,0.0,0.0,0.0,0.0,0.0,0.0,0.0,0.0,0.0,0.0,0.0,0.0,0.0,0.0,0.0,0.0,0.0,0.0,14.70174859935316,14.733968358986743,14.875336032694687,14.770334357245726,16.14643139351243,14.664059681406062,15.754964766570959,15.869510215394726,15.58190166921893,28.069801112659647,17.993049536430583,16.202546393663074,17.12663601334111,19.00873259898532,16.11667982721042,17.682885314377987,14.437681529917901,14.363619819240084,15.058924049938984,16.474002694137155,15.94770486127237,20.21050242583944,19.502863634020077,33.15135309417267,23.40981928510619,40.55065889316514,41.26376441694314,25.13457530548005,17.57462874883018,19.715225076156795,18.500190900982545,18.967609906575515,25.192804910127816,17.83331738577192,19.40994608037705,22.51788016715902,20.85576494955202,19.101818914782832,21.276246997350597,21.91054551450398,19.298803425557203,21.52225146188894,19.28935992807273,19.851973449128263,19.09353970044704,19.478504599236985
0.0,0.0,0.0,0.0,0.0,0.0,0.0,0.0,0.0,0.0,0.0,0.0,0.0,0.0,0.0,0.0,0.0,0.0,0.0,0.0,0.0,0.0,0.0,0.0,0.0,0.0,0.0,0.0,0.0,0.0,0.0,0.0,13.617617735102439,15.254285052775142,15.429225491923066,16.283151081849976,14.859879892449687,15.357667613154323,15.792524786332951,15.51442158717008,15.679608942060593,15.169416638152008,0.0,0.0,17.45153099040117,16.198955385655516,23.19354416152052,17.27811598675697,15.060078182836381,14.443776057679862,14.46116797534283,14.368071396453335,14.16289891510505,25.174541786604884,21.637917156565504,23.18640628719696,15.177232673784477,23.885801639473392,32.60560062457013,26.520275750312457,26.807862857154042,20.207630807855434,17.909879892449684,21.320314469401207,19.41092415529987,19.645101000212968,19.020847999047874,19.16753441803995,21.359122827683912,21.06643589160655,19.323583559141206,22.69688420397162,20.60873490256864,19.280325062489894,19.13846041448224,19.444586316957896,19.308504599236986,19.475074442564825,19.11137104663265
0.0,0.0,0.0,0.0,0.0,0.0,0.0,0.0,0.0,0.0,0.0,0.0,0.0,0.0,0.0,0.0,0.0,0.0,0.0,0.0,0.0,0.0,0.0,0.0,0.0,0.0,0.0,0.0,0.0,0.0,0.0,14.56442158717008,13.384841171637241,12.828403892175956,13.915577800195585,14.377231852686617,15.355526904781431,15.241371046632652,15.478183453803716,15.431371046632652,15.870617014998386,16.09401347886954,0.0,0.0,0.0,23.474716082462017,20.481111392064015,20.810267120039605,26.897953534464236,26.30350708399425,22.38685952025591,20.193945905261234,17.852874915242783,27.348563717356576,22.109419839742134,21.871770360168824,22.345440700733175,40.530658893165125,16.02012328231884,33.74915589266184,22.90607438008918,28.32415710333448,29.250907077119127,26.332026425891833,25.108172042200508,19.73680581248278,18.571074881718488,20.099042699757508,26.629783297342335,21.470508395775273,20.448932707307556,21.81031726655585,20.414252159243823,19.323672989243516,19.490551409562627,19.378075737965144,21.550269947401343,21.132863634020076,19.13137104663265
0.0,0.0,0.0,0.0,0.0,0.0,0.0,0.0,0.0,0.0,0.0,0.0,0.0,0.0,0.0,0.0,0.0,0.0,0.0,0.0,0.0,0.0,0.0,0.0,0.0,0.0,0.0,0.0,0.0,0.0,13.11674429057812,13.522974884431289,12.259865830621093,14.02449441551927,14.524410436021157,14.837873304257922,15.756491157157994,15.76621237839078,15.76713828879132,16.478038525277153,16.352734633664184,15.494478374285169,0.0,0.0,0.0,0.0,0.0,16.02604608388881,14.561741137058434,28.88541681173405,22.293833547006884,23.40792831502825,29.34163640705089,22.02941953456635,23.336006841192216,18.437755157145787,23.715021958679635,16.094049185289702,16.612314002104718,21.220860063278728,27.11702070242807,19.729818505700454,19.744568872848568,18.246046083888814,23.280140051038455,30.04667718271896,27.67982583847064,28.57795393184537,26.03167834943458,27.047970180816627,21.70172915467173,20.380127602682414,19.230325062489896,19.58739496788099,19.160307145234185,20.52837505587179,19.138174792520886,19.776976451715853,20.210438385905427
0.0,0.0,0.0,0.0,0.0,0.0,0.0,0.0,0.0,0.0,0.0,0.0,0.0,0.0,0.0,0.0,0.0,0.0,0.0,0.0,0.0,0.0,0.0,0.0,0.0,0.0,0.0,0.0,0.0,19.800837740492458,12.541054819060045,12.13819398206214,14.014434477444446,14.175553829623702,14.702061978844384,14.967873609433703,15.474148559272972,16.523778950417608,16.08499697753689,17.6974438421379,17.679078991663477,0.0,0.0,0.0,0.0,0.0,0.0,0.0,0.0,20.271660481108,19.135655960122268,25.50660449238201,21.050227945362483,21.47258951944835,17.625101242927016,21.645746612610427,16.410314920772983,25.033727418392473,18.212038268963923,28.923179526435185,19.512934442443402,18.786824681752304,19.582934442443403,23.802953065829303,22.456167115336275,20.05557926540358,26.372446455176828,35.55475290004729,29.6911176387806,26.656200529573344,22.894957797918266,21.811143493998852,19.50741049336817,19.48941506819354,23.284365337306873,20.83755647481168,21.132863634020076,19.538357765499313,19.129416638152005
0.0,0.0,0.0,0.0,0.0,0.0,0.0,0.0,0.0,0.0,0.0,0.0,0.0,0.0,0.0,0.0,0.0,0.0,0.0,0.0,0.0,0.0,0.0,0.0,0.0,0.0,0.0,12.330427955487492,14.324647812652467,13.03094522287505,12.479630751943095,12.77546406329132,12.391232248248139,14.557411691408825,14.72537468648935,15.781164115691338,15.791164115691338,17.083954716253277,22.33658271717175,19.597669161857556,0.0,0.0,0.0,0.0,0.0,0.0,0.0,0.0,36.22422659721251,25.71660449238201,19.348539007151988,20.18660229901903,18.85236912959243,18.909863706568657,19.025488867575618,21.28062177252976,17.768984402586447,18.486539811372886,22.200696019488504,23.36529987688025,19.80800555540169,27.660060000523497,31.133986202850974,27.77570291171144,33.549886250748365,23.859117493812597,22.92364199674628,23.49350888300853,27.661808802285687,21.896018516534262,21.147426790997855,21.877603281567954,23.269936976332964,19.340389896932653,19.497418207711327,20.944045854556926,19.43837423226267,19.675472663565763,19.286408127793425
0.0,0.0,0.0,0.0,0.0,0.0,0.0,0.0,0.0,0.0,0.0,0.0,0.0,0.0,0.0,0.0,0.0,0.0,0.0,0.0,0.0,0.0,0.0,0.0,0.0,11.675578038269835,11.704292969533062,12.158770610226984,12.386989960932722,12.321432778281155,12.392207654031415,13.058414183159384,13.564526671794047,14.857915511335472,15.061373691492902,15.330670912839336,16.683778950417604,17.802495754852668,0.0,0.0,0.0,20.67031458554228,21.051116070187938,0.0,0.0,23.964464651389477,19.68047818757254,28.02635069217108,32.38283423474457,19.04644940814406,24.916598033103124,20.136560141808037,17.48108540812211,27.467049188905406,21.93341241682419,18.40119642459265,17.894724952975515,30.046727043735807,29.040907077119126,18.822967859488777,19.460369933247172,19.95396554761936,40.67078858379134,25.465769961616807,36.314390757326734,28.213735045397186,29.212105280851038,22.847286082862425,21.599380900501885,24.59549230970373,20.234905101757032,20.335187511682378,20.6073058970281,20.333565300143103,19.163527334985787,19.48785949674155,19.474942977476424,19.48472302791369,20.573481511583168
0.0,0.0,0.0,0.0,0.0,0.0,0.0,0.0,0.0,0.0,0.0,0.0,0.0,0.0,0.0,0.0,0.0,0.0,0.0,0.0,0.0,0.0,0.0,11.321341843913187,11.661071823949877,12.868969950392724,14.06406473831995,13.313388754299162,12.30117242070311,12.647715206716967,13.152277669260588,14.13353325692101,14.558948178983727,14.962229655152692,15.399598097662706,16.808981792062248,17.945668213639593,17.8640671730664,0.0,0.0,26.856775968147318,33.34258342990879,22.678616182314194,19.196815582664236,18.969331641977362,24.610230545043642,22.657072009430337,18.16039130541982,18.927729663316093,18.506174956352773,17.50930820093234,18.27342797802271,22.348281037156205,22.399134450736156,19.480961987468064,24.120848200056617,26.20845547176623,24.239493577462,32.65788810209452,18.596812452163896,19.459123538384233,33.744047672315034,29.54399128199196,33.48996164125569,53.53530842906906,34.85032841656049,24.901627617731073,23.62647071132795,21.20643589160655,21.21643589160655,20.680646381442045,19.941580492946315,19.257417902535547,21.781392990409586,20.433360437281635,18.956547767563904,21.291286955706507,19.475527209957214,19.290334357245726
0.0,0.0,0.0,0.0,0.0,0.0,0.0,0.0,0.0,0.0,0.0,0.0,0.0,0.0,0.0,0.0,0.0,0.0,0.0,14.882885619553768,0.0,13.332110790723126,12.290448127843003,11.635347513852619,11.502375080711815,11.578952125361436,12.875185186157761,12.09736131967474,13.8497366962118,12.940826564051562,14.216261993552372,14.582509176384043,15.484732162292136,15.773288036176243,16.32263207119568,19.202592038001562,17.499818505700453,18.707903893599465,22.148912121780157,23.624541786604887,22.029274704363587,21.70052361544635,22.417089244743494,20.97392161159731,24.633230884418886,26.333608675828877,27.683809212305793,20.968929187985445,24.940395304355576,18.551851244832584,17.963234446637316,29.58442371057381,25.008114463592737,22.970140051038456,18.26873612133584,23.53141721596962,18.656902419741034,19.526869625237275,20.1940671730664,22.729273050216662,21.381466376515004,20.242401176298458,30.981031698343457,42.68668346818657,30.614861770589073,24.814119580517985,26.105359376599225,24.54065084599761,20.9606764650514,21.25312510235873,19.896550940324385,19.684248917952274,19.0771385939671,19.044478679460948,18.9065477675639,24.600760491909384,19.444723027913692,19.31277669343681,19.31277699861259
0.0,0.0,0.0,0.0,0.0,0.0,0.0,0.0,0.0,0.0,0.0,0.0,0.0,0.0,0.0,0.0,0.0,0.0,13.448782770905087,13.096722063098468,11.82237070651205,15.447445558634765,16.03551739099096,13.23120201561903,12.481661906618005,11.443047126790459,11.599800718174052,13.51052021672831,15.067704069510953,14.772939876109142,15.653448587019959,15.844486236537076,15.598297185099756,15.990930014690896,16.866466177656083,17.55904269975751,18.140088358422386,19.54581850232332,19.0170906553385,19.72588413366095,0.0,17.725920043636215,22.15454839084775,19.196838372301382,33.26481631476839,24.822089675163646,20.46362035684956,20.812222542273297,20.1068218432381,21.52496837160495,24.5515485269661,22.492985037236277,18.809426366424503,19.001580492946317,26.36487991479285,26.359352569748165,19.34052139259911,18.311952463418866,27.027827368691117,24.513279693650574,19.013525034571163,20.66200847023779,25.028261514653842,33.00866936230505,36.987346449542144,27.862155064296857,25.004987334267646,22.47715461189907,21.77547729180802,19.721580492946316,20.34563826711948,20.438414325835335,19.598004536676157,18.831371046632654,18.98605737879067,21.36339262841995,20.077609906575514,18.975809224461923,21.511477263578143
0.0,0.0,0.0,0.0,0.0,0.0,0.0,0.0,0.0,0.0,0.0,0.0,0.0,0.0,0.0,0.0,0.0,15.751057991743597,15.808005555401689,15.843296840335727,12.365701812906188,14.860929731267383,12.326185513831241,13.218867802256417,13.398016105159424,13.633819741320249,12.021837518140954,12.856059017023552,15.619957288290616,15.186347505253913,16.085369375150094,15.759706963507828,15.85155854459235,16.954673352158785,18.06170506052848,18.477736629416064,18.399347067419875,19.97354749249826,0.0,0.0,0.0,0.0,37.513963038165684,27.463752494232132,26.320251081322837,21.224657806074617,21.37248896303345,18.690892938778205,17.53523207323373,17.456838744146012,19.636112798585792,17.523117862189398,17.975444577896273,18.48396622879533,22.06430417074685,20.056888279233387,23.71109404776053,19.855127425702708,19.5321635333017,19.479335977262586,20.774147329568635,25.60146672267784,28.341214202424077,40.80519439747183,30.09363621906381,28.093436973586066,23.56083774049246,21.445229424216095,21.904024339247634,19.067455927275198,20.63450841837963,22.187852372666548,18.669416638152008,20.47896423473254,20.451665986424693,26.3831570000969,22.70188929086168,19.61959883602133,19.70634838149337
0.0,0.0,0.0,0.0,0.0,0.0,0.0,0.0,0.0,0.0,0.0,0.0,0.0,0.0,0.0,0.0,13.634282959853028,19.835857233850103,15.94557926540358,14.75617165739677,13.84626414891904,13.407593017581348,12.059592987405043,12.960327512407558,11.495183784390216,13.326134107665814,13.45489854598725,14.774503543305013,14.701209856503045,16.843607992592275,15.820551714738407,16.106902724916814,16.628740425328733,17.270313563491936,18.400973356338497,19.58299329026535,20.051957846893544,19.90354749249826,20.555220918982464,0.0,0.0,0.0,25.460251081322838,28.624423710573808,19.48302277607033,17.61361240533749,17.719385200651022,17.777404117477158,17.834507418733434,17.74250424975388,17.83192215742318,17.72266736164768,18.981663376084015,20.256498615529615,22.292537902267124,19.639818505700454,22.883670495430266,22.9563326673603,24.023600808860614,23.409826461088123,28.192196040278613,29.279708294815308,25.043655544411834,29.811539119341816,33.817204774541004,23.779324540450915,22.233240391716592,22.332119924406996,22.749089300074175,19.574248917952275,18.579416638152008,19.045084038752698,18.531674331740966,18.91825988842547,19.216539379228482,21.901383500089032,20.990181539262533,20.45406258422853,20.438119688375377
0.0,0.0,0.0,0.0,0.0,0.0,0.0,0.0,0.0,0.0,0.0,0.0,0.0,0.0,0.0,0.0,0.0,17.464267033718112,15.310689931851991,13.996614804768871,12.99875889289876,12.347512693760779,12.196147228494475,12.086348118640913,12.619054048413123,16.493659028388112,15.363072192638096,16.47957638190396,15.368081029032009,15.838174323975654,15.570097096726048,15.628273850768501,17.04375712203694,17.320272653989345,17.307595340550105,18.716751808986537,21.157241436397793,20.641973728829864,20.576194441223137,0.0,0.0,0.0,25.63357246793992,34.864960622379144,17.912293642344174,18.955773729136524,17.511780112111794,17.626934486794937,17.813215912878732,20.841961769721067,18.591157097092186,18.81183908358655,18.300679183366896,18.383830416429806,18.101787322996415,19.292908571085576,18.80027776931478,19.019426366424504,24.202065335996195,24.278755584840553,36.00674003370598,22.55724022746947,26.434881984317446,30.024663243300925,25.474452518336623,23.267977996561818,22.736755001841995,19.650751558555207,20.498932707307553,19.731580492946314,18.580027096613854,20.491763632130958,20.790535803660045,18.78067121801512,21.653975811920073,19.684964461395175,21.05431734584413,19.579598836021326,19.34971982023424
0.0,0.0,0.0,0.0,0.0,0.0,0.0,0.0,0.0,0.0,0.0,0.0,0.0,0.0,0.0,0.0,0.0,16.640141976547376,14.828828179917306,14.334927611733235,12.120011950085928,12.75113319017392,12.52761772661456,12.737809431345344,13.170073934864412,16.758519064470477,18.484794396098152,16.48596395451044,15.190335153080827,15.188047636688975,15.316560440092971,16.01678154542686,16.218511738350198,18.256892015145176,17.470437025000777,17.914130184930567,19.23654087467414,21.257819673282416,0.0,0.0,0.0,0.0,24.35471608246202,39.968429698637635,24.820535560719016,18.318255155635274,21.17028203253313,17.84864496173741,18.46123378320498,22.782748483258157,18.645704452680704,18.418444376168388,18.442979913714833,18.63872111408149,19.005650043604206,19.198359395775825,20.93365305593698,22.440889436381667,26.11747080189526,35.892476673936585,30.06073448121699,33.416793577869406,28.632762543629706,30.645241180512443,25.49833395471147,21.573216067164626,21.039608622778456,20.254880903442782,19.954905101757035,20.199818505700453,19.890559395889134,22.726034840637155,20.542762769690533,19.35372173901205,19.40038989693265,20.02927817831728,19.848976667549476,20.654760907636025,20.1190094640995
0.0,0.0,0.0,0.0,0.0,0.0,0.0,0.0,0.0,0.0,0.0,0.0,0.0,0.0,0.0,0.0,0.0,24.862814442199227,14.256228530850809,12.4111334953497,12.789110975409155,12.941940323281028,12.57277580754394,12.577569576804686,15.134631173032982,16.969940587956255,15.169260403430489,15.030259333285152,17.786084900604727,15.044514134795946,15.67707413048286,17.527452287847765,19.51708021248058,17.00898209723803,18.91752146625794,22.12984831873633,23.960799352762592,28.631761414237854,0.0,0.0,0.0,24.019930829266315,26.450754229092382,19.207092986651336,18.275624846376868,17.75428768034857,18.476792760007843,17.93268992502553,20.319445979456308,18.03389794739884,17.97882700841037,20.747056397268835,18.331291045520942,18.277839297726633,18.743143277668985,19.403077334826055,20.855654762984642,25.63227890179268,25.73394820494496,35.88441085846624,31.42639347766376,35.932476979112366,33.33074642769603,28.51772814418827,29.079392034554417,23.478252740212625,24.38549230970373,25.78591505822353,21.602221836094046,20.144965519019742,20.72510118897749,27.330553635386636,22.807541473561955,22.5370155641153,23.5887648320155,22.045115788394675,20.96506531996712,20.543794583202374,21.100181539262536
0.0,0.0,0.0,0.0,0.0,0.0,0.0,0.0,0.0,0.0,0.0,0.0,0.0,0.0,0.0,0.0,0.0,13.466749569819637,12.736078767396403,12.243503940435456,12.57116049874016,12.680780986940853,12.628436566529942,12.552105157596202,14.023572421888387,14.431221670507437,14.527617735102439,14.735087497204992,14.915891572725354,16.152045231743465,15.341367782320972,15.738850757330715,15.798850757330715,18.680757759169666,22.050543167492233,22.839339673523586,17.64456887284857,0.0,0.0,0.0,19.38681558266424,28.933937923592158,43.88585918567226,19.88955785716218,20.695994762174806,22.742545575213967,20.455097029917304,18.36907292194511,19.54606694314306,18.126489143470735,20.055798984812377,21.10532116433227,19.326026694590222,19.15986572253487,19.189679238716792,22.433111619133065,22.939957796444638,34.51738791123,23.77577397942087,30.362263152210907,27.37985778075737,40.61870358368739,35.06652111418563,40.12077920401681,24.462065335996193,22.779121266378247,29.623199460181404,26.487612205022806,24.914109970270758,25.334897437483367,23.237331956500604,27.712300936650692,23.11003319970007,24.081905744624727,26.756171267295787,21.649676371863247,25.59084820005662,19.842670292640626,30.970279083999316
0.0,0.0,0.0,0.0,0.0,0.0,0.0,0.0,0.0,0.0,0.0,0.0,0.0,0.0,0.0,0.0,0.0,12.54797011307834,11.831842109872401,12.195069475889946,12.553575620473898,12.74181158981553,16.215675515631084,13.8686350614369,13.933692369940038,14.078885350315291,14.257100446409401,14.657617735102438,14.712085309568515,15.58703274008668,17.14355492392076,15.521906929972339,18.838258488520605,19.016643365550117,14.527705274238002,14.428340335227483,0.0,0.0,0.0,0.0,0.0,18.57662947912486,18.35124751244659,20.02293602253284,21.649049700232066,21.924081573619965,21.528094363531327,20.102373628263933,20.375782315742292,20.04665512304277,19.19085230448905,18.96463026241765,21.399894018360378,18.921240698314918,21.893411678154628,22.25264270291724,21.448895195908904,26.46225603218862,26.308817586169532,29.18216793310893,35.67466790111455,43.8506624340468,33.013457317973014,26.01138309829049,28.405516213297137,25.566740255179383,37.72533987244773,31.930459327175903,24.550650845997602,22.49180463302558,24.759779970564885,21.273856835614417,21.34608490060473,22.49353382513321,22.649617736813887,22.58823287995245,22.47335502612233,20.252664553448543,20.1694373480557
0.0,0.0,0.0,0.0,0.0,0.0,0.0,0.0,0.0,0.0,0.0,0.0,0.0,0.0,0.0,0.0,0.0,13.666195676863879,11.862666700434051,12.144900205863367,12.750358069583196,13.569428315590063,13.959522130593824,13.983797696699247,13.9386350614369,13.952974884431288,14.131064571801453,14.912889990939142,15.221367782320975,15.88733220238111,16.66377895041761,17.505537784974763,0.0,13.62238970614957,0.0,0.0,0.0,0.0,0.0,0.0,19.467019236439285,18.086174245511128,18.62725644829812,17.79828419120195,18.546358502429744,18.30293050214656,20.574587089977257,19.00032835480227,20.353162621213247,19.841618030801406,19.668317607792282,18.158707332859365,19.219905527973435,23.472646599633592,21.589493666905952,20.01763000304114,20.239414814214793,21.120571107143164,22.553111313957285,24.670519103845663,24.964237368695485,23.378252740212627,25.050463867607547,33.237168993714164,30.280734176041207,30.325445417552977,27.069524535953434,36.14423843951781,24.26752457622887,24.869792732419953,25.20859459965572,21.505535842640686,20.74175108920071,22.025400133958026,22.34335502612233,23.18011009615472,22.898580113489604,21.931831343381656,19.755315927038456
0.0,0.0,0.0,0.0,0.0,0.0,0.0,0.0,0.0,0.0,0.0,0.0,0.0,0.0,0.0,0.0,0.0,11.578251556301232,12.174718534735325,12.321322351442248,12.911197543476755,13.486721390310116,13.57521645835647,13.88863536661268,13.977104037266386,14.234813361401008,14.634692424929694,14.844589466723571,15.241367782320975,17.273898646280756,17.599540053661553,0.0,0.0,0.0,0.0,0.0,0.0,0.0,0.0,0.0,18.40019505760423,17.072070993491938,18.085220499621464,22.160437813141037,19.123836443917988,18.754399337278223,22.743025096552394,20.721872653091978,19.16130448731951,19.282046349547603,19.114399337278222,18.367882432029305,23.70171031509567,19.23225820846026,19.780604010932407,19.454332066512148,19.471120601288384,20.875640999116953,22.64581696166283,20.909427190102697,26.654879914792854,28.659266250786224,35.81883281668556,29.590314088447354,34.84410969378072,26.463741881354437,24.80370418879754,31.940459327175912,25.826113808064587,25.579839171894715,22.771630106619394,23.004365337306872,20.283565300143106,21.68567107523112,23.0689066252847,24.18534540723457,26.831221566897177,21.367170640758925,21.406900314544203
0.0,0.0,0.0,0.0,0.0,0.0,0.0,0.0,0.0,0.0,0.0,0.0,0.0,0.0,0.0,0.0,0.0,12.337312956964814,12.344405899221982,13.401615965347888,13.139552450473658,13.479726506455076,13.11309076318301,13.560978168463357,13.967104037266386,14.464270229833684,14.626728774710841,14.61226826764331,14.842347446467263,16.593642035807505,14.919702437250471,0.0,0.0,0.0,0.0,0.0,0.0,0.0,0.0,0.0,20.815212100298773,17.729455639303993,18.376266823432573,20.65154646183536,19.393521014374414,19.341505946380835,20.427399959613645,19.683039650529473,20.91104397398907,20.777601256382425,19.016414110094765,22.126483162267053,19.623735587884497,20.970808183530327,23.702545575213968,20.259414814214793,20.234675800920577,19.85184403179238,22.890447274052168,20.709866137703255,21.454806391419396,20.469414509039012,25.68573602323946,23.83481829161305,36.25674003370597,23.752708910964415,21.735477291808017,26.234955193972816,25.457210486288467,22.27947997545249,21.83409804486552,20.333324912663528,19.360821726057836,22.783286505648505,20.89264812913854,24.938392698780923,23.331717937806943,23.40329875234564,18.97618287224476
0.0,0.0,0.0,0.0,0.0,0.0,0.0,0.0,0.0,0.0,0.0,0.0,0.0,0.0,0.0,0.0,0.0,11.57296434657769,12.727327362008136,13.092091431564207,12.858484521833127,12.752013716429913,13.262750526605544,13.306586671967578,0.0,0.0,0.0,0.0,0.0,0.0,0.0,0.0,0.0,0.0,0.0,0.0,0.0,0.0,0.0,0.0,20.20060427233941,21.539627256317452,18.231342035200605,20.500598819175018,20.403567877893785,19.437952047579884,19.164343962363894,19.37475379902768,20.61838065429979,19.64866159930929,20.05490056313049,19.904300886273816,19.588440607784356,23.632545575213967,24.66320648423359,20.3454775001751,21.045654762984643,24.829097536404156,22.015212100298776,22.38118176681592,24.497350844154575,24.641092264544913,44.35251995396195,31.072143787971726,29.049230606704203,34.337770846283746,26.194955193972817,23.088431742391442,19.67994608037705,26.35138309829049,20.380961987468066,20.11986370656866,20.08885477999983,22.107913001868226,19.039578727519597,22.993956178348206,20.760803924981943,20.557344002361276,19.656315874532762
0.0,0.0,0.0,0.0,0.0,0.0,0.0,0.0,0.0,0.0,0.0,0.0,0.0,0.0,0.0,0.0,13.999063698907467,12.809404773497592,13.923817898834455,12.586958530502084,13.067446602283248,14.966539379228482,12.763546291901182,0.0,0.0,0.0,0.0,0.0,0.0,0.0,0.0,0.0,0.0,0.0,0.0,0.0,23.80561272018675,21.377654524393396,22.406042680075927,21.094155545251077,17.76229042725996,18.58212621335749,19.07265013457576,18.87042231551569,19.524814914702905,19.94432254852976,18.747644085633105,22.369041947686792,20.40093736169502,19.816031332448865,19.431306603722287,19.127662081872103,20.024213320853566,21.739019189193982,22.545816961662833,22.353480632766214,26.71922201495012,23.46784097617487,56.99933392823781,27.24629116283727,28.003591598622307,26.11052301661286,25.11365554441183,38.09378152138491,28.453364579064313,39.64841450140027,31.02768349153473,21.510508395775275,24.62549230970373,21.154044515611208,22.01441863113341,25.035523508478427,19.044454956699283,19.426781850602637,20.216629193142712,22.05624432896579,20.688552585592774,20.963649616232924,31.46019217781309
0.0,0.0,0.0,0.0,0.0,0.0,0.0,0.0,0.0,62.66883706979211,0.0,0.0,0.0,0.0,0.0,0.0,19.443891961671984,11.62456791042494,12.487303811727823,12.651440629576467,12.631160214248899,0.0,0.0,0.0,0.0,0.0,0.0,0.0,0.0,0.0,0.0,0.0,19.06130307405433,18.761771160195366,20.564403674613004,19.26322493015599,18.637407877629315,22.47484992653463,18.17407602603215,20.134300886273813,20.232740969841274,20.635925235909767,18.667189939269864,20.41226664010768,18.79649465060043,19.997729484946323,20.478831062963675,22.41625132315729,19.826834096598326,19.682877435648596,19.094630262417652,19.19975148509055,20.1100867860454,20.33855263175591,22.308932639469333,23.46784128135065,22.742171703597357,22.194672468360768,32.56294498713765,35.80883281668556,33.36751102214569,27.865628084630682,32.23538922619431,24.709658242725265,38.14440960618906,25.503158182938556,27.826636315495946,21.99511485585859,21.55464146429515,21.40068483065531,20.207090665774203,19.122819598461035,19.513123713424008,21.22240117629846,24.769008091477296,25.881764697044368,33.014704821704925,24.62420718718707,27.420720306199428
0.0,0.0,0.0,0.0,0.0,0.0,0.0,135.42033871052348,80.52093750643861,114.89760715519888,0.0,0.0,0.0,0.0,0.0,0.0,41.07174428973664,15.39885477999983,12.832625846173702,12.713924225546641,0.0,0.0,0.0,0.0,0.0,0.0,0.0,0.0,18.916045245809826,0.0,0.0,20.601670200429528,18.676311438672773,19.73256684362689,19.760313315155983,19.412212861472238,19.118438070536378,20.266348730571877,20.59665481786699,21.13546196232363,19.7495988905701,19.755173551462892,19.83224392950807,19.55252897755259,18.454815393657732,20.10583537342349,21.677066865805763,20.006940407583865,19.863039650529473,19.422051347351697,19.684567895641976,20.583779210375553,22.936843165167787,22.877755836100533,24.301249774643257,26.55922201495012,25.026945715287756,22.430267120039606,21.59408284713656,25.238095425335242,27.730505721749623,23.473897421999084,25.701153928852317,23.222329947943088,22.112022068159753,22.2408185817033,21.552402420046572,22.30734208400237,21.286032799344888,19.95064104018736,20.077283177030562,20.019109908196683,19.974895037186517,22.50202414627185,21.452685945716507,20.620521392599112,20.59075155855521,21.9263337001647,22.407912696692442
0.0,0.0,0.0,0.0,0.0,0.0,0.0,135.69808223339874,115.01760715519889,176.95137512342274,167.6441723630421,99.63755619031602,0.0,0.0,0.0,28.941133364764333,47.53374080560859,0.0,0.0,0.0,0.0,0.0,0.0,0.0,0.0,0.0,0.0,18.955789061959884,28.244131301277,20.61836696818707,21.860923798582384,21.10040061515194,20.30053871510478,19.612544617250787,19.87156381220548,20.224700664327514,19.50226664010768,19.305575840973507,20.30883594595753,20.184188063828735,19.925395966423668,20.114300886273814,20.694210480927794,18.953259654253912,20.066736161854617,20.00519829090769,19.952633883160892,19.955950356080503,19.5737572068276,19.877879764413485,22.443216066507986,20.105738895535225,35.32751185653683,25.70018352041306,23.55596170799279,27.290496962344633,27.052854286004617,24.447350844154574,25.206019422733586,26.780006099060245,23.882459965928156,24.419493577462,20.8256030306912,27.024582698217586,20.992883550332103,24.50495198438123,21.37293602253284,21.375477304407564,19.00498488894053,23.72203507258743,20.694861674026043,19.982186864112084,24.88895785485581,22.122367040304972,19.913919702196175,20.345745923500424,22.449380900501886,21.217969416383895,21.851958548432407
0.0,0.0,0.0,0.0,0.0,0.0,0.0,319.25269274499965,257.2371068141779,732.0380278984481,1208.3956231314037,235.33865385880617,248.2317681694363,56.3104973024501,49.460954726437414,39.91188123884453,0.0,0.0,0.0,0.0,0.0,0.0,21.23380641061368,18.926102048742628,0.0,20.95483296668153,21.823951523637874,21.978261406651512,21.333651389780417,23.197235026259094,20.439837785247633,20.005011363166314,20.37233939981445,19.804700664327513,19.99806360639236,19.373500602240718,19.129110315374646,18.78648411667209,19.539203829713134,20.866825714392704,19.660519473143218,21.1904797896007,20.876278794968698,20.17883594595753,19.80038311607287,20.078915727235056,19.76835275831894,22.087678462942353,19.66298715051081,19.671311472230236,24.04569550046235,23.96560174678725,22.196595912588982,30.703105946469606,23.921076625507823,26.712321974930227,25.65409923004416,24.49270706817491,25.511976441895136,22.708775490510924,23.90586532426068,25.043110510363476,21.969463419201702,21.302438656421227,22.010913947136892,22.037132476319506,21.594181294592957,22.008954676990857,22.94967520699941,23.43247213259001,19.56775243029439,19.96425014881733,19.98519151711909,22.52086006327873,20.879070703936964,20.854207793966204,21.230120589064345,26.006867460868676,22.59626902046822
0.0,0.0,0.0,0.0,0.0,0.0,62.879687663623166,153.74224102859017,486.45567184881423,1706.2134875375505,4024.3397822457337,494.30231845758414,107.74739472855453,94.50036217230287,64.79951176633641,44.65657003868605,46.785355504685235,38.60567812976893,31.859469944582138,0.0,0.0,0.0,18.89423856517582,21.969471642268473,22.358316360213976,21.06788397039646,20.719186388538073,21.025233296972015,21.892209230850632,20.538611791975576,22.672711669905794,19.890826836286834,20.081493814192413,20.35196972883788,19.787818432219456,20.581708734013908,19.331323829452558,18.526307098691184,23.86905646041669,18.216179214678625,18.2775207685362,18.843533761263355,19.00601388441192,19.070306819295293,19.98642333450088,21.866823988239204,21.10546196232363,20.85363452043228,20.105393511130796,21.058583084106285,23.36651974549892,20.585547827263138,22.160437813141048,29.663650015585524,23.8059364952209,25.69138309829049,22.57877549051092,23.151348661351008,24.169267075013092,23.16995779644464,27.08804393582655,23.655735688976947,23.901384015844837,22.081832911922326,23.63825274021263,23.714807322488355,23.2173319565006,20.063092768689682,22.316176385268097,23.19974073114186,22.869571464044995,22.903902931803195,20.19092532699304,20.250925326993038,19.72277835904864,21.736097696877017,21.630683102357246,22.904062188275756,24.140302119296823
0.0,0.0,0.0,0.0,0.0,0.0,115.10898522934285,494.16231845758415,487.9840357156507,1491.3678948195302,333.04207256188926,58.94751158540575,135.07632707471313,69.41971433373581,32.97948735960774,29.800303738572083,40.377559731281984,25.345799429530434,19.50004104085961,0.0,0.0,0.0,26.444418182636696,20.297649199691705,21.332791286608284,20.531676986757148,19.47683703027053,20.277154025225304,20.639626624786253,21.254830473988562,19.645789061959885,19.618592708117042,20.11256684362689,22.12098733494018,22.396955217461574,19.44539596642367,20.220423025227532,20.019854037301805,18.602445738037776,18.42438338002288,18.43945741436393,18.417134799900197,19.31745496358657,19.414977687277535,20.540722690863188,21.027339130652585,19.930834823619904,20.585341603299018,22.226595912588984,22.387078774653162,21.329462756080098,23.276519745498923,23.155570625118536,25.477802595812783,22.357229158516564,31.76347890404513,30.443786653650847,23.134978892726693,21.208562183507112,23.709627868095097,20.584940222492133,21.547224299571564,30.290734481216987,24.197519148975793,21.183686727098433,24.48106940489715,28.807674041347784,20.108431927285444,23.845146372290046,19.88409382504521,19.688976667549476,19.189145739535856,20.172186864112085,21.31128695570651,19.48077190394617,21.244623123292456,20.983886775956528,24.643053138487616,21.138731491210763
0.0,0.0,0.0,0.0,0.0,0.0,167.2655152785017,255.20572594875122,511.6883543539312,9840.666309881728,177.00966105015937,58.997511585405746,50.043546224052434,26.12901542694591,21.20928206535163,22.121851071459414,21.42368830082834,28.53370596874995,0.0,0.0,0.0,20.90952354638075,23.719945077289566,22.993027955372053,19.751069308891935,19.107541857858166,19.33295692920452,19.557933886698308,19.892700531730412,22.47201789588999,19.507395423218874,19.400083410782585,19.380843034012763,20.618889072867297,19.852295254264753,19.06517324628711,19.18889515969301,18.19963451107187,17.87551336963385,18.223055490190873,18.631530802587903,19.00210204378826,19.063123522211995,19.841618335977188,20.83551186758552,20.106655123042774,19.758858695307307,20.84363452043228,21.103179547172793,21.276200246003864,20.05079374654005,22.400787361089506,22.508795741590262,21.49063089883729,22.25264300809302,24.109266769837312,21.828602281902725,21.855643947726435,24.321249774643256,28.11551651847292,27.439857780757368,29.340411340095976,35.804667901114556,21.515099092016015,21.860545514503983,21.26368672709843,21.686156375007883,20.01903163467172,22.88272870891024,22.462456672499094,19.4876970793141,19.36959883602133,19.218029333610986,21.098663316679566,21.65608490060473,20.94585452605211,21.26450841837963,20.54454086027673,21.448932707307556
0.0,0.0,0.0,0.0,0.0,0.0,105.4982437782722,775.3368435801892,124.77960121694706,732.7855482586639,136.81032668819654,37.76878778880864,41.47169328353121,47.314710320548,19.975570625118536,20.295139667374094,19.322375238892825,22.555643460995128,22.030973037872055,19.11997174738186,22.202209230850634,19.827164821350216,21.377368073242373,20.056390191040325,19.499012186600794,20.669765491059444,20.676366856151635,19.392038882242176,19.359951340341922,20.034165101907867,19.111996102430872,19.225144288857003,19.377558385809024,20.611226360185,20.861353766086154,19.48166582631063,18.883191414540086,18.610124904632077,18.1371347999002,18.353086936822322,18.25299498174005,18.705255523720375,19.72539596642367,20.238255362785196,19.89883075778789,19.8718426194796,19.789203829713134,20.5812244855073,21.255661027879725,22.85774977797148,23.276519745498923,24.625570896084803,29.793599470217774,23.759503690148822,20.545807517995502,19.655920043636215,22.629042003685996,26.661687537114194,24.48869421548923,26.05020075222709,27.702329360596593,24.609658242725267,23.603897421999086,21.88262350154765,21.781293142101536,20.930690495223683,20.313105784135654,21.00755242011267,19.395666307770696,19.363587111101168,19.684013478869545,22.27188465053194,20.188740730504517,21.59608490060473,22.0630726232377,22.48104410055216,21.27450841837963,21.17563826711948,24.041550020021756
0.0,0.0,0.0,0.0,0.0,35.30265815845894,71.37613433544598,127.7922804527907,48.36627240081883,49.25979592837149,81.0903978435978,27.72783474213678,19.024616857741485,23.636213579615724,30.046447543409737,21.908862885676008,20.695502449218015,19.86092919594158,21.093411872588923,20.339378448616873,24.066437248432884,18.680113761660657,19.704856117839665,20.6370699078236,20.199835137794004,20.667085563488307,20.681510339717075,20.446505819971197,19.209151870482483,19.702779760428758,19.76289094556279,19.90943015573591,23.48508890497739,22.223731174724826,20.800153997094668,21.177519021776945,20.249449078877255,19.024599058806658,18.272097820535407,18.545620490685295,19.021918734716785,19.400842418894833,19.864452078722255,20.983114196565428,21.03907297438885,20.20315069833472,21.794524658728925,22.148234678522954,25.290871607702684,21.659779659475927,22.500405179083632,21.60404008233025,23.151373320956345,20.655899809199322,19.802525034706974,20.848406969731176,20.934141898631186,22.608775490510922,25.541742219373265,24.51323674984785,27.60050572174962,24.88014265065718,22.523836957393826,22.57571846876289,21.683216067164626,23.127442406085585,20.472762769690533,20.355648476323985,20.20062511116189,19.74663601334111,22.053815644155478,21.54992857374149,23.510636619738126,23.052398218460475,22.865795309618058,22.44042691078863,22.819887011064814,23.779936976332962,26.352804910127816
0.0,0.0,0.0,0.0,34.22380307542515,34.528313473458546,30.00666668036186,25.905510275607952,34.50379190419328,25.07707619859245,25.738084964488067,22.020738890775753,21.70552858349246,19.835549616421254,19.066997569436428,22.48682744570555,21.6241996598319,19.84650073174617,20.505125157115895,22.93292532435978,19.941806811682646,19.583551820593414,18.93322260684446,19.53473566275686,20.234925517096617,23.68670857943046,21.20233631810142,19.918697972679553,24.56963784835985,21.501231488826985,19.381946961039944,22.184196733279812,22.487552435746117,20.011273428824662,23.01257068521953,20.76236109579719,20.341076713087872,19.191602215502385,19.649649842847865,18.36134446927347,19.628343588341707,21.763181455442258,20.93111972414751,19.99082663538155,20.249141019265416,19.854300886273812,20.218255362785197,19.990793746540053,21.133433504991135,23.160144603264413,26.164218375348447,21.5481501996575,25.992902923553665,21.05091612603998,21.335021425145733,19.877729663316096,20.470700033802228,20.451762169585468,23.164807322488354,22.9845028032684,20.22711971928084,21.695281835544094,21.81845252864275,20.722346088815055,20.939786995399253,21.785895227261413,21.21597424412425,23.687063178141813,22.617541473561957,21.911044100552164,21.902642784067574,21.903724686085877,22.584060509409493,23.425563487499694,23.175255860005695,23.48861937807516,22.59788685590966,22.188191972186143,22.927482625677555
0.0,0.0,21.875380650477556,22.970119437763493,26.20634336010579,21.677870342262125,22.037570587430544,25.955510275607956,30.71757947711159,23.637685162046743,20.090515056884144,19.05983778524763,19.010637185949808,20.509759161970614,19.94756451603653,17.49596871886844,19.835345945790067,21.611496605250764,21.917501743934,23.543923254562205,21.85909978021383,22.734488197748362,23.09352444997824,22.33671896219679,21.636761342016946,20.902066838728846,19.423168360862284,20.401306285463775,19.934384734616586,19.14161833597719,19.028858695307306,19.1618426194796,20.275743737399505,20.121705049803566,22.05684316516779,24.405168314953666,21.164229383445168,20.046348730571875,19.634075944041555,20.50877273570646,18.706013579236142,18.876013884411922,19.654763243647004,19.658915727235055,20.93106463842188,21.073111507016435,21.62782960982817,22.623153398307174,25.11162810169158,21.721460072407243,34.959607874351306,26.48385475231254,21.208586968568213,23.22677888018232,20.40377330096896,20.55069412147295,21.91152280261783,23.06789103444309,24.37342047169046,21.55314814376419,22.217139124783046,21.276463422820854,19.88925989311448,24.304340517234724,22.644365337306873,22.607712957705203,21.43574832945618,21.628659541182323,21.09412368573879,21.703724686085877,21.81116516415125,21.693920044420654,22.358038532063862,21.579427190102695,21.821182909785286,22.56803853206386,26.73283252709849,24.962459660752376,22.108749624381147
0.0,0.0,0.0,22.93585418294648,39.54406401463375,22.93283266783503,24.332366514971064,37.14536108016037,27.90998679441932,21.863086650820946,21.129616652862676,20.582651657317346,18.536253029526808,19.162066692872898,20.319628527409844,23.205675070291313,20.708671204036577,19.460661549381232,23.825130574977962,21.610820927939756,19.116736161854618,21.77083822763081,20.97756451603653,19.836501352339454,19.16699102194461,19.520334569214377,19.807582990754938,19.27514250088754,19.043237374478828,18.82504564246729,19.013039650529475,19.97381870442102,19.859141019265415,20.267913013205913,22.35788070666392,23.061809901753726,21.877482256888577,20.427339130652587,19.78885367650842,19.64642333450088,19.778324285995694,19.68665512304277,19.956596510250478,21.102775201614186,20.367019541615065,22.0398429559204,21.512656492412198,32.3361425264326,32.58948553142157,33.85764067580207,34.929607874351305,38.09767815035191,24.17362071745439,21.665687727181677,24.13124977464326,25.301741914197486,23.00134866135101,24.159736283170098,25.464270079295815,22.692469036537222,25.781472823918094,23.761051959155886,21.422642784067577,23.125752681828246,21.711739105421653,22.463620315391914,21.343427284795347,21.46417026038585,20.826682865668033,20.702545578623013,20.896683170843815,21.41225146188894,23.036246768241234,23.260430931965118,22.258954676990857,21.765748329456184,22.008659541182325,22.462842630516104,22.482842630516103
0.0,0.0,25.388819938805504,21.959945077289568,27.965525609017227,24.523533001003667,47.483062338883684,38.48716310812914,24.21334984019593,28.918661421809844,18.354023048460476,17.95832023976052,20.49616655509905,17.44333892365743,17.454181451067903,16.530388417511855,18.96488980884261,18.97077334005469,24.814609154398266,21.644990471241606,19.976501352339454,22.50591097028497,24.430387813104126,21.310840878631446,20.162890945562793,21.305723995055825,19.758241048664893,19.000608471579763,19.193039650529474,20.661858387522443,20.2900685277929,20.078697972679556,19.691165189206814,20.653113891389644,20.799627256317454,19.64066083654873,20.193458287768188,20.876103700501695,20.23283459518319,20.218278051367243,20.77461270197694,21.225976601907973,20.344451606856065,20.06463491478268,21.923095415271668,22.02026931502199,22.01630109740737,33.85764067580207,42.51567812976893,35.541014745536955,61.93259945235914,36.88976725689266,58.41441283421765,26.727116598311333,24.350142345481398,27.799031792472114,26.47315674022373,25.06512804676428,23.492895014813556,25.713948510120744,23.66282917453014,21.849387278667827,25.71146641750206,22.63876452683972,22.01705435582917,25.433576433536,21.768038532063862,22.019650902300327,21.711044100552165,21.208064884146435,21.125996723910426,21.435505546754023,21.297609057942253,21.758659541182325,23.7763326673603,22.579650597124548,21.63174012263473,21.625356490165853,21.886246997350597
0.0,33.332548362005504,20.04053195556949,25.02549790838504,21.090062757419638,24.25409296493858,24.105244046189576,23.662111889111873,18.52455089833525,20.876865287644627,18.958595600668346,21.893441698741512,19.030864950812603,25.991388220585627,17.375393511130795,17.71964984284786,19.808257108657934,27.26707619859245,23.332330105292947,20.641676986757147,20.923574411899065,21.342020649246606,20.117953333574963,20.193179547172797,19.00513215579602,19.15828675517111,20.498054309220358,20.580749800402735,20.959627256317454,21.144881637581243,21.11050795965471,20.28127342882466,19.25437398149491,19.136753283868636,19.99847332018645,20.351136983223732,19.95877202056876,20.496476430788498,20.231676867872324,20.159269122677976,22.119825780143902,20.5430174435091,20.99367966789238,20.923270802436406,21.12895469619223,24.450768014755702,25.01048098024445,24.544990895156655,28.87078691143062,28.37338970025278,47.477518540525466,26.095531665691002,23.784607269696657,25.2849264776926,27.78353658005642,30.30805092525719,30.01260186253649,23.287035330184224,25.870297847979693,23.46527142968634,21.807541473561955,23.39433339091599,21.23457720675509,20.953920044420656,21.71493367695396,21.72188794763144,22.63735125835136,20.506683170843814,22.669244058170726,20.666683170843815,20.719977223676267,21.147609057942255,20.534485701721565,20.655149677106024,22.534720040341675,21.194721382519557,21.421432109339026,22.865795309618058,24.301186328071992
0.0,24.15900531201681,21.81860253621558,30.098551069720116,25.962607816821553,21.155845077589532,18.44305966580963,17.264300886273812,17.282266640107682,22.0500272560797,17.652484874380633,17.494300886273813,16.78522377803156,17.762938879225473,17.614318100419524,19.599028647200523,21.2391482054621,25.206091893886487,22.29012766037265,22.195784580937964,21.73136973833131,19.718380654299793,19.458255362785195,19.046293188253614,19.48263842399032,18.76709198399828,19.403929907522148,19.302409229763306,20.241873246754157,21.248516846768684,21.19050795965471,21.797086511649546,21.570896409875957,19.796208312656383,20.29127342882466,22.077052115321358,24.75433172885786,21.36392161159731,20.473111507016434,19.414988355505255,19.32787976441349,19.64075207758751,18.952675957505246,20.0871661508769,21.29751966829829,26.776196414770716,39.575490717049846,33.281644409873,28.38109910370722,23.625086067942682,28.732118007041233,24.563786713734125,23.09282917453014,22.363670495430267,22.403670190254488,22.267331956500602,24.432668156701354,25.830297542803912,23.85107632033204,24.903575164441484,25.095232863716575,22.214064625286902,20.444101284037945,21.25497737568721,21.83245988307088,23.838887522901025,22.223698450907627,20.33510118897749,19.91317689745533,21.338562183507108,21.31856218350711,19.77582925529943,19.650276292757646,19.60822172367568,20.952131228433792,22.271674316099123,19.512516075140685,19.65394072732956,19.625666307770693
14.512138044673936,38.03356657137455,25.94690794316796,20.212493482400497,17.777896382494497,18.88282197063218,18.72074821391485,16.66348476154615,17.053795610884563,17.217666256090887,16.831817273445225,17.23576273837383,32.7616378742711,17.230275076567025,16.355025534553214,20.74382193228444,24.38687751034672,22.22419673327981,21.39560662308186,20.911450489332346,19.532800787616974,21.1936232116241,27.663964518499274,19.55263842399032,19.282740969841274,18.993039650529475,19.839141019265416,19.2573307541007,19.58738220013199,20.228843202828337,21.73630109740737,21.458919616244103,20.658285856441545,20.96962725631745,20.927433271855563,20.93885247941092,21.075146805514912,20.773270802436407,18.990981440375066,19.54866981867989,19.346297670020423,18.837355221631736,18.986739289060782,19.827001649114482,19.87162288181109,22.34576879573265,32.51136482721712,30.350964364057436,28.324356271270787,23.391749106519185,22.2563326673603,24.034773231297397,22.451587738444992,22.90567591923859,26.250006099060244,25.03465532880715,22.930128122328448,22.58252908274237,32.13294498713765,28.399763711983624,28.627210990077955,22.027139124783048,22.001630106619395,23.718887522901028,20.40746030957041,20.877290805131974,21.049003479819905,22.985632694560792,20.22734985607875,23.349357632689383,23.579826461088114,21.55054551450398,20.055008485814746,19.624712737787203,19.53253548860789,19.56243588321453,19.533643065756397,19.873102625700795,21.022786121767822
23.55709543889948,27.350862424725406,20.940230951353755,19.79748225688858,18.761655843774278,21.113123903577858,17.332266640107683,18.492822809708002,19.48471864930226,17.976695473805137,16.944227074639223,17.539308147052864,16.93451518917787,19.19488163758124,20.5136232116241,19.697601256382423,20.47996117865554,20.061806811682647,20.72170886716669,19.895075210801274,18.574674562952605,22.89315627427331,23.330515619625306,22.622380460521438,20.752775201614188,19.666655123042773,18.93835872563296,19.375393511130795,20.263634215256495,20.4030174435091,21.446688660395292,21.770896409875956,19.429845447532827,19.76279418885178,20.146064233394238,20.526032902816006,20.81370079625225,19.430453550611738,18.45788537285673,18.66787064717262,19.2147225341462,18.923270705558522,19.872157357257,22.93395192219095,19.980359881909465,22.4104141701249,25.327824498353294,28.19135903901417,27.632976260095184,24.1633173178585,21.007530951395225,21.71921364635645,21.039887011064817,21.039887011064817,31.725001147846385,25.83832927282493,25.878329272824928,25.311466722677842,32.90644951173318,24.0397582665478,25.145128046764277,26.989608317903517,23.309324540450916,21.01615637500788,23.09825274021263,20.739608622778455,21.684352225124613,20.902936022532838,20.862935717357058,21.522200957936747,24.839493360631508,21.665367131623146,19.583325593469826,19.390431930476407,19.243965923619548,19.487879968525334,19.47387994747301,19.542797573972845,19.965125483295154
21.7755708960848,21.00890541324709,19.51684789232977,18.86865450852796,20.104314858996055,17.276349202345756,17.212818472105702,19.345307320989605,19.265047148701036,17.893500297064936,17.754320757631223,19.123092096558597,18.135866722514173,19.38458708997726,20.545661027879724,20.628654508527962,21.671237615985547,20.943850186394968,20.952703414796797,20.253092096558596,22.79758364888594,19.0918426194796,21.1553909556964,21.62763944027857,23.676736116203095,19.307965020802428,18.801918734716786,18.473123522211996,19.237055790999797,19.777579702520647,19.324603137218265,18.530373181766898,19.951676616937245,18.90456263934195,19.670637864757058,19.811856597282514,19.735792510132672,19.60015411339236,18.27066496280341,18.405075120907885,18.93289240414523,18.7811835490412,19.34993530578965,18.997090473182592,21.726739684092017,27.133014033369466,25.4998432360629,22.263906015080565,25.937144854750954,20.28699439646859,20.88243606168048,21.138576160522955,20.91803853206386,25.08146672267784,27.382574801438476,24.374139899388137,34.49954225472199,21.911617922625567,28.339681132908648,25.45433831764676,30.928780467789892,30.25943384917072,23.01083774049246,20.686246997350594,20.658064884146434,20.28709329182712,19.943855522037897,20.102137548442794,20.05649937258871,19.74089071597816,20.382346088815055,20.026901424671756,20.954160936902316,19.733989049827958,19.79791749197786,19.26917240382494,19.20619716184972,19.39917240382494,19.486529953256486
21.847838066340913,27.50295830340415,23.072868546761736,18.722687062583127,19.555723995055825,18.641306285463777,19.77000320877314,20.276069804173517,18.260756496323022,17.103924018573196,18.140714284937822,18.472369646332915,19.258255362785196,19.49049412138472,20.918915802318168,19.057483320683023,19.324300886273814,20.82091400635709,23.426501584185758,19.040842418894826,19.49274096984127,19.247628766231458,21.59630109740737,21.206955628122213,18.801121535803034,18.84508431240816,18.54439933727822,18.103670948324993,18.515255523720374,18.737431028198877,18.5903731817669,18.785630565101258,19.29977805155661,19.033873613360637,20.148443412040724,19.377996041922067,21.854702938904666,19.560201309173976,18.128407615322057,18.257146858107156,18.95456263934195,18.961554053749513,20.411577679641184,20.866949787683936,20.403966566945847,19.820496634802495,21.022681149793232,23.953420471690457,24.935224619051965,21.03273759494553,21.658621949804687,20.9538007697057,21.003800769705702,20.711948371063198,23.564340517234726,33.726376344114485,24.595829666408726,26.434228026649706,23.249324540450914,30.992337909383764,25.517201107999355,25.09361199036067,24.187281743917488,20.07433701080363,19.69595591742615,20.267093291827116,19.522166255389724,19.902170983343,19.456129688951897,19.699992062819366,19.36363707733263,21.16447085714676,19.612008498370287,19.10917240382494,19.295902221132227,19.528842289881602,19.385600721059063,17.49716101272698,16.74128575982988
29.330282718574757,0.0,24.081678664727313,18.648285856441547,17.726373610362337,18.646825714392705,18.855472202486872,17.561602215502383,17.61167068892337,17.710389482924914,18.262456374323243,18.364667726255156,19.943511686211146,19.527579702520647,19.279264435162055,18.552038115474996,18.757750526387866,19.1418426194796,19.111842619479603,18.477377828485935,18.823073492456256,19.538766877457522,22.145269870013756,19.689308147052863,18.765035602950967,18.834674562952603,18.69225820846026,17.738676154810143,18.56558658846285,18.500852304489047,18.447399292699018,18.716026694590223,17.7890301288182,18.104832393152662,18.883639794207422,18.164889883102894,18.78796197827376,18.887636805934992,18.477057064892332,18.518046120862127,18.620042680489284,20.64707502002416,19.871944101438473,20.6241411004771,19.88797381749602,20.662125268777125,20.147852189744178,22.701928646451876,21.988807082918708,24.95465532880715,21.497712957705204,22.82092688714662,21.154720040341672,23.127758079963307,25.175026096036135,30.42768349153473,36.21806096145837,25.391678349434578,21.149639036332605,20.584089386242187,20.230441402326754,21.642349857426765,26.18035160476839,21.29900779529288,21.45653412787958,22.642900935281013,21.529796618024733,21.822349857426765,19.315977340996902,19.476466350078425,19.4261296889519,19.080431930476408,19.052258016978556,19.510506669675696,20.166414295767463,19.79184403179238,17.117326653309913,16.814935718236217,17.007326653309914
0.0,0.0,24.34882191650766,28.625499973280537,23.749367497213207,24.100936380011547,354.6469132842147,19.733170569425177,16.324487448480912,17.702953147899205,18.258387141148024,18.52500715004704,18.374674562952602,18.246759057283725,18.409801138008486,18.30821042671396,18.835419050516116,18.417875770453083,18.51177474705572,18.143363547089447,18.504271182022556,19.523706304260088,19.123894358085295,18.968739895278816,19.223726617148426,18.55830032918569,17.38993931546885,18.759905527973434,18.375434974773558,18.33543497477356,18.535586588462852,17.747300857992023,18.042915115445723,18.193485782965084,17.90559613246576,18.42103707828371,19.396600030733385,18.113371928022733,18.747011339497245,19.495829813721606,23.671364804215653,19.800359881909465,20.009044767977006,19.943536954527413,20.60640370205283,20.68854085788727,20.903148448939973,22.597967928574356,23.197774385149785,20.758954676990857,22.276827213888353,22.897071704254557,24.160450397167963,25.002680117379974,34.907542289744455,29.49773314820007,20.98999857145485,22.516332667360302,20.034253223405656,21.112828634050903,20.27955741627572,20.191739817458952,22.947102938107392,23.378153871043594,22.447388208255028,20.183049536430584,22.82603281900044,20.91519498707295,19.49820942991904,18.64027776931478,19.12816874811228,21.292882062747815,20.96745150677816,18.63126276329283,19.14273201615915,17.648309364528068,17.25630624969646,17.10625948927491,17.39996071881957
0.0,0.0,21.357747004828667,26.453355569768537,18.744968523573604,18.567889017545994,16.717827822625512,17.202321799819423,18.23835872563296,17.612930502146558,18.257750526387866,18.205154648263367,18.448387141148025,18.98470798747363,18.88702789919674,18.17792857427662,18.79703919466397,17.946988841729233,17.751504755085584,17.454610887519593,18.469905527973435,20.470769025003715,19.846017162290515,19.287505794151777,19.183726617148423,18.94662890267736,17.83108445103197,17.79703250690757,17.079584368295414,18.623340805709034,18.476792760007843,17.436937836231927,17.29423162525392,17.837501511108712,18.006602936304425,18.522948109766148,19.203185381812492,19.550604272339413,20.558895195908907,20.419269089505505,19.416600030733385,20.982226498051194,19.515577584041406,19.622936830456958,20.848528612945877,22.231612400380683,20.965281835544097,21.72574661261043,22.520502381151097,23.001202624295992,22.229419534566354,25.229719357333348,24.88048098024445,25.28782449835329,23.977001607124222,26.163854447136757,23.767117141224666,20.49378221550038,20.729188350253885,20.87042691078863,28.003417432630886,25.738345426450707,20.927454657694735,24.16695385616181,21.344093813079446,18.886124653052335,24.66489743748337,20.578064884146436,19.669263646374493,20.202742167992,22.728837274660833,18.968618649699984,18.62158572548638,18.1066962823948,19.881925176640795,17.428606843944802,17.03980735229962,17.406471235203288,17.720491415647473
0.0,0.0,29.037276612743078,21.019781096644564,20.41724428380005,19.423270802436406,18.208947144338183,17.019189040553055,17.74796040957828,17.689480285195046,18.394363987962937,18.737750526387863,17.96796040957828,17.44407602603215,17.81858855899258,18.02502065894755,18.017339984551267,17.822986877084478,17.384945340761163,17.240752702345738,17.53456874447506,19.485680577091784,18.349180536618782,17.49186864407706,18.130429876248755,18.906407774487356,17.140062755044628,18.054738688486776,17.933550243037992,18.598695584872054,18.390239230951504,17.84654807341147,17.347100083537672,17.889434286257696,17.942581512915126,17.830730981270477,17.886160954590796,19.315773729136524,20.133782215500382,19.46913966623117,19.295773729136528,19.715177111961218,18.895542184650758,19.838104768345904,19.67156463362668,19.49611279858579,19.67005845686369,20.317318677952564,20.351317242357787,20.23225146188894,21.96880708291871,24.94188109223647,22.562299390911917,22.968801718180018,22.0704141701249,22.60806988697172,20.282032051379655,20.260571107143168,23.28912841376723,19.205843472151606,18.720356401329436,19.210297018280748,19.504629418954032,19.53909771200532,18.647563019252505,20.3163337001647,19.982022044671446,24.252132281980934,22.75859017282151,22.237286082862425,22.140538887085867,19.127221828417646,17.827125113221992,18.385247949012044,17.01980735229962,18.321003615612938,17.75089886278543,17.162155215126297,19.937068173040252
0.0,22.101297301316457,18.44811699462163,18.24426564106957,19.038443412040724,17.82134658960174,18.175045693241877,17.93067715530827,17.748724806859066,18.678905102263414,17.951008870603548,17.628044437050608,17.885583184268803,18.068118215256927,18.413533761263356,18.060367415392477,17.878252373441153,17.831452751706795,17.466157396897827,17.811701468884632,17.395669336503197,17.506302126469304,17.20073624670227,17.48555241902816,17.26760175762552,18.073524756194264,19.42933532469746,17.267195528526194,18.107540787302444,18.785586588462852,18.991668303698745,18.431091523524692,17.89941265478975,18.133602269270106,17.99383041642981,17.91571316769787,18.685478222764402,18.401314005516213,19.10697988671501,18.824708889312433,18.591664518325288,18.856936010744512,18.635356979105726,18.75675066001673,19.480510933550477,19.911192306151072,19.60005845686369,19.73255119880941,20.133846206349883,19.29051093355048,20.664977375687208,22.063906015080562,21.95880677774293,22.66287309428656,19.919873335678272,19.932732010929982,19.22033755823019,19.37432889129519,19.20841648461934,18.983564994967324,19.72771706796297,18.43571586391122,18.963565300143106,19.254323018485774,21.886348039386178,23.415378061179066,22.54620333346412,27.3367207039525,22.53343405995196,25.05845101128031,21.116567440702582,17.739579032695378,21.752398218460478,17.716777717958593,17.441846509996402,17.302149562175266,17.76570210210099,17.90601787191516,16.765052029936285
0.0,18.398385957841448,17.939653114590094,18.895640999116956,18.395738895535224,18.866170821663474,17.33543901585897,17.475757497771788,18.615957536803787,17.989628008755496,18.47411188919128,17.55914624376933,17.848724806859067,18.234802389206333,17.94553203554063,18.66751392588816,18.310737801906598,17.496938475987296,17.372684272788106,17.520306571877523,17.89822133853063,17.9453210978936,17.980001679657306,18.322941243088792,18.689164600553784,18.711091523524694,17.769930377305194,18.637396496987172,17.993895713540205,18.264315114807637,18.8111835490412,18.287396191811393,18.590328659978052,17.692431652355715,18.166602936304425,18.272490070005727,18.810974658107995,18.076160954590797,18.289758805385414,18.165345938019946,18.235987439187213,19.23857363486827,21.04203670829831,18.61608877058241,22.37513227152051,19.89766349393426,20.512757287154333,20.958576160522956,20.292375306058606,20.267451506778162,21.320439098868285,22.069419839742135,21.289465442464987,19.860694121472953,19.268275916461864,20.188993581810607,19.715540978515808,19.29432889129519,18.872548354114617,18.345919605963942,18.335919605963944,18.275666307770695,18.985141918662258,18.406462263781684,18.698102351127126,24.830087571660407,19.529042394581726,19.317595340550106,24.77462893404307,29.8832597550604,21.332592038001557,18.572106353834087,16.827728085542127,22.130966984221267,16.592329535298028,20.784181294592955,16.986014376393133,16.951022349542427,16.41636477831678
16.69116698784677,18.213533761263356,17.599697412169434,18.034753799027683,17.89018301184145,18.03975148509055,17.89649583576317,18.452404369936087,18.789581112133227,18.262972152975383,18.173533761263357,17.857265097503173,17.935019929438607,17.58906759790366,17.76407602603215,18.1782772004122,18.7811835490412,17.849930377305192,18.68360226927011,18.721241011431125,18.712182038744043,18.00707703630246,18.032159960290223,18.376108882951193,18.24352755917598,18.57916460055378,20.17578201056651,18.415019929438607,18.34414737092594,18.22389794739884,17.119995164421884,19.65154254548346,18.251187781930565,18.225855916398963,18.123867151823795,18.07083791163209,18.11212231118523,18.058545043265887,18.666830139780007,18.2496140636575,18.321010920026154,19.053324912663527,19.253176897455333,19.09196423033416,20.03306764083497,21.21027608278924,22.772459660752375,23.90771449748111,22.857027934829915,23.209597051728878,23.59316737352696,20.35208307441395,19.365773729136528,23.871166581267804,19.36970025299875,19.031964230334157,19.27047632982648,19.36706817304025,18.37067069143126,18.224833657977577,19.886838372301387,18.079510215394727,18.076492787841122,18.142298689431847,18.32277721765579,19.173105784135654,18.20040806729087,18.952477091032883,21.024512035785982,17.513414073013003,18.587609906575516,17.650456426206116,17.559649825863985,18.56101092002615,16.507739274093325,17.246269204853593,17.859604760136698,16.50618016186006,15.730723232865508
17.570224511454054,17.871452751706798,17.72869932469096,17.97958881176533,18.15109152352469,18.189076284685203,18.550164291691026,18.122972152975382,18.10659074311844,17.926413606733902,17.89249927347225,17.910018465868312,18.097396496987173,17.812133308330246,17.949913229062666,18.619905527973437,18.045230971118137,17.52186864407706,17.744696278162312,18.049571552301817,18.00578155133045,17.65487888779375,17.86499566764122,18.369164600553784,18.21418238195728,18.298405521329407,18.40938520065102,20.39929865087521,18.081669772180447,17.95873326432945,17.969809728352246,20.459660588913152,18.18749094769558,19.546700998694572,18.302239205827007,17.95495990991948,18.272258016978554,18.09384730239127,18.315629175426636,18.049631272230062,18.03079896660486,19.072659063600728,18.20858222137599,18.76189512693987,19.279330968037605,19.572411451839173,20.821703496726872,22.239357632689384,20.67729937247477,22.26741718462142,23.2361192567679,22.50784128135065,20.675994762174806,20.640221747588015,21.148602587078507,18.11841947120507,18.653637077332633,19.144629418954032,18.796750017317414,17.875614158897367,18.198394360800663,18.459426061248724,18.539956046487276,20.18340393517278,18.085248266099185,18.384574586427263,18.527563019252508,18.797283177030565,17.394560554590573,17.375874304399336,17.20092808400438,17.61354499504828,17.77270004235659,17.182520954124595,16.670825807550088,17.851780112111797,17.753948838441335,16.26245033284014,16.142721128063823
18.0515308025879,18.74084241889483,18.204271182022556,17.840616064747564,17.670910518602092,18.018833735460852,18.116358502429744,18.474674562952604,18.425408812795457,18.143533761263356,17.887077036302458,17.648110451920285,17.527760630295965,18.23134446927347,17.48403708429205,18.309427144979097,17.970388417511856,17.789930377305193,18.014792428628652,17.94225235618631,17.585729796779823,17.351437228009466,17.633441737336007,17.97337925671884,17.841089233466075,21.487299372474773,21.385994762174807,19.057355221631738,19.39595242271235,19.234428439461507,18.08474774046768,18.20869195986186,19.389414814214796,19.937323731657223,19.080633807454824,17.44848031616329,19.31611279858579,17.723428470055566,18.304301385865426,18.092152017350394,18.376870604176,18.74693570556873,18.49644948921711,18.406529953256484,18.516825407099933,19.17933127321339,20.379269089505506,19.24274499557489,21.36360976706092,23.088805562944884,23.014891740168068,20.637078657135923,19.79809619508161,18.89780703289474,19.086323467939295,18.771895126939867,18.967912866515924,20.100268564030543,21.124807102100686,17.814988424340243,18.199258086786777,18.289012052360427,18.411305184202813,18.039909917730668,19.19609351993506,18.170277769314776,18.327755157145788,17.916347414270454,19.02317689745533,18.62644948921711,18.636755857925245,17.843865307305833,17.963826358227664,17.823865307305834,17.80755378172438,17.760477070024464,17.6395615601684,17.42764851933439,15.956384641777138
17.577765368379474,17.616590743118437,18.28980113800849,19.433551275326387,19.207305679138283,18.632955829932442,19.21405299618568,19.129754576843222,18.842217007818405,17.676149780741248,18.3190197529396,17.576599838685034,17.589011920294645,17.662074467149807,17.873747707769212,17.784664466818207,17.72355024303799,18.031631518656038,17.70967800118602,17.595889360434235,17.474526427460177,17.37881098029084,17.536693775495113,17.481606283051725,19.76158049054284,19.722182321351816,19.537808825900758,18.272915115445723,19.730752382763292,18.92554218465076,18.25445694419653,20.392885441989105,21.792072315372977,19.542817684391846,18.082765926150472,17.93560414777862,17.867863659024614,18.286407831615854,18.9310579917436,19.146449408144058,19.90666129755594,19.094629418954035,18.152921626368304,18.375537814950846,18.812182834760264,19.189756001699273,19.23876731928198,19.30876731928198,19.216413990591683,22.884892045343847,20.85648338898413,19.59517711196122,20.818601933609184,17.765443730255832,17.688115664055484,19.70543914823156,17.95040806729087,18.27004572879603,18.08872111408149,17.909829586307303,17.653948838441334,19.779977223676266,18.304833963153357,17.701904835106067,19.488490542693444,20.13595540307318,19.606593624934458,17.58735597794505,17.79167101527416,18.35611522892626,18.65934102564674,17.778403574035824,18.214927507508964,17.7571190325464,17.643508011771743,17.50456024941479,18.283737505389606,17.753865307305833,16.25351636515159
17.83963451107187,19.52891012304154,19.433183943902556,19.33901776205023,19.21642333450088,19.2267026788315,17.62614978074125,17.638110451920284,17.688110451920284,17.718607897804944,17.700018106243597,17.691171757130537,17.673332054271512,17.753524756194263,17.75654807341147,18.00361974879658,18.39720951726286,17.98623740260928,17.654696278162312,17.68766393934739,17.26665859274587,17.143728617350657,17.45028672346738,17.382862540352896,17.32302380050695,19.313953303190267,19.40780913107654,19.359328821680556,17.94729583544855,19.077101252787497,19.20462720229089,18.201707428652647,18.81373608760737,17.718585202498684,17.585857247087958,17.580367591072452,18.514581032522702,18.73697988671501,19.06644940814406,18.603211812799692,19.08432889129519,20.254470857146757,19.146449408144058,20.236148805770057,18.846346181701342,18.631079122534377,19.317846173051954,19.139756001699272,18.529491248214747,18.848374767023934,19.76907400446486,19.137058259180304,18.42010028660237,17.989041727918927,18.033612405337493,18.216197161849717,18.020858600785235,17.967863353848834,17.736101451739458,18.119229995438275,17.088019397019504,18.039041727918924,17.66360098513707,19.126323467939294,18.74979275625288,18.54608846540663,18.179758805385415,17.693600985137067,17.626684453853596,17.768403574035823,17.709108556806157,17.660667163673835,19.24675001731741,18.43067069143126,20.95745896216392,18.56816874811228,18.018722076944435,18.993001167505078,16.710954248303484
18.15596871886844,20.446688660395292,19.491976918669973,19.373551275326385,17.85969741216943,18.322334132918083,17.67980554605354,17.799747049309424,17.7571347999002,17.851978697194603,18.142930502146555,17.881729812906322,17.871678252376263,18.21987098065861,18.276401711575094,17.966727932587585,17.89523097111814,18.83093241052505,17.9470955956303,17.92597060355867,17.771084451031967,17.070458696848497,17.156283271963698,16.975732761926267,19.413227665739512,20.297147271170868,19.434698254797418,19.382531232711862,19.09105603698227,20.504829115782357,19.4935685410721,18.835944818505958,17.70938520065102,18.026780390926863,17.698721872962754,17.63840552132941,17.870837911632087,18.436825407099935,18.977729663316097,18.466174956352774,19.811255426417578,18.804676675504496,18.3956132115808,18.684676675504495,18.791389520475825,19.3658298137216,18.336915572657844,18.900107980897694,19.534695200446897,17.762996534283424,17.76864728853542,19.732411146663388,18.296529953256485,18.000740308799795,18.6845810325227,17.823830416429807,20.11783848664604,17.71174859935316,18.911057991743597,17.49190483510607,17.623865307305834,18.650368920282446,18.013612405337494,18.017083724479747,17.828220074986078,18.51407869347559,18.869243182522386,17.750542211748275,17.806033076276,17.925778402439956,17.953014917144095,17.583540013186504,17.538191156319698,20.067092749563948,18.174126666636962,18.60363707733263,18.558168748112283,18.416870604176,18.08491704498701
21.36434620516676,18.031667998522966,18.717207649034982,17.748806120508377,17.818827122077934,18.302334547068053,18.53847882129645,18.24903257693759,18.823521014374414,17.980910518602094,18.09988128844651,17.940910518602095,17.97389794739884,17.854664466818207,18.41739929269902,18.39739929269902,18.32916460055378,18.52570414750492,18.233251252932696,17.756922906180876,17.64989283661944,16.61264260437742,16.7831220093578,19.329828122867237,19.138882346020356,19.521542545483463,19.412235993611745,18.263638744352104,18.438570679388786,18.51907817099081,18.757157907155484,17.460122262940036,17.380015175253266,17.688585202498682,17.748486905553523,18.14146277306476,17.561921852247394,18.88391610242254,20.334806696595177,18.94462720229089,18.74272413930597,18.822241878116767,18.556404918082364,18.356915572657844,19.093313411293693,18.796979886715008,19.103260060574808,20.285596132704832,18.499440978457507,18.540368920282447,18.540755102648056,17.968394360800662,18.237879968525334,18.297578739375574,18.07412666663696,18.478929601439397,22.21047801339319,17.986958245928168,17.959013353214715,17.843818111125294,18.354179237987484,17.969012052360426,17.76350816442169,18.306529953256486,17.633407969419476,17.809510215394724,18.579389177707796,18.950337558230192,17.999481675094213,17.88173220248003,17.918323719965624,17.95442368021562,17.653948838441334,18.22396622879533,18.23901205236043,18.916750017317412,18.574179237987483,18.291517328573097,18.66906009035246
0.0,27.96776692314193,55.73734266870596,18.416017162290515,18.847965020802427,18.877879764413485,18.231660481108,18.432675957505246,18.52787064717262,18.12691757444469,18.01707703630246,17.882246042803196,17.854937587369623,19.19246853289775,18.42324784251641,18.625586588462852,18.77041073010915,20.133677002095858,18.133357282974483,17.794664161642427,17.284893346246715,19.139449044192872,19.688255362785196,19.299768513313296,19.204698254797417,19.236749196241455,17.502252051010522,18.053371622846953,18.908183493315104,18.367576393500293,18.180018406458586,17.49502572806971,18.37537771593224,17.976108882951195,17.678486905553527,18.134466203632265,18.051707428652644,18.630042680489282,19.757243141839567,20.444871618095647,18.993232359893717,19.09432889129519,18.74896505137211,18.8188376234078,18.847454622996647,18.499440978457507,18.867454622996647,21.29930843303124,19.905514090587282,17.70491704498701,17.761423541827728,17.90361240533749,18.674676675504493,19.110990924308915,18.899444858173556,18.74999175764358,18.639491248214746,18.430755102648057,18.050391305419822,18.801963925158375,17.679236633119512,18.162535183432112,17.928115986756968,18.538413405523944,18.294179237987485,17.80079896660486,18.653043137032757,18.422613442006533,18.537283177030563,19.335475472542488,18.15396622879533,18.626404918082365,22.568840375401514,18.35949744236094,18.464995507024557,18.27901205236043,18.388101451048122,18.196787821841653,17.87446142280079
0.0,0.0,0.0,16.90448043855708,18.4037572068276,17.96593693719672,18.18819571948878,18.221311854995307,18.126358502429746,18.03426928338947,18.270147492437978,17.900429876248754,18.774435618332568,17.900644011866433,18.421091523524694,19.21947830424039,18.87980676317506,19.293540639762025,18.430328659978052,17.919913229062665,17.53180018386906,17.192859217653982,16.95108543965192,19.319350790235557,19.475159100379184,17.545513333932917,17.620429876248757,17.77499566764122,18.033601964094327,18.145620490685296,18.555630259925476,19.34652339749561,19.25581023644861,18.23662859750158,18.21869558487205,18.522085825234697,18.41792389878044,18.50631671221707,18.80177649110352,19.41500260120202,19.169331273213388,20.473588197520804,20.0351664315797,19.371865817946542,19.482817684391843,18.507290585812505,19.326734345783258,19.33182364439076,21.07993003117093,19.04093663327113,17.72120526668202,17.731463181753142,18.648978498487423,21.630158146867764,18.792170983343002,18.640992718594088,19.542560000013893,21.212339514502457,18.48414057178033,17.88023516609268,17.98101092002615,17.75023547126846,18.71317689745533,20.384977375687207,17.947416538735567,18.582166255389723,19.500361993191387,18.723176897455332,18.049956046487274,19.462919948209517,18.795440883230317,19.244629418954034,18.484179237987483,19.018002967572833,18.179164415502694,18.238699755417624,22.448656443444477,17.693793823241762,17.476101451739456
0.0,0.0,0.0,22.726839726683586,17.958195719488778,17.932334132918083,18.121241011431124,18.340328659978052,20.77385143744408,18.901217915878924,20.255999200119177,17.979881288446514,17.894995667641222,18.306602936304426,18.629905527973435,18.615275710526923,19.631742979942967,19.980922595851307,20.784013125909745,17.745844195445486,17.755441491104996,16.50934805610247,16.408017750777837,19.04322766573951,18.84464486142688,17.665230971118138,17.642689925025532,19.689027250185717,17.78544179628078,17.957652342492274,18.010147492437977,18.710604010932407,17.823082240721334,17.997146858107158,18.120328659978053,17.967652342492276,17.76389794739884,18.48514178710558,18.232957083000542,17.725844195445486,18.640705809827043,17.63938520065102,18.22174937565505,19.390165235935303,18.87763000304114,18.911448533767093,18.53177649110352,18.25782576762068,16.58297753924284,17.34943118635588,16.931789530109427,18.398280099597713,18.54710686861921,19.014096068008406,18.68662947912486,18.975635040314558,18.737729663316095,19.056100926462403,18.528431927285446,18.010384745612967,18.53979275625288,18.122535488607888,19.542560000013893,18.140807976145823,18.3619803198192,18.97644940814406,18.880107980897694,19.26817252973167,19.28709329182712,18.715519788851402,19.506846582376674,18.59979275625288,18.80697988671501,18.183042340929802,18.456936010744514,18.422698026186875,18.35661616682804,17.264233825153365,17.21519795784075
0.0,0.0,0.0,19.412708256721935,18.281667998522966,20.363183145066238,17.85918053661878,18.905476152318847,18.481662644504432,18.53015774168271,18.69787064717262,20.22357680804394,18.62130690889807,18.49788537285673,18.536026694590223,19.956008125485226,19.30930942742368,23.418730140854386,19.08851630768507,18.450068486781888,17.92308224072133,16.79730091656409,19.200916224109804,16.82664991047002,19.05322766573951,16.97423162525392,16.53083541344027,16.42758381863996,17.510015175253265,16.790644560731536,17.48941265478975,17.633602269270106,17.564494271814574,17.743867151823796,18.041005696861504,17.689913229062665,17.62422924549364,17.60086199078123,18.180711572508507,18.18127774074131,17.58909227114273,17.46684043533064,19.08467580092058,17.98832230949416,17.22539139296869,16.68531872987356,16.953841103443114,16.858835767593682,18.256453724712472,17.670646503998768,16.759196408807806,16.696139112165923,17.69308877936317,16.968183453803718,18.72259709100044,20.926884203971618,19.326846582376675,18.842057841934263,18.61196423033416,18.196088770582413,18.29675066001673,18.050431930476407,18.260003926017987,18.578978498487423,18.362350140433076,17.931305184202813,18.283325593469826,18.27775615783408,22.677399795128743,19.03602401747995,19.74393875418609,18.72662947912486,19.66776980891644,18.889504944854025,18.594676675504495,18.38693570556873,17.504988424340244,17.11102828401168,22.023024800488933
0.0,0.0,0.0,17.549076284685203,18.414562639341952,18.13331251423458,20.203604643180412,20.34688279410468,20.86514680551491,20.247712455081157,18.554674562952602,18.325620490685296,18.249751485090552,18.215620490685296,18.383241338694525,18.741851827786313,19.24075238276329,19.88590543438533,19.361742979942967,18.721858272989497,18.202948549685853,17.741576576890253,17.68639062634401,18.79780913107654,18.533952998014485,16.790336139651558,17.400015175253266,16.3493750252048,17.604494271814573,17.30923503297168,17.22856516491856,18.345635237266727,17.435407129107894,18.090328659978052,17.673343099279876,17.673946232838443,17.972239205827005,17.6926290191162,17.826780390926864,18.220798020193644,18.711858558514933,17.95791024025582,19.61583387064807,16.613802812330096,16.502559545552657,16.58881028044234,16.48126056980272,16.531508825170462,16.68381465293012,17.056347414270455,17.083428470055566,18.499720194799757,16.84150154991762,17.706100799416724,19.074057934882624,17.684453643119728,23.323420471690454,19.66702773333136,18.672170983343,19.244234573563347,18.501079122534378,18.776901424671756,19.161272884612824,18.460443074412236,17.77009787158456,18.16363707733263,18.619992062819364,18.70532066137106,18.950268672101796,18.746901424671755,18.629992062819362,19.564252713523,18.780107980897697,19.889934577414557,18.69391610242254,18.544676675504498,17.3948179435399,17.272051669956923,17.656975616048353
0.0,0.0,16.93273201615915,22.10557062511854,18.50166830369875,18.312675957505245,18.473953303190264,19.155003558508476,18.74128338992116,19.00127168871572,18.633521014374416,18.210373181766897,18.580792234881415,19.145285653584402,18.477431028198875,18.190328659978054,20.59057947034728,18.58934536200743,18.97933164197736,18.4421574685878,18.270068486781888,17.789428455458985,18.15855974180911,18.713232359893716,17.697020363858872,16.389211749874747,17.190015175253265,17.901744077765972,18.89761432731769,17.02079845345783,19.17867795428704,17.25856516491856,17.11936765708187,17.948163695303933,17.543495161120635,17.6654705079295,17.463495161120633,17.46637060818326,18.033880345955914,18.160798020193642,17.96524236558595,17.11803189511129,18.953568235896316,19.354066491417584,17.124988119164463,16.5182305476969,16.808339836514527,16.950740308799794,18.246414295767465,16.547553781724382,16.623715917058792,16.743600985137068,16.556734922929913,17.373686179126402,17.77564782452478,17.43075160501212,18.256805812482778,18.303756824825115,17.701305184202813,17.370069023419745,18.79644940814406,21.763951084003303,18.611946957029136,16.856015427832553,17.28887115876032,17.773623417744567,17.58691777094471,17.200255607377397,17.260466186557668,17.720391305419824,17.762543109577862,20.47729937247477,18.945339089156455,18.610992718594087,19.457763972486667,20.87219259127785,17.542546393663073,17.153379256718843,18.02148541865833
0.0,0.0,17.79004572879603,18.910633807454822,19.094024088621765,19.86004355368346,19.38426564106957,19.937824930985528,18.51666852287843,17.62608290819901,17.961187781930565,17.92687161400418,18.206578066443512,18.740604010932408,19.270055233726875,19.685640999116956,18.966297670020424,18.63905808079835,19.70541782604223,18.621857967813717,18.11929342425722,18.432157468587803,20.007824930985525,19.198367187204212,16.229117614037044,18.438114012010455,17.727277647818063,16.681348279049868,16.894297064484796,18.032938131153717,18.80127168871572,17.358827248495956,19.091865817946545,18.484391667501583,17.597247876119514,17.952075532794915,17.350345803829807,17.43941265478975,17.89016249084942,17.703078552731263,17.60445724937231,20.163158740228738,20.19248465473794,16.856538198724337,16.563238098487506,16.848339836514526,16.960740308799796,16.89941461492379,18.03451026817575,16.81428768034857,16.811989101127203,16.647839297726634,16.34129803904927,16.7366521726656,17.161401095434922,18.69925821474737,18.76873490256864,17.57741049336817,18.16906009035246,17.12154157341441,20.208541958517614,18.15303037100056,17.960099981426584,17.206979245676152,16.53748667944026,17.07376353881009,16.784233825153365,16.982625329041568,16.51581003313985,18.05679867154099,18.462182834760263,17.412849586957574,16.674625756271094,17.03668832615204,19.156779910329696,17.34876194209184,18.391318226892253,17.934870894752272,18.383001167505082
0.0,0.0,17.168790370683194,18.793521014374416,19.342817684391843,18.74064961819758,19.389962341621104,18.158513967025982,17.978570679388785,18.062239205827005,18.842214814579094,18.700878328239536,19.86360464318041,21.363633303900713,18.315542184650756,18.89467580092058,18.452525034706976,19.189962036445323,21.259131664141183,28.881261166944377,19.47002902089171,18.408114012010458,18.882934775246106,17.9957606986277,18.222798095049537,17.78727734264228,16.64832301430349,16.540644560731536,16.365581433123452,17.822075532794916,19.495654762984643,20.792128627217203,17.825240580427394,17.96386811699885,17.611707733828425,18.43456263934195,17.139235032971683,18.309512960057837,18.585293439290737,17.337490947695578,18.07816741538789,20.721644918640063,17.35747982969326,16.78909257631851,18.89128873153108,18.201276868118047,18.541407547372767,20.56582352249455,18.333455725921258,17.859179697765423,19.83757484037072,16.78171308130502,16.185833219093652,16.612097505929412,16.586652172665598,19.538659541182327,20.38156918991657,20.511932908272566,16.920542211748277,20.806630929916174,18.961119253730324,16.633238098487507,17.003814652930117,16.76848296855069,16.5110241347559,16.949471879877777,16.576321229102447,16.505351187789636,18.028168748112282,17.284465052454816,17.896171917075655,20.48472004034167,16.63795795399913,16.514858036725197,18.540797801505448,19.869934577414558,17.24307388907254,17.929549216736227,19.030006504754184
0.0,0.0,21.090890715978162,20.253485782965086,18.060147492437977,19.69327552858532,20.656823988239196,19.075003558508477,19.656309914833056,19.023540334586244,18.813814385863758,18.814322548529763,17.867652342492278,17.68394397458683,17.748322309494156,17.325738819938167,17.416944021417798,18.480093983540865,21.092833075508636,26.602049609364357,19.525654762984644,18.310506669675696,18.25871727630016,17.88295708300054,16.27707531484749,15.96124637568126,17.778322309494158,17.801278045917094,17.649588811765327,18.746701303870353,17.12461156330442,18.25658816394289,18.130042680489282,17.882948109766147,19.99858666339243,18.536600030733382,18.01907847616659,21.36401791439438,17.343988350971465,17.585415095165608,17.178269113333123,17.01183994368641,17.980042680489284,16.622638278632337,16.700048219554912,17.00366723027437,17.85582817033988,20.563633303900716,16.534448539660815,16.508085355079082,16.460015175253268,16.721751087722065,16.255833219093653,16.597839297726633,16.494110372139563,16.634625631679846,18.892295270682958,16.62242101591923,16.59538343029259,16.86262953218961,18.385998811033488,16.703441737336007,16.986516275460275,16.399918598196926,16.624436113175467,17.53159749366433,16.624675238063002,20.212623501547647,17.941429195208755,16.908599402178822,17.152581512915127,20.3413201815508,17.798450975432132,17.213806938532183,17.334771821594572,17.092902682838304,17.033337431176253,18.640214833237604,17.369233946240733
0.0,0.0,0.0,0.0,19.985363788899683,20.570456426206114,20.77104613289907,19.94782493098553,18.690604010932407,17.324364335732344,17.044940558132872,17.941005696861502,17.047907232948543,16.614786399047958,16.787717142397387,16.910753598200586,18.53472523247345,19.037414855774934,19.78293733473847,19.25543914823156,18.529590300848312,17.7911835490412,17.685521233106783,18.51323084890765,17.620025974410865,19.110484741066237,16.651911138526575,17.302969701924646,18.159389177707798,17.767484272039408,16.624610263777107,16.627532023884054,16.525771852934582,16.760001679657304,17.90967923871679,19.298687814727142,18.02584426277304,20.06387896950328,17.660140898586853,17.308570679388787,17.831571063198513,17.246401711575093,19.53844346981843,17.1204103968723,16.843143277668982,16.741669772180447,17.16330748552341,17.382642483278232,16.705098778517975,16.509859755162033,16.580644011866433,16.736404898651987,16.35044906343204,16.4117723237956,16.445712477143314,16.379116656672192,17.958431268007203,18.863825172234467,19.61742558975987,17.8135555703405,17.389430265836896,16.746877892358356,16.70993037730519,16.59028672346738,16.331029935218748,17.171751087722065,16.591511304428415,16.624675238063002,17.279428150283206,17.17513966344767,17.349784893645737,17.68363707733263,18.630681242428434,17.519041422743147,17.95015558781492,18.589504944854024,21.96479277144055,18.466453724712473,18.760145300956196
0.0,0.0,0.0,0.0,0.0,0.0,17.28462152809722,17.41523616023454,17.741744077765972,20.228601933609184,20.446899525425167,17.925600721059066,17.016889081025848,18.261266411027638,17.662490070005724,19.377688350767222,17.636780390926866,19.105681772483567,17.710410396872298,17.981120906464167,17.7718870550227,17.65274355315112,18.344725232473447,16.76783929772663,17.955600721059064,16.771829354115503,16.439022373240192,16.6469143256779,17.42330748552341,16.9700584004152,17.174611563304417,16.809265986266656,18.474024088621764,16.550117061676353,16.676914325677902,16.924607584688825,17.742948109766147,17.307396496987174,16.93037060570624,17.716544232403912,17.48661422431517,19.863724994726574,16.346938475987297,16.337229525188146,16.579052028682224,16.25806635669207,17.646103000598472,16.626516275460276,17.1046133986181,17.06295708300054,16.441511304428413,16.948486905553526,16.797501816284495,17.053678059849325,16.6490301288182,16.50324904844617,16.94286099754828,16.96678295060461,17.058721872962757,18.13478132080246,18.501389520475822,16.448796913742015,16.620666287280656,16.470106066003474,17.239525647124044,17.38083791163209,16.947501816284493,17.054448539660815,17.641037078283716,16.791291045520943,17.204466203632265,18.05063350227904,17.06304248523621,18.577305679138284,19.10517711196122,18.686600030733384,16.500548787022517,18.214535609952634,17.321907021103105
0.0,0.0,0.0,0.0,0.0,0.0,15.178855244227904,18.157917491977862,17.26384431871171,17.250740308799795,18.038046120862127,17.731037078283713,17.82043152452307,16.37290006690969,20.074913437516074,17.35242794435114,17.19573881993817,17.021069899248268,16.70127416085772,20.19841016356241,17.099913229062665,17.800328659978053,17.390150024003205,16.970429876248755,16.716313193673088,16.70469627816231,16.935059213099038,17.0754705079295,16.76890986802866,16.56862358384764,16.741787456417043,16.650001679657304,18.655159100379183,18.64140754737277,16.58946436987414,16.394610263777107,17.937037890585422,17.438282965313938,17.72763650075921,17.163363547089446,16.905435624531506,16.86212621335749,16.69262291880685,16.436694583778056,16.587658158996987,17.230328659978053,17.739444552997774,17.26514178710558,18.005773729136525,16.559385200651022,18.30488608115041,16.795365532394914,17.09695235369493,16.630001679657305,16.775947034390434,17.12062286778498,16.90081279714324,16.700644011866434,17.32576836328101,17.542189363276787,17.692016319076643,16.430566571884352,16.648861786838822,16.82072178971069,16.544610263777106,16.568256648980807,16.591511304428415,16.73347127596679,17.106821817083933,16.514191321919828,16.721730118082103,17.225769697925386,16.904695882004965,17.033251252932697,18.3225994721428,16.23033613965156,16.95218564470967,16.684191321919826,17.212285580765364
0.0,0.0,0.0,0.0,0.0,0.0,15.720190662947228,17.512166255389722,0.0,19.184256380622067,17.26747982969326,17.34840761532206,17.403911388999205,17.550725742714327,18.692909443440136,16.981769033336327,17.139154674282754,17.343988045795683,17.09605412598573,19.27193707623166,17.18858801041227,17.139803929569567,16.865859312260152,16.59886178683882,16.618967680571558,16.762040206073415,16.94372613345225,17.29958881176533,16.52993037730519,16.449930377305193,16.589549802490176,16.887247876119513,16.61113387988445,16.64923503297168,16.844346774214046,16.40858294476537,16.527001597360393,16.3640914598307,17.19320018362713,17.12015672195006,16.843524756194263,16.9936810710745,16.583234876159416,16.60262291880685,16.863527559175978,16.93638836363965,16.894870589576488,17.096719109490046,20.4616908141966,17.300798020193643,16.620644011866432,17.007021954116766,16.620644011866432,16.67103688816617,16.360548787022516,16.51150882517046,16.5918293541155,16.886404593476207,17.285768363281008,16.94559613246576,17.052571227044318,16.748322185854008,16.721758151376193,17.86787064717262,17.39352414190703,20.364400460290106,16.607001597360394,16.723524756194266,17.46618944069856,16.756306700074557,16.73914624376933,16.944389243482068,17.00099627589994,16.88499566764122,16.764664466818207,16.29017517061569,16.420365480766645,16.66703250690757,16.913844812288154
0.0,0.0,0.0,0.0,0.0,0.0,0.0,0.0,0.0,14.834514134795945,16.53423418578864,16.86451973984079,17.313900385606022,16.692313441472752,19.561113190481592,19.60781195599704,17.139913229062664,22.844981066439985,18.67154254548346,18.195890930250346,16.749549802490176,18.960747772633926,16.674320413199027,16.597268667129082,16.10953989423103,16.137958094781023,16.19671565756127,16.816266823432574,16.808733264329447,15.909355316434425,15.644735459120753,16.409837548786523,15.478789238288694,18.814393326690265,17.770932410525052,16.138796913742013,17.15016249084942,16.737681688475252,17.235620490685296,16.863357282974484,16.755513028757136,17.209290502565473,16.94121182862276,16.78252297118462,16.833946232838443,16.585844195445485,16.65571316769787,17.410042680489283,18.498879682543212,18.090990619133134,17.013078857907043,17.004457249372308,16.40150882517046,16.238855944431698,17.334644571849818,16.71651627546028,16.543465712620435,16.46936735190609,16.60946436987414,17.20869195986186,17.091576576890255,16.89183994368641,17.048405521329407,17.529427450154877,17.869437481502903,17.60131185499531,16.57886178683882,17.035019929438604,17.37234797587213,16.305889554799833,16.83707703630246,16.67906759790366,16.936593480267913,17.052638278632337,16.65591722849078,16.78170146888463,16.540001679657305,16.62636879730409,17.383911388999206
0.0,0.0,0.0,0.0,0.0,0.0,0.0,0.0,0.0,0.0,20.140175089172192,18.073636140216536,18.11253123271186,18.18253123271186,21.00534300301858,18.24375690165182,19.212639989936058,18.39840931379956,18.35840931379956,16.49727883033658,16.517818846369277,15.37462414273332,15.585879700216864,15.22153488955938,16.082163993808834,15.44039855758862,15.215390794687817,15.81757166478303,15.92652723265962,15.94051106890934,16.27774612797041,15.183071798382617,16.19774612797041,16.280671907145916,18.16620777611229,16.23774612797041,16.286211178158734,17.531120906464167,17.151344469273468,18.423025639232556,17.167396496987173,17.03569162728595,17.66363979420742,16.7653479113097,16.887652037316492,17.088695584872053,17.617476447324123,21.358605652637387,18.760848383644586,16.952814693047266,17.055043768880708,16.852969701924643,16.393361028224618,16.6290301288182,16.49113387988445,16.80923394624073,16.569757897584914,16.308111415062896,16.80571316769787,16.69151672447207,17.283123463739486,17.090616064747564,17.18246710569229,17.92745496358657,17.815731837831823,16.711787456417042,17.8585066196835,16.954049039511702,17.4290197529396,16.12915681268329,16.744310765531374,16.64669488895384,16.761566533681254,16.8234648976285,16.994350408159924,16.73729583544855,16.65541584777869,17.0831723862144,17.331311854995306
0.0,0.0,0.0,0.0,0.0,0.0,0.0,0.0,0.0,16.96799917782695,17.963455725921257,16.670644011866433,17.521663681259795,19.81316045217639,19.683160452176388,18.744934504069608,19.48080818353033,18.385890930250348,18.242529899089718,17.000367110216693,16.630109268905116,16.318232934165955,16.05999940362034,15.97748656520369,18.422606311847037,16.46406468941943,16.66242794435114,19.284256380622068,16.881744077765973,16.229470523797062,16.524494271814575,15.276930709385937,16.573857060139247,17.385945123681736,16.295403398063378,16.446840435330643,16.753612405337492,17.500653922566535,16.751576576890255,16.758778681970107,17.810178568154154,17.508440607784355,17.063077334826055,17.132481800511997,17.063291829989723,17.2345810325227,18.67365305593698,18.693554132165332,20.261690814196605,18.680696379667918,17.791161701560696,16.53941265478975,16.460001679657307,16.580644011866433,16.49113387988445,16.67347127596679,15.911600853753702,16.59113387988445,16.829169337978705,16.599030128818203,16.57423449096442,17.141576576890255,16.842040206073417,16.950644011866434,16.922040206073415,17.47133941818141,17.125019929438604,16.65703250690757,16.707760630295965,16.027576617803952,16.68113387988445,20.649799933798814,16.54088789774221,16.609200708617692,17.282348304406916,17.699451462053524,17.621120906464167,16.808733264329447,17.165008430361596
