0.0,0.0,0.0,0.0,0.0,0.0,0.0,0.0,0.0,0.0,0.0,0.0,0.0,0.0,0.0,0.0,0.0,0.0,0.0,0.0,0.0,0.0,0.0,0.0,0.0,0.0,0.0,0.0,0.0,0.0,0.0,0.0,0.0,0.0,0.0,0.0,0.0,0.0,0.0,0.0,0.0,10.796819556357331,0.0,0.0,0.0,0.0,0.0,0.0,15.422060263990089,14.916787827460775,16.840793345832004,15.059939146732361,17.217557921825907,15.070580757435714,18.873786918010715,18.648554567656877,16.198558752550987,13.796253973794217,15.030356651294284,15.971394135378748,15.361748933228665,14.592222053837851,15.306834964397508,15.646459232963561,15.727492200549017,16.468784654693795,17.568499319543275,15.06237629621184,17.876808102027677,17.216534999092143,19.438826376696234,15.740875018362146,16.44138159424093,17.249333513751225,17.323649880826103,16.224450417533752,16.910068600955803,17.777531215676674,18.401399143287193
0.0,0.0,0.0,0.0,0.0,0.0,0.0,0.0,0.0,0.0,0.0,0.0,0.0,0.0,0.0,0.0,0.0,0.0,0.0,0.0,0.0,0.0,0.0,0.0,0.0,0.0,0.0,0.0,0.0,0.0,0.0,0.0,0.0,0.0,0.0,0.0,0.0,0.0,0.0,0.0,0.0,10.900872015789998,11.118816657439014,0.0,0.0,0.0,0.0,20.1197599409534,16.781607866446333,15.037787285317751,16.146798186643693,15.55103837825054,15.51338887721831,15.888874926530573,15.108751777372083,16.352163083954633,18.32791168570152,15.41993914673236,15.92668142141806,17.18717900807664,16.624392248135628,15.854205449814158,16.266244154512687,15.960956655486799,16.99114061791138,16.824349150337408,16.154167809241052,16.8063058815683,16.588268427178594,17.4170669079468,16.752984837130626,17.50729979897452,17.963513020098894,17.443413039729123,17.202480609859187,18.448002893383535,18.054955813591196,16.89443631040508,16.335886805768446
0.0,0.0,0.0,0.0,0.0,0.0,0.0,0.0,0.0,0.0,0.0,0.0,0.0,0.0,0.0,0.0,0.0,0.0,0.0,0.0,0.0,0.0,0.0,0.0,0.0,0.0,0.0,0.0,0.0,0.0,0.0,0.0,0.0,0.0,0.0,0.0,0.0,0.0,0.0,0.0,11.140890447880496,11.249941337594398,0.0,0.0,0.0,0.0,18.047804341261397,17.798386876405957,16.7053951403434,16.104237978228284,16.577269028325777,15.653627629858864,16.24726099810561,16.739109471947167,17.567109952986456,15.377292194118382,16.692841736781894,17.168415363887355,15.966824563069403,17.420381842788473,19.25910654702778,18.616154695294732,15.342757644572421,17.090971472818225,15.740662822081307,16.71415209494957,18.113848955382416,21.049840868610744,16.344809142607247,16.830429694472283,17.429919845550412,18.62480631261533,17.755543750429034,16.92058075743571,19.359060083874724,17.496755385713808,17.80014425713277,17.754936918537684,16.128563329061063
0.0,0.0,0.0,0.0,0.0,0.0,0.0,0.0,0.0,0.0,0.0,0.0,0.0,0.0,0.0,0.0,0.0,0.0,0.0,0.0,0.0,0.0,0.0,0.0,0.0,0.0,0.0,0.0,0.0,0.0,0.0,0.0,0.0,0.0,0.0,0.0,0.0,0.0,0.0,11.48413656940669,11.547414909248651,11.577613182327283,11.415587663246779,0.0,16.529231506368568,19.54633400021993,18.084613037543537,16.096340155526704,15.440536758532138,16.164235708689745,15.482999517796534,16.157916251079435,15.3313090895663,14.662825181296583,14.348184898826727,15.658919017388563,14.807138725550539,15.21774895972444,15.180789195757537,16.093061029668974,17.014577057183487,17.234187385698682,17.871626028259126,17.382075604849337,15.553309649365218,17.965399359854068,18.72449110190828,16.747610164517965,15.63099895672943,17.717910929452167,17.00466515092684,16.984665150926837,16.270863906019372,18.170362959458593,16.7300686009558,17.541295901565995,17.601471654229307,16.318376323231707,16.996420108866303
0.0,0.0,0.0,0.0,0.0,0.0,0.0,0.0,0.0,0.0,0.0,0.0,0.0,0.0,0.0,0.0,0.0,0.0,0.0,0.0,0.0,0.0,0.0,0.0,0.0,0.0,0.0,0.0,0.0,0.0,0.0,0.0,0.0,0.0,0.0,0.0,0.0,0.0,11.667849122956431,11.671649210748406,11.747368345363688,11.701024179970231,11.445715349826372,0.0,16.022186862962876,16.0381472483838,15.756065026975868,16.72613706438493,15.512898817436131,16.881198795268507,15.380577010244828,15.508670998955141,16.644577057183486,14.964591608433729,14.906929106161396,15.246906253674641,15.146330193271872,14.841658170054194,16.318473408294018,18.02283258602844,18.60582204257342,18.23692038978755,18.429035165991003,18.762046867324926,16.687004108427217,17.4537212247104,17.962925755930492,16.46679532750135,22.372794857042038,16.136696806246608,16.469592369403102,17.503895216109637,18.052841736781893,16.474850713873067,17.862807145662316,16.860048745815636,16.4581930904165,15.759432985299865,17.446846194708694
0.0,0.0,0.0,0.0,0.0,0.0,0.0,0.0,0.0,0.0,0.0,0.0,0.0,0.0,0.0,0.0,0.0,0.0,0.0,0.0,0.0,0.0,0.0,0.0,0.0,0.0,0.0,0.0,0.0,0.0,0.0,0.0,0.0,0.0,0.0,0.0,0.0,11.989137757481195,12.150464208934556,11.828397021111249,11.780018747786832,11.84097221257794,0.0,0.0,16.395746749488403,16.508974145573195,15.353519760209203,15.692652347946744,17.556943339443944,16.519268745379385,16.027747296566627,15.216278138648612,18.17282790356076,16.113388261017047,15.676072354645752,17.947293081384334,16.06403036617039,14.963614751849924,16.17403036617039,17.302450819516572,17.07282202136196,16.710951720226756,16.502435790122316,18.66168275376539,16.616072354645752,16.77966713373888,17.355033324566612,17.270137110559077,16.34683496439751,15.986490386838822,16.48683496439751,16.860249302783274,17.175918972849797,16.076460832572106,15.930419164866862,17.221900912997903,16.193515045318012,16.20560981478796,17.4816886724754
0.0,0.0,0.0,0.0,0.0,0.0,0.0,0.0,0.0,0.0,0.0,0.0,0.0,0.0,0.0,0.0,0.0,0.0,0.0,0.0,0.0,0.0,0.0,0.0,0.0,0.0,0.0,0.0,0.0,0.0,0.0,0.0,0.0,0.0,0.0,0.0,12.018314438119129,12.182564585888844,11.817998319840472,11.725510605207727,11.713123651271307,11.888663444367433,0.0,0.0,0.0,15.800062032125105,17.11861053361923,15.69170990225778,15.265579457848098,15.783161673450284,15.748486008311364,14.01029387148369,14.990947020427583,15.712924974114792,17.940192940685552,14.96224280462817,15.61920815664059,16.859609599251545,16.91891360203926,16.256600383125978,16.296568916264228,16.86120821121017,18.570415465891422,15.98363410143528,15.326710756792455,15.050905284211535,17.55453803109038,18.31313187332696,17.28401043074393,17.2637731679246,15.873323923925977,15.538399262732309,15.531953818816747,16.102893192811752,16.55555736684068,16.077577216336085,16.27381814393994,17.633403545691547,15.765419663362017
0.0,0.0,0.0,0.0,0.0,0.0,0.0,0.0,0.0,0.0,0.0,0.0,0.0,0.0,0.0,0.0,0.0,0.0,0.0,0.0,0.0,0.0,0.0,0.0,0.0,0.0,0.0,0.0,0.0,0.0,0.0,0.0,0.0,0.0,0.0,12.790077780557247,12.012349019302334,12.125687713333967,11.7135087151901,11.76239254332425,11.76026576752465,11.973270323660415,0.0,0.0,0.0,14.062396773630727,16.239759217119683,15.123509184320888,14.544658087098306,15.274334278597978,17.173288342928977,15.225302228142668,15.519328577561161,14.847678816907102,16.275406093856247,17.341968658089773,15.300040655122075,17.60543287704256,17.87813780982419,17.083569730017345,17.632609360780837,17.772003003242986,16.51273723076155,15.892211407748377,16.02377592054253,16.731993123913497,15.60598711721823,15.362453070386184,15.986295831898174,14.924038879285552,16.285448677071432,16.008727152182693,16.14041705214224,17.005035448160225,15.677115530612033,15.743559054355387,16.590864211195154,17.54793110947343,15.736235835121242
0.0,0.0,0.0,0.0,0.0,0.0,0.0,0.0,0.0,0.0,0.0,0.0,0.0,0.0,0.0,0.0,0.0,0.0,0.0,0.0,0.0,0.0,0.0,0.0,0.0,0.0,0.0,0.0,0.0,0.0,0.0,0.0,0.0,0.0,13.225491226370913,12.322093484603776,12.448433246474911,12.192025624322342,11.791863075602311,12.744957645408256,12.194294908130328,13.12859743702823,13.058687338272119,15.004229932485089,14.528057023020066,15.087520486867474,15.168141647054735,13.807951300742543,15.461122485951037,14.584295875164955,14.70615883095117,14.47399831772215,14.15160047253033,15.084559811436355,15.508555827502743,16.24536530579467,17.152676633416867,17.641811592829544,15.336728454611787,19.194843437567812,16.202134823797085,17.419908586613293,17.48801759500521,18.458734558645894,16.47620855106597,18.013744266711186,16.047819758055574,16.00629583189817,15.80872731498549,16.303466867443987,15.848833125244662,15.106405094225595,16.187492198828316,15.38748302567223,16.087649231850563,15.794510366881374,17.21321259818732,16.413538563135244,16.44233543632791
0.0,0.0,0.0,0.0,0.0,0.0,0.0,0.0,0.0,0.0,0.0,0.0,0.0,0.0,0.0,0.0,0.0,0.0,0.0,0.0,0.0,0.0,0.0,0.0,0.0,0.0,0.0,0.0,0.0,0.0,0.0,0.0,0.0,12.491512834326244,12.277078461822834,12.097093068625679,12.053936325313376,11.778716307478845,11.861366508408162,12.893315926214765,13.10972994382514,13.052544752996733,13.297975910069729,15.017514017432969,15.026952332320409,15.004814792994948,14.195168989873359,15.756601032727389,13.237735170947937,13.962989415815139,14.45313937995879,13.334573510105882,14.57062545052852,14.819074256960139,16.708614295237982,17.174792236556215,20.28041944364592,17.671666146943593,17.9198707304935,17.03370759403572,15.016890800872883,15.659556458742458,15.924731597322811,15.477603650820548,15.803332808087433,15.701082001802762,15.3308576163715,15.546264046910629,14.968288487234048,16.130947020427584,15.868833125244663,15.830885046806264,15.528300853507313,15.36752178988495,16.15774184422554,16.635259212920147,15.659846331915173,16.704841035462017,16.043559054355384
0.0,0.0,0.0,0.0,0.0,0.0,0.0,0.0,0.0,0.0,0.0,0.0,0.0,0.0,0.0,0.0,0.0,0.0,0.0,0.0,0.0,0.0,0.0,0.0,0.0,0.0,0.0,0.0,0.0,0.0,0.0,0.0,12.01136862830149,12.488373958986529,11.804332370875217,12.09215901813971,11.82967589688971,11.798981881763396,11.929872678746682,11.95607320324049,12.390656766227663,12.374949548979169,0.0,0.0,14.416193338626048,14.473775453386029,14.898200876572076,14.375079735802778,14.176229483785098,14.152955724978675,13.37275949088229,13.202911981870134,13.581699726519098,17.39655378186935,16.75151894700895,16.83551491608506,15.20843372675845,16.41755192161809,15.568553213485275,16.840429755212774,15.75744472541124,15.889289246279391,15.498409672438333,15.094184430052895,16.132434435828518,15.626418008128487,16.678315295051085,15.685400963999777,15.684034756582808,17.979354942540002,16.594360042515508,16.951319031694673,15.452230735503663,15.67458082029319,15.806795851250696,15.508703253006527,15.587954709153301,15.93584382008951,16.71459160843373
0.0,0.0,0.0,0.0,0.0,0.0,0.0,0.0,0.0,0.0,0.0,0.0,0.0,0.0,0.0,0.0,0.0,0.0,0.0,0.0,0.0,0.0,0.0,0.0,0.0,0.0,0.0,0.0,0.0,0.0,0.0,11.833956638202828,12.509857941068415,11.724509982129698,12.167624078544854,11.512778072553418,11.819465836088138,12.473666314165888,11.796591527897453,11.885933758231902,11.947124868763327,11.87342351069267,0.0,0.0,0.0,14.140354729674785,16.67961413024175,15.346419340389414,16.569552142881886,16.830496345416268,14.927682546911225,15.608789849291902,17.946432883411624,18.35122752075089,18.233118634837247,16.07644890237095,16.407406337106966,18.350064915488066,15.398145933907408,15.325747381709427,15.938804218692294,15.617269576863674,15.210696960721538,15.273233978604118,17.24298312843673,16.01625391953032,16.481332186032578,16.2850443525396,16.226253919530322,16.166574535828744,15.667693670974806,17.10993914673236,15.878164321521433,15.739621124541248,16.69973034491383,15.925564050673396,15.690267898857995,15.845588218155372,15.6956244712918
0.0,0.0,0.0,0.0,0.0,0.0,0.0,0.0,0.0,0.0,0.0,0.0,0.0,0.0,0.0,0.0,0.0,0.0,0.0,0.0,0.0,0.0,0.0,0.0,0.0,0.0,0.0,0.0,0.0,0.0,12.068754769408226,11.592882284305016,11.912427743249438,11.459410968532822,11.534814227995122,11.600076952391584,11.886568881219258,11.85734983707775,11.816061613647122,12.031536011575778,11.94361660428218,11.976834133526605,0.0,0.0,0.0,0.0,0.0,12.961688844614264,13.964283441323468,18.17208839512245,17.936507864339013,16.01349190918702,14.662498891574614,16.93493921884926,16.85975702418857,16.69108065494069,16.440988859072707,14.684649944257146,16.097316759168258,15.31239421301208,15.843007158219937,16.120820417541136,15.232282967951843,16.230195983159856,16.031451782370276,15.770609221038812,16.1391999821452,15.925006497021556,15.814210044275745,16.420676169659238,17.02487901591566,15.89407648212314,15.199997205617834,16.429546808751162,16.885499951792724,16.159537160518,16.0062796334345,16.491565601515962,15.703197827115853
0.0,0.0,0.0,0.0,0.0,0.0,0.0,0.0,0.0,0.0,0.0,0.0,0.0,0.0,0.0,0.0,0.0,0.0,0.0,0.0,0.0,0.0,0.0,0.0,0.0,0.0,0.0,0.0,0.0,11.571680640623333,11.321338329606075,11.631982122816659,11.359200364725428,11.834338168991518,11.696374229861078,11.6945348325387,11.758321316118616,11.877349531901968,12.117516621882089,11.993376961436253,11.948718137085129,0.0,0.0,0.0,0.0,0.0,0.0,0.0,0.0,17.019431961211563,18.95872500063869,14.43354447424717,18.818463086727,16.475459216790213,16.855763287944228,17.116922452270572,16.771655966286914,15.081490206441808,17.58813407892676,16.0710362120954,19.16476099104717,17.80648296349446,15.236511458739304,15.488608938186214,17.087880446057465,16.16295516790293,15.644216296881488,16.235914924151796,15.50858330416456,15.491004182137912,16.78073949093424,15.939524050499827,15.700083631757725,15.806634606151897,15.638460584293211,15.830257574246259,15.44631150490972,16.075237250320374,16.42372960097057
0.0,0.0,0.0,0.0,0.0,0.0,0.0,0.0,0.0,0.0,0.0,0.0,0.0,0.0,0.0,0.0,0.0,0.0,0.0,0.0,0.0,0.0,0.0,0.0,0.0,0.0,0.0,11.874655765561503,11.542973852555882,11.749411407833914,11.703261319127204,11.546978676596192,12.038427503952672,11.695135187154964,11.729567808699096,11.809397885394029,11.856035554287683,11.906035554287683,12.298209907207195,11.904899793315138,0.0,0.0,0.0,0.0,0.0,0.0,0.0,0.0,16.491746053686043,14.78672721981544,16.407474667806483,16.577189313727622,16.895002683345645,15.940765091534796,16.198490821358895,16.131684937691485,15.922938684244903,14.557614565769267,15.800720164063568,16.46306102966897,15.738765185067892,17.21335071455471,17.255040436692767,16.10140931275928,16.688045603216466,15.482169298308976,15.81774153904976,14.90455940170369,15.547709696647289,15.458150033121138,15.354797639959806,15.006515259628735,16.209747273897648,15.24365975095849,15.838391781457439,15.508042617809428,15.534188802197622,15.67750611525581,15.745354852659851
0.0,0.0,0.0,0.0,0.0,0.0,0.0,0.0,0.0,0.0,0.0,0.0,0.0,0.0,0.0,0.0,0.0,0.0,0.0,0.0,0.0,0.0,0.0,0.0,0.0,0.0,0.0,11.525528986893285,11.409392056707041,11.5533598688405,11.583438306302126,11.714211717638497,11.812667464766545,11.788482536571033,11.805125275922755,11.861101329694769,11.958715921737072,12.09554944264842,0.0,0.0,0.0,17.35478361693992,18.322888800443508,0.0,0.0,18.604828461505882,17.915829980935822,15.975809568776715,14.076593702963532,15.148569837867097,16.35981399004115,17.949927369294237,16.688073415692273,15.596468331872972,16.54606741929141,15.126828396684783,15.427524174694597,15.641169994147798,14.743972654427473,16.911282609391336,15.99645892778778,16.530045383349883,16.251120685942464,16.541247481875093,14.911296441295152,16.885967102457045,15.61403320382352,15.619374821578493,16.008277115665397,15.793750869596536,14.931747943803094,15.391682861139163,16.002915859742313,17.119296257797185,15.35976581605046,15.52458340550634,15.641982122816657,16.142746643183386,15.787387280407287
0.0,0.0,0.0,0.0,0.0,0.0,0.0,0.0,0.0,0.0,0.0,0.0,0.0,0.0,0.0,0.0,0.0,0.0,0.0,0.0,0.0,0.0,0.0,0.0,0.0,0.0,11.556611063410175,11.13562495078037,11.70206325288118,11.440979352874535,11.617078900536114,11.842221774332716,11.954632811593127,12.096805435068152,12.222846416572589,11.921719465099049,12.056768567413162,12.592115866023786,0.0,0.0,19.483547400475896,16.09979549016327,18.899156724428998,19.016283512381275,17.133847710343524,17.776014534939787,17.043055765954076,16.25398738476319,16.699970641901995,17.745360132981002,17.513540199920755,15.891777667893955,15.880337836351536,17.157189877995222,16.97883788662557,17.46616003533923,15.803789065751499,14.688540198875604,16.443180004813343,16.574167206811328,15.308856284680417,15.329897009633264,15.749286592867291,16.713764153340342,16.230356651294283,15.810600118120393,15.846326465322083,15.71986504625315,15.093531550286441,15.347230358907812,15.371758783661686,15.337620386951576,15.20911842545253,16.286046235242036,16.41300860870591,15.578458385679003,15.695181734844056,15.819810365303212,15.817671450577123
0.0,0.0,0.0,0.0,0.0,0.0,0.0,0.0,0.0,0.0,0.0,0.0,0.0,0.0,0.0,0.0,0.0,0.0,0.0,0.0,0.0,0.0,0.0,0.0,0.0,10.714960057839772,10.926324320177141,11.24745503490339,11.401699421343316,11.458324910232824,11.625182302682088,12.35659162392255,12.305531669036617,12.429621124541246,12.004361152563275,12.399597494634774,12.695312346539474,12.266768262237381,14.392762678374504,14.608032908207578,18.35869678057879,17.473885760365476,18.0516885829318,15.955121716258546,18.394518383347652,17.434747242645066,16.885457496265975,16.30540372745731,16.342760857782455,17.387383274510825,17.418551843207787,16.132292657191325,16.702214676293455,16.642502184020408,17.06241734773383,18.011917273178188,16.491294412677426,16.93807261903609,16.443858650783426,16.207379405528943,15.271674144585534,15.26296065846497,15.515430579236837,14.908865523185913,14.913528194125753,15.369206671599958,16.402134823797084,14.874050378072273,15.431362973565529,15.756591623922551,15.629094834752742,15.405676444757406,15.4282627748929,15.582207405035849,15.563989453600122,15.799981878030152,15.72168544041257,15.853266832732672,15.905322412101668
0.0,0.0,0.0,0.0,0.0,0.0,0.0,0.0,0.0,0.0,0.0,0.0,0.0,0.0,0.0,0.0,0.0,0.0,0.0,0.0,0.0,0.0,0.0,0.0,10.939980517804461,10.69582795153962,10.984972223890543,11.378166629910227,11.5148458127693,11.534983388512899,11.601760047294851,12.401909679637036,12.432449843621647,12.038790941843079,12.097775651598214,12.240686898164203,12.28974473092464,12.495354852659851,14.07067616965924,12.76758142978558,0.0,19.242067094686185,20.327370558519203,15.283982828470368,16.682107287295906,18.569394377229514,18.236114149255453,16.804126318514903,16.16014848086281,16.13877486384788,16.97125115823461,16.22390005962196,16.262820277095436,15.789006295911971,16.22665245238334,16.75272112868308,16.543239761480496,16.96357419671424,15.261390542374526,15.387048528617187,15.283512727531413,16.25359492896529,15.926090163015484,15.722671552260914,15.586728939005784,15.618213411794274,14.88311536342595,14.97510195233059,15.803246274875894,15.304423796399991,15.258248753626418,16.18435075749379,16.507980425712525,16.019721646028568,16.24480085022393,16.006946949648217,16.2262711999157,16.39418912933654,15.966162008964991
0.0,0.0,0.0,0.0,0.0,0.0,0.0,0.0,0.0,0.0,0.0,0.0,0.0,0.0,0.0,0.0,0.0,0.0,0.0,0.0,0.0,0.0,0.0,10.50238918427762,10.66623426834219,10.80403106786208,11.263261319127205,11.470654805246346,11.598769380954952,11.579827187149053,11.66764427565335,11.802916263937927,11.98534978761783,12.050218704405713,12.042661005876871,12.072155563650684,12.19944771657513,12.44374933805198,0.0,0.0,0.0,0.0,16.802562402851322,18.340929812007282,16.504215654505032,16.931682244766737,18.95329924355473,17.059325026691102,14.971654266949285,16.55216006868144,16.48387101775496,15.757565138861088,16.40614034756237,16.165635166952534,15.152630692788241,16.422177684970055,15.709857635892632,16.12711364092211,16.25679397183521,16.477657103061585,15.25044711463256,16.027553481565878,15.232159018139711,15.645761017605505,16.16828518087686,16.26415770610639,15.752288929081615,15.3789472747231,15.81440306155774,15.061807083211098,16.85077879959942,15.736867507140222,16.914949124065238,16.70551356814288,17.293457636742836,16.81560586662202,15.87700267392282,17.0048591984612,16.033483661452046
0.0,0.0,0.0,0.0,0.0,0.0,0.0,0.0,0.0,0.0,0.0,0.0,0.0,0.0,0.0,0.0,0.0,0.0,0.0,0.0,0.0,11.552626883626456,11.10124760513548,11.020227705456785,10.857444503306091,10.931266657402398,11.404848336293197,11.5500135536995,11.59208591679099,11.657577926033829,11.718305746149063,11.954318701952092,12.056715559537443,12.028967168229292,12.088965237733722,12.124673216993921,12.312816570686495,12.708915371323341,12.122034190319937,0.0,0.0,0.0,19.836569111742598,18.383762873996325,16.282151811286564,16.085792522785898,16.98223567848932,17.46024338972107,15.977758546082601,16.424748190735848,17.159469725770332,16.70115075692813,16.884177528295687,15.3992524354562,16.995224310144458,16.075138621674018,16.655612836008302,16.42955543953994,15.776401316177012,16.294723627130747,15.384079209141758,16.167979307582176,17.200648436055033,15.704020553832944,16.057649231850565,15.33710555270949,15.348605517818264,15.370389873960372,15.529800873348655,16.268166620339805,16.285609814787957,17.122324849129118,16.44994625118593,17.14443631040508,16.82016148350889,16.659849824128337,17.667576537630516,17.04613572094958,16.88636442685041
0.0,0.0,0.0,0.0,0.0,0.0,0.0,0.0,0.0,0.0,0.0,0.0,0.0,0.0,0.0,0.0,0.0,0.0,0.0,0.0,11.874135262247357,11.939624486068116,11.706706335637781,11.387397991560633,11.334349492369528,11.614618943765501,11.50567255392956,11.50573401846481,11.57790005185128,11.698694326089399,11.786823270471132,11.951531788948646,12.03713605634392,12.161773338000401,12.141740099323746,12.281145104062944,12.342350513518987,12.65774522377935,12.241865618528257,0.0,0.0,0.0,19.290721728785176,17.602807660189523,15.07798715969125,15.339140598294042,15.850383388349494,16.81695975414283,16.172999869013907,16.441017959266674,16.104149088075307,15.455584518633254,15.771942324799546,17.046088236446217,16.21372191676637,16.476963090960073,16.593536455788566,16.536963090960075,16.31683260342773,16.092399456288444,16.11600332912174,16.239851496621284,16.30657453582874,15.659089327582365,15.556264871325839,15.42680512989237,16.133315926214767,16.611257948477096,15.852304733863562,18.07923107151824,16.263591743576033,16.736993361407563,15.906574782497488,16.77618802793158,16.421491148829475,16.451490206441807,16.97342408918232,16.93717910276671,16.62524665579423
0.0,0.0,0.0,0.0,0.0,0.0,0.0,0.0,0.0,0.0,0.0,0.0,0.0,0.0,0.0,0.0,0.0,0.0,0.0,11.396809138786132,11.711365020945776,11.962320142898905,11.792110786092376,11.684623169208306,11.521300912291608,11.457261827131537,11.527802153379458,11.606806382307317,11.649293343889461,11.71533905815038,11.921673597912811,11.986020399855729,12.399501001241974,12.19429493554553,12.24505332322595,12.284817563409726,12.285534086465123,12.336819794743782,0.0,0.0,0.0,0.0,18.30795527415602,15.497118214351898,15.109202328210168,15.674147492854585,16.474730018964824,16.82627632592366,15.823511578336454,15.910295283590674,15.098475924315572,15.643115312430284,15.41200030466537,17.065000819150367,16.333217948121746,15.711403753894597,15.3514728060272,15.27350184306474,16.88932910704304,16.625880113892826,16.76237140422088,17.00590391593707,16.489818661975235,15.239664071348777,15.738736140634058,15.35217778597371,16.33415770610639,17.673413039729123,15.674833812574919,16.764115576968244,16.484327615017662,17.545087503144508,17.45582017478838,16.57567208848586,16.4709852581113,16.60282061828587,17.066165620097966,16.63351272753141,16.830709610367922
0.0,0.0,0.0,0.0,0.0,0.0,0.0,0.0,0.0,0.0,0.0,0.0,0.0,0.0,0.0,0.0,0.0,0.0,10.67296725896612,11.400546846532997,11.761629606421792,11.671634306129993,12.030179270958035,11.855110838250848,11.800442248213859,11.645755280241527,11.882285358901722,11.638955070582446,11.699890846243601,11.78121693857057,11.978654779193011,12.024097213565845,12.160610765099722,12.248458690854784,12.346358714302601,12.329544676544053,12.376778882904174,12.228392425871062,0.0,0.0,0.0,16.335963601824638,15.942490895220875,15.131041953967223,15.877431940140838,14.841593306997096,14.795262103522997,17.316116052281508,16.285223392592762,16.110383388349494,15.474105069553968,17.022652899530392,16.39036362014997,15.687816542214618,16.312647815385382,16.339468641005784,15.204877044066249,16.02362129941403,16.646624175222364,16.105544648735897,14.991556684457489,15.360207057824352,15.694189129336541,15.600204653937293,15.780851217221308,15.812349760504217,16.414497710167844,16.488070017046645,15.624213958213284,16.029824391262864,16.222388509136163,16.250785085117457,16.18855921984836,16.231462989574766,16.85542823669094,16.879994379310986,16.452626883626458,16.82628153385026,16.552282967951843
0.0,0.0,0.0,0.0,0.0,0.0,0.0,0.0,0.0,0.0,0.0,0.0,0.0,0.0,0.0,0.0,0.0,0.0,11.528070570495363,11.295488375560979,11.412731711665865,11.646048728420373,11.736010801899786,11.937989994300867,11.965133640709556,11.851273819567915,11.921758783661685,11.747342997473064,11.79360733136833,11.822928816672384,11.909140353219616,12.035512298597796,12.08085231688302,12.247665569272256,12.306912744921377,12.293197696798265,12.540951952826667,0.0,0.0,0.0,17.465334412615064,16.900176506233677,18.834094322308488,16.917217254620592,14.2926798624391,16.06366590997008,16.013858650783426,15.731597427043052,15.64768820922191,15.443798149184115,15.613597192456545,17.013391194518487,15.564300499562552,16.269721597165052,16.712652347946744,15.142396773630725,15.0201512222159,16.628524640995945,16.16894944276743,15.794257909413483,16.227979307582178,15.10452420281135,15.165292869056902,15.89982408648573,17.015138062750186,16.041113092270592,15.46236670343246,16.21381814393994,16.02018695577872,15.941592981481833,16.110507087249214,16.010213374443126,16.265205805056432,16.459676307825116,16.950429713176003,16.701389568810768,17.009249153951266,16.529643262570975,16.56849601951508
0.0,0.0,0.0,0.0,0.0,0.0,0.0,0.0,0.0,0.0,0.0,0.0,0.0,0.0,0.0,0.0,0.0,0.0,12.225615333058597,11.264995613054005,12.230018623948544,11.82152035263939,11.822230430327883,12.900465571087917,12.851479347906315,12.037850490596085,12.046477179857193,12.063631359344859,11.95507240563467,11.890582999581397,11.955536137550776,12.030838199020499,12.072850969918656,12.092895338525762,12.260713079141102,12.469436046808747,0.0,0.0,0.0,0.0,0.0,16.471301126641542,14.775651408382995,15.442721181759882,16.0568281309016,15.167323361416656,15.824267791823406,16.563005088840754,17.410163949465023,15.64153706084152,16.198917234372736,16.4539130450391,15.479243768114337,15.596539603641371,15.733613063442167,16.126077996397598,17.247405782074,16.90307782477541,16.2438149645469,15.22974937516813,16.002059843888063,15.79366242072543,15.817901496067435,15.314024559853124,15.3927350433544,16.02034087708836,16.447386648296895,17.151319031694676,17.285035448160222,16.62689196989251,17.185832683490435,16.02264983374002,16.2067105984811,16.30330243458663,16.97320790461534,17.69532434112256,17.496342451328854,16.71478860124605,16.647815081045156
0.0,0.0,0.0,0.0,0.0,0.0,0.0,0.0,0.0,0.0,0.0,0.0,0.0,0.0,0.0,0.0,0.0,0.0,11.285353255006504,11.67662743087703,11.69044224821386,11.89664116167448,11.91529379305097,11.998427503952673,12.017996659557918,12.068188028515697,12.028072979100449,12.05194253436618,12.130705284259319,12.120525377362043,12.03044941335453,12.096641383528297,0.0,12.403640188901097,0.0,0.0,0.0,0.0,0.0,0.0,16.53916197593711,17.044636680729933,16.579733406861344,15.001308003546804,15.60865426207482,16.323627629858866,14.910102572362891,15.47368918240199,14.7556474764696,15.923983643651097,15.666234725446845,15.36877059554337,15.491092723850276,15.030261293748886,16.32334051375004,15.316337336749216,17.091831202931512,17.33252048572462,15.177592343429117,15.408322051857168,15.709189902688504,15.525660172478132,15.23503964070387,15.511502576608104,15.708619877336426,15.441113967567468,16.20795983191441,17.382480609859186,16.051815610194506,16.411200598516835,15.75913734532405,15.940797887990787,16.736118875427806,16.087822867605553,16.188743564351512,16.50517334955343,16.54849601951508,17.12127738848784,17.105093800694895
0.0,0.0,0.0,0.0,0.0,0.0,0.0,0.0,0.0,0.0,0.0,0.0,0.0,0.0,0.0,0.0,0.0,0.0,11.064102696154942,11.70275200101618,11.809582730328788,11.81156726433173,11.887963010850537,12.000853655553943,12.016680812817023,12.104746835102592,12.054632506417345,12.040484533591092,12.273833495950026,12.435701649616037,12.320389854857153,0.0,0.0,0.0,0.0,0.0,0.0,0.0,0.0,0.0,16.254756692885817,16.834126318514905,16.266062861453126,17.007826215711574,15.075016984335889,16.66706780163769,15.016283939749776,15.40446599691956,15.533814975865504,16.291883547679948,15.636055655204242,16.14925647149009,15.158504025898297,15.536539603641373,15.293689950609405,15.47709644050192,17.193680263208208,15.958062751580737,15.789496386236035,16.01253827992062,15.270668053800755,15.963980718654033,15.725498644158197,15.237200478939608,15.434788328324254,15.564303687032409,16.219727100341384,16.127901496067434,16.20573924038974,16.561186642674826,15.908297948905433,16.90194498214023,16.47999733759976,16.54831913399268,16.646746553592,16.778808794057266,16.951500523459583,18.08004538334988,17.35208433971728
0.0,0.0,0.0,0.0,0.0,0.0,0.0,0.0,0.0,0.0,0.0,0.0,0.0,0.0,0.0,0.0,0.0,0.0,11.498300853507311,11.781953818816747,11.870605693867322,12.001014944313203,12.019918165237506,11.902676608379076,12.087253139124776,12.102196304515221,12.191589364500642,12.250052724077651,12.373688524619777,12.360267898857995,12.350189719744156,0.0,0.0,0.0,0.0,0.0,0.0,0.0,0.0,0.0,15.03983377767305,16.522213804519268,15.1002745557509,16.694098456379567,15.259963449278953,15.513171969627905,14.704491333694268,14.944132610535416,15.047961770072725,17.410823425916533,15.637885420811346,15.51566688803308,15.957140771916578,15.300741826469771,15.463134225497809,15.904267791823404,16.138089552577085,15.347164826669811,15.065930899197195,15.250348734493267,15.254079209141757,15.295022868628418,15.555871631210469,15.515383368756849,15.368285083722753,16.159727100341385,15.49737483109655,15.647483025672232,16.688543445363074,17.708350162183216,16.537229183072245,15.767023571488004,15.946887863110796,15.944830435180219,16.010634670944675,16.141210467524783,17.22208433971728,17.271671441460153,17.370088189327078
0.0,0.0,0.0,0.0,0.0,0.0,0.0,0.0,0.0,0.0,0.0,0.0,0.0,0.0,0.0,0.0,0.0,11.042180317765471,11.339614185457558,11.91414802571111,12.166165875397892,11.95442148497777,11.935294098226752,11.769894736624645,0.0,0.0,0.0,0.0,0.0,0.0,0.0,0.0,0.0,0.0,0.0,0.0,0.0,0.0,0.0,0.0,14.592076726743821,15.77226648748522,15.289361469353235,17.06854175014805,14.933383960105505,16.09656891626423,14.92948239003583,15.812924612542504,15.367374504898732,15.919571902163979,16.145775463678216,15.564224077717382,15.586881373969831,15.853726631792885,15.270524518895549,15.277962075248507,15.477219495135296,15.558227650177162,16.770508037483815,16.29621530265321,16.50250358444718,16.209825684658025,15.248012446836949,15.440204653937293,15.296559136935926,15.353833495950026,15.45250826079367,15.491808454767732,15.687483330848012,17.25351357181175,17.009182998525382,16.565886805768443,16.80852739299634,17.608345758292412,16.568373958986527,16.663463232554975,17.28654590809375,16.57985780801723,16.395041020684772
0.0,0.0,0.0,0.0,0.0,0.0,0.0,0.0,0.0,0.0,0.0,0.0,0.0,0.0,0.0,0.0,0.0,11.162152783220847,11.550052418901869,12.02223308789356,11.995519317183145,11.790204653937293,11.762286865060403,0.0,0.0,0.0,0.0,0.0,0.0,0.0,0.0,0.0,0.0,0.0,0.0,0.0,0.0,18.562828530006207,16.752479058197395,15.795027375439355,16.26309385635716,16.014574653044498,16.28924686912864,15.068402227464885,15.121569515473848,15.051253086673105,15.175894505028268,16.179035174314333,16.15969516596935,15.562353246355661,15.702929754702929,17.022828887450785,16.022102394544337,16.102663839318726,15.109748630591643,15.180953423065361,15.368168074581577,16.24454094775914,17.177739161612465,16.497520486867476,15.291548396540513,15.28633049561008,15.25841548134703,15.765610247252472,15.311914219563278,15.312458015073872,15.37027068876188,15.462121215981432,16.045173905931662,15.57691715069677,15.744824555333647,16.702967601466664,16.133552717980045,17.511884974781324,16.524126614530545,17.58159742704305,16.227634627755823,16.81195117684495,17.05157859647671
0.0,0.0,0.0,0.0,0.0,0.0,0.0,0.0,0.0,0.0,0.0,0.0,0.0,0.0,0.0,0.0,0.0,11.366223928476956,11.35300402402411,11.971669740126703,11.651322885932458,0.0,0.0,0.0,0.0,0.0,0.0,0.0,0.0,0.0,0.0,0.0,15.77536272429282,16.043206757476362,16.445296391927393,14.717657007148013,15.455285342465476,15.801738288887243,16.7046643755739,15.814267791823404,17.296076791364815,15.684456741131298,16.013043359611057,16.685489968570277,15.384465996919559,16.213403545691545,16.49936780892255,15.014655765561503,15.625915595530351,16.27189778381365,15.75204582763531,16.097105083601626,16.648874926530574,15.349212089367755,15.271779878781146,15.509034817785764,15.188373958986528,15.390418708300567,15.219069574256194,15.755180310593884,15.074207899575804,15.176389690179299,15.17016525874444,15.743505123395595,15.231908169829497,15.284524347908466,16.12649861209968,15.608985577881342,15.537737523689826,15.610339019728306,15.714739260841274,15.900180070650979,16.303913140681345,17.050274516754396,16.071986372575257,16.578486589545236,16.177177642983864,16.34016525874444,16.5486598039557
0.0,0.0,0.0,0.0,0.0,0.0,0.0,0.0,0.0,0.0,0.0,0.0,0.0,0.0,0.0,0.0,0.0,10.910337324654419,11.51919656713538,11.763938949278844,0.0,0.0,0.0,0.0,0.0,0.0,0.0,0.0,13.302652347946744,0.0,0.0,18.036190244293344,17.59839866806222,17.52081214656958,18.477386998558842,16.730248586655556,17.228212038255528,16.302999986959026,16.584375210813903,16.88396486126808,16.284818768038388,15.810468386531769,15.578940772110263,14.754149790010274,15.227386648296894,14.755538193889866,15.225358061977856,14.591412025965914,15.663565117320427,15.394768467912348,15.569490926039814,15.399779971611924,15.365444050412247,16.251247481875094,17.00249904542615,15.498976562995228,15.638286029462243,15.158354002279669,14.950840657949708,14.933177684904406,14.933572036890418,15.67241805137097,15.075683931230458,15.087998319840471,15.163197827115852,16.643412584105967,16.650162662826624,15.39442080385604,16.6983663074342,16.001075787414575,15.94401022745745,16.047628205794393,16.217032180873442,17.036183755101515,16.498786085201054,16.193483661452046,16.306403128154365,16.417192332170853,16.630937540663087
0.0,0.0,0.0,0.0,0.0,0.0,0.0,0.0,0.0,0.0,0.0,0.0,0.0,0.0,0.0,0.0,0.0,0.0,0.0,0.0,0.0,0.0,0.0,0.0,0.0,0.0,0.0,15.841893317066422,14.035681552709953,15.67027133389307,16.542250826847525,16.23477434882467,14.047770767546748,15.408412816521892,14.212689455919655,14.191934040140964,14.983597192456545,14.804296437017967,15.001679629624878,16.190062032125105,14.811136585516214,15.533565422496206,15.79327013332446,15.013431641146054,15.31874546535752,15.117645434994303,15.446415734603622,14.455056025207192,15.94865277893029,15.519724374332185,16.245524100842072,15.134280332966123,15.307114762828949,16.216198899970774,15.46557745764721,15.138842990965657,15.007849122956431,14.999292180401067,15.537323361416654,15.47216910272186,15.56954377280555,15.001669747265582,14.96144658058088,15.009146667980685,15.0921705785613,15.177002673922821,15.281699726519099,17.037361647442054,16.785499951792723,15.66993610389568,16.546728454611788,15.950196175357377,16.80244940518996,16.216237770684614,16.173029421542445,16.26713859450245,16.46017104686223,17.346972559153677,16.691030088147752
0.0,0.0,0.0,0.0,0.0,0.0,0.0,0.0,0.0,0.0,0.0,0.0,0.0,0.0,0.0,0.0,0.0,0.0,0.0,0.0,0.0,0.0,14.791711353856805,13.38149095615216,0.0,14.580318240549705,15.458870007674156,14.890753623807226,14.130586716537906,14.973460227128545,15.723478918248668,15.151574858828134,16.32325345093556,14.934451385983905,14.189458912517308,14.544571154711905,14.307987238893954,15.090315968653538,15.45184109445653,15.558176747843916,16.270588613920246,16.919307683128597,16.17736969318384,15.80170990225778,16.192669411654308,16.641298564465167,15.653551127405635,15.28386573256668,15.754889969816936,15.127928023440715,15.13756728545681,16.38266941165431,15.640429713176005,15.37983377767305,15.101490206441808,14.917712096025927,15.404664391090785,14.919292180401067,16.07720043347589,14.777119965560633,15.20408622344074,14.826200828907332,14.852577175619313,15.765723617634357,15.330579545915171,15.218871482877447,16.014924546384727,16.61718489509915,16.271424323803892,15.845143344951271,16.169368362067967,17.066723970193138,15.904146864957985,16.87586143227049,16.148540198875605,16.196286312766453,17.57359492896529,16.285642179315982,17.095436114124585
0.0,0.0,0.0,0.0,0.0,0.0,0.0,0.0,0.0,0.0,0.0,0.0,0.0,0.0,0.0,0.0,0.0,0.0,0.0,0.0,0.0,0.0,16.202604391258838,15.53652500361385,15.032489094694078,15.453262540180498,13.975083504274224,14.522344848165005,13.796668346596794,15.041087570746562,14.993886078162426,15.182803203820807,14.012420342008202,15.707410831046769,15.362201952792487,14.53423483460579,14.998508663101973,14.453156082992372,15.77455506211502,16.823911251319092,16.3070669079468,16.80653635189595,16.157931585870724,15.785435698576073,15.480720164063568,16.370024768848943,16.623765029380856,15.53755201298337,15.440035258720867,15.693874626278813,15.300789195757535,14.966833849314181,15.296322876468965,15.328435015901263,14.847032180873445,14.949643262570977,14.924891878348648,14.937416089187064,15.609669368858615,16.2707650915348,14.870760837353384,15.179459217060362,15.794924546384728,15.670730032497861,15.553519126232663,15.865400963999777,15.726126092257907,16.046326465322082,16.17632646532208,16.359655546899113,16.50064955225502,16.65843108402726,16.93319444079073,15.998690248356546,16.67765966305509,17.19913999347057,16.84079851245114,16.53053429516186,16.446305642892455
0.0,0.0,0.0,0.0,0.0,0.0,0.0,0.0,0.0,0.0,0.0,0.0,0.0,0.0,0.0,0.0,0.0,0.0,0.0,0.0,0.0,0.0,15.89392990310104,16.195126624330292,15.04698147582996,15.550328622776117,15.809144520098124,15.646500265653078,16.132231579908495,14.868968574114717,16.23742614862581,14.442523015520331,15.487844690813283,14.65664100181958,15.707739161612466,16.920958012630567,15.50242956082717,15.331686593445026,16.67055529530753,14.548702505162638,15.66133299338875,15.916885082847884,14.654258729761676,14.396358385025888,16.368037417453813,16.143911515347163,16.09700974890704,15.336574667738722,14.858808794057266,15.485661694446488,14.384195114420319,14.931799399782156,15.154121633511883,15.24182929960917,15.449696595600235,15.220880618360967,14.834371975648414,15.229897009633264,15.255246655794231,15.252944803765377,15.33524665579423,15.265574786980196,15.004213533953395,15.641951046025564,15.30796301085054,16.023191292977437,16.099216426994555,15.479906032422285,16.282893192811752,15.590118895162776,16.208972680313625,15.870634670944675,15.940634670944675,17.108291556341047,16.439284015194243,17.97004538334988,17.184353079444286,16.98182929960917,16.62393502226355
0.0,0.0,0.0,0.0,0.0,0.0,0.0,0.0,0.0,0.0,11.773706654181312,12.500716062232938,0.0,10.894925239638129,11.235566346069694,0.0,11.13335784309663,0.0,0.0,0.0,0.0,15.117633197666251,15.239785356180754,14.614645565695483,14.954022076488986,14.427609681669184,14.057605370419822,14.448505168918848,14.131251152031084,13.402421390313464,14.674898524096518,15.279457129330822,13.667529319847763,15.875252093762816,16.132540094361065,15.638663667766227,15.570603618472013,14.064156815618244,15.252622425616476,14.725660099324319,15.27278390681828,14.905758406690467,15.185661694446488,15.228277297994554,14.80271346645452,14.69565961514091,14.651227390178043,15.10961970121151,14.414830640704663,14.605375928812586,14.103296494371675,15.236016350318824,14.77863127344594,15.123836263530793,14.6016042080535,14.86886094677024,15.921570178804462,14.919292180401067,15.201716195064742,14.884136874582474,15.565445786998833,15.393704968793644,16.03118664267483,15.855043339154971,15.89089671994768,15.599839574250991,15.385996984963057,15.516911762260397,15.741418686435829,16.331284499728678,17.02428285328898,16.063306196157875,16.901638756423566,17.51906812486917,17.01298019821628,16.75831443811913,16.602564585888842,17.291515271275976,16.622282967951843
0.0,0.0,0.0,0.0,0.0,0.0,0.0,0.0,0.0,11.932302397312412,13.208117629669992,12.710396002448073,12.885560885613815,11.20835045470253,11.66835830632227,13.60510620331851,11.423304107489956,11.653535399736821,13.71646313888398,16.376100522306828,15.015923848440519,14.13795731398651,15.780729964367666,14.552652347946744,14.083011561244447,13.684745980771138,13.337524174694597,14.561765240246093,16.13278341931675,14.862713944394024,14.768832110724272,14.488129329799477,15.46710058691177,15.58443619538572,15.448524640995943,14.289154988361494,14.25040823827985,15.11693542118965,13.706144357082092,15.111417735888589,14.461174288589968,14.850411064659228,14.461779878781146,14.499154988361495,14.444831248044737,14.211159811084222,15.056875001197483,14.957149153495136,14.061300912291609,14.754173246412545,14.78473475612189,15.91623554681613,15.586137513501244,16.070733365237405,15.269543467629768,15.360907230463699,15.90672825699263,15.71157117232193,15.263156082992374,15.886863366991864,15.333223916850633,15.31670267820894,15.20020338792577,15.231683474402706,15.347483330848013,16.166562665111556,15.386674227103565,15.461317290712675,16.18810852081085,16.264772247055305,17.277946322393195,17.24070749855678,16.418842990965654,16.620709610367925,16.6438890493209,16.415687713333966,16.997323361416655,16.55521837657287,16.731857873350613
0.0,0.0,0.0,0.0,0.0,0.0,0.0,0.0,0.0,11.611189515214676,11.483985075035397,12.295448677071432,11.656627430877027,12.93640407755829,14.103160374310988,13.343376295594025,13.003116709499945,12.300953728241144,13.698153984449437,14.543353984987846,15.367175306517282,14.965943114114319,14.025817880478336,13.91005494972238,16.348655861852926,14.510658703050074,14.539737804990285,14.022343843232402,13.656186742920653,14.1186545672506,14.213845651037639,14.534162209578303,14.275584518633252,14.863277525956587,14.33154539664881,14.319154988361493,14.606364426850412,15.35642882200744,14.651016891690904,16.244235708689743,15.565903915937069,14.051210943826216,14.608856284680417,14.148654901672405,15.012032022616994,14.799916790722657,14.788148562088992,14.374472293969433,14.283297683669531,15.142199289827532,14.57549591025408,14.152577817660015,14.251913914387497,14.906779339515072,15.367887180246598,15.284020941485114,15.84784303859949,15.69483493105778,15.44057367582464,15.523149362740309,15.894265889017824,15.201757832370724,15.50716830311965,15.873380870739357,15.17251673500356,15.294832348557375,15.500833449929118,15.414294908130328,16.26850703821821,16.310691278931543,16.897184895099148,16.606518041165494,17.608045603216468,17.00320339397684,18.01609964926985,17.658200876572078,18.043609441314306,16.856392041569976,16.454964083843425
0.0,0.0,0.0,0.0,0.0,0.0,0.0,0.0,12.336290883170758,11.766234201152512,11.702345860612905,12.33813406098351,12.53268505827414,13.283086820117596,15.154096628323577,13.567447620523136,13.426929382948384,14.525092574938618,13.46603720695564,13.422979768150956,15.60854175014805,15.057312935936356,14.201725878745833,14.377552226793872,13.577227926372583,14.577609681669184,15.416065026975868,14.735144066494255,13.941105899248798,13.521114174867106,14.479455032245285,14.39539343320485,14.798763089859932,14.46423483460579,14.8662986521047,14.869535729635613,14.493497065998481,14.315528986893284,15.26645923296356,14.06619969195137,14.342986987470802,15.054229901409482,15.191679040502677,15.82609964926985,15.370100592368951,14.772771283692727,14.709025214583656,15.16288286783345,15.847035755789925,15.447180281535621,14.442974157731662,14.275462567946288,14.443571731714634,14.262074343164214,14.303270323660417,14.47434466766527,15.672937576106087,15.574859198461201,15.112134014180961,15.201749180082533,15.075519317183144,15.330851217221309,15.056000468783411,15.699654841410094,15.204793075806732,15.79519474824139,15.505642893702946,15.52197321790543,15.64009020383122,17.66151894700895,17.73262916586072,16.634759329913333,16.68976133314287,17.02320339397684,16.22029164098896,16.29837832922795,17.36451443743441,16.849897009633263,17.274462520019206
0.0,0.0,12.280055027962796,0.0,0.0,0.0,11.358051809284067,11.841928516686371,12.044623546589879,12.352305384464003,12.36656396700936,12.22319395048526,13.205358757897736,13.89055656041274,13.564326602994946,14.183858650783428,14.522745956228366,13.617404294124537,13.982900492506193,13.852843432618464,13.659726489967113,14.361884974781326,14.210100592368951,15.080220445566269,14.51201199838712,13.570213951584282,13.807872897235198,14.737955442732144,14.084638988480432,14.1548060302961,14.380148336943037,15.325230964156717,15.215121056988213,15.323198869397565,15.1793782227323,14.280240323136631,15.503352883151534,15.385491676754224,16.844656537923004,14.31102370934447,14.604121633511884,14.332979768150956,14.982662618382921,14.250178833631745,15.153325379068507,14.598439051248938,15.44621148858675,15.78416780924105,15.380947398179078,15.088976562995228,14.969025214583656,15.240411064659229,15.375855994046063,15.380864251527145,15.012544752996732,14.480419651927654,15.1763211838491,15.375451163263506,15.346539568132439,15.367155729333383,15.433614280488108,15.566725430105855,15.515834132190516,15.967887180246597,15.291954217218517,15.338393026429431,16.36532950563614,15.497405455338317,15.534136874582472,15.65572442611921,16.726165620097966,16.69477600549198,15.899988348921196,16.35491302884217,16.21258936179355,16.34391971730113,17.705816185501035,16.609081291529403,16.821779878781147
0.0,0.0,0.0,0.0,0.0,11.180398158903166,12.079454938706412,12.930661518943165,12.937041483295118,14.969128222542842,14.344513703279848,12.323051181337087,13.08222467632284,12.669960219621107,13.175026480047052,14.62523670883369,13.397868970182266,13.97083460292244,13.876002802474781,13.712656182734923,14.017623914720435,14.012882867833449,13.837261071284667,13.599137757481197,13.40039644433421,13.442129779205471,13.55603720695564,14.730022320687656,15.017053539052029,14.9395476505446,14.970406675988318,14.389256661940868,15.08002806685286,14.256358729519661,13.863687245698024,14.174861284577773,14.530880618360966,15.553082177703462,14.938640155484405,15.001782889871752,14.268903144514475,14.566050963051046,14.780541678809755,14.245375928812585,14.936016350318825,14.790779789651621,15.42471287361654,14.917168789750127,14.99868733827212,14.664947638922433,14.821395702283855,15.070779484475839,14.221740733049224,14.977811524851141,14.610621331151123,14.966067211401374,14.942107796618355,15.127811524851142,15.253503399481918,16.826881338215436,15.388608938186215,15.324763412842278,15.272286236120827,15.508564047132419,16.087701763019883,16.474569939864292,16.143000459882657,16.252305384464,15.631040973932356,16.225274302342573,17.458664088216832,15.940980655892178,15.656158049734266,15.99089669952449,16.525174441974904,16.054707663276428,17.38786918340114,16.303077736300093,16.221828237934645
0.0,0.0,0.0,11.478213411794274,12.7231411721544,12.278063450135274,12.508591485178506,12.324353079444286,13.21404087211113,12.770957359070948,12.621692774721032,12.31078407947295,11.82452228465015,13.132479839854224,14.042674241993627,13.092002057636325,15.243545442506242,15.304237978228286,14.730967772152438,12.822110838101942,12.772486567644949,12.970634670944676,13.310638349974935,12.80837125593299,14.710906149822668,13.97028336237655,15.730318240549707,13.92271073472822,14.927552226793875,14.395372242652778,15.228832110724273,14.411771802725397,14.758793628522088,14.075272836871182,14.581185527354792,13.864684293446892,14.947235593715813,14.61079851245114,14.491462684398984,14.358011060512213,15.913710453623834,15.861638613484772,16.798824851322472,15.963055037885518,14.96016148350889,14.59953613399742,14.827845988979378,15.013989895153083,15.389021626042332,15.288745465357518,15.723726631792882,15.299654670250918,15.323660416546016,15.105507667379173,14.926511458739304,14.871175312746242,14.449368157112211,14.585692004118757,14.931005234308723,15.468207624354772,15.125556381469103,15.839286898043072,15.366136799196125,15.43264465753645,15.755619151021351,16.30656375318414,15.720148074244403,15.692874366916843,15.890077471048281,15.491105912482965,15.587570738454286,15.612997978422587,15.696452292295138,17.18551332387456,16.126817002579052,16.136458675655785,16.15048021238975,16.11610180208498,16.75298019821628
0.0,12.315661694446488,11.5893256295813,12.024677139986615,12.299474840797831,12.185619151021351,11.96878330441236,12.62665725778303,12.803625346938656,12.339803825050772,12.545063675263847,13.017378814578677,12.661426793150422,12.452986987470801,13.450577010244828,13.637946322393194,13.645940054490897,13.718949111747412,13.541185527354793,14.199344262433804,12.95025641690343,13.256753348720606,14.735400707292012,14.130947398179078,14.177069228016109,14.975337951878036,13.964545809139075,13.61799888038132,14.540763605434698,14.31674922284745,15.250202915871556,14.292713594618064,14.333934017499445,15.158859660240743,14.08810446412284,14.1001512222159,15.333371196935632,14.858048156442454,14.874196357056729,15.826568916264229,14.43798437081076,16.450589947449984,15.533484605501126,15.040465474356235,14.834060894821517,15.290054949722382,15.29506582774994,15.085334753780021,14.947257539921228,15.279654670250919,15.345577343960262,15.130324565285141,15.295397604857833,15.919856245719473,15.004306049988749,14.475978230509117,14.460860166822776,14.573166811637057,14.93728558177598,15.043362642141595,15.049568994472978,15.360720844086972,15.070151222215898,15.071210467524782,15.18709526138678,15.486555918131518,15.333325269409498,16.37003525872087,16.001592851298003,16.338976257819446,15.556101802084982,15.640677062441938,16.35263487109993,16.561888154231593,15.909554537821457,16.798385415976483,17.191266315906873,16.05350680358085,16.588202381088724
0.0,13.25936780892255,12.553625346938656,12.457310454412395,12.955158509372058,12.010845292357455,12.307833914143766,12.266631422472123,12.398012652448633,12.129859587044429,12.374412448161758,11.591362668389747,12.524185415014685,15.916309530879202,13.413325379068507,14.468784654693795,14.18584138238394,14.176861762273363,13.265246655794229,13.928384027343855,12.930634670944677,14.659110056945194,13.766314060186135,13.650953423065362,13.790375126768291,15.327916251079435,13.846444631222456,14.255284439046417,14.426119694131248,15.178692886360482,14.990508307093066,14.31040854345563,13.84563095237073,14.32932830867036,14.160151222215898,15.15718489509915,15.267982779422475,14.941016891690904,14.64477428868677,15.143718631134995,16.183093708965462,15.7509566554868,14.937844100136456,14.977123119798053,14.897833914143765,14.800985258111298,14.752140999889521,14.712386181237562,14.757190347110468,14.592877242878423,15.351459065795591,15.164827949326252,15.214993732678261,14.618448677923471,14.819209591443016,14.619279123971037,14.609148484928298,15.356875001197483,15.65893546668443,15.575180310593884,15.734397775542682,15.342918476370977,15.786362750952293,15.136067749832554,15.199773412021834,15.142181000659624,15.27680075310529,15.341231711606332,16.270274516754398,15.754877044066248,15.523325269409499,15.653919717301129,16.39965467025092,16.359570531304797,16.407998345542055,17.287326424466595,17.824022076488983,17.285979774697687,17.036325700171215
11.295448938087535,13.384010430743928,13.501462807782614,12.986404077558287,12.752769967424413,12.950696442706114,12.526959579061938,11.942611101707655,12.376281533850259,12.083198064915443,11.997091658708165,12.28192851668637,11.880609987930983,12.404034756582806,13.728539744393839,13.952321128695896,13.95535717363428,13.020179081325296,13.190464208934557,13.517950689036082,14.559028694669255,15.023413039729123,14.2702042174161,14.641358198681978,15.031033511832467,14.498764784481041,14.422929754702928,14.324862625955298,16.06785618691185,14.732811287594359,15.202091061479514,15.302442576417326,15.678045603216466,16.182479598927742,15.16332329927572,15.244501449554127,14.561250604358808,15.28456993986429,14.459253442099335,14.489960219621107,16.024198106393282,15.788122177644365,14.876333512090186,15.83472634666293,14.768108520810848,14.864104019707288,14.80956220771688,14.659849070627946,15.4572236788236,14.71305942423217,14.45926606790645,14.538164318473122,14.61233182174056,14.632618546137374,14.590607992593991,15.401041953967226,15.65107701401588,14.565253759185985,15.313176620930623,14.596357990690255,14.97350680358085,14.927577560067299,15.093027368550617,15.123698897648175,16.1242875438681,16.098781640008955,17.19896857411472,16.14166361974658,15.38258936179355,16.01985763589263,15.455338435935541,15.772148993905354,16.947153064618146,15.71651457112895,16.467949233272268,15.943257663763873,16.377933902907003,17.424097413400826,16.57172299980783
12.2847399545954,13.126120751931703,13.317901613622595,13.783154453022519,13.569354573630747,15.198282643267767,13.931613565267813,12.647562489976153,15.59298810244842,14.287916251079434,12.12206325288118,12.761313723911417,13.111820002569452,12.19414802571111,13.693441366481174,14.651332993388753,14.191414328735183,13.035810133313575,13.175743937766022,13.289715864621895,13.51034087708836,13.349499169850251,13.684633108393998,14.125259212920149,14.413936862702954,14.479300652881612,14.520191235952302,14.539017399251442,14.18387588712614,15.468770316382422,14.018169490542878,15.061098049086992,14.38299179293223,14.93031566347776,14.525911108398303,14.371481434621762,14.326381188982328,16.295971555772184,15.852889687350569,15.563352883151534,14.787404294124537,15.093787154944032,15.111782889871751,15.603959224541907,15.495824609376726,14.826467508798217,14.767555575311057,14.647616271877398,15.048504025898298,14.40397124905182,14.455908809783361,14.421958798968493,15.337219495135297,15.932322267925896,14.56725276640893,15.118274944310947,14.630350436328468,14.57519049659553,15.395520830254643,14.58638139257802,14.618409990465487,15.359859587044426,15.317811524851141,15.04984102108683,15.434136411765168,14.988572119921901,15.262645874095936,15.22550708541735,16.09809896076134,15.636489579335855,16.31674922284745,15.957905361212124,15.845272836871182,15.791708087371337,15.797616271877398,16.737885420811345,18.162539859251073,17.364097413400827,15.803256288374143
12.122322736977864,12.821288428993032,13.136907785658785,13.679099916365942,13.553141172154401,13.378114575218648,13.54021668189343,13.828985649022837,14.253413039729123,14.523867872307045,13.236723685869189,13.804971485149583,13.819487813894746,13.833589814538994,13.1032492445568,13.598439051248938,13.634005987158503,13.286598880312123,14.213565422496206,14.238839611221724,13.927631019382549,14.522239872772545,14.238678012444268,14.946824563069404,14.988172601910431,14.558317846460232,14.841888466954217,14.716465838058305,14.116008559201113,13.99963642005941,14.587937688600055,14.397446309097132,14.388603071860125,14.616573876571067,15.012617427783583,14.535664843494068,15.598315295051087,15.441749238404448,15.163972484677405,14.926021083144988,14.442110786092377,14.557483357084045,14.695792626440506,14.958546014758724,15.400054949722382,15.293787154944033,15.650682462324859,15.092089473825794,14.523179018369179,14.935810060036022,14.527717223495507,14.431982238513235,14.53802309211533,14.566178751381475,14.990953728241143,15.154882878930009,15.348504025898297,15.35077978965162,14.659886007742925,14.66331355455744,14.791954106816146,14.640307274656193,15.396930196942783,14.93852595653869,15.573373538251978,15.433924532444312,14.957105552709491,15.017591077464115,15.713315926214765,15.25370376239311,15.452611101707657,15.474361394141884,16.422109329995223,15.685043033207617,15.806489884511636,15.75834190645163,15.925309765851136,15.997555575311058,15.809386593879333
13.252663839318728,11.86084393595946,13.258029759995097,12.747551639601538,13.700663074300145,13.302727027620325,13.334203247731788,14.15099749214653,14.519428154171509,13.669214432241649,13.277645434994303,13.586975501385416,13.527659663055086,13.816905022766111,13.015866043163301,12.83710555270949,13.37053015104582,13.946145045597465,13.520601323616637,13.854154833730194,14.136137513501243,13.716573876571069,14.724858299661404,15.294936918537687,15.487824804201898,14.672689455919654,14.862969693985843,14.565610826904818,14.292795041932084,14.861888154231593,14.46040854345563,14.295781300252628,15.015498093354296,14.980788890581753,16.020226942954757,15.780956655486799,14.892092847736102,14.361324225091126,14.92803690791148,14.468605799704832,14.729025214583656,14.697659663055086,14.741462989574766,15.430619034224897,14.900985258111298,14.712301759570575,14.738358540449536,14.57299179293223,14.489731702023777,15.117844100136455,14.477626111578596,14.704780999750565,14.652556235589278,14.617887528983614,15.284759880663763,14.863745862078508,14.374395299261803,14.425542446673884,14.504876581632557,14.458093998454798,14.760937795887077,14.824207044391198,16.17704148329512,14.669312346917255,15.196908394026018,14.740274294027119,14.848919214278906,15.08797314732993,15.154832348557374,15.276694235244765,15.636900828386903,15.42662743087703,15.485828506053213,15.505675757818425,16.293131822500236,15.763745862078508,15.854698755785726,15.826153007369724,15.741908853109855
11.446034854403567,0.0,13.764269459565444,14.17237656576633,13.783503336794302,12.36219276688241,13.068272333730343,12.588619877336425,12.845664843494067,14.116963090960073,14.308606442684606,13.490907230463698,13.260302861452741,13.391951046025564,12.987003056129971,12.903640188901097,13.472497270382643,13.802967601466664,13.828110494959821,13.715936241251356,14.926182788532287,13.839727100341385,14.537492200549018,15.02817260191043,14.524326942332978,14.783433816305575,14.584901738353938,15.074751138741119,14.476027294118726,15.257526280384134,15.175430000826736,14.285932445524587,14.632513130998966,15.137227926372582,16.25302705693582,16.200401529312273,15.526124978450241,15.066002802474781,14.629305376045089,14.806748123333872,14.425913098094746,15.352860167586197,15.125697510693627,15.806619955020368,15.552929754702927,14.729217071295071,14.552785261083867,15.388765185067893,14.532000384005853,14.520721259825539,15.068784062509232,15.183427432274978,15.645940359666678,15.093960907623211,14.548839907745545,15.557382528680048,14.933211207495955,14.507401249907113,14.542012385548876,14.52403976690053,15.993814964546896,15.14790747092537,14.96072807511066,14.974207044391196,14.812661136661612,15.058362254502152,15.009213082497123,15.285370096573198,15.486129164672649,15.337602924931202,15.523909783383887,15.431430116098404,15.595718182490554,15.712301759570575,15.76667864112681,15.764698755785727,15.94079851245114,15.973999500339584,15.76296065846497
0.0,0.0,14.102761770914011,12.15333383963273,12.303131717897276,11.943661293587606,11.748427503952673,14.404804255475455,14.110259530199022,12.794620293197028,13.470267299035498,12.928429798579792,13.830884799894521,13.494821246295187,13.03993119785422,13.786003414852177,13.218401878882178,13.380146922400169,13.587577216336086,14.26396574681348,14.813644747116836,13.903579104929525,14.52995915338793,14.881130821705218,14.943843757374097,14.855814886866069,14.916615556468113,15.334249630927822,14.702989369457436,14.587891900698585,14.969631370315792,15.183057118295881,14.877645129818523,14.72682839668478,14.879041738715879,15.838327304996085,15.352662618382922,14.556149596458377,14.342991792932231,15.0911254508446,14.781779878781146,14.874384556673018,14.935381656078356,15.338976562995228,15.10628153385026,14.870240665356167,14.603699316896408,14.52610180208498,14.484833440871354,15.636767959915204,14.752009270270364,14.534301118785054,15.198390690478487,14.557911893463944,14.58523867608412,15.102564585888842,15.06048214936197,14.554301118785054,14.579782411468596,14.557861813207683,14.549248587374132,14.9934268877791,15.488597437028233,15.424886710279118,14.87292639960938,15.168309304385776,15.162160134309705,15.290851217221308,15.091445880096686,15.745043339154972,15.436826558178803,15.524926047877402,15.618447532563275,15.569125965008332,15.725865994709999,16.443625346938656,15.917195640488195,15.90657387657107,15.82625253709446
0.0,0.0,14.425543750429036,12.057375373003039,13.56287735008611,13.822900492506193,14.231167527637826,12.649789907365596,13.271716500240522,12.988857359928529,13.95532950563614,13.624632803218216,14.43601384596422,13.362345860612905,14.298672028848753,14.431070688865457,13.77447668022192,13.945697510693627,13.769617696015139,14.331125450844599,14.987717996772908,14.071906171664901,14.183442532082145,14.85250849528971,15.168843600324085,14.858574199323122,15.260451646583139,14.86084555039898,14.713506600240917,14.563924098556175,15.204616718699473,14.589441081805385,15.5733575278601,15.759256776665872,14.654359870362162,15.005590230681339,14.689897009633265,14.366598880312123,14.334338280576302,14.580257101916603,14.553256288374143,14.46067736761772,14.865056418686144,14.864079209141757,14.66314685787996,14.831431076669304,15.001674144585534,14.510216698542562,14.659842696336675,14.805291446643334,14.750448681839702,14.492830197250115,15.408012652448635,15.425180310593884,14.618984875169655,14.932349019302336,14.949643262570977,14.582882284305015,14.539665976698302,15.08141509400734,14.567422581089765,14.718416777108402,14.767610906819012,14.655251337224916,15.211674478640452,15.202564585888844,15.259069879431976,15.277464418448783,15.717998947631429,15.82639121212881,15.811599957520771,15.715316871087111,15.61268596449406,15.67814417952474,15.701786908986733,15.857950689036084,15.797916295412838,15.855886805768446,15.951389568810768
0.0,0.0,13.283647477706882,13.637830332263436,13.47710019988878,14.622309493055619,14.877901857713882,13.279253442099336,14.765124435172147,14.043915065423006,14.394057353433169,14.014830087361927,14.319212205543186,14.437060207029132,14.735226338802214,13.964196357056728,13.885507667379175,14.192045656300191,14.105924836898968,14.545945462168127,14.483977401163049,14.816765060990138,14.661919354198286,14.878651454735957,14.863421653946428,15.029096123859018,15.128138693559187,14.965749747138105,14.715268561995845,14.620340122242222,15.59088337089807,15.884320751140795,15.681385119311315,14.869518218705885,15.858505168918848,15.623983643651096,14.779161486104844,14.490502838181799,14.805905746302638,15.735920032008329,14.986337336749218,15.181969437530757,14.563685941451572,14.729462509552757,15.415085968749162,14.656778890133355,14.803289072299787,14.766213248878188,14.665821078533833,15.64352874705364,15.28767217057959,15.387524174694597,14.644301118785053,14.567431036811053,14.56155668445749,15.029717564371946,15.069616309212154,14.517829592833147,14.678409990465488,14.723216610775514,15.153569967577154,16.23231276562763,14.895575920809234,15.048222725789241,15.07903376108062,15.26741441145349,15.225218376572869,15.281210943826217,15.221520352639388,15.322498028605853,15.371239171915313,15.476826558178802,15.47165819027126,15.66918811161547,15.68953613399742,15.787916295412838,16.14525921292015,16.940230326391315,15.854121633511884
0.0,14.426645341254428,14.612999986959029,13.096003109676394,13.526003414852175,14.374267791823407,14.439493154223133,13.420179270958034,14.582284802281483,14.283654008450698,14.632284802281482,14.203915065423006,14.81792537936055,14.738678014411686,15.124696456349476,14.369299596938255,14.062771283692726,14.223100270379321,14.410142786584782,14.193093811993094,14.09917163037128,14.865441116186702,14.801002691349321,14.903339098106315,15.926267282038319,15.343843757374096,15.320455064176556,15.11003030581603,15.124203552907566,14.971184058073149,14.653221827371233,14.489001123353175,14.97868733827212,15.463903083199298,14.919710750884505,14.828465082655198,14.380877551361518,15.111327690505687,16.75296178972264,16.26667888224728,14.713606220369623,14.708511962407105,14.528082410882986,14.52155668445749,14.921175617922025,14.761175617922024,14.817416089187063,15.035601369826049,15.38738239555091,14.793177684904405,14.55120483793051,14.602806961836336,14.536713829031111,14.63826034389762,14.811649210748403,15.202919986614615,14.620091688411733,14.643135494130668,14.710341346045027,14.770575364300106,14.802053432749455,14.918981254436574,14.83799203582133,15.163200751563723,15.129876524852302,15.227596448634998,16.48056851106889,15.699031942524218,15.452169603484759,15.078427503952673,15.487702714650037,15.1972530663453,15.227253371521082,15.537854839387878,15.50362930515188,15.471963799778173,16.195579457848098,16.912480609859188,15.879555655482015
0.0,14.460148336943039,13.30674557369941,13.16102370934447,14.347006129156789,13.846277870077607,13.97554746376776,14.576716710264964,14.607003021575265,14.281251724823921,14.233787154944032,14.905226338802214,14.837234446470157,14.955058853378265,14.554648953741019,14.978172601910432,14.211415783669127,14.288704130763085,14.242710734728218,14.278754769408224,14.073946996487104,14.696224203354394,14.924585890790038,16.30995520967387,15.366384284329815,15.844936014136756,17.14532042939635,16.165048366091938,15.156759507102263,15.054265715423021,14.88567208848586,14.702988781114087,15.440046671704268,14.857844100136456,15.935681247534173,14.563059424232172,14.659978650960117,14.986373029272368,15.022710734728218,15.920492335442695,15.88515244236919,15.8581595446509,14.571048173327654,14.617585948629289,14.938378329227952,14.464801746519568,15.425173853945957,15.37774364914689,15.299803825050773,14.704596412888959,15.363309649365215,15.253176926106406,15.219859587044429,15.253836263530792,15.354020941485112,15.42389847621482,14.702053432749455,14.66336494548222,14.7063896901793,14.725338741111322,15.05843372675845,14.772477808980726,14.90633049561008,15.013819726437031,15.261891092220521,16.25207982395302,15.66550789773876,15.358937026213823,15.266473724517386,15.555924836898969,15.311764371745024,15.164213958213285,15.727916295412838,15.077020362593066,15.088427503952673,15.057973147329928,15.387363574648294,15.493985490429237,16.58875177737208
13.907987238893954,14.155863148738344,13.809539017929957,13.763099218358391,13.46374586207851,13.787332908966027,14.61471287361654,14.808778419768258,14.462028875668594,14.747691805879285,14.920304250705202,14.35921749397249,14.510720164063564,14.447261270401583,14.41005494972238,14.396794478415305,15.092001162786993,14.902377365115871,15.497787167245317,14.444765717458505,14.226513234373565,14.242678821869296,14.702340800331605,15.012435241522397,15.177217707893611,15.472460920617557,15.15704361550484,15.243928657179536,15.364223945737885,15.193040082142572,15.25398980914928,15.120031580752757,15.250941457590148,15.079676486685994,15.35253827992062,14.611140084499871,14.647075508829436,14.963254655918584,15.116309418175835,16.07489852409652,15.222908704018073,15.213702993881778,15.466568533911214,15.38023772270242,15.788859594071988,15.264871327190694,15.424063482384069,15.232002057636326,15.158206923265514,15.370785948170788,15.329804507290413,15.236725574065279,15.319745003371061,15.614398080718463,15.2806331370066,14.774156815618243,14.832877242878425,14.735077545152244,14.753325269409498,15.111674144585534,15.112564585888844,14.777416089187064,14.985231214777382,15.012870434794774,14.97506880314764,15.149584986808167,15.282221127818374,15.331205504882957,15.294263040539374,15.379786654581757,16.21582268228979,15.530507087249214,15.380851217221307,15.36590786613919,15.10002156564493,15.046025117144586,15.256430611822193,15.272607586655976,15.496682886881382
14.416362750952292,14.795776239962471,14.171473892461115,13.77999733759976,14.294631742516364,15.15186547412965,14.587492200549018,14.685027375439356,14.978504863743067,14.80957190216398,14.769802788130082,14.427695145067881,14.548519728382455,14.320139080279395,14.324499032983368,14.638229861860115,14.217332484628734,15.84189957180305,15.146120751931702,14.987605370419821,15.55234918039189,15.210586716537906,15.40627533929942,15.36793999549777,15.60189408980538,15.282125192404703,15.371633361346028,15.134638988480432,15.537389154108759,15.329834839137806,15.216584385947801,15.253220887521012,15.038012440770956,15.52853974439384,14.726444631222456,14.883237936280256,14.828910688283086,14.843708080635007,14.934665308467096,15.65509834918943,15.67658056878105,15.6632780139772,15.968447410509572,15.355912223841719,15.334655765561504,15.46406348238407,15.485180310593885,15.546568533911213,15.341486095123027,15.274655765561501,15.48976133314287,15.360237417526639,15.365862843562562,15.951570178804461,15.56900629591197,15.557105804830487,14.76934846857983,14.728291795880565,14.729545679579104,15.09586054682251,15.061857873350613,14.87502286862842,14.951330250008619,14.987987238893954,15.423028043956416,15.040373660081151,15.076088373897738,15.28584925831907,15.205272836871183,15.208475275916884,15.339786654581756,15.237416089187063,15.071783739633783,15.099572688546449,15.140607893958544,15.252652858643591,15.42359972007711,15.876003414852176,15.538929212248178
14.530337836351535,14.138385415976481,14.225933743312947,13.275730967494601,14.301515271275978,14.274745675595359,14.452715612974671,14.998239172147608,14.193000459882656,14.49594035966668,14.654971485149582,14.690669326939448,14.933707685534129,14.411013713647524,14.266364426850409,14.783836693436516,14.355520830254644,14.872715612974671,15.196963090960073,16.31438454139323,15.58997312914511,15.573711346764414,15.834819412327656,16.00525910964813,15.721298614747557,15.654931360062164,15.74990509832461,15.931796750738155,15.774912456725648,15.654594744662937,15.405803251030745,15.46734352727837,15.135122254874773,14.995419069932073,15.803133311314417,14.949339236950879,15.643983643651096,15.46253827992062,15.822468030560735,15.963559473042556,16.050089397630572,15.71507326292687,15.9681595446509,15.83162747326837,16.322145632477806,15.505180005418103,15.627688514397692,15.279753597815514,15.475180310593885,15.45389847621482,15.575859546048543,15.474020636309332,15.551398671423774,15.495013848407146,15.592333359591285,15.155090258259838,15.020464208934557,15.049847352790518,15.330903691085435,15.204901499653573,14.873289072299787,14.978125401791335,15.085601064650268,15.252503073882735,15.009743820945914,15.093367060728628,15.125231214777383,15.21576719739055,15.199328308670362,15.262838489255934,15.333383489458228,15.226398339481648,15.560477779668403,15.506136799196126,15.935666352962263,15.523889049320903,15.567569630962069,15.951942629975328,16.44313601598438
14.319496386236034,13.701500523459583,13.53054284765975,14.739642870286229,14.64280333265439,14.730910366517676,15.067977413763748,14.442008014675395,14.370274516754396,14.470283070066412,14.444851411117163,14.343424089182317,14.374276336302458,14.5655494873426,14.31527495157135,14.515666352962263,14.578230835881206,14.731288428993032,15.14515244236919,15.705987236167214,15.388818204399866,15.553711346764413,15.760155379608184,15.85364933305861,15.901580012717435,15.562468030560733,15.612468030560734,15.723983643651096,15.89495992202401,16.05219516964626,16.078461515346,15.923139483533246,15.902502472699664,16.157789228389362,15.682857507343785,15.655775934786691,15.643983643651096,16.023325798128216,16.37540372745731,15.873113965692077,15.922373180600976,15.822583941095898,15.907939690321987,15.893836693436516,16.21490726007247,16.13248463779171,15.688493983310979,15.274276336302458,15.317179102766708,15.417807978381965,15.32395820294845,15.963114270867859,15.565014153582927,15.261403090006638,15.177078461822834,15.219025522993855,14.983429665201859,15.02053490355913,15.38840529804774,14.89391193186971,14.90182537597957,15.063027368550616,14.840298276787747,14.880936847260863,15.898859594071988,15.074491033356491,15.10165447401508,15.21419316982534,15.29535952547758,15.373383489458227,16.015470211574353,15.314144396795918,15.395702324978792,15.58323773300843,15.54893112680382,15.304971699983712,15.588458981529262,15.791076849230148,16.289721597165055
13.390881648261804,13.818929606666478,14.4311254508446,14.868200876572077,14.836877593155055,14.69318332016594,14.91990509832461,14.887471351915055,14.738153647843841,14.6536565027993,14.871597427043053,14.546861762273364,14.366984849698225,14.221592851298002,14.234655765561502,14.926716710264964,14.642333678226112,14.97372191676637,14.930885221394838,15.20962406277176,15.389856245719471,15.47179543130267,15.506419340389414,15.578461515346001,15.751147662443543,15.607073516050752,16.157580074528752,15.870295283590673,16.156799428969897,16.029801827601293,16.24015538195529,15.989802132777076,15.996871209709685,15.803983643651096,15.669626266878982,15.554811038925573,15.685459408407315,15.728223761726412,15.732522853869455,15.931896162096136,15.818551055522152,15.554193859518747,15.72308031729258,15.516568533911212,15.951627473268367,15.52738239555091,15.445180310593885,15.507399032700748,15.405520830254645,15.576362750952292,15.59973648482066,15.092672584459601,15.15455133807232,15.231403395182419,15.122785247847183,14.971347376803651,14.906932922059578,15.116811928315347,15.17388991087315,14.963819421261249,15.000652452049042,15.002483461249932,14.847319921403427,15.166745573699409,15.039566895854628,15.142785247847183,15.208861223861604,15.494300499562552,15.209856946884658,15.451137940450344,15.511698965367675,15.776116996189893,15.749535729635614,15.875803251030744,15.357592343429117,15.341156586174286,15.383467529590934,15.688976562995228,15.392503073882732
13.410528673869923,13.619025214583656,14.671935437447473,14.624971485149581,15.985851009532455,14.35654590809375,14.456545908093748,14.688508663101972,14.574590097365576,14.808360456810991,14.53735017388,14.513528747053641,14.704501449554128,14.38566635296226,15.371332993388751,14.871783001893492,14.821783001893493,14.6851944462344,15.357520486867475,15.0236565027993,15.249010964694282,15.339140598294042,15.2736565027993,15.449808433114132,15.460337836351535,15.49107701401588,15.813511578336454,15.911796750738155,15.994149088075304,16.090383388349494,16.081796750738153,15.913166069016473,15.783658261857799,15.834149088075304,15.730599780746106,15.695459408407313,15.878206015120451,15.771471447287373,15.770206447296383,15.840789587056758,15.634193859518748,15.720311365341509,15.507307128425834,15.507382395550911,15.526568533911213,15.4595214482711,15.148856284680416,15.069726468370767,15.254994037854042,15.237497859489926,15.100720844086972,15.131164367345772,15.05957731319206,14.788151757857966,14.934625719408322,14.862879601823254,15.018910688283087,15.040041676453527,15.053779473241686,15.04419316982534,15.03567379564454,14.969024144726504,15.005604156757306,14.91606194031035,14.979372188733972,14.951347376803652,15.245631570076576,14.992879601823253,15.017592343429117,16.194832093328266,15.281891092220521,15.367888415145622,15.517998345542054,15.633441366481174,15.21282061828587,15.459034817785763,16.358818204399867,15.005844761954627,14.811341540137867
13.483512727531412,14.012305384464003,13.827195054601523,14.06506151466613,14.284353079444287,14.656821849955818,14.807003021575266,14.578062751580738,14.702324368161243,14.802890448403812,14.87088522139484,14.516861762273363,14.473007158219936,14.96688640432911,14.868159544650899,14.698230835881207,14.98157017880446,14.771288123817252,14.808360456810991,14.949859308685191,15.296474870059903,15.144755543186937,15.222752806279363,15.220174221604948,15.178494288486759,15.455016806707128,15.832894502439697,15.965449608355987,16.156919434834172,16.160792027317235,15.997856737573223,15.942706724587644,15.882011998387119,15.873139483533246,15.719802788130085,15.683553357637049,15.633672273885185,15.80707321087497,15.699300652881611,15.504193859518747,15.567307128425835,15.634752796373078,15.31200030466537,15.250974068333852,15.194960870231204,15.124901499653573,14.999897009633264,15.242305384464004,15.243876883012414,15.37282773458134,15.067856733101568,14.78816000468696,14.710847501834788,14.82183557596928,14.88126945035686,15.004095552805678,14.86728558177598,15.718994128833327,14.945945255187269,14.963362642141595,15.160321040674248,15.060041676453526,14.954896853676866,16.157140174698558,15.081755125665909,15.04525184610825,15.313609386703035,16.10425761319007,15.307241383230046,15.284949359749925,15.426149625874688,16.807026750922194,15.644994037854042,15.692875303332311,15.840294494931005,15.40032456528514,15.050371098120547,14.892217890781247,14.682155679700351
0.0,12.519099148544662,12.842728010435753,14.677599066588535,14.38344710955237,14.46005494972238,14.772468030560734,14.662231667810008,15.036963090960073,15.493871017754959,14.479006887222765,14.862890448403812,14.573104492485145,14.823836693436515,14.818192115100487,15.020885221394838,15.270517962406618,15.227584454711756,15.318237724618053,15.12926858483586,15.159859308685192,15.113184100605183,14.796234345926749,15.461203118884868,15.443983643651096,15.533197680564966,15.717772927168218,16.06444302392338,16.0453501675124,16.32152430217329,16.312772682384107,15.947322151053934,16.011329798539304,15.951329493363524,15.882502472699665,15.606293905705368,15.938692886360482,15.576112103567564,15.467069228016111,15.484193859518747,15.400258153278648,15.291969437530756,15.283703803970212,15.113689950609405,15.083876883012413,14.936337336749217,15.224492901840751,15.417042101592147,15.145879600088955,15.131107128355136,14.985945255187268,15.033520392627873,14.765529389336937,14.791728292114746,14.883281573522959,14.885696451426146,14.860348734493268,14.93616154272675,15.061447634077078,15.041687485882797,15.109560336347432,15.146688704856238,15.073682023800574,16.09083402017254,15.39573269997144,15.103677316569467,15.453549546398555,15.43771951821173,15.290026190367682,15.209530302590966,15.917440562037477,15.248091768939736,15.788740753263282,15.05606194031035,15.440477779668402,15.190652452049042,14.568124691307975,14.985638848630222,14.671334944812328
0.0,0.0,0.0,12.973691615909129,15.111300981254887,14.302531011885144,14.581020494349156,15.106848541119406,15.82966086121565,14.68913152264956,14.724589792189795,14.740330757894817,14.853278456142908,14.828360151635211,14.65570617482649,15.141777362718173,14.80282239387832,14.84926858483586,15.001243892974484,15.096367077842764,15.208137207062352,15.188360456810992,15.152718083872205,15.38786918340114,15.676846458393786,15.59415113811395,15.923649333058611,15.718461515346002,16.093999447094873,15.932387365309587,16.14600023768111,16.252371364230157,15.979058563001356,15.802011998387119,15.823511578336454,16.005144066494257,15.735089569780268,15.54187099992677,15.344745980771139,15.483618627784537,15.08430604998875,15.051156586174285,15.168929606666481,15.031534926161951,14.979366126641388,15.306539603641372,15.226020654765898,15.279535729635613,15.057332484628734,15.20119753579721,15.269733602528374,15.237872897235198,15.272667313698072,15.036617739258068,14.973946996487104,15.110321040674247,15.023322566203145,15.023730631245009,15.133822881043514,15.163088956384442,15.153088956384442,15.231823224278191,14.98165447401508,14.990419217823591,16.536021094258714,16.641025855222985,15.481416416182222,15.378784379136745,15.302564834789031,15.257999671772074,15.351680914352066,15.572722476608853,14.869636200582192,15.050652452049041,15.329810259815575,15.382283164303775,14.888975730643253,14.831728292114747,14.828021755580728
0.0,0.0,0.0,12.500601853341266,14.734759780531878,14.767492200549018,14.32708096158374,14.767552012983371,14.873145197260289,14.593007158219937,14.813726631792882,14.753874626278813,14.76318332016594,15.114803910007694,15.297863720630197,14.929859308685192,14.895251210278479,14.796626490380675,14.895251210278479,14.969006887222765,15.217869183401142,15.505019626395192,15.436752049863511,15.542298467091758,15.624151138113952,15.924819412327656,15.818597651924104,15.842275132022134,15.831058021321063,15.880789893947052,15.845449608355988,15.882797734681676,15.994898506679307,15.955819750309063,15.970383388349493,15.897901613622595,15.824959922024009,15.789537081848685,15.30738283385583,15.287207650398138,15.206975501385417,15.217998345542053,15.068411748129586,15.03936612664139,15.019952091365553,15.168085403582161,15.17419635705673,15.176020654765898,15.040524518895548,15.140116323173103,15.183896897091987,15.244638988480432,15.475772011444132,15.36652978892469,15.251890244939919,15.212955818941579,15.196332231378875,15.18668870485624,15.185014811484097,15.274457764696056,15.131166288791858,15.216688704856239,15.15840955124755,15.01600825402533,15.027598650163455,16.14302933913266,16.06855484044152,16.235352430985543,15.401254219919572,15.546945275731098,17.233167410325862,15.87721770789361,15.853840162134698,15.136560899902367,15.22240369328362,15.220919881312852,15.189685062224026,14.914285151279728,15.034554454396119
0.0,0.0,0.0,12.297643167955833,14.793267056289963,14.823765995557576,15.138505168918849,15.030586716537906,14.526545908093748,15.09397055168133,14.863726631792883,14.800956303983677,14.821243892974485,14.957711133112607,14.96985930868519,15.117584454711757,14.90926858483586,14.770401052603233,14.791243892974483,14.925016806707127,15.049421907684394,15.446474870059903,15.244670584552138,15.43771900055122,15.645102912935087,15.671005499822158,15.686758170524094,15.740399907695945,15.782999869013908,15.665102912935087,15.669078271289674,15.816411527589548,15.648917234372735,15.825230964156717,15.898917234372735,15.784959922024008,15.836456862255915,15.753983643651097,15.597338381570639,15.514239867167026,15.137949233272268,15.228385063991283,15.269570531304797,15.369654670250918,15.28961970121151,15.172573138275329,15.169605321359327,15.125130215629726,15.242148586344394,15.173896897091986,15.2048060302961,15.287150753132144,15.437122158704058,15.385176572895672,15.271931079846027,15.26295581894158,15.246332231378876,15.10063716346491,15.274457764696056,15.411316744670632,15.250292216629804,15.217096950408989,15.511759842727656,15.181934040140964,15.303323618482032,16.425542919422803,15.771754182696153,15.350786649295,15.466696440966778,15.998879409893547,15.665200741118888,15.495362367719132,14.915055850829308,14.778890032621135,14.789887499264719,15.274757408572338,14.828231594951163,14.752618546137375,14.98802559791314
0.0,0.0,0.0,13.63268596449406,14.02276923531311,14.06070638477254,15.100354424499004,14.760490974913045,14.622718083872206,14.652718083872205,14.917535183221187,15.057510540464817,15.097140174698557,15.098066527448552,14.999859308685192,15.087250238451299,15.057584454711757,15.029140598294042,15.23296173757008,15.079421907684393,15.245243908663017,15.195243908663016,15.35131878362824,15.646331453961345,15.667871608756839,15.808506182492271,15.674312937616673,15.544765694584862,15.602568029148296,16.084403944404013,15.892351431775626,15.938371457405957,15.69638508407888,15.754424211011063,15.734213776301656,15.86529953567694,15.62313601598438,15.629626266878981,15.576583558839701,15.690910061341896,15.322590779346326,15.475530451915184,15.925299535676938,15.666650546956268,15.449088817960288,15.080381894530934,15.126542627933096,14.90858825049615,15.292910542709276,15.257150753132144,15.32800847446664,15.23282773458134,15.43384282205921,15.364866974537163,15.291890244939918,15.291890244939918,15.345362367719131,15.35094108338587,15.083980589577013,15.356058279649115,15.182414868191318,15.245420703893405,15.11984493789297,15.18084555039898,15.4169758567963,15.203932707328416,15.357508821160621,15.600538751695826,15.25182322427819,15.305014000966098,15.377739854421232,15.268180670964538,14.77021141267933,14.701214272633768,14.853065699914495,15.394866974537164,14.804227006988427,14.673028517625855,15.061598695686595
0.0,0.0,13.031763364811807,15.269936108686824,14.103802596204947,14.304032088401275,14.23592483689897,15.15456300430766,14.862883096507485,14.702008014675393,14.852084648334406,14.979421907684394,15.358306297052506,15.217680897814152,15.011478089005392,15.066378022087513,14.995016806707127,15.061937099376332,15.07866922231771,15.745693720033213,15.341460595337853,15.227456967718219,16.168864951150837,15.698426237208936,15.630560789612307,15.788057023020066,15.879582403967202,15.641005499822157,15.65149095615216,15.810651158865667,15.685416975944689,15.863131523037062,15.61541697594469,15.877732479643832,15.825274660426928,15.764959922024008,15.568910990198148,15.620910366517677,15.526877898330838,15.670910366517678,15.576726714429741,15.865230964156718,15.610753893423936,15.548539744393839,15.39220451871952,15.505082874785696,15.20388057981644,15.12617824415404,15.03282773458134,15.136418647430343,15.345610826904819,15.352537281511138,15.438633874766882,15.232025428519233,15.28189024493992,15.250031580752758,15.168754464232444,15.344206122098399,15.470934027039355,15.045868431249458,15.222202468328533,14.970618971640498,15.198610403730349,15.262989369457436,15.218800232030292,15.225288541112583,15.39741586271301,15.575584518633253,15.228268075736388,15.238268075736388,14.931053589006826,15.133322566203145,15.858879409893547,14.782388151416956,14.786675006777847,16.472791062601896,14.817814105309001,14.795827278039107,14.77682346517062
0.0,0.0,14.192843432618464,14.16442699620027,14.324458967002272,13.834200986519726,14.714889969816937,14.832562650919991,14.90365619762352,14.662008014675393,15.24040667598832,15.200905025133803,15.388306297052505,14.93629390570537,15.316279688597321,15.278517478352757,15.095693064065342,14.877863635649685,14.772811287594358,14.8838401621347,15.13241569683054,15.691039524638537,15.925693720033212,15.599861937549573,15.629577503606942,15.588426237208937,15.580560789612306,15.568057023020065,15.680281334242295,15.605416975944689,15.657891488256276,15.664922457386993,15.612351431775625,15.758056717844285,16.00930840201566,15.833212212833576,15.781796750738154,15.770295283590674,15.32119836629461,15.270995029470061,15.193040082142572,15.522177747526937,15.452204213543737,15.314220623522447,15.2538401621347,15.33071450254618,15.301100367070395,15.137859530753776,15.266276597203245,15.239917523443541,15.44497108865601,15.496396832116883,15.485186399730601,15.319232840586618,15.332962406464997,15.810508307093066,15.187096440501922,15.242616835184075,15.422249487643922,15.39712215870406,15.436725888983839,15.30033003732202,15.204317164578509,15.188800232030292,16.20451090001645,15.616170168033673,15.289505745047059,15.874832093328266,15.223702993881778,15.361611612586156,16.258601160494603,16.40514333674246,14.887663179020471,15.044995248037885,14.73606187267437,14.795639035583768,15.53009527441268,14.800821422189072,14.778124592152693
0.0,0.0,14.387261071284668,14.501092723850276,14.635209484503639,15.515076895116547,14.76806275158074,15.26296173757008,15.167353972232677,15.143089532628162,14.957510540464817,15.037510540464817,15.127140174698557,15.007510235289036,15.161478089005392,15.460395969886093,14.973608968923386,15.260324272111376,15.117763644655208,15.054146330851445,15.341591719616293,15.243676360835497,15.656551746791811,15.788057023020066,15.586385084078877,15.75065146404145,15.737326017860704,15.660615858545881,15.652351431775624,15.558426237208936,15.74326204195473,15.62606210514559,15.72681562312059,15.916953009486578,15.700444817490581,15.887973304576853,16.031460595337858,15.833760213960288,15.515625804908911,15.886563062562303,15.858692886360481,15.499346804181512,15.434324615992253,15.240802721508734,15.280802721508735,15.26560996752062,15.502403441059062,15.458771087773876,15.493610972758901,15.555741937080164,15.453440592809619,15.60237056646131,15.542608063405343,15.49798508417499,15.279182801080724,15.893511578336454,15.18838506399128,15.276116996189893,15.366893869026136,15.357987159691252,15.478771087773875,15.650523018709574,15.767313175556868,15.414062125384515,15.684434983019262,15.648818822846867,15.215014506308316,15.275014000966099,14.802867690334828,15.233395076877294,14.821828612642307,14.755903303914073,15.137707714119225,15.239765064086214,14.769657978754648,14.810145113259871,14.708998736976369,14.745573339840902,14.84251685254264
0.0,0.0,18.086325335355802,17.72093757094363,14.719777409096892,14.980168630398685,15.06470896122938,14.846507958885397,15.557524680499359,15.49045753201947,14.955016806707128,14.893726631792884,15.16390005962196,15.368832514383852,15.198381724895954,14.87842583346029,15.053932464659189,15.290522266123995,15.051866415144032,15.091021550824152,15.297070262507585,15.214096054367344,15.668127249169702,15.524312632440889,15.668371457405957,15.486379059935897,15.605162163896399,15.695319775644837,15.778371457405957,15.740476208038135,15.638172318510364,15.798506182492272,15.825741167783047,16.01348286214232,15.78684250189135,15.845485306613476,15.850651464041448,15.753511578336454,15.38109151942142,15.21306192935108,15.209358960688336,15.294210994681423,15.227217707893612,15.221672988208304,15.422855056152112,15.51708736731474,15.644024790906549,14.967063030164134,14.976677298255144,15.21279095547203,15.670181496606782,15.553389112913436,15.476816294810195,15.533415414733522,15.441509666583503,15.243164524988028,15.376893869026135,15.384971088656009,15.340474640211722,15.648609674030759,15.637313175556868,15.720657703561038,15.48617824415404,15.726631177360595,15.516178244154037,15.731421802722963,15.200575758019024,15.198588925463923,15.212013089693185,15.172013089693186,15.592249487643922,15.146811928315346,16.06515244236919,16.015027375439356,14.747199064762427,14.714878059591076,14.829612353400126,14.888301254612351,15.131836209377255
0.0,0.0,0.0,0.0,17.79974540581793,18.134326602994946,17.386016953130163,14.746765060990137,14.838356850889685,14.75843261325367,15.083997529300081,14.550895490893637,14.670265115737907,14.73152335634231,14.747444362525528,14.849851733991065,14.84475113874112,14.755055806526785,14.799082575139328,14.743277525956588,14.884670584552136,14.979266841709558,15.32545121125279,15.425416975944689,15.534312937616672,15.42613875232231,15.448305991876724,15.75828715162396,15.707891488256275,15.748783285723587,15.43456857470357,15.205345704328444,16.255062178265636,15.52149095615216,15.688057023020066,15.870651464041448,16.04858904475805,16.018184316043296,15.655647366984255,15.280407244497859,15.273608968923387,15.222435241522396,15.242615383464969,15.191919354198287,15.334070443264881,15.381704235648387,15.433238133995385,15.017747625724002,15.142883674181945,15.220081858001485,15.765137390741545,15.65765481886571,15.511502163990802,15.511703263707716,15.305401843912477,15.317987159691253,15.442366434492362,15.58705072692523,15.572425627590029,15.774929400361207,15.81820263257439,15.657891727102768,15.49042073414253,15.632148586344393,15.579432873066716,15.481531411894059,15.534327048850985,15.375014811484098,15.293086155138946,15.417821644930028,15.994886095821013,14.701163566493554,14.64102083926587,14.523700012637576,14.712639279924463,15.688545821468345,14.83505585082931,14.852604184172254,14.78336706072863
0.0,0.0,0.0,0.0,0.0,0.0,13.892936077515852,14.387223492873527,14.727889323953853,15.12313601598438,14.963983643651096,14.92658056878105,14.538273903703036,14.659715499433883,14.876484483286532,14.791091519421418,14.659851733991065,14.620723211263604,14.632857812519568,14.479495078454665,14.721896162096135,14.927093410451429,15.631388781523325,15.487891488256276,15.5598171833369,15.489164233070731,15.562967261265458,15.745783609448768,15.609711099466963,15.457951511690432,15.151591719616295,15.258330039075027,15.214625908665745,15.345769337178815,15.520075257636478,16.011212594309654,15.886144243587902,15.680615561984597,15.875319775644837,15.427574346730953,15.537574346730956,15.538324798223277,15.359849801050249,15.76201199838712,15.803511578336455,16.044971590894292,15.9553501675124,15.396677298255142,15.179646922638094,15.406415097325773,15.638477399986483,15.72027817128864,15.595185438941735,15.209615939876258,15.352170461754593,15.480826902334547,15.447330344141868,15.742836329716827,15.585762976812733,15.655368399404347,15.777063030164133,15.810432147016506,15.500523018709572,15.631442205628193,16.65680190470524,15.54042073414253,15.390659440186658,15.52116016438545,14.788881598190583,14.769259687770726,15.200026190367682,14.851816963734375,14.810686417823526,14.759563948704795,14.890534903559129,14.826458675655786,14.669068405173071,14.79329050672759,14.89126945035686
0.0,0.0,0.0,0.0,0.0,0.0,14.712440743534351,14.728670998955142,14.693011561244447,14.655886238869918,14.331092723850276,14.608887225250342,14.67672721981544,14.76663243654992,14.778569837867096,15.279243823838332,14.659329724818807,14.603839856958917,14.478125839108857,14.650753893423936,14.564594744662937,15.033429286173877,15.123235532268346,15.588784494553583,15.604368031137266,15.664711098934887,15.305143065876958,15.588184930526833,15.487326017860704,15.335671865147498,15.193238133995385,15.085508234843312,15.426415097325773,15.332768152921147,15.494040328708918,15.952541907032161,15.932366531573717,15.359266841709559,15.277318512557432,15.484394381585265,15.602499960501774,15.871351863207462,15.19308147709702,15.211188966826331,14.841329359530361,15.698057023020066,14.40299169537946,14.53725687703657,14.582874170951154,15.532676702276454,15.579700267234552,15.521774934873015,15.542601378620962,15.590767660218125,15.584726752456548,15.312962406464994,15.25564776415527,15.569747961361378,15.699501646219169,15.822735209467197,15.759046765923339,16.06947995949978,15.775506927812636,15.390369751117687,15.513022072772385,15.470525486310285,15.651991691994272,16.114212329575352,16.07675587202393,14.890432056361366,15.345927303034006,14.92303772073765,15.969856245719473,15.097978207467278,15.113053199631192,14.95674812333387,16.00644920754673,14.83878330441236,14.863322566203145
0.0,0.0,0.0,0.0,0.0,0.0,14.476637032455212,13.38185371011652,0.0,13.00953613399742,14.93055656041274,14.321016891690904,14.648447410509567,14.548065363204927,15.235424344457417,14.693843757374097,14.540571612060042,14.408581743331832,14.486518849962875,14.464476285587816,14.578763089859933,15.00458372210374,15.081351863207463,15.195176170672955,15.668558496171748,15.642083790234633,15.649623845636146,15.739462744626032,15.006136416658673,15.317143182321015,15.03956937481543,15.189881844628896,15.072994924216246,15.049266841709558,15.460075257636475,15.853532669218406,15.060599780746106,15.241956690661274,15.069266841709558,15.069925204122319,15.241332386617547,15.41760561142214,15.485783236819156,15.28150848496562,15.748952115182266,14.453277525956587,15.061624762768332,15.251241955281035,15.18394692282305,15.433131186474169,15.26949380282037,16.018665692679228,16.235901854284325,15.600066800748408,15.437642097948846,15.514795977209287,15.62150353115274,15.626677298255142,15.660081858001483,15.849877351005976,15.948216474766443,15.571437990040573,15.586075652407343,15.29345953178604,15.79545565878199,15.942735209467198,15.611716919694992,15.492278843634605,15.084962719296067,15.305422163727975,15.950753893423936,15.3148060302961,15.176503957273322,15.33637302927237,15.408718137838997,16.504243653076056,15.293147946522572,15.205855994046061,15.268273903703037
0.0,0.0,0.0,0.0,0.0,0.0,0.0,0.0,0.0,12.141114477061771,13.732002057636326,14.719253205006183,14.764917333751757,14.37753532876948,14.43535159026175,14.596765060990137,14.294864870647887,14.38006199630373,14.54855105552215,14.749867737329271,14.984583722103741,14.91823672889969,15.206905063492574,15.147143182321013,15.208506182492272,15.3616138916964,15.630276713301988,15.394926575613404,15.434926575613403,15.552838847932776,15.01493031170875,14.767387269431824,14.852994924216247,16.0170159416454,15.73809791354001,15.239856236766206,14.872468568849841,15.01493031170875,15.039113160717664,15.204680466948105,15.067246878457471,15.171013928742733,15.102996374938545,14.915485306613476,14.852387365309589,15.333592599191874,14.400462875356197,15.727556226982397,15.664396324056113,15.340081858001483,15.345159215734112,15.517866550385545,15.476677298255144,15.694427763272278,15.581774934873014,15.544394381585265,15.444205443927071,15.540281935915905,15.721827457684883,17.067337828449585,15.43886274537618,15.401326151412043,15.537951534778284,15.405843107637851,15.270756275828983,15.862569324051382,15.857065440313024,15.544211299857205,15.548097346288749,15.319939171733562,15.355740968555658,15.25637302927237,15.115131705894575,16.065010883696928,16.834109478913476,15.687044062195236,14.986309418175836,15.263002636372853,15.047365442694527
0.0,0.0,0.0,0.0,0.0,0.0,0.0,0.0,0.0,0.0,14.05674922284745,14.08947453562205,14.178942082111158,13.9643967783384,14.329021626042334,13.957102955784617,14.294810341106729,14.331919354198286,13.836658090805468,14.512125192404703,14.745914286201142,14.428963739585116,14.522091061479514,15.064884442566095,15.189656174868889,14.850768248122762,15.709924997499517,14.800074952460697,15.396445906665155,14.94909951000048,15.471022622615745,15.00977123020731,14.797053539052026,15.06760561142214,15.155912928715916,15.467461196302734,14.780670151124044,15.037272487362149,14.981332386617545,15.159946317400152,15.17817411759598,15.188174117595977,15.175844176691225,14.934165657532073,14.493487138996691,15.024165657532073,15.441936265477509,15.443313349410968,15.366454223078115,15.504357692008785,15.728574608646458,15.60438687018706,15.522601744324458,15.502601439148677,15.649201655599374,15.521665270902181,15.336677298255143,15.675408099803253,15.804884289086388,15.82382373391366,15.428277017050982,15.897763339479427,15.320925849568967,15.317588461907603,15.676048556786307,15.389163278572964,15.663175610418943,16.01562560718671,15.563944439061695,15.411761378079687,15.409751704213726,16.172760857782457,14.866621429764523,14.907921818274819,14.991691188807263,16.09997312914511,16.267976573249687,15.128962374048431,15.074437299498456
0.0,0.0,0.0,0.0,0.0,0.0,0.0,0.0,0.0,13.391092723850274,14.253765995557576,14.556188796047191,13.406467508798217,14.096989471145555,13.802617427783584,13.867231860942427,14.655324341122562,13.571395702283855,14.95411517356257,14.32755201298337,14.894444016655612,15.09783310199709,15.060444817490582,15.034165657532075,14.892996374938546,14.2985401862576,14.642981230954332,14.851490956152158,14.802994924216247,14.76241569683054,15.297461501478516,15.318097913540008,15.591025992885296,14.678550095416409,14.821591719616293,14.574670584552138,15.550598320130096,15.341241955281035,15.062690599750386,14.747563624277818,15.111110425049912,14.723772593256903,15.122264975373426,15.019419065330561,15.077692374875816,15.009807544145243,15.009499618026569,15.099656467291933,15.75473680799006,15.489529486494176,15.586493670322511,15.615131298802144,15.602836329716826,15.75231348412757,15.364982830694565,15.391851202033848,15.380767660218124,15.486637485375248,15.81626937467037,15.864980780322245,15.961840997169634,15.928550095416409,15.86885631557858,16.025752143108505,16.12514763964549,15.763277525956587,16.12363049118278,15.628569837867097,15.448001331835744,15.406571677626172,15.389433178242498,14.89906383947331,14.891590878918965,14.86581772631364,16.132214676293454,16.33820482894543,16.663718228054265,16.430205960058437,16.173627629858863
