0.0,0.0,0.0,0.0,0.0,0.0,0.0,0.0,0.0,0.0,0.0,0.0,0.0,0.0,0.0,0.0,0.0,0.0,0.0,0.0,0.0,0.0,0.0,0.0,0.0,0.0,0.0,0.0,0.0,0.0,0.0,0.0,0.0,0.0,0.0,0.0,0.0,0.0,0.0,0.0,0.0,12.590680265369711,12.25699594399269,0.0,0.0,0.0,0.0,0.0,30.38904851153794,19.90718346178129,29.399436243667203,22.278408610180342,24.747108492491687,25.347633476580242,42.97429372618566,39.56466158313133,23.101537462179188,24.309254790573384,18.558961389586802,25.101576925375298,22.700139765134217,16.32075409925529,17.976761253660463,21.720185964425603,25.14472862246673,25.31508333879742,21.607743987179845,20.111399911508933,25.29611351991261,26.50998987697413,27.993273172359263,29.785194046132943,24.24717526281411,17.609070122382185,20.66014841708536,19.779829748889256,22.863266678598713,18.379546984909844,18.070066286299152
0.0,0.0,0.0,0.0,0.0,0.0,0.0,0.0,0.0,0.0,0.0,0.0,0.0,0.0,0.0,0.0,0.0,0.0,0.0,0.0,0.0,0.0,0.0,0.0,0.0,0.0,0.0,0.0,0.0,0.0,0.0,0.0,0.0,0.0,0.0,0.0,0.0,0.0,0.0,0.0,0.0,14.6362268661932,12.952461171483785,0.0,0.0,0.0,0.0,30.04672502408686,32.010571152035425,27.211523885940338,29.841677194784435,31.211151530459645,23.960596279691945,16.21089006435357,27.556715716182392,21.591940974711406,30.037757864695322,18.85705610394771,20.56785116040185,21.814523584791836,20.67583434404328,17.335171425678908,21.962597259920596,25.060060704735527,21.01021659706032,22.676499269245205,24.38103488694246,22.15695239951012,26.056377305958286,41.53189228718816,25.13015166282727,23.45184584535251,22.299582926613745,19.413418399464405,21.238591473197683,25.34716778115524,22.000239892402156,20.814604954640878,18.090942652311433
0.0,0.0,0.0,0.0,0.0,0.0,0.0,0.0,0.0,0.0,0.0,0.0,0.0,0.0,0.0,0.0,0.0,0.0,0.0,0.0,0.0,0.0,0.0,0.0,0.0,0.0,0.0,0.0,0.0,0.0,0.0,0.0,0.0,0.0,0.0,0.0,0.0,0.0,0.0,0.0,14.224273239388996,14.295825049892551,0.0,0.0,0.0,19.006153671431044,27.341730054131,19.644973839175407,28.151122067198408,22.640244695009656,30.23917746128484,20.88978351807783,34.66197970823329,20.617787577578014,18.737056103947708,61.61473130884094,27.332998309150277,21.651401746401845,23.693327751287697,16.834864680611865,29.116303508232328,22.76531597455459,19.64192225126814,28.441034175478492,24.108818905766007,23.604057085896923,24.7248820533808,41.440582906765755,33.5526969944784,24.510587215417683,23.62685271675988,24.340795627021798,18.492075940588688,17.85401930074913,18.96085197435054,16.26960554532091,16.381163474317542,19.16803269333499,19.05766946181209
0.0,0.0,0.0,0.0,0.0,0.0,0.0,0.0,0.0,0.0,0.0,0.0,0.0,0.0,0.0,0.0,0.0,0.0,0.0,0.0,0.0,0.0,0.0,0.0,0.0,0.0,0.0,0.0,0.0,0.0,0.0,0.0,0.0,0.0,0.0,0.0,0.0,0.0,0.0,14.035969085392104,14.375321799062867,14.392990116563466,17.507748469291684,0.0,20.51699454291529,20.493429493036167,19.662650765272662,21.16251629090842,20.491856439870602,19.25763132453886,18.472091507442638,17.700403467426842,19.56121822032543,24.63028990708989,16.921738359742967,31.92886101469722,53.176511457148706,23.77592260056108,25.968620614306545,22.461312156639345,20.59095481221728,18.60926392583027,20.673109784882772,20.949832791364045,25.04290226469114,19.394101939169023,31.521414908504184,31.060533959900084,23.63848095803128,19.319418321211348,22.085816617870456,23.962530785232197,19.24713230408158,19.647131575058232,16.272720027049346,18.153661964590192,16.329194246028756,16.472399543619478,16.44466043345915
0.0,0.0,0.0,0.0,0.0,0.0,0.0,0.0,0.0,0.0,0.0,0.0,0.0,0.0,0.0,0.0,0.0,0.0,0.0,0.0,0.0,0.0,0.0,0.0,0.0,0.0,0.0,0.0,0.0,0.0,0.0,0.0,0.0,0.0,0.0,0.0,0.0,0.0,14.660377536474577,14.609647700379572,14.618068180585365,14.473965053298446,16.62257868267522,0.0,16.005794299223336,19.615384639110662,20.028374392960473,20.708413289600703,33.511190939117746,19.968890575912635,28.992693012283766,24.312637027760882,23.198512292575383,30.334099746371123,31.207586447871495,16.49830494837564,16.951922405552608,19.98666613888355,27.515272113587862,21.561353615865137,17.693576077438934,22.389809994637602,21.18744459784285,26.267853250098177,25.68192334109584,31.26389585016091,28.53096934175391,21.733289408664703,23.578556040400198,17.65352209690585,21.84334869913711,20.628415773988003,19.75641264825484,19.97279791560994,16.464660433459144,20.125130953648444,16.572391118527317,19.424720277118066,20.643567217358402
0.0,0.0,0.0,0.0,0.0,0.0,0.0,0.0,0.0,0.0,0.0,0.0,0.0,0.0,0.0,0.0,0.0,0.0,0.0,0.0,0.0,0.0,0.0,0.0,0.0,0.0,0.0,0.0,0.0,0.0,0.0,0.0,0.0,0.0,0.0,0.0,0.0,14.041616000184092,14.311455638995998,16.395675372925055,15.470017935561792,18.01776887218888,0.0,0.0,21.639589957532458,15.746770885536177,22.428813491496552,16.033811263113616,21.97183776183104,17.710798705124866,17.532202342238794,17.51170433769129,21.736081299445615,20.128279430835946,16.607183211164013,16.023587939094604,24.644916172233984,27.321368871531625,24.843316986025187,20.101602148999532,16.699604784240066,19.795124764565394,20.2054525804986,30.19371426547078,23.717768260478223,30.801836698383752,21.819658035624293,28.93445545349691,20.07854683512072,23.61555403745467,24.13096019817239,26.12838999809312,21.69204031430381,21.11211294912521,17.964909268222385,20.69897336132778,18.78430346734787,22.16149116333586,21.05183856035209
0.0,0.0,0.0,0.0,0.0,0.0,0.0,0.0,0.0,0.0,0.0,0.0,0.0,0.0,0.0,0.0,0.0,0.0,0.0,0.0,0.0,0.0,0.0,0.0,0.0,0.0,0.0,0.0,0.0,0.0,0.0,0.0,0.0,0.0,0.0,0.0,16.66314118805524,14.661135906250387,14.770801463685952,15.16532894819646,16.087132949190085,16.660722937533343,0.0,0.0,0.0,21.6654355674628,22.21894975821464,14.8161212365373,14.179254205914475,19.681806933890375,23.3192470070127,14.756944879764028,23.087923378586076,18.37569055402514,17.003821423825364,31.09314265910585,23.02942655053377,47.23138260174117,16.780820206544796,21.11224499795177,19.651760091343853,20.470199572089797,30.24912542431553,26.34154691927629,19.3577461442415,19.388403790714342,25.986040191652393,23.724768943479145,23.5911916067557,21.0407361517887,22.527173872429124,19.677437208318715,18.247858642595745,18.245747957416846,19.33720291970857,21.446169567566063,18.998162588937443,20.86632881770018,18.897737968632267
0.0,0.0,0.0,0.0,0.0,0.0,0.0,0.0,0.0,0.0,0.0,0.0,0.0,0.0,0.0,0.0,0.0,0.0,0.0,0.0,0.0,0.0,0.0,0.0,0.0,0.0,0.0,0.0,0.0,0.0,0.0,0.0,0.0,0.0,0.0,16.150802897382817,16.295891578602816,17.314573027235628,15.49149550738856,17.27917953218298,17.490029609945086,16.668391085293415,0.0,19.412121459465297,0.0,19.940962211109902,21.579727599643853,18.055846703650246,18.627960949816288,20.936368883899334,17.58434561831043,17.208534243762987,22.323149233455958,19.341874370063742,18.11828166266369,24.106821937152866,22.420145506895217,20.53939771433372,26.14788613339524,34.32109504221482,23.227224618152846,21.630140192580967,18.45626939360482,33.52630886953043,21.16026896710275,19.80259718027596,24.82948760043311,26.23610569945805,22.424168404025863,18.75641580465044,21.686722104570485,17.925913252285447,20.163030746317716,21.106455151494117,19.214489200029433,19.176149798536148,18.79417066778514,18.908802585830983,19.093263383560117
0.0,0.0,0.0,0.0,0.0,0.0,0.0,0.0,0.0,0.0,0.0,0.0,0.0,0.0,0.0,0.0,0.0,0.0,0.0,0.0,0.0,0.0,0.0,0.0,0.0,0.0,0.0,0.0,0.0,0.0,0.0,0.0,0.0,0.0,15.294046849621047,16.85035560756548,15.97473085261563,15.248899124589443,17.4665517474146,16.154260852713083,15.288272657175959,18.279586487939,15.819856138582008,19.148206246618447,16.848611982260138,18.093182527278753,20.13004998669819,35.262184237712916,18.231345180031827,17.178524044586013,15.119441325107246,17.3074454237938,16.80877403826085,16.24615859492493,18.76354723238696,21.157662259602915,19.000775017337432,18.02117635580086,50.23018622248852,36.23309344034567,23.92605643118363,18.093479614374285,23.469047524101768,22.473344530083608,18.1226504019365,19.527200125009614,26.18709427966806,20.706495163098346,23.334150976974744,19.222002337304627,22.705044845548898,22.30373525245539,25.23131371750118,20.443896362254637,19.31059841456682,19.012878012295698,18.87511299303293,19.453512697248225,19.396133135866098
0.0,0.0,0.0,0.0,0.0,0.0,0.0,0.0,0.0,0.0,0.0,0.0,0.0,0.0,0.0,0.0,0.0,0.0,0.0,0.0,0.0,0.0,0.0,0.0,0.0,0.0,0.0,0.0,0.0,0.0,0.0,0.0,0.0,14.718067677451913,14.75008526270885,14.93149917778332,14.752399015746606,15.97053989403835,14.483119102920764,15.65252015484378,15.845885687919607,15.53504296197314,28.63211698874271,17.92917101593379,16.318773593593253,17.20494207622302,19.213267155541693,16.189862896990313,17.68377968232402,14.38473582911621,14.377403366946048,14.969883803449525,16.593250644510263,15.970659963928691,19.831838637296833,19.456267829068963,34.49937685622884,23.252176332752818,39.531705756753716,39.39183849348425,25.758003320027065,17.414009354899648,19.845800780994896,18.54452477969746,18.77956630881189,25.868249649340683,17.897477462832065,19.19024486408074,23.039366852774844,20.81409461596227,19.29727693101314,21.315895841255518,21.735616395724968,19.485766354953796,21.41666113509326,19.195053187537106,20.005532616714632,19.134402301950672,19.46319137427437
0.0,0.0,0.0,0.0,0.0,0.0,0.0,0.0,0.0,0.0,0.0,0.0,0.0,0.0,0.0,0.0,0.0,0.0,0.0,0.0,0.0,0.0,0.0,0.0,0.0,0.0,0.0,0.0,0.0,0.0,0.0,0.0,13.557711855110975,15.330534827742436,15.598776947842264,16.40580588324081,14.853080609989235,15.385696714924286,16.01895233037627,15.352058330994765,15.844144144727812,15.221159591368675,0.0,0.0,17.65399330179558,16.01549519357948,24.181153924442484,17.298983874105367,15.021056339345702,14.463360939999983,14.410964673527127,14.389238928431908,14.179342316506817,26.088095526063547,21.205505794182592,23.63135377847302,15.182350508552975,23.942119341179158,33.477047015866475,26.666410254348108,25.894571193720125,20.815925539582565,17.962887748563137,20.898233656393177,19.296083228655554,20.002730998264905,18.984885975973,18.9209620253227,21.142511078617385,20.850384548900106,19.330529653193363,23.220141515226167,20.780147455861595,19.475552156384396,19.32588568791961,19.277988928523158,19.271698731350483,19.615606240458924,19.121069082858014
0.0,0.0,0.0,0.0,0.0,0.0,0.0,0.0,0.0,0.0,0.0,0.0,0.0,0.0,0.0,0.0,0.0,0.0,0.0,0.0,0.0,0.0,0.0,0.0,0.0,0.0,0.0,0.0,0.0,0.0,0.0,14.437450462886135,13.36994456248517,12.935850548437188,13.844650763518365,14.389059616059313,15.50613283069032,15.225952574106174,15.489441486813607,15.375982411644106,15.8763603004615,16.280017935561794,0.0,0.0,0.0,23.433600659877875,20.344814894432687,20.721860523615348,27.833853782009243,26.977565372482243,22.34610937080452,20.09539673804506,17.80356762344906,27.35984352022824,21.833046502074396,21.45601838405506,21.985279344795945,41.86732885583386,16.02557613071988,33.98917502201742,23.00993263720987,27.60509379712665,29.257733531008327,27.128676547001717,25.071632905347087,19.79914374880018,18.451677266491274,20.079429941360253,27.058599187384615,21.371170065561948,20.507539485851908,21.94051078285526,20.539461777855575,19.23631644665411,19.40450040310585,19.23319106909859,21.2769665819188,20.96937182943964,19.141069082858014
0.0,0.0,0.0,0.0,0.0,0.0,0.0,0.0,0.0,0.0,0.0,0.0,0.0,0.0,0.0,0.0,0.0,0.0,0.0,0.0,0.0,0.0,0.0,0.0,0.0,0.0,0.0,0.0,0.0,0.0,13.092702230505886,13.466595929404903,12.279084448698077,13.85521861316554,14.282268857083805,14.834675887063467,15.507461689100666,15.76025623840826,15.831407677023076,16.477444648696117,16.30921017397529,15.654432711948619,0.0,0.0,0.0,0.0,0.0,15.928037675974384,14.554716407346397,29.520366750418457,22.50558658775989,23.43531626361753,30.300821772923516,22.18643381004261,24.1104591305848,18.514818771318048,23.107623586077786,16.083415184442465,16.656930832956913,21.265085046496527,28.40845152643761,19.845507283087663,19.922238726138303,18.445530418271584,23.80763754105725,28.532528837825815,26.812192045252853,28.90903950808086,27.389121597305326,26.792129606245894,21.594534377225393,20.58386116224238,19.164920824725677,19.703985608613735,19.29993393723476,20.51833164223981,19.106544293931513,19.95855530234115,20.08711923917086
0.0,0.0,0.0,0.0,0.0,0.0,0.0,0.0,0.0,0.0,0.0,0.0,0.0,0.0,0.0,0.0,0.0,0.0,0.0,0.0,0.0,0.0,0.0,0.0,0.0,0.0,0.0,0.0,0.0,20.833450232005976,12.511722282793155,12.167293794032897,14.021397440045293,14.093097401480634,14.626963872822547,14.847897386317122,15.659745039727538,16.719406065492755,15.990935402712875,17.51951280237156,17.92143563675475,0.0,0.0,0.0,0.0,0.0,0.0,0.0,0.0,20.31037981299432,19.044296043452675,24.89540097805181,21.214972114479153,21.00880319203235,17.89736920317573,21.11432542651916,16.41550452604895,24.76933788577709,18.082762819720383,28.809612195634045,20.009236737208788,18.959062382281292,19.669997505577353,23.405748573271175,23.18950139844107,20.426157901139437,25.716838158418696,36.27214822682861,31.476936100128892,27.273507993423166,23.53170672848534,21.63738190947021,19.496134445284262,19.489148415596183,23.14147853252726,20.729479065787206,20.928079237802642,19.401208647080026,19.181159591368676
0.0,0.0,0.0,0.0,0.0,0.0,0.0,0.0,0.0,0.0,0.0,0.0,0.0,0.0,0.0,0.0,0.0,0.0,0.0,0.0,0.0,0.0,0.0,0.0,0.0,0.0,0.0,12.294351193952352,14.13890961197793,13.010117417938478,12.476883769940445,12.783617400197222,12.389996163686558,14.46023915722406,14.723343055494215,15.775770884013795,15.684893284694013,17.048621029764536,22.84388276247881,20.236988353522033,0.0,0.0,0.0,0.0,0.0,0.0,0.0,0.0,35.57123348279541,25.797064844794477,19.253405723933533,20.53055340912445,18.9748007995959,18.62427775179073,19.050501796046824,21.525948412196797,17.90881592293286,18.492426124897484,22.523205299280452,22.5657854725651,19.573829829593638,26.84309010937067,31.14147622302111,28.114341970416884,34.75815147592885,24.124637351684136,22.95281283677801,23.85285510035457,29.086916256179748,21.602239754612096,21.0030987542095,22.006351561327655,23.24116428999252,19.342762819720384,19.365605798923138,21.022721470755997,19.20358047652492,19.967649775802826,19.18764777417625
0.0,0.0,0.0,0.0,0.0,0.0,0.0,0.0,0.0,0.0,0.0,0.0,0.0,0.0,0.0,0.0,0.0,0.0,0.0,0.0,0.0,0.0,0.0,0.0,0.0,11.612942410151454,11.698632300704567,12.179474029184993,12.3395631274368,12.324419817279509,12.408823147165245,13.078645939890631,13.635258759174377,14.905125403833798,14.881888900270956,15.375883189441161,16.765099745122303,18.14957282037662,0.0,0.0,0.0,20.80713726253055,20.81395450149158,0.0,0.0,24.063951313676895,19.797845283566502,27.913895118009343,32.379726647460636,18.8645933778002,25.102599449245453,20.302900024400568,17.64501187647218,28.348807320860075,21.81503366261483,18.453829422683533,17.96351359868234,30.426352516261062,28.888262630178296,18.86128274545505,19.44041145378653,19.592699292880926,43.588212994400465,25.59630160240402,36.77478979447299,28.534233540527996,28.971299129623407,23.47478377508472,22.008736678130425,24.35222243730171,20.162761665151187,20.24171582047444,20.51878219304279,20.558782193042788,19.236742707069627,19.52910507542256,19.505525637322943,19.276846315591463,20.54162542102643
0.0,0.0,0.0,0.0,0.0,0.0,0.0,0.0,0.0,0.0,0.0,0.0,0.0,0.0,0.0,0.0,0.0,0.0,0.0,0.0,0.0,0.0,0.0,11.346434896084116,11.607612948860265,12.85576348569072,13.97801833830977,13.226069411272709,12.232822001454815,12.674133681723069,13.16487650087104,14.148499285366887,14.618563565122459,14.943057001835927,15.349263938828267,17.159278525901946,17.76477065818577,18.031716103271904,0.0,0.0,27.197817026655525,35.34627357076088,22.33050670723184,19.1954417121947,19.062262673387515,25.12454179108375,22.56103738600445,18.182457303161257,18.81134288027223,18.634292833674735,17.43699275952965,18.26192791197045,22.36414927029102,22.540450368441142,19.49969405473338,24.51114204195929,26.087853250098174,24.451826214937988,33.62222909991018,18.37996434231878,20.016079425743676,35.800916698173545,30.440227408796183,33.2861133118331,54.41588739347387,37.78252213829201,25.042607336368313,23.18673457681546,21.38618004311904,21.06733695188647,21.135725001083035,20.04279720864895,19.219849691351087,21.734960978317375,20.616653391256413,19.073949807961764,21.538342079507277,19.24645076011177,19.161527316615746
0.0,0.0,0.0,0.0,0.0,0.0,0.0,0.0,0.0,0.0,0.0,0.0,0.0,0.0,0.0,0.0,0.0,0.0,0.0,14.891896246647821,0.0,13.364411012217994,12.14768195204578,11.67142986018667,11.461952820789984,11.605787117894607,12.84919806471871,12.09970419094768,13.782677726751565,12.981240037489814,14.213174356421494,14.673013031391736,15.464791829869217,15.837509446390118,16.21502145449857,18.779559719474257,17.389997505577355,18.865660728794595,22.17143734830728,22.623888693964027,21.62822291642746,21.32100240106584,22.682663122727085,21.285389714811302,24.868307309232293,27.480920940274295,28.510227137733843,21.202294017756373,25.397504287674742,18.597331266820284,17.905319203751745,29.56177058776565,24.744332970909262,23.434800257357544,18.25752328659155,24.051010427762566,18.72339135647329,19.637466013963266,20.14157303316769,23.047201657462942,21.775970100096835,20.00315986710765,31.25278843398909,42.985537472247884,30.090696416435918,25.110321771980743,26.273110653215884,24.22595633369953,21.237778387431582,21.50026896710275,19.95679092302067,19.63667718391384,19.296177645031765,19.028350784344216,18.90484600546987,25.320431814881882,19.4092117176833,19.559661248791077,19.55966155396686
0.0,0.0,0.0,0.0,0.0,0.0,0.0,0.0,0.0,0.0,0.0,0.0,0.0,0.0,0.0,0.0,0.0,0.0,13.372834872066509,13.228953991755164,11.8082509367944,15.162900667453634,16.26430759950641,13.18752338185616,12.504045306088,11.428178564667007,11.562812615744571,13.527794444045009,15.061025927040989,14.741922405552607,15.540043407662543,15.747310740414887,15.609525374638556,16.14491606714782,16.7593678551585,17.571235227321367,18.094688859702753,19.629348594597285,19.737911638609894,19.808677605802814,0.0,17.567443132656564,22.007072015082073,19.160607003757583,32.62446153650107,24.263665447112018,20.484407582869775,20.60262503205766,20.292950047029795,21.636221044464634,24.66948298601615,22.81597459402792,19.02591926645196,18.91018376489201,26.285064282856027,26.03760085121878,19.032543423303736,18.339183530430887,26.974870878161582,23.94617537487506,19.139220557411285,20.55199363168896,25.64663687221574,34.2492510658231,35.58718284344556,28.02095729440939,25.76905090973871,22.537277425374818,21.38681155086239,19.689030643453215,20.513159867107653,20.404964156059116,19.678910231401872,18.841069082858017,19.068860650315656,21.066987292826703,20.048486711592027,18.97837023611326,21.38394160390608
0.0,0.0,0.0,0.0,0.0,0.0,0.0,0.0,0.0,0.0,0.0,0.0,0.0,0.0,0.0,0.0,0.0,15.834341227357246,16.052724464268113,15.601726518927366,12.396014206076737,14.91283753635181,12.361493936946767,13.143854390663678,13.557169619379977,13.711106756532013,12.018633002609809,12.781110204524392,15.642363796049558,15.417077526520522,16.31805696536786,15.909749422110725,16.186777998349346,16.78607054221501,17.93700941837048,19.197908785169027,18.260469283278063,19.823010393268614,0.0,0.0,0.0,0.0,40.071201357283435,26.829488739431582,26.734110461882484,20.85992872625997,21.161324414181152,18.664533542791904,17.482957015629463,17.49592821211356,19.515959764373186,17.565402143831484,18.068733986410546,18.430824719550394,21.853678361884732,20.100692089229852,23.797560460078998,19.756285715222244,19.546609654418113,19.44764937372021,20.98346471296952,26.235014485177864,28.977412266348345,41.683050640315,30.208212839608827,28.346145653509637,23.624166501458028,21.6848159919248,21.811253435066018,19.012762819720383,20.645231255316602,21.855126973944866,18.63309018575934,20.272761524330736,20.244386039447427,26.83027608621072,23.111608952951926,19.89038841132854,19.65547168384004
0.0,0.0,0.0,0.0,0.0,0.0,0.0,0.0,0.0,0.0,0.0,0.0,0.0,0.0,0.0,0.0,13.816014107963735,19.988154413405184,16.133722521339074,14.836559369535987,13.707435211442913,13.503270683394698,12.004560220474826,12.924156323118744,11.467742014989245,13.446310833939824,13.534612385775153,14.48837973818579,14.767970374999214,17.205753776993344,15.790446894030977,16.024106089317932,16.845557133578115,17.446730486871036,18.13770894666733,19.126429645737378,19.535206771440283,19.727389761959493,20.623318108366107,0.0,0.0,0.0,24.169880260048526,28.932865355903267,18.98308025568599,17.685000783257852,17.729028553762383,17.66832884810517,17.764561057408088,17.813132971546548,17.866519073445115,17.728399349515335,18.984258365604777,20.2716209198799,22.424861844908108,19.751441835260405,22.694875583992214,22.57738078939174,23.75828953332706,22.883662922638027,29.174822501900582,28.604438891618756,24.9909872400252,29.66397028053202,33.66875164977204,23.310904575731357,22.054700383552532,22.63399470604763,23.032050063055685,19.428472361507424,18.4691484963825,19.136896802720244,18.59385632847251,18.914198841938973,19.337069078614093,21.914045379487337,20.9213349999009,20.576888599775742,20.209515252989288
0.0,0.0,0.0,0.0,0.0,0.0,0.0,0.0,0.0,0.0,0.0,0.0,0.0,0.0,0.0,0.0,0.0,17.880006429910026,15.529981054488452,14.001159822063311,13.143890699109974,12.351540201300747,12.178058811643245,12.079317820191969,12.593316831126117,16.62091128549035,15.185640278638584,16.358206672070736,15.4570933640034,15.821009256807912,15.475269926650327,15.562888547463215,17.088706454523713,17.554323226961007,17.411652832287146,18.75856001355276,20.10864103269097,20.96276122665177,20.126319253281135,0.0,0.0,0.0,25.661049045039128,35.61781953104842,17.86219872282708,18.829022842386877,17.486608857275662,17.67714384144167,17.781132566327653,20.741182061055703,18.565855939259812,18.609187961278757,18.329126399726405,18.276600507866373,18.035291762954657,19.26358606888636,18.97246635449351,19.174942547646083,23.896685466060433,24.65730572239214,34.42044690014724,22.564468375115524,25.615735305211956,31.448755167180096,25.960360713138975,23.829050693773873,22.718691950396305,19.64564010516685,20.291224505822157,19.69070712945259,18.532611109186117,20.73226004766211,20.840652245941186,18.9563234313164,21.598498683848955,19.766177339855986,21.253085027627364,19.778498782970388,19.401711016285525
0.0,0.0,0.0,0.0,0.0,0.0,0.0,0.0,0.0,0.0,0.0,0.0,0.0,0.0,0.0,0.0,0.0,16.303663149873884,14.664781927081041,14.297168285064895,12.149019661628975,12.749635283007837,12.506584843842749,12.784947234489183,13.120623725511514,16.708978638817452,18.11133040113566,16.14190049795574,15.256527442937266,15.23749917792193,15.282304781301118,15.89133203267102,16.24294954604424,17.72144505281598,17.418961084411023,18.224422703193,19.369944597920977,21.731854196818908,0.0,0.0,0.0,0.0,23.37471870096958,40.674235308995925,24.7601643673108,18.099263740257,20.880686575383045,17.833055356582243,18.42215460974323,22.65188125500533,18.716369001195194,18.398182589190547,18.3787539900868,18.58290309764167,19.047463267325792,19.12974460467703,20.74159879316105,22.689788931077977,26.174089359990305,35.98902654840772,29.6867756490636,34.001635541596215,29.47660707754715,30.561636336881378,26.237245951464182,22.333704138423066,20.80327089752237,20.170098549047893,19.932230433033,20.29101977110131,19.83875780261721,22.914557676768347,20.91409507320932,19.401267411814402,19.249947406086005,19.836686786869613,19.891852903993247,20.748061527388757,20.12227389640904
0.0,0.0,0.0,0.0,0.0,0.0,0.0,0.0,0.0,0.0,0.0,0.0,0.0,0.0,0.0,0.0,0.0,23.708074392506983,14.137584075879131,12.397483879746009,12.801365949622108,12.928503081534405,12.539590927061031,12.610223827837164,15.135843924295674,16.767915391973215,15.361751090822619,15.217086886192309,17.69009641505752,15.015707677732527,15.638745268061133,17.99973822009803,19.276194948667346,16.98103450596421,18.451072591910492,21.45128778386467,24.19923494199245,27.65420853149243,0.0,0.0,0.0,23.53833455498478,25.829878374570164,19.383465852147857,18.351011619138166,17.845872262804598,18.33655257037082,17.919615056471056,20.311661340014346,18.106927352204025,18.058628914033232,20.61850826063473,18.336905228203836,18.30254289269196,18.61628533380602,19.298767593548263,21.046049303333582,26.109252850581527,25.85086036963182,39.059256743421265,31.44581392282656,34.96241809861648,33.599304160854956,28.145263398843426,27.613331320468035,23.752836472929303,24.880637740845383,24.95940305513387,21.765922038036233,20.20358013615481,20.777548782921897,27.213748626718505,22.734914825144244,22.36678933237557,23.65756661425018,22.067658714081926,20.824311848023417,20.45345626934779,20.745446807368687
0.0,0.0,0.0,0.0,0.0,0.0,0.0,0.0,0.0,0.0,0.0,0.0,0.0,0.0,0.0,0.0,0.0,13.541387799013357,12.79208895878033,12.263487311638169,12.58059812002443,12.721084415786509,12.627550303663803,12.55055484821315,14.119993917868216,14.40143946590609,14.511346046890012,14.68692174529027,14.849585524979673,15.99990783966355,15.249052245871834,15.587602610850634,15.913598338435879,18.88947569505505,21.39128747868889,22.46194236584217,17.467915255434097,0.0,0.0,0.0,19.16895119005042,28.56413209253369,39.97935494134429,19.851370750795077,20.686372038137407,22.630247042381175,20.44787266881027,18.305579336914292,19.60284287217505,18.055205942169295,20.153218440794312,21.337741790552798,19.388669888883662,19.10739281573421,19.480235340068777,22.796772835457922,22.860639537410663,34.307271162284266,24.140573419922205,29.23596639949369,27.577367827298314,37.91644040505503,32.91681862775931,40.94331719188724,24.99446957960749,23.209617263011367,30.44076215420585,25.82258572262993,25.471452322649043,25.29591486618249,23.085100968309483,28.338246308175684,23.14907538754707,24.358172776355005,26.545405312969876,22.055925539582567,26.68214602990994,20.04421089893063,31.148713397060874
0.0,0.0,0.0,0.0,0.0,0.0,0.0,0.0,0.0,0.0,0.0,0.0,0.0,0.0,0.0,0.0,0.0,12.563794427187272,11.858970000395335,12.179761002273644,12.504190037492409,12.661770037718515,16.29669900472652,13.864218111809905,13.897188507806316,14.183962575225378,14.342290505366261,14.649132714675796,14.693149653413535,15.785823435413528,17.11119967870752,15.524815943171582,18.60048454899775,18.966796205261833,14.587647800000688,14.374257735193993,0.0,0.0,0.0,0.0,0.0,18.3786112439703,18.3816837313206,19.538186459069948,21.66257133094375,21.804272482695506,21.319554498330284,20.130126057482418,20.38238065042045,19.870362619881554,19.27726208726758,19.13025451973604,21.208406332144456,18.844359503679676,21.564873220746723,22.451899086622397,21.10670332197061,26.63719024232165,27.060894131464764,30.89117914706808,38.56333613076085,44.828121216261415,35.939628843356786,26.622512021976853,28.056037311382433,26.07365051746047,35.03677852770436,33.94349190410905,24.323070614191828,22.70813410676082,24.654832340597245,21.30004016510749,21.4418866198713,22.35184894469262,22.906818518829162,22.825278740797273,22.74624147051653,20.205060305519844,20.097467824320546
0.0,0.0,0.0,0.0,0.0,0.0,0.0,0.0,0.0,0.0,0.0,0.0,0.0,0.0,0.0,0.0,0.0,13.556093525356284,11.889027774419437,12.162944541229901,12.832799437658032,13.546698669205268,14.010849151573687,13.911805335109776,13.927824404732494,14.030367128241183,14.158088590845852,14.867691448635878,15.181945074318271,16.019415057197882,16.671992259081,17.396250503756274,0.0,13.631900809954733,0.0,0.0,0.0,0.0,0.0,0.0,19.54490216949294,17.89652434960537,18.713868337589563,17.82902855376238,18.51727483473732,18.34188203453569,20.432256409191734,18.943976740471673,20.325093142734804,19.895017732740634,19.637509412095902,18.12550434748132,19.335387036766715,23.791312667966597,21.471661944384646,20.343100797215936,20.373659189865986,20.933169104942245,22.56780752400153,25.31870339248448,25.01533473640213,23.311608544188786,24.898668187502516,32.01347644729681,29.746762298100283,29.12999628087477,27.786572847928042,37.308006839175505,23.823940157740367,25.645698599401953,24.596397110020174,21.57214633415608,20.933438238018738,21.942339317666463,22.616241470516535,23.091869540684783,23.04163592802151,21.482115768029693,19.42299699262422
0.0,0.0,0.0,0.0,0.0,0.0,0.0,0.0,0.0,0.0,0.0,0.0,0.0,0.0,0.0,0.0,0.0,11.652016063374125,12.232504422813797,12.374655648813619,12.95627824143629,13.524359880954213,13.666698669205267,13.80611333220316,14.069117511797453,14.15917025334769,14.574501690544952,14.807210283673513,15.397774939867755,17.191051663809706,17.66394160390608,0.0,0.0,0.0,0.0,0.0,0.0,0.0,0.0,0.0,18.223976538503894,17.10434975575945,18.150146055772517,22.13966183879311,19.281012826188082,18.695784471987178,22.58203229702378,20.507777806497078,19.074987536542945,19.35434512642902,19.064316756634813,18.383104317931878,23.81045353438883,19.344599656124274,19.672426622790315,19.45001374393717,19.493198508766962,21.154984662115666,22.343694781698773,20.774957489938224,26.77580710764699,28.540869061007847,36.278005020068754,28.92747883519537,33.892745141549675,26.694248473191816,24.24211857573288,31.775621927477168,25.40244098467094,24.884314373071216,22.595314223704506,23.10133242080927,20.33712800486049,22.238273545722564,22.996131706933365,23.902999635919237,26.995324726603393,21.717676597040256,21.182161026761356
0.0,0.0,0.0,0.0,0.0,0.0,0.0,0.0,0.0,0.0,0.0,0.0,0.0,0.0,0.0,0.0,0.0,12.404030408156009,12.26400399533367,13.342269866208554,13.07443823259517,13.517242976636656,13.18312889411001,13.54650712492815,13.88352657542451,14.339632684426961,14.57303703592994,14.57542069693757,14.725743299472981,16.213908930274144,15.054286981688787,0.0,0.0,0.0,0.0,0.0,0.0,0.0,0.0,0.0,20.854504917218982,17.79249057429912,18.45544457867475,20.519564610819856,19.274137429713434,19.353515163144614,20.634720599459733,19.516656286904993,20.88971153338818,20.880471857122643,19.097555020327263,22.299074703717277,19.66572510993283,20.945224377917572,23.835020355309886,20.56087758919691,20.156828902011917,19.668820050692474,22.791953382670936,20.884179357834228,21.251836544778836,20.402959924013402,26.594502503866497,24.177503866502292,34.99167305060661,23.674036455763716,21.91457797537305,26.275536268895237,24.99627284051637,22.465693094120976,21.695333760805568,20.322954400834263,19.345870075557745,22.014992880799696,20.75758916046112,24.40691886296166,23.335530535723873,23.59316351431316,18.92127932413161
0.0,0.0,0.0,0.0,0.0,0.0,0.0,0.0,0.0,0.0,0.0,0.0,0.0,0.0,0.0,0.0,0.0,11.61464423327303,12.733914529318012,13.027359806674829,12.831215056158559,12.736197079120865,13.20656734695681,13.315546412203865,0.0,0.0,0.0,0.0,0.0,0.0,0.0,0.0,0.0,0.0,0.0,0.0,0.0,0.0,0.0,0.0,20.283133607681577,21.47173222501197,18.209591949124285,20.50376016105437,20.497095998475036,19.425693436397683,19.106742255600665,19.283854995299578,20.505983423128804,19.561557607482154,20.043865908632228,19.867497437904632,19.615067196123874,23.951555796665176,24.79693546323631,20.186910493811574,20.676376310656902,25.00956503907083,22.14028254757131,21.760722284000707,24.798805769077912,25.29008007034834,43.30931128800731,31.444142244793085,28.254631161044003,37.48784177850929,27.198319328438544,22.527454529234852,19.6353987796252,27.063865483462877,20.128825037207644,20.063396144466147,20.01597991429574,22.001196568288698,19.073529118015628,22.680947573466465,20.51817227983534,20.9946366874773,19.6186198311905
0.0,0.0,0.0,0.0,0.0,0.0,0.0,0.0,0.0,0.0,0.0,0.0,0.0,0.0,0.0,0.0,13.987286394427105,12.740475913119765,13.96355330663016,12.573432170961977,13.153146371838861,14.816773818148471,12.804866766379863,0.0,0.0,0.0,0.0,0.0,0.0,0.0,0.0,0.0,0.0,0.0,0.0,0.0,22.888475528117493,21.47438544677936,22.512453933550578,21.07752818245134,17.766421320352173,18.530468776389704,19.190776655166115,18.730055379793328,19.465934467199496,19.84784482323941,18.830103149745575,22.244745422809814,20.275537362912754,19.759345081862413,19.32331630632316,19.080986064632256,20.03458653201178,21.643339557478097,22.105586200757678,22.65434046694113,26.800103885690135,23.143810356149245,50.76390759576054,28.032856363017025,27.083192827257605,25.94066928604053,24.92472366224898,37.65631951750652,26.99462323497093,40.70893478294502,31.49726145123632,21.450981287076214,24.684526220127868,21.146346896899075,22.18905454111524,24.984504386709453,18.99168632419173,19.273155910203073,20.498625041937977,22.502551221014624,20.61707381251917,21.191753020483993,33.08362260276536
0.0,0.0,0.0,0.0,0.0,0.0,0.0,0.0,0.0,61.39111925283651,0.0,0.0,0.0,0.0,0.0,0.0,19.423335948573303,11.59134076534353,12.476586850488772,12.686757887550836,12.65280937629073,0.0,0.0,0.0,0.0,0.0,0.0,0.0,0.0,0.0,0.0,0.0,19.154946706415757,18.673641917561472,20.562276955466096,19.340410508849935,18.7159588173328,22.452379313893076,18.221190047982567,20.116914851669073,20.184114960586218,20.838638442122413,18.6070308931022,20.619381618439473,18.842813348295543,20.113393796417867,20.418801890587815,22.2655577435508,19.868329581365323,19.7102430598838,19.094917329696756,19.20987586489024,19.93391825048309,20.466357459832885,22.879127808082124,23.223034546373007,22.427985756471482,22.26322659934971,32.664071879687015,35.34228112138892,34.46385229571224,28.888045937833297,33.05545730599516,24.80583947566126,37.54996153910359,25.1347950856675,29.74702506117287,21.623734421039824,21.601108905262567,21.28077783305763,20.13905974999795,19.13314720012649,19.60348738241928,21.48473675756056,24.55438727530311,26.13141834763692,32.42244131301078,24.88909139400284,28.04504639027482
0.0,0.0,0.0,0.0,0.0,0.0,0.0,130.7173748550003,73.17595699403081,110.76482916898223,0.0,0.0,0.0,0.0,0.0,0.0,43.97437807818923,15.265855443160312,12.798904488641634,12.635850548437189,0.0,0.0,0.0,0.0,0.0,0.0,0.0,0.0,18.83108687226474,0.0,0.0,20.554977102853663,18.639513374364064,19.55696474013093,19.817681092924293,19.616290387960092,19.107053570013967,20.13488402326803,20.653598805169707,21.439760254611528,19.810384352068937,19.87211550474494,19.902362848709707,19.553019446957915,18.44280691066516,20.080591918413482,21.73911465458074,19.988516403580356,19.926283501675066,19.567369326938984,19.656598037364788,20.689062763133784,22.74008360569664,23.351144437254934,24.04515714777927,26.64775042640736,24.525100772718233,22.05376615465834,21.56844490278209,25.25322769242064,27.37013319065385,23.578740934761164,25.561133356267142,23.541919662013388,22.752116135370407,21.972392239904835,21.82269542432806,21.967714994343204,20.91072482747704,19.91879807808686,19.942232466063167,19.868527616775953,19.99162252113788,22.733975945899935,21.41708754459033,20.486167043782533,20.651918502635926,21.88918113221551,21.944569180520446
0.0,0.0,0.0,0.0,0.0,0.0,0.0,129.66392805929692,131.14680609270061,206.3674547010431,159.75182138291515,104.28440295488761,0.0,0.0,0.0,29.79108138563011,48.786026686122156,0.0,0.0,0.0,0.0,0.0,0.0,0.0,0.0,0.0,0.0,18.866860259271636,28.34743673401404,20.758218008195943,22.37350958078992,21.225133833820138,20.367778179608276,19.58337973884845,19.88665508887111,20.258600616367914,19.33047194177518,19.12965717747732,20.36514432105968,20.1004164998571,19.880592175500386,20.190362148865653,20.70020385660945,19.03575881688543,19.964814812779625,20.029798539686862,19.847530971031468,19.87490156328503,19.487393993374113,19.96047813133649,22.423887957623705,20.26442179240947,33.89528884350994,25.726672705167154,23.643508497068993,26.648873802395812,25.868682426377454,24.623844467250166,24.80093738072096,26.148350882637253,23.590052835279568,24.40018076229272,21.028721056863915,26.627120036537093,21.181603829161983,24.917958513577886,21.715555901158947,21.33832720781311,18.928647976712774,23.679096795780946,20.4843239324163,20.09449358049678,24.846666622673553,22.21099700517553,19.922218400306825,20.451121525518175,22.107346451930233,21.401881139502557,22.29124375199735
0.0,0.0,0.0,0.0,0.0,0.0,0.0,337.1868250315689,271.7351598527288,781.9199328897396,1084.4344011021358,226.35848173669635,269.6049829414092,62.21038350934629,47.35210862547156,40.184954261479376,0.0,0.0,0.0,0.0,0.0,0.0,21.25128945905506,18.892876208222518,0.0,20.999372506700556,21.710314749760208,21.627250124420875,21.173741831303893,23.112040605941065,20.44200979668974,20.01128371341961,20.480939347243787,19.838600616367913,19.9072713862599,19.371063325144767,19.19808920261491,18.707573105819478,19.592290049905188,21.069084463373883,19.65651560388057,21.232884138599893,21.00128371341961,20.235144321059682,19.95258637162378,19.971786370628838,19.811154259781357,21.83189773672415,19.584049522142955,19.58023149763391,24.169653838368152,24.18119837786982,21.823845215399096,31.621303133800424,23.14700306266457,28.0733987227432,24.798716435093638,24.599439667414238,25.775951542442506,22.623327660982937,24.111512536181586,25.74796751763558,21.702144840521253,21.264460120385102,22.199006172802356,22.511476370823324,21.617480024535446,22.15952589806566,23.060328910161438,23.51172581092657,19.518163281424975,20.124519302855013,19.9942555016633,23.075568770394653,20.857122458389718,20.717362820886187,21.63798452846183,26.295524104071767,22.286676706836516
0.0,0.0,0.0,0.0,0.0,0.0,66.75334408678209,165.92147357390547,507.2981964923596,1705.692700990048,3091.8191555716585,454.6841657694754,95.32377492582502,84.69748033823318,65.42743991066143,40.56324914776723,46.776994047475036,35.59323805539377,32.45310387956498,0.0,0.0,0.0,18.735486438115707,22.15756442732029,22.54566854253079,21.268367653394833,20.66057864365397,20.77779341700833,21.986295003688717,20.717977595723482,23.0234616464708,19.867529010793685,20.159742784340946,20.38345644314576,19.939384849209496,20.23591436347095,19.445959938414187,18.524817992246685,24.04690293731857,18.234410212857217,18.277464889872533,18.83293058867021,18.991955018327932,19.200752793305448,19.844125029424458,21.762142616228203,21.146794458914407,20.95689704466104,20.219569046141643,20.8171220852396,23.21300290407255,21.022132696238643,21.95136562961747,30.846108871713085,23.216284811806645,26.574715089347123,22.789899009916972,23.14842656223874,24.047111285453077,23.68552728751424,27.20438301018917,23.775757588201806,24.768833438357056,22.634079796333666,23.93070046610036,23.403958339816498,23.013279589881073,20.200242787311808,22.258483113359784,23.008266329786608,22.718662553401423,22.594011715250332,20.15154718368822,20.374000786140943,19.613725917379114,22.014940682537674,21.69481513672278,23.098316169642526,23.911332602648702
0.0,0.0,0.0,0.0,0.0,0.0,106.16372852446555,478.39214154470784,522.7358939463306,1533.3929787945385,362.5437748832569,64.44820944942147,134.58264524388727,61.73506089603741,33.84609042773793,28.712820286477545,41.661107243461664,24.761349054459586,19.69928110758939,0.0,0.0,0.0,27.672086355615733,20.194696177656283,20.869512042869765,20.74789531487601,19.367846618730496,20.33891713264859,21.026815506020178,21.082644052213055,19.556860259271637,19.51994425145738,20.12527971985162,21.912332367976312,22.903230788715206,19.537728632903487,20.273684801353564,20.208084061279763,18.697663441098307,18.438817913332404,18.40013073656615,18.42787331848599,19.400714140447022,19.397029961032658,20.348527711840198,21.14810193586029,19.89933849657898,20.47594014697225,22.124185582274045,22.489758779203342,21.156656652932007,23.41803412460076,23.047177061120657,25.6980724606634,22.002194520510976,33.54273909532039,30.328708390251514,22.706833709424195,21.181056415431257,22.99644302849486,20.545703550926387,21.264646708574844,29.916775649063595,24.74963240025764,21.664988757148326,24.27023566626938,29.67128309292064,20.280197075215654,23.764640988327365,19.8494372625114,19.66135823888118,19.230935959542233,20.309261142856023,21.426052709881507,19.322460359785815,21.218779274892906,20.97198284172522,24.086988353522035,21.137510450998697
0.0,0.0,0.0,0.0,0.0,0.0,209.3487829830027,233.44543042916746,505.47636876348525,10241.408877431968,177.7151733011622,54.36862396161033,50.17080923069025,26.761199653338537,20.957536749757864,21.707842802033152,21.46651372423172,28.496628305041654,0.0,0.0,0.0,20.823428332361324,24.375135671961353,23.03678703643601,19.796019700138363,19.148652678914956,19.394026634433274,19.62409545925902,19.66641886886417,22.0887541324137,19.351735517961245,19.541094369290583,19.385230701029244,20.726241252101747,20.043572337559965,18.930303960556763,19.305635613860463,18.272578255275942,17.85517603567146,18.258030562904548,18.584831193949555,18.98719685317476,19.18485397073566,19.950416499857102,20.96618655756279,20.09221821010047,19.788376099938965,20.841699353731787,20.92420951149166,21.364912823510387,20.0219569730326,22.152334815744325,22.63949510219605,21.320704558780225,22.64688702453106,24.78337968841878,21.808865911864892,21.775160549085584,23.987902696362397,27.614749319625755,27.508346623374845,29.479709471718706,33.172207518727234,21.957382193879745,21.771787426482607,21.316301169344353,21.67203145111045,19.86775554793962,22.625466638563346,22.336318360880917,19.685793119497518,19.436438185140435,19.02193026170512,21.188150208329102,21.67509758331912,20.976023803904525,21.2752312553166,20.500017935561793,21.46806137370445
0.0,0.0,0.0,0.0,0.0,0.0,115.27436704506358,816.5708602600637,123.46847752017818,875.6164123943088,160.66058055722172,36.208951994699206,44.9319442088686,42.467612229250705,20.57158896188032,20.33418244664624,19.339071939386244,22.006448936614763,21.919376436180492,19.06093365191763,22.057839830968266,19.67978278496081,21.219482507215517,20.096445466699546,19.47541176409944,20.385537293726408,20.909004864187708,19.380674517365396,19.28109436929058,20.14608410731939,19.144144612127118,19.32102188081407,19.54337973884845,20.68778552647695,20.613188970261554,19.567544920773326,18.788536590620673,18.781708750694545,18.15173133543437,18.347995634022556,18.327546189183224,18.760254519736037,19.680592175500387,20.33408251457574,19.843806591919076,19.928025061968377,19.88387004250413,20.498299123201953,21.488333598712778,22.97925106652054,22.595372155446093,24.69765275577305,28.427569371615675,23.746655740700202,20.548560776046884,19.643924917461778,23.167107961376747,25.421801004243918,24.757637548959508,25.242261444013035,27.74127534851813,24.410231621820316,24.075780799515194,21.847041081820322,21.712856438751114,20.569853367583363,20.19451522927249,21.242738611604246,19.426692126202262,19.45232385649911,19.698370547976385,22.74832472902359,20.397370848158573,21.653471119267238,22.428590496448912,22.592367749483575,21.223208529825513,21.17704680272977,24.34212111495514
0.0,0.0,0.0,0.0,0.0,33.57298576275761,68.4039614975687,120.54999728535527,53.36386305247284,51.91495695840599,77.58255717036367,27.27787702825093,19.39548607669906,23.094831452126545,31.28753769667501,22.051991769130247,21.19984653430037,20.227034373222082,21.05770949370255,20.475619944969054,24.09592457134669,18.628504401971128,19.755846400531418,21.110078342262184,20.05676474051895,20.627726167412693,20.5247838938918,20.932343944994855,19.205872459998474,19.79789849080042,19.867086238402756,19.750008565221506,23.561167744425596,22.398569936774187,20.47432956802721,20.861228161159477,20.11224399936915,18.980960825743026,18.37315652331413,18.509853711814692,19.064487720712716,19.390180036951804,19.70384775228166,20.66593534256331,21.122642560526252,20.175021242850036,22.177543466358475,22.626098548317486,24.55826582156778,21.764586878627576,22.84619891748112,21.263770119049774,23.418932745238244,20.371583840363837,19.834422931361296,20.44867382674234,20.73949408495221,22.900586204642977,25.63066072452334,24.808205579369776,27.34115487644415,24.102480875558353,22.32740051871391,23.384123156161085,21.900774191838405,23.37834975779196,20.64534241209384,20.46672656090685,20.04415118933649,19.702925089464635,22.080971523497546,21.62723975597019,24.09917808861465,22.848093397765126,22.589191948736364,22.03198139702951,22.461390620027444,23.383907536130238,26.53004543213657
0.0,0.0,0.0,0.0,34.513458749279444,34.45360482425532,28.99834524193095,25.359098558274127,35.66418679434969,24.363426398624956,25.41975588036655,22.143499799697324,22.16862457595156,19.751599773622466,19.374278614432374,22.880741119609606,21.774122651597036,19.871511824920205,20.554415091105337,22.919113414499055,20.0119486538143,19.7055450738566,19.07425608040147,19.451631160765857,20.18497345249654,24.059886330808325,20.76066415530419,19.884657018245857,24.57315556526846,21.37530198435671,19.518884746579666,22.569790790253293,22.323581976286313,20.269744444634412,23.56767540503194,20.66766363896781,20.75210141983882,18.96684907375421,19.6643816293565,18.445979612063045,19.808904280110337,21.789678237639244,20.855113995326846,19.843627911225813,20.23425684582668,19.915514301178575,20.053984643661668,19.805942352040034,20.76186182550837,23.343841209035403,25.648676670099945,21.63195295373318,25.341223609823032,21.177415405327352,21.227623213961515,19.848053576443846,20.42102502833451,20.640134097815412,23.824843665878127,22.822020845699157,20.225794601427307,21.574413399092588,21.69392071962895,20.683880128658796,21.151137000032968,21.757358579606798,21.46607645775561,23.747733633413226,22.77730550997102,22.10063278009268,21.919425490454433,22.11532248835115,22.768486574354014,22.895061797222787,22.514412178451202,23.629033025803512,22.32838197715469,22.441436647138442,23.04514949227152
0.0,0.0,21.566310235301366,22.16666296623744,27.024776449908487,22.18746062759033,22.719555326748328,26.1917961752412,31.203845580232624,24.567201987873716,20.042539571393423,19.037117470479743,18.829803071792547,20.884279704373842,20.25488686044711,17.441719008010253,19.73478488158767,21.628187841738104,22.06474006641693,23.710267191020485,21.797042572727136,22.404099151140805,23.36571555029557,21.9113952781359,21.760004963480498,21.36688432038571,19.315498941677532,20.122062761031764,20.166924723963014,19.195018037916416,19.025525024107598,19.218025061968376,20.278137726281244,20.049365169399636,21.90191658941632,24.197123959218484,21.11043236707394,19.81076338277194,19.65426213144258,20.733762796229293,18.690113573801277,18.71007840352754,19.51265476696802,19.604861765187565,20.799744444634413,21.04564781274425,21.548157763287726,22.088995532851907,24.302717286550727,21.87567039681828,34.77191500946748,27.46071446811574,21.257026065823798,23.638173291205764,20.369966847813334,20.413443049481742,22.20434869926184,23.074000828548286,25.0861386548471,21.387332340072334,22.154642075386924,21.195221714205452,19.784064321421866,24.82655260134678,23.20231494093439,22.72843752417571,21.768031561611252,21.81291584399347,21.13102862624453,21.66664262400989,21.65857789054939,21.650219167945764,22.44710644315023,21.59234224829046,22.180368449082984,22.60758044021959,27.089680649871703,25.500117066801202,22.401892770542737
0.0,0.0,0.0,22.97614353683351,38.21932282914668,23.195272965824664,24.325420506833105,38.580400126840345,27.901730054130997,21.99678546211554,21.13359390910164,20.77274849380852,18.577497707799555,18.93981575179537,20.03774307803666,23.053506092369723,21.020912778197395,19.594092245030822,23.374932816907453,21.942524878651938,19.068374125896252,21.549610152953274,20.949986935507066,19.718738291918143,19.219025399253812,19.645342670782096,19.896113903988827,19.227200092162924,19.063294205593937,18.92120052099377,19.055564344826813,20.10790009707513,19.880410904227972,20.415455718405774,22.412808004194417,22.787097146157016,21.9193958765459,20.464729509714957,19.79517009864859,19.739905311026376,19.80546213597703,19.718827126522505,20.106229378229884,20.86772608468202,20.51858986175592,22.326324519282934,21.595841037365787,32.31886453668255,32.11988757505628,33.71138107483499,34.514111194353255,36.29024773350539,23.504543550077365,22.112451195747646,24.752653902308094,24.87086854783425,23.439214320184238,24.263077429112116,25.33022467018693,21.95572511946456,25.63199185033869,23.487375871280193,21.60370965571619,23.587375871280194,22.020873469116026,22.38226352722061,21.22697073823435,21.71180676378994,20.711417475839724,20.925292758153432,20.8480156488201,21.311076012170385,22.691510235119132,23.554815865560748,21.98815158940245,22.09803156161125,22.006485644166553,22.573151114158748,22.173089013328724
0.0,0.0,25.88634826086637,21.730508310201728,29.157601893069938,24.13603271300206,44.23837766613987,36.71298024990364,23.66250392666788,28.828728373326676,18.49116568120685,18.0094603931247,20.689022185022765,17.490565861228365,17.27444630566765,16.679520699177655,19.119736252138118,18.919361401596205,25.35906627442093,21.973564881017097,20.270720605306444,22.538032662322387,24.48771288904419,21.171630540910083,20.267086238402754,21.370262256167045,19.589611362413976,18.872562257238492,19.28447022163165,20.77224691303979,20.372746091744446,20.217097138074003,19.619929102579214,20.559605817340454,20.588964417403133,19.753793941401664,20.30617639550364,20.782701968660476,20.145875597583537,20.159610835067777,20.752266619174385,20.94099525079584,20.26675689379598,20.24947170001157,21.91696093244485,22.11784344843653,21.948846196250717,36.88132294013761,44.69119085915772,34.564943821418545,59.008623795503475,38.2390642240634,56.45285235290655,26.994071938655573,24.313678154347095,28.59319092692016,26.551649412046984,24.32493797667796,23.44294853282874,26.625126156757005,23.836107822612576,21.89321533159314,25.474096583486286,22.44416489306768,22.20204061661719,25.514297380113792,21.66335600806632,21.581207121311937,21.822367749483575,20.85099021181055,21.072755909653175,21.50366679179101,21.19214145105325,21.666338491503698,23.10534826645312,22.577102495570557,21.73567394335898,21.747679133703286,21.617292693953132
0.0,36.15369494714423,19.910440317607176,25.082781233954194,21.133468040504226,24.854746965140414,23.66183740066279,23.996650347187018,18.730830658170596,20.49117870094342,18.97952452800284,21.53496129398982,18.856273226244184,24.445124420545298,17.489569046141643,17.679215805416163,19.986880815866407,26.550995602159638,23.183286740510773,20.43261776164769,20.726062942917775,21.316415142444715,19.987886706912377,20.292883529745794,18.877499789389923,19.23000179804099,20.39642572442773,20.435114998428645,20.989637052464474,21.020341004988524,21.27843998373209,19.99068622063748,19.187710163572696,19.056656286904992,19.88706234835071,20.159199647624106,19.976145381285754,20.56226692435017,20.104653306775923,20.108135996583034,22.44024363100428,20.642381311265442,21.248961475088976,21.00106645244456,21.223197193993403,24.692940190357664,24.898914888498595,24.64702152472791,28.72643854608075,29.10980037965838,46.7021161533721,25.08877142669953,23.42760893089035,25.857808914709423,26.533684504517446,30.605916685140983,31.388455867498518,22.77586638229915,25.61041131564567,23.66504485441233,22.062079496944094,23.195860916644335,21.456308984346975,21.0015293928433,21.9756979979381,21.52646827095169,22.76226044125004,20.253419262987062,23.27547988018238,20.38479406525044,20.598559448941792,21.473645661735745,20.728559448941795,20.570131769490875,22.913780637053367,21.29162154720457,21.399084797376016,23.40291848321972,23.866266015677105
0.0,24.86109837104543,22.20076047110402,28.75476116647451,26.527615928368892,21.676450182919353,18.399649401571814,17.199239734372483,17.387200185551748,21.970265176377445,17.8037537598512,17.353870042504134,16.704221848141305,17.826266464822094,17.526702437777217,19.51654888535278,21.280802790893354,25.034999914072635,22.23779789188528,22.21239841650974,21.568503972662317,19.81787266881027,19.427511783356728,18.984925784166776,19.437176737434484,18.890462663054883,19.391298111840847,19.339454130595072,20.3989095748389,21.353575292117366,20.893612172665378,21.810717583416952,21.182154702789546,19.878021355431212,20.26053579762088,21.989687401690535,24.195762984006194,21.094470810219352,20.70063727325838,19.506565578396295,19.426245541269427,19.482673479005506,19.03749816852908,20.398258025055885,21.559579585453207,27.823150513304594,42.43597927446983,32.067773971683856,28.601123404447954,23.87002399400716,28.354903377607908,24.04444947157726,22.362344645596536,21.833576008950615,22.56882814287825,22.10205006305567,24.334388722526846,25.447575116398973,23.421418016587833,24.432813426491222,25.93211685168979,22.07857013717414,20.630158168220653,21.108151589402446,21.600383944240953,23.325810417389317,22.465544145020342,20.353493761138097,20.118926593449356,21.324214562950527,21.357263381095432,19.797047808463773,19.77063898671899,19.911806518663393,20.94424100126956,22.124465451276123,19.7121269551225,19.692126955122497,19.610736152304312
14.531561437954327,40.213155659353475,26.203982150703865,20.569936974047106,17.802189027859754,18.637998120143813,18.825036573342473,16.724528926196506,17.10497580255911,17.09952390776374,16.96319650464082,17.37138492670253,34.58300546967829,17.459868132218254,16.379031763536315,20.76865701910349,24.763351515653177,21.864268666842314,21.22670737916207,20.860040801752895,19.46399097754371,21.297731970939594,27.620231450139045,19.432989009062275,19.26456315524259,19.12878611868029,19.90068622063748,19.197369326938983,19.562225668066176,20.005225517513185,21.886904467654457,21.405391404678,20.626974687457377,20.816601645842248,21.15525102487505,20.97557673996223,21.188430735632135,20.418297844612763,18.89149823868875,19.61353834367062,19.251908117433267,18.69153733666874,19.04044342901306,19.617449179632615,19.955910382682973,22.360301713178252,32.47287187178692,28.933087487565242,28.480357560924844,23.02005735523095,22.532711418458067,24.099267481757078,22.75031178416963,22.983516417890765,26.414108272428248,24.991889888365293,23.23551688728043,23.017082554864114,33.78407580424819,29.376168079114446,29.702181842202393,22.40738078939174,22.060265412351278,23.699719960567933,20.77992782060141,20.733227926175378,20.81992782060141,22.990586204642973,19.84004694748859,23.674077552074635,23.955331945403113,21.37561639572497,20.221373836486908,19.391097661408434,19.430972694973498,19.508073495767693,19.487696390417696,19.989040128461397,21.09358924244569
23.732645188970945,28.300770109443746,20.448270333034973,20.20205642097207,18.61951480339853,21.121783863353137,17.610707879892935,18.585177767549954,19.479762064487506,17.915660986273373,17.025940185035488,17.58200319215109,16.90449220389466,18.94302846495583,20.536579812606437,19.788346275403764,20.314248939532213,19.83001035561888,20.734960440640442,19.72361030089477,18.47219725289424,23.21996020575634,23.135378979954304,23.218329178657825,20.55901224818293,19.674216343875425,18.828425437588443,19.3654097095159,20.261699048556007,20.218112457837016,21.40539207512895,22.08016407896765,19.474226502616194,19.805095374671403,20.339547609356718,20.81541913447548,20.95557673996223,19.57227109832332,18.45469335909121,18.698794863352013,19.31613334618684,18.90319906650987,19.98216680601188,22.652036840271567,20.225812393775602,21.884514378058526,25.548129824270205,28.862770902684737,28.24233005063557,24.814866020388326,20.741013141786155,21.749707344523436,21.144695521795533,21.32929860942807,30.48143911555617,25.420509255736228,25.61710849249169,24.99450024696322,33.79457465132595,24.240083000636744,25.212692744897904,27.729072875552667,22.902444121535346,21.2247533692706,23.669914503368588,21.102132598385175,21.67026916220513,20.59866877902007,21.00722313824468,21.33605271632866,25.194201055237073,21.52570217774144,19.672708663199916,19.50229435251135,19.276637018907877,19.478079503336758,19.545342083675862,19.673825106552517,20.077945198698238
21.498227192746157,21.319057427499366,19.05193268994556,19.002133939958455,20.227101475560687,17.212885128018435,17.207763782870664,19.189477161322877,19.237023140549965,17.879838966974887,17.570425920518247,19.187724705252087,18.390832466634052,19.37388281435866,20.2616535005067,20.69973958866784,21.953579746813045,20.94524136725248,20.97066415530418,20.374096664749928,23.111817429509486,19.213913298919294,21.214536873792753,22.03111193492257,23.619465922045066,19.288720262240428,18.83551778360628,18.467806391326505,19.104127213840506,19.721435493684602,19.300832405705687,18.698947273335243,19.904254324761204,18.917217840699156,19.78118883724953,19.823321663755706,19.7772289089643,19.540935241569493,18.28252858917911,18.472472011584106,18.9262732393597,18.722102341239832,19.21344678000941,18.862020701303464,21.24519125132653,26.061244927622468,25.952655988835623,22.420284242559394,26.37246724496743,20.24609031347163,20.911722023529812,21.39940739478789,21.28286772427463,24.764500246963216,26.933665867147887,24.09868221727075,34.11150217825947,22.18195358596701,29.98090875666458,25.008070679203968,32.889074468809966,28.76783779847957,23.07416650145803,20.4393709738669,20.890013643380865,20.31352882599696,19.821607508394933,20.098546628643238,20.024352188025063,19.9642587621175,20.58309319627772,20.303084869455766,21.088817734563044,19.758780765642232,19.781402226617477,19.26362411751009,19.187155478408698,19.39362411751009,19.359374790758316
22.172792488459756,26.914556258767846,22.88834116261887,18.725640241223502,19.26526283671548,18.574274961322168,19.593543137033162,20.36097629676416,18.176004486346798,17.152729474798896,17.958339723835998,18.412975763762507,19.572869934692072,19.530147069353212,20.94415462804333,19.082783443012783,19.400362148865653,21.151992312808034,23.365343129227128,19.10214715595621,19.567187929074013,19.30934891165677,21.98961111159786,21.221696173903183,18.96523235918106,18.95724173651785,18.525672524899463,18.04635715662208,18.362895064845368,18.900150930859564,18.75894727333524,18.680066468874685,19.664666309778887,18.88104053452116,20.19507057785202,19.30403257763938,21.917367720387823,19.566887101456164,18.131280372327478,18.336420342212136,18.953177277320105,18.890971915610727,20.278923126571314,20.94756089226786,20.466066383707073,19.80624294927008,21.34662789062631,24.485425456504068,24.13355603336567,20.67125275040425,21.756840138291807,21.13923891464979,20.986449005258194,20.425703309389803,23.548299159946858,32.42670614933629,24.70195109143159,26.9921943544447,23.745846519937636,30.95731687658502,25.573309970390095,24.608161027805608,24.84759547061425,20.120823788900076,19.75704712212119,19.946046163860288,19.605513800058603,19.966094208333704,19.475737490124306,19.67048778796268,19.34674101873544,21.22980588351066,19.463995174826668,19.14335931978382,19.3466152871403,19.60908725081026,19.350416243345855,17.442125060595643,16.756197017855357
30.53342015119164,0.0,23.930110449508238,18.737104305933766,17.690821431393594,18.572956811522708,18.97542577516232,17.86023996547477,17.794398510928442,17.61287414175373,18.226759847784255,18.41000179804099,19.62875434996501,19.844247345047158,19.401295082735125,18.6992407153445,18.726972563626532,19.09139434138134,19.16123433484456,18.332910202040377,18.728155904859747,19.482090955393247,21.77589153829544,19.85710374168837,18.79779051574159,18.780606320943807,18.72485397073566,17.693247231487582,18.51313033308785,18.45954269766804,18.57153980297689,18.639602305978805,17.78800508713565,18.08044454704091,18.77161269725986,18.346244262127563,18.769648226318957,18.85833172058756,18.43015328735965,18.41002309952754,18.565607987255362,20.440094238486818,19.93587690139799,20.396879594437653,20.084226585800387,20.48031836432268,20.249725752368,23.32014381365672,22.555711277247276,25.38058006432396,21.61857013717414,22.703091707440805,21.502813468476017,23.385032175396933,25.693146057366228,29.583592618000296,35.32585108821026,25.553892379334947,21.210522253849597,20.66045733910853,20.35836429435448,21.582011778436495,24.87622142959987,20.677091929363904,21.7708809598886,22.43463694832275,21.00385437115432,21.521715825610432,19.574586460042383,19.20178172941562,19.467803981144606,19.216795383009146,19.093140420245433,19.331670437729542,20.110746679350626,19.707229495757396,17.145582249342816,16.775983000121354,16.979825145462147
0.0,0.0,24.602863545430708,29.497839402263864,23.771232530800617,23.49710931537244,315.25006688093936,19.527184669775767,16.326792850608854,17.699605579687155,18.339051917614526,18.41197922992413,18.355621923214194,18.278140958227386,18.495549646830597,18.404869689130635,19.012814335874836,18.40532472601764,18.462684525571238,18.174011577691573,18.521705645729494,19.315389293908012,19.27031278712922,18.84255622175296,19.137819526966318,18.48612374350438,17.40762285993273,18.586287334150406,18.35800855320053,18.475457447744898,18.500078261547266,17.76859819544193,17.971840548893177,18.287986417505373,17.971777250018953,18.3406850137642,19.30666988207161,18.21919792934651,18.897459623416342,19.494767390403368,24.06567347783025,19.72704821428887,20.008800488023176,19.870995943218055,20.530974354247114,20.72220337432451,21.000316634877535,22.858063494000454,23.377342547315084,21.075044763726883,22.719724737350568,22.829897867293884,24.69389710955666,24.781883482639596,36.9743572967304,27.8376519063465,21.184174699361733,22.750669996958948,20.26323456238707,21.026206188689606,20.05625181460423,20.041749576604527,23.167177346630428,23.031788356838852,22.215179349568444,20.119171015933787,21.941416088334428,21.204437768791145,19.637765242447486,18.68875232849617,18.99846028050569,21.461446573957247,21.00661162139822,18.499212961034512,19.13351210748218,17.899896800983772,17.246219294409887,17.059219576150277,17.418994678704024
0.0,0.0,21.331724205709175,26.24667433959346,18.51407045060575,18.257704002318878,16.74852855769996,17.246640667688528,18.412610595756327,17.593237866147827,18.197430657021176,18.17917378772445,18.311100009141068,18.87141297644489,18.893487878795344,18.245311974626457,18.75069805974414,17.990596426587175,17.76780289089576,17.431535271788004,18.43206323947831,20.469907113110473,19.928116734592994,19.112180290556175,19.336710171765358,19.00001427046441,17.820297107619417,17.76692690300857,17.080053854590954,18.56413498280221,18.56022620448478,17.438960686474644,17.25612204237075,17.79760131174693,17.994295320987092,18.45013981866535,19.157041514846707,19.481674534852857,20.768289418977346,20.399558124904875,19.388248284125027,20.946656006041337,19.638457434152073,19.7499949682145,21.054363283976326,21.646236823962305,21.399259051043984,21.454775766013036,22.46192465821396,24.134934769994985,21.68914420869161,25.656029967482084,25.010372125768505,25.41433352888324,23.425020861193552,26.625366265637048,23.842506530954065,20.522943525431206,20.815084808963462,20.582222879464318,29.698740632689642,25.484522226630936,21.544595042435624,23.839018083788076,21.646557734565583,18.667262397191273,24.748451461552573,21.042594431725643,19.851586272214703,20.1253468921051,22.73646047902964,19.1048996824854,18.74202336996233,18.056227058558775,19.535964925236712,17.375568617898864,17.15898727023928,17.492498595094304,17.74491140899254
0.0,0.0,29.116099398338605,21.550630208795567,20.250492896801347,19.243013897814556,18.28274441598758,16.972350673668842,17.742947320462527,17.641300735294184,18.41597465717454,18.571226171771563,17.961111282876615,17.456728871138704,17.775049525437474,18.08519229696075,18.02549559706489,17.83561943070017,17.511164945495334,17.27722601584314,17.58030782997669,19.52622428418142,18.31558052587254,17.52250473880116,18.123494511512487,18.802537407265334,17.167718257497064,18.012702096179517,17.9233932050551,18.627383737202386,18.42948269464918,17.840194165936335,17.356795507773107,17.860024341769183,17.885375340232663,17.772168151424395,17.835872262804596,19.450357770132303,19.938190676776188,19.463177915747227,19.169022842386873,19.85400000865059,18.911244873781015,19.66465517270703,19.829262802151103,19.375959764373185,19.5690182486114,20.25151065130524,20.398189913521353,20.344009762866214,21.936206542580955,24.565004333048773,22.756174072841493,22.824366818945137,22.03314838065895,22.165298431523198,20.328138767136117,20.03013848210253,22.709810011912907,19.090191322255897,18.635703945969148,19.054676666118688,19.418751186764403,19.620325542819394,18.599418321211346,20.164991134041834,20.005019683355002,24.386592996511492,23.4231489283925,22.03973338546131,22.804068206557943,19.118820990692118,17.673993288429376,18.54729579485958,17.004624357791077,18.32724251031717,17.590106762439223,17.15544678516316,20.159946085867183
0.0,21.897730131742783,18.516375556247397,18.376840798470333,19.002685249595963,17.903006129188626,18.044765017628983,17.915016796719378,17.81935576012898,18.57154540300475,17.908454561611414,17.71462477992542,17.925334326562965,17.928281077222568,18.390912400164368,18.099324935184278,17.861338030436695,17.834624779925417,17.477252188943375,17.84111051061478,17.431078678042812,17.572496223859748,17.21561428399753,17.470466849628544,17.284779018310463,18.034047339779477,19.594065586726348,17.273778765997747,18.054859724858154,18.628281454208246,18.895387036766714,18.383445445081158,17.958643593303805,18.026077095466896,18.064043971378982,17.846600507866373,18.660859028973654,18.392545384152125,19.135146215696178,18.828821097536164,18.500495426013785,18.895531259429593,18.482186338776483,18.841639869439454,19.350342984587787,20.19719058557315,19.4990182486114,19.524699719371142,20.667118767760115,19.179146343955487,20.843233322068357,22.32624515197351,21.92620623740517,22.76614126243076,20.019354751862366,20.118190676776187,19.32395193672793,19.159686624608344,19.07547486261901,18.936353898509722,19.730793537391666,18.36957168799343,19.23807923780264,19.210862276217075,22.39250081041725,22.91300308615431,21.965521135490135,28.82181791672127,22.171352690289474,24.838958701328853,21.152783809118226,17.688848688632984,21.677952300157273,17.741173060596346,17.380403888151577,17.410320465792758,17.716617170106886,17.761901359647812,16.67857754133915
0.0,18.411483890933265,17.901672789292014,18.877561986506613,18.2367548021169,18.638571648289492,17.402911594722926,17.505207741455436,18.605364105383803,17.99635715662208,18.388374976879614,17.634949854956027,17.91935576012898,18.23177296879771,17.904678350242612,18.698442535676648,18.435432843503335,17.412405853461024,17.338377197757435,17.49581170302652,17.955350406719134,17.88473358687295,18.036215501531924,18.376481254321686,18.703725392165445,18.821247422951263,17.702073970712195,18.69501246332299,17.955706517711725,18.338805047104195,18.804123761485865,18.261442632339694,18.551106798174477,17.699455894601677,18.189160236206156,18.406200593583797,18.877910277606087,18.20046283616377,18.2047342047634,18.32126169368937,18.1632426195813,19.256666975100938,21.42987206075781,18.507372833392317,21.970455012765218,20.15631372247222,20.327946546628866,20.798225839607404,20.034100068501505,20.53666177699389,21.490543188533962,21.700619632911078,21.455507250173,19.668981134551224,19.614589677214504,20.44246027092337,19.5887924963023,19.079686624608343,18.99182755663272,18.371338536400046,18.297736999008457,18.193196851250747,18.96720941762627,18.603159575524764,18.581560121718994,24.55264599913218,19.541610325041255,19.607138506253282,24.283814787031293,29.356683514196636,21.55553354923385,18.80981504243643,16.723511828834365,22.647385371645782,16.63174074801748,20.485206420710803,17.026042733691753,16.980895235031845,16.44780925576542
16.703884785329805,18.19091240016437,17.62462617767987,17.939350187361033,17.931146627159578,17.95872247091604,17.94874820943706,18.546024988584698,19.051100772351337,18.1964751324542,18.157468587063292,17.89581609647042,17.941264949552426,17.608222866711383,17.7967287976661,18.206651769305214,18.709843024004314,17.919564051886326,18.590201438734095,18.6886191350013,18.683332827192558,18.005872393248815,18.001672254855624,18.365880935396937,18.382621054094145,18.645960000636066,20.18238034524467,18.402468003303877,18.36887275365793,18.267247996867837,17.0691224902785,19.604853664606484,18.270324942418238,18.184159102264637,18.128095359884593,18.064360261152263,18.23227506025492,17.930601181983345,18.574699253697293,18.455760501331156,18.48481877131805,19.04295440083426,19.691866137185162,18.995766755514666,20.196045933553354,20.729195048881,22.334150117793676,23.457879466262206,22.156706091371586,23.028868025803497,23.389894911437747,20.1840657131665,19.32025289929582,23.65250971203787,19.581443404013935,19.15093574950521,19.205259251472473,19.211117551932976,18.308633585740058,18.205434051249085,19.807804875780956,18.053824197995308,18.14611732866392,18.361772409146063,18.377108805522152,19.138383494967172,18.29904528255105,19.22562180909342,21.095299952956594,17.536781567121576,18.76425014881734,17.519067595931716,17.62807276312467,18.40202336996233,16.509540850677862,17.281113727784117,17.911402312629697,16.50358473203389,15.70665411613987
17.564907728100795,17.893858752784272,17.7316440270223,18.01897416497658,18.08707923636295,18.30950519804828,18.659496254056908,18.0564751324542,18.132970687733643,17.93288339274788,17.96051487798346,17.92817690543582,18.04516193111977,17.71454452824861,17.94817690543582,18.634175903869437,18.051386981423274,17.49001020883898,17.71081044403366,18.006220742640007,17.96062325132746,17.651700194212076,17.874786622845615,18.226115248872908,18.208950177723985,18.444227583189516,18.41902855376238,20.387629327078805,17.99355066562184,17.950024646944968,17.93664086994648,20.611124402757724,18.212530737908384,19.344554037573474,18.264739640485825,17.92823057693497,18.305111281983468,17.996634404343517,18.415156980919093,17.887611368663716,18.159969696826074,18.997229495757395,18.207010246424502,18.74206017414869,19.233003891681975,19.612288198024892,21.076161419779854,21.916460479029638,20.735233137372305,22.763712702579326,22.996764514369907,22.579810316329436,20.74209181910974,20.698487860950827,21.48040014237145,18.012197652607725,18.77082540076585,19.321090513467844,18.852522668900605,18.0044370749102,18.142205011309464,18.49786497953352,18.385485282403017,20.097597505747956,18.16439251498578,18.27934700067351,18.45474828844342,18.856036645904634,17.291317642685662,17.22096923494498,17.147631278689925,17.57263447878613,17.90751741720878,17.362214377078757,16.630463685390332,17.8784977882719,17.67592821211356,16.287429655132357,16.121619615085596
18.20231006365784,19.02196085941005,18.229484518169517,17.87932123715396,17.629991026124276,18.035194441545165,18.092930588670207,18.664359715338687,18.615907659537122,18.123368366155,17.893990649466513,17.69344738525397,17.50344710896126,18.239841745729628,17.54344710896126,18.248078807700107,17.992927780504168,17.82091317282798,18.00047943764108,17.956392167164253,17.552769791339184,17.30221983356224,17.671111988205475,18.004445130647557,17.905472239884404,21.48131493229382,21.30501782749333,19.167223938969823,19.384476119742907,19.263301715397176,18.04512947769248,18.30743439671876,19.455876382797058,19.790616922415627,18.919085668127018,17.480159958297715,19.195959764373185,17.787874296112076,18.105324314145044,18.042197609359626,18.19393694281258,18.87140331690741,18.5951127447473,18.378676323390657,18.468624002730625,19.354377044620172,20.387692432875944,19.33275386879732,21.74678270537666,22.639902183158263,23.281197239000253,20.640087305624988,19.695193438706767,18.95360791199746,19.0527316354068,18.99791027760609,18.724131333149735,20.19144715508017,20.887881173431225,17.728198475695546,18.09393801872026,18.437348047106358,18.19211745803989,18.09492928787416,19.43313305745424,18.134253417251962,18.454044278764812,17.751367966602785,18.9276108665678,18.794769079406777,18.818190598621108,17.809141418379646,18.004020593699778,17.854115669998546,17.86448924524647,17.792535676767308,17.67340951430637,17.483183405888436,15.90604460328181
17.50335142546227,17.676123318884127,18.221630402956094,19.43902190796413,19.27014306501946,18.652822768471943,19.244150297588227,19.014736338540505,18.79530719922554,17.594829686464575,18.359582110648788,17.63716232117051,17.607162321170513,17.6702825342601,17.830417373908567,17.792958376254838,17.706220742640006,18.168408668414422,17.654619454696736,17.630870477259027,17.442823463210136,17.36656389960671,17.51588272754443,17.470850797859153,19.563197572751722,19.63565380184912,19.345579578347674,18.286822711024357,19.80094219817215,18.9392057738331,18.368158655975996,20.509722680393388,21.946217494561118,19.75142860984907,18.087764424367794,17.915090379970273,17.89341415825378,18.42980660310796,18.673056731056505,19.23906138711297,20.264931137766794,19.30186613718516,18.171164147585635,18.303418704640187,18.82979109466264,18.88569009665249,19.306183144586335,19.449404220834303,19.241587587728727,22.45552728751424,21.62583621011794,19.719695634168502,21.06156718784373,17.6756654168545,17.84634298707458,19.57412423300965,18.025744389792354,18.282902423288473,18.263975815527402,17.797666756530077,17.72070383884055,19.951418966456103,18.18300392018275,17.803268243018973,19.521661942331605,19.94346585214786,19.58803016716969,17.555354153022165,17.633160818146703,18.4336897078309,18.929948189668256,17.720156525675,18.116924785736806,17.742757052713426,17.707221344720928,17.564538987218768,18.318903165534536,17.71914141837965,16.18278172667766
17.853453192773138,19.623397485217573,19.44145810059736,19.399905311026377,19.260690733719965,19.36517009864859,17.68041737390857,17.663477720730015,17.63937471534494,17.72183643195751,17.676643778281257,17.70036670098359,17.7139290434985,17.68036670098359,17.750194165936335,17.97723480770376,18.514842270200905,17.94195870057671,17.678613824387863,17.638799820722056,17.31812170142073,17.12566297635493,17.396083638034646,17.34689038777641,17.342445387888503,19.317379862051354,19.61283440922071,19.341384384214052,17.908291842230582,19.06740523033823,19.285500176508364,18.37837174026916,19.029684757340213,17.65866258117329,17.54800478195987,17.631498437739985,18.358925535666785,18.7172810484922,19.322679834554577,18.550924451677737,19.061375141066673,19.901171390064178,18.84122970573706,20.238647707270324,18.81066076743331,18.817525844591252,19.316307525800145,19.138933600774767,18.48669148709929,18.735462476593952,19.701237775193416,19.248010160802075,18.47175409822654,18.02650730651295,18.103662875677255,18.237026549159484,17.82976413532697,17.878992708712186,17.68971422313195,18.162804188306744,17.177738035215157,18.047163703301464,17.761311442079794,19.164488082578238,18.71017492487047,18.345712453232018,18.18009098282296,17.786251458087513,17.502589950422575,17.90592394868738,17.805453760717704,17.586509042307306,19.368097590903503,18.486959397400092,21.038650889524835,18.43124052116466,17.985828872854228,18.908235321147703,16.804394803390164
18.129017468656418,20.38639228360622,19.329434282257807,19.37902190796413,17.831895218182982,18.400097741268638,17.704639239688536,17.751731538740408,17.77067648767364,17.79051487798346,18.155825137949353,17.903167331447445,17.797825737763734,18.20824120858974,18.29142111890123,17.94500920098885,17.864087367805023,18.805657990012325,17.941638699573524,17.84367459744466,17.665273287682474,17.033884785329803,17.1679455255495,16.931644591780945,19.379952748213107,20.419222884484963,19.50592806470562,19.360909853261806,19.07207590890385,19.99213662409445,19.75647788148672,18.999323456463358,17.68569958140953,17.881168735261067,17.726424396247793,17.616186967066312,17.864551666757187,18.328975181887227,18.868557106373167,18.5576117443368,19.798910608301426,19.180498199203907,18.390047038779123,18.890072520326953,18.844288163681444,19.326307525800146,18.50425867078056,18.945513723667105,19.64071379214005,17.84833869079137,17.81993731734597,19.94285342234894,18.438453292556677,17.923337172613493,18.448207820553403,17.917915427454403,20.36174172668982,17.662469437791923,18.7210323563419,17.531839799830387,17.510801251380617,18.451380183174077,18.13155102279719,17.917978319251613,17.942265366101125,18.538688406067305,18.83630508263661,17.622119020099806,17.730382434760212,17.946427397421804,17.831079494170407,17.676865455003245,17.628570231304128,19.889596461532324,18.00341415825378,18.69929354188372,18.571625262858895,18.606167591398897,17.85827395277234
20.64430016423307,18.104748054230708,18.68834943773409,17.876204207774126,17.9583992743653,18.194123761485862,18.503316208059424,18.219689622021292,18.64866988888366,18.010514877983457,18.005704115532055,17.899991026124276,18.02911652237502,17.850765390244696,18.582142390131857,18.37496945240577,18.362528589179107,18.56105939274567,18.224234663870284,17.742472557073587,17.7225921367487,16.64895205777065,16.788740163960735,19.324957210316562,19.229244116579046,19.542051325014643,19.582106686117214,18.21908486338501,18.285804313221416,18.613980832126735,18.71835795277417,17.415479975090378,17.42273559061399,17.628662581173288,17.721191853385278,18.07779187424307,17.596518768269334,18.722898007403387,20.666933433662976,18.90439256342661,18.55392129983913,18.783216242064064,18.543171420702294,18.478525095391948,19.205274116406635,18.759017834837714,19.15806008170888,20.198488036114778,18.491602808933667,18.27520737993721,18.48150871069051,17.99171201717214,18.09012580038054,18.388624002730623,18.010824719550392,18.47100839752415,21.935988571830976,18.036368715953497,17.91202336996233,17.711715729018213,18.39802080035475,18.05393694281258,17.731715729018212,18.278676323390656,17.68481470164265,17.821549834999704,18.607407762510682,18.759964282470225,18.062205011309466,17.93181071555516,17.966161227037663,17.999432337449207,17.738837249865263,18.07072977425319,18.266421849516206,18.788235321147702,18.596257915969062,18.242220593322102,18.528046625581297
0.0,26.589621304145844,48.3391479700536,18.20731116847525,18.85917198592187,18.709042139245057,18.228701974535156,18.500294874404123,18.763147971840954,18.258073511969794,18.015872393248813,17.943858148237886,17.83036954837711,19.07245787588269,18.39559466034212,18.78716229071825,18.964456743713356,20.149112477924202,18.15126862697889,17.775902793514465,17.246321586133792,19.23619019521682,19.617323890218387,19.212209366524434,19.260296281840944,19.17423729164711,17.556561385080975,18.008893440062554,18.826029071100255,18.35016823995443,18.182785699844832,17.402297882598166,18.221594939805343,18.00201764093418,17.699328712185796,18.031578170342694,17.981560844472842,18.549589877484514,19.832677283399143,20.615814532042478,18.75285054545831,19.071375141066675,18.927073088313662,18.77224222060356,18.935023913177154,18.592789236105652,18.60932991752565,21.105299896289836,19.75124632610612,17.81677423048068,17.75243949989359,17.89658926933501,18.79819241230829,19.21972694329119,18.8401031990469,18.673153118773268,18.728104244677652,18.627874336073795,18.126218750658346,18.75531084536684,17.545246368397102,18.13918060556717,17.837403382637284,18.696676945040718,18.261807308951493,17.929969696826074,18.632184557227312,18.506829772199396,18.297108805522154,19.22038349634026,18.164628528210873,18.41435189210747,21.744812375601004,18.131363860449575,18.307006449068318,18.306421849516205,18.302103967277542,18.542194337794204,17.968255386329844
0.0,0.0,0.0,16.664331805446356,18.441275503211028,17.964897499854928,18.16466981798108,18.099751077050414,18.093368366154998,18.050210392116103,18.149941718843515,17.90125909562023,18.7504510648361,17.831377538085963,18.373978560834633,19.082992890030667,18.901889266672022,19.069815132658096,18.29897416497658,17.996023127246247,17.570638345319118,17.16214316296604,16.985571432090012,19.41882376799269,19.6294682960714,17.51717611829436,17.621259095620232,17.735968844703144,17.94020113355831,18.109853711814694,18.450066163698903,19.649780740311627,19.22464266458308,18.232416694230402,18.240744730893372,18.436724266874805,18.46115028534352,18.539765476699838,18.948154688447303,19.377441431375324,19.491443404013935,20.40447120215067,19.905618619152992,19.501480669904964,19.294874937062175,18.515896553809412,19.149682661035087,19.537126088192345,21.026892921649583,18.808620179560087,17.882788647129978,17.77325547164846,18.842733120249513,21.70352988056755,18.694682709530948,18.379790936205396,19.342818661542015,20.747990897232572,18.6576108665678,18.11101095092861,17.82202336996233,17.613846934357706,18.497394756681405,20.35476095679147,17.95187673029546,18.508028569737974,19.35416163266332,18.67989018565577,18.171936845813022,19.190340861038813,18.745549400377797,19.071796027375534,18.5577352546903,19.107147600893686,18.220309611573107,18.313233401077067,22.303305833501092,17.860202771132577,17.42923042676535
0.0,0.0,0.0,22.710950596632493,17.930660138013415,18.0282671432517,18.10443958516906,18.412321803985197,20.759039389457726,18.7490558263054,20.22946972548689,18.047638707408275,17.835885800536868,18.228380478450074,18.583697846111512,18.515197781825893,19.575326277914208,19.978213695865584,20.931440558593483,17.673140986971447,17.886947485476256,16.433938071501114,16.398740337323517,18.845519974151003,18.78497421937336,17.663121972369403,17.690164287630378,19.667733354029714,17.646696795950326,17.938913418134895,18.107872823720413,18.602426622790315,17.805831996912904,18.05100353303244,18.14478355004249,17.97987839966443,17.7815539530624,18.528200203148888,18.10580208880022,17.628631232447354,18.770504289783027,17.51279389856893,17.9779292285933,19.564080159242515,18.99134346785693,18.86102878331893,18.58433324011438,18.248208400044923,16.631050281714526,17.47239418049812,17.01155368124407,18.42428599325597,18.703741161729234,18.9782332334972,18.503701946758227,19.24015814536632,18.82251378157382,19.28433279925415,18.482159147861875,18.189039108218367,18.577930237240892,18.240368926028644,19.807562547062705,18.230283571688247,18.45066085703541,18.7945933778002,18.9042587621175,19.151580429447087,18.975562109801302,18.714703396795418,19.67870438256627,18.574823900229212,18.75819241230829,18.159163218600586,18.630369253110466,18.18772200589379,18.3899069604578,17.342876188494667,17.337302932695064
0.0,0.0,0.0,19.28728578441855,18.14250653357346,20.3082009298347,17.882317522974336,19.14966643864594,18.475344850492792,18.590236535000866,18.6888544560455,20.24522061309358,18.76242002826757,18.492063239478306,18.654137429713437,20.300653008127394,19.350587417176406,23.778858917982735,18.885446144793598,18.400787145894423,17.853692167041828,16.812122618641563,19.442323868298217,16.914188599053674,18.91983115515471,17.057929879952624,16.590420085803487,16.39389029511343,17.598604412232383,16.764496755110574,17.355441861898328,17.540201438734094,17.47115530694772,17.606077095466897,17.952456757857924,17.73911652237502,17.626734345904065,17.716112998914234,18.0494095528951,18.15808971734232,17.628610206694756,17.57372305171829,19.264763900105063,17.826157779417336,17.394546311107952,16.605196659728495,16.898362975865723,16.956164626184595,18.001848301984428,17.686225236286674,16.88543912179809,16.646048946264344,17.674552201828675,17.04582504989255,18.917526971726726,20.54279734524227,19.313564157621666,18.98458267138966,18.471798126110443,18.188225530868976,18.370625563130638,18.301826216882766,18.169379190536592,18.389006857262416,18.31080496851143,17.821003902447057,18.074374708920878,18.16776842024466,23.358308480709226,18.986244641200717,19.578087219232515,18.777565945211894,19.58243660103447,18.837536326418178,18.694521042825244,18.578268963232752,17.461356855101698,17.178753762005805,22.04802870100567
0.0,0.0,0.0,17.689812292745795,18.526223936614837,18.0947104180553,19.984025316252726,20.330636027442896,20.455980654905872,20.11873994809747,18.754487720712717,18.245292596342424,18.20022847350144,18.137530665543423,18.243747108929618,18.689729663620824,19.22397250319823,19.85792410127186,19.33590310084027,18.68594137084578,18.359250776315548,17.725163493560654,17.7184624007076,18.85723908979809,18.631136786314105,16.739459907588433,17.24806448798558,16.33943465193682,17.589544999409288,17.218566051458133,17.176999560431465,18.373566670475753,17.430391857025377,18.09768161339207,17.651049044793993,17.635489224670007,17.934739640485827,17.675712269470967,17.66704766759425,18.216812034220542,18.34859185645365,17.939460435723284,19.810887774183026,16.68001426222027,16.573573349218538,16.5910023052188,16.461697536282838,16.456924013947717,16.76705290957356,17.082302804889263,17.156253402170233,18.798385106040328,16.90171910247159,17.722365797378842,19.03253855384019,17.908933329993424,23.529780890970493,19.611609051168497,18.574682709530947,19.21595445647406,18.657234452005795,18.808138106396505,19.002783287008057,18.600242787311807,17.873337208565317,17.976218750658347,18.936103584890603,18.675092376594936,18.745643613062263,18.571319359017014,18.55315342394905,19.249822067158817,18.886620771625935,19.8119421160413,18.858186985761034,18.568269268408535,17.287034837051145,17.273551350943777,17.510435363921403
0.0,0.0,16.96920692454009,21.98301722710351,18.585366326784204,18.308647579011325,18.503640448738707,18.938248284125027,18.661101379422572,18.89884205798912,18.5822939556887,18.19246821067022,18.478080170025038,19.32575231830952,18.37996886357933,18.19768161339207,20.408674173615236,18.60784482323941,19.00778799409261,18.310451344331575,18.432870246717826,17.90872045608098,18.28954237314121,18.615510449158393,17.77846954176934,16.385907780557915,17.303382997850814,17.76476836207064,18.815574312999562,16.93839343362108,19.293456544108636,17.179686814595406,17.089930886574937,17.98392764187233,17.446485785024528,17.745139696829842,17.507415948542366,17.629414167570218,17.895322835681206,18.24123847499774,17.94159493980534,17.121901642384255,19.084414335239817,19.615249141432784,17.19401175992528,16.493913034275025,16.826082191355358,16.928299519009762,18.15100218320147,16.604489245246473,16.590156220499225,16.743268243018974,16.51635865758479,17.212659758880015,17.496282028170043,17.388678708541338,18.312597180275958,18.156646802238672,17.731688129517146,17.448333310687893,18.769315396472752,21.075209422718547,18.63816308076469,16.87045529525397,17.33827395277234,17.897709291267333,17.501108660314678,17.092884610884806,17.289259346650958,17.611269359891942,17.515433778917874,20.422111259800246,18.948014388587822,18.694327394806095,19.504661309622506,20.944728669930953,17.598993013887966,17.138553699455898,18.034582221762747
0.0,0.0,17.8649906045512,18.958841683208078,18.90989509952981,19.824146635199938,19.516840798470334,19.804543889497047,18.51725695693453,17.53754637883973,17.98032494241824,17.853799378702423,18.229602305978805,18.531816715033166,19.233152860685745,19.808135996583033,19.01807156389417,18.7431155940063,19.90760812861599,18.675807736795015,18.194719013548504,18.344872386512222,19.83906276313378,19.039422671106976,16.31148384430042,18.37230635483639,17.89965607553824,16.61595742348372,16.882782506072736,17.780727395486338,18.842204310186276,17.506106912785697,18.87191396265497,18.61614061189373,17.60216815142439,18.106809336348967,17.379177774135385,17.318849252566377,17.792305584198775,17.77366078157712,17.551037062467067,20.427775251057486,20.603764937965522,16.78719245198535,16.457452288334157,16.812484225625205,16.839465748615574,16.86935023493981,18.306475840597685,16.953850450036587,16.96120104669931,16.694510829478276,16.2711642178404,16.68747506877543,17.084971972420508,18.51692896301375,18.773649520190865,17.643866952978946,17.939660798059926,17.166924785736803,20.508733945337422,18.431159477356843,17.71463045249719,17.23706903815772,16.66302981445883,17.008676020118607,16.714219667646212,16.84608568841049,16.478501243890975,18.154174314958247,18.22805943632195,17.419496350071434,16.670086463183463,17.130755429077865,19.427700796606302,17.331849300331022,18.146321672470222,17.873623402033562,18.493294815896085
0.0,0.0,17.3794268630018,18.644314520316197,19.601055170846728,18.901507641251765,19.471028588133947,18.190730860169467,18.057676157279655,17.99838433052117,18.827217840699156,18.568284439290053,20.368248532282973,21.941860131385386,18.32040152575423,18.831721784082198,18.423822030359666,19.0993344186037,21.40801040876418,28.611932406931757,19.590134097815394,18.342746145169006,18.62410965059729,18.157581652198587,18.15688855307044,17.784435921443116,16.715413202005713,16.512802301912423,16.430370701493217,17.980798823074615,19.465899487796634,20.343940098278914,17.72602023999639,17.925673256617685,17.7165530441329,18.54810907738064,17.17492837267618,18.006329978226574,18.894331732328077,17.362530737908383,18.063981137302516,21.13109623037753,17.2951533470153,16.62859850061771,18.955356877855216,18.220859508522697,18.53771500139529,20.193759561425672,18.393588951761416,17.978686905210594,19.68636827476826,16.79027936734742,16.13670941478756,16.620669401053945,16.572185202405127,19.53648564416655,20.525829329486584,20.79755217178883,16.853618353464697,20.270128895110794,19.126902912129882,16.56602567043739,16.911771908177435,16.640910408000657,16.675814979918712,17.112350437971777,16.658254666198598,16.60552948207935,18.218169722961022,17.118985288164037,17.777321762986226,20.87967557345189,16.650086463183463,16.587030913352706,18.491148218106474,20.003027154657993,17.36139959436919,17.846272684067756,18.991768343668944
0.0,0.0,21.28966397386854,20.17172927846955,17.96807068038939,19.784865205831977,20.725745312329437,19.065500135512885,19.607835551354707,19.16778768891683,18.918251732030498,18.754027150399807,17.945292596342423,17.85175259981805,17.76485460494181,17.44780724171286,17.556336349773417,18.218191603997948,20.75225320520112,25.972822993133388,19.689312483592843,18.30902739565936,18.237443132656566,17.98969790426724,16.268363682349865,15.915514410253508,17.6167270318823,17.801171601244203,17.688974164976578,18.710289452703574,17.036945980158787,18.38336252073573,18.241899946969152,17.864230836642204,19.58052025354219,18.77672386968629,18.030941872408725,21.330132844445814,17.25689000741552,17.6011716012442,17.251578170342697,17.111840548893177,17.772254101179794,16.717797917592378,16.726175990343837,16.959394062730386,17.685980194478493,21.084083094559656,16.61393801872026,16.69387013078909,16.442884173195203,16.78512772539326,16.31835092847771,16.698281774445164,16.414394918685822,16.780180936313155,18.838376022436453,16.695921122411836,16.498783286262043,16.934258765601953,18.26311034282576,16.710561018963908,16.93313393021475,16.45270930396828,16.756462489243706,17.501837356946567,16.56446046848443,20.00469843827871,18.001600013233514,16.866999340698644,17.08010163968825,20.785322598985676,17.60928044960069,17.255392803761623,17.529409984529327,17.078211649400238,17.02053606437436,18.69139750598592,17.456342867558597
0.0,0.0,0.0,0.0,19.952896194440726,20.628644451843055,20.828367419439218,19.86720827552193,18.791906882607336,17.23065268960055,17.10112283572538,18.015913510226028,17.036692572114482,16.564771819097427,16.893666250544552,16.98604706763785,18.78254858856289,19.039717462269405,19.97619141848046,19.40339361813631,18.576408601516686,17.74531824843251,17.722695059720348,18.757553503602956,17.58621601069796,19.02557445281875,16.75871177867387,17.326572410726683,18.44320546945896,17.660729194460835,16.574541126229104,16.67374684085416,16.525063386464048,16.820266884714915,17.652136517881402,19.136996971654487,18.014482993412983,20.573744325436387,17.76403028604463,17.454588475403575,17.76799136038346,17.215747969857308,19.645943252943646,16.952184431470872,16.778250895186485,16.841565702743026,17.266526385180597,17.47288050657361,16.614967357826682,16.444290067037954,16.681638699573522,16.719883310831506,16.248868613507625,16.43283467700894,16.48155438887948,16.30045754743857,18.105825886263464,19.11928069022822,19.8692373726115,17.63961768159698,17.546764023168713,16.672153238402295,16.71347760494789,16.649964772077336,16.372030942974277,17.315310183726186,16.495323568775,16.628714830743927,17.40076548726405,17.381468784837324,17.338169094380497,17.779293541883717,18.956938262905368,17.55668797493736,17.968066757326632,18.76496827568424,21.41841067524809,18.21184830198443,18.700106869150485
0.0,0.0,0.0,0.0,0.0,0.0,17.16534208367586,17.354411651000426,17.60146119272229,20.465471702559384,20.396876140130374,17.847181920438413,16.87558580059266,18.23617701060011,17.796200593583798,19.163363218488524,17.733780446707712,19.412892007802686,17.64851630798931,18.187998562427072,17.78827448038112,17.61368420823381,18.285407894514293,16.814510829478277,17.911663773837258,16.738810046289313,16.48372219463557,16.706924013947717,17.291655093684156,16.968228015275557,17.114820391818398,16.78198178409601,18.420468231936308,16.477857005922697,16.580062206835457,16.977597609163993,17.777863204388666,17.246937711560754,16.975704115532054,17.744453010907314,17.620048491401946,19.825638466657413,16.3270067485296,16.29799230358076,16.636072412939953,16.307635539002558,17.412004405501744,16.757223061801415,17.107789453072513,17.129936265092812,16.475623418131974,16.88737074121454,16.765644385971726,17.086477973910398,16.736052768916363,16.62934952759359,16.996964434304616,16.92425876560195,17.01760498323241,17.937925600757556,18.458657330752775,16.46824467234532,16.658728273214443,16.51552057266104,17.22558310382365,17.419856186135938,16.9729824380994,16.992997811791593,17.684760315911532,16.807926372139388,17.323043754807,18.053283572961536,16.970266778575994,18.472023060612667,18.99470267574358,18.559405362130533,16.459881419427834,18.089016632599336,17.33053096451337
0.0,0.0,0.0,0.0,0.0,0.0,15.2186783967665,17.99621811573827,17.265175899516368,17.39779187424307,18.034113438170465,17.747158784984062,17.81368342365017,16.32946436262074,20.21219235309249,17.24998789231378,17.24998789231378,16.919543793840404,16.60953519022178,19.936264195571766,17.020238371148217,17.88013981866534,17.43777455496538,16.961305178886523,16.794694040595125,16.78367933033671,16.818631232447355,17.07415639998598,16.67114270349962,16.634318965417226,16.76735256237117,16.53697268015225,18.74077947691959,18.622681181990323,16.705915363841967,16.368134740518837,17.914668048733354,17.42570515134628,17.7844826882372,17.211111622214254,16.912304940668395,16.81847822485461,16.629191444483887,16.53930975418322,16.55828440925937,17.15338535181322,18.08044513509722,17.219959923322254,17.979606806715513,16.64539793654712,18.220028391791576,16.710649874482066,17.16994387011808,16.589832574037878,16.71915658354228,17.03123092165593,16.820546908140685,16.734320867581758,17.31169764595584,17.643195519252053,17.719283473570528,16.49388750952444,16.6648530590779,16.83136958916063,16.654318965417225,16.62049431733334,16.570702102390403,16.75788810968286,17.16557933691429,16.543824862279777,16.816786512952696,17.24026714498135,17.02996674275633,16.93479231223158,18.410028391791574,16.30414994634468,16.816198730353683,16.659310059358997,17.143947124589772
0.0,0.0,0.0,0.0,0.0,0.0,15.699330826217338,17.57280176160736,0.0,19.22480042695983,17.483043754807,17.420520559186652,17.53529833028049,17.464734110709074,18.734032577639383,17.020572843003833,17.111731538740408,17.185853933858652,17.061730653599028,19.273936706531547,17.17430296765036,17.18418490810944,16.894920711113958,16.664678588075876,16.601421259719537,16.71040689586157,16.973548386293523,17.336563820605683,16.47388750952444,16.333549263029738,16.559127851249688,16.83392733965175,16.637322143892906,16.749177774135386,17.00136847687687,16.329641784225746,16.43117792533222,16.394697911661652,17.088806887176386,17.223747108929615,16.778613359175107,16.93219760198938,16.561241103706372,16.650363491648786,16.832678722110387,16.88685076059929,16.936785362356776,17.171850287397476,20.364273261782827,17.47568335152973,16.57885885418157,16.973026784677707,16.64522160215845,16.716561690256757,16.350488474451993,16.44945091221642,16.63721054068925,16.798453053802863,17.374031507763704,17.020780322941558,17.25099053167733,16.726233230020686,16.71210275705747,17.711635030497256,17.381620709416932,20.458113555220095,16.56909985028486,16.804639239688534,17.516619544595734,16.67864748058834,16.736001697460658,16.874564311011103,16.90786717972943,16.88278787030208,16.732793580389988,16.324337046365827,16.34895703821309,16.67508083963797,16.95749450888569
0.0,0.0,0.0,0.0,0.0,0.0,0.0,0.0,0.0,14.755610515762495,16.542003618496604,16.82856605145813,17.302261779494554,16.78077860804391,19.487808094126333,19.485804304829554,17.292253154897157,22.786669286571808,18.82257659373102,18.365382686322725,16.768827095060857,18.970650727417834,16.65350683197901,16.56694273873169,16.10923662823524,16.032380508300115,16.29722103067823,16.768861772070235,16.865968844703144,15.848037745098075,15.612322123379176,16.410998402433584,15.481341678301648,18.78995262820994,17.73204808325974,16.095840796891277,17.080874782306193,16.93945638236024,17.15529259634242,16.835774469747033,16.674057355408483,17.164242896233414,16.804933463968144,16.901361267499563,16.87743450158208,16.69704309248835,16.593799933335067,17.329589877484512,19.008138767136124,17.74924806651427,16.928966559647538,16.956501502907585,16.49941752582228,16.313037337602974,17.41273422516184,16.690303372749568,16.634886124096486,16.48530904322777,16.657724876850608,17.25234372217483,17.1055551196594,16.98107820643698,16.97810915660032,17.478536238904383,18.054113438170464,17.57595683197083,16.60805224584588,16.898176905435818,17.409287567147704,16.301478909002476,16.835872393248813,16.73861335917511,17.01407424329649,17.125375918003087,16.705593875145674,16.801685466553955,16.58334063650502,16.61488679501756,17.25823732884491
0.0,0.0,0.0,0.0,0.0,0.0,0.0,0.0,0.0,0.0,20.380930666170514,18.079165284018842,18.0070665863025,18.221541165044787,21.24445666187284,18.269906510205967,19.393652704819914,18.40483471192881,18.151637790509234,16.558491892064247,16.569449054384332,15.373935755986604,15.598208987897978,15.213062229721327,16.096692507706333,15.41278850925675,15.221766674910292,15.83832801888104,15.853920038617696,15.963992448785461,16.236898392455817,15.185331425477388,16.245558082366042,16.316591553595845,18.057427356753628,16.20722103067823,16.388963261959592,17.5643145203162,17.03516193111977,18.43478004437359,17.156552434112005,17.180986064632258,17.371407712642807,16.709933324214404,16.797659611248946,16.952310868212646,17.422380857061388,21.17958260930585,18.714765614517948,17.01826641340993,16.829302080568997,16.81780724171286,16.292128913871256,16.63189833460301,16.442153238402295,16.895906236352715,16.506838144534964,16.303483188998072,16.724692444966788,16.753049999398577,17.437017779448563,17.12932123715396,17.151746542813406,18.06616579843604,17.82789197852387,16.838228015275554,18.061021070242873,16.860194165936335,17.440252283669235,16.135793495299236,16.860194165936335,16.639508492825115,16.811241103706372,16.764890740399817,17.125695039537494,16.698291842230585,16.524628148079458,17.079456687536023,17.241596834350375
0.0,0.0,0.0,0.0,0.0,0.0,0.0,0.0,0.0,16.94987839966443,17.9946047788054,16.745911069959355,17.52425867078056,19.793440870116594,19.839351398836378,18.56785191264419,19.12937402500804,18.528346046301703,18.19126722107768,16.8725096266204,16.521759585293474,16.250443879488824,16.02813571237281,16.077871683017147,18.37322776648079,16.54628533380602,16.689643422402476,19.324800426959833,16.893308341717333,16.319568159553317,16.38096129776111,15.3048629755705,16.667798399680358,17.7354461447936,16.36069528461297,16.389634651117156,16.89625469137644,17.89655221246497,16.735163493560652,16.72574428890413,17.966747124772617,17.490929876775642,17.08489404475133,17.114623450403016,16.951083549563876,17.13979953733494,18.996154125765788,18.47014828852425,19.848032216535863,18.612096840112795,17.64834013259727,16.598643593303805,16.436963732927268,16.570518895061845,16.46714025445942,16.640473200848398,15.87363877841208,16.567140254459417,16.87904724010506,16.55297810852116,16.498034533821116,17.08454610345867,16.936324640363665,17.025911069959356,16.98002464694497,17.42118552720837,17.163251927710174,16.758389306724347,16.68344710896126,16.017215752295026,16.711009355853367,20.873046448749314,16.49332161883271,16.635244727355968,17.22587436283991,17.68852355360032,17.671458748943767,16.821297448967293,17.13004086923144
