0.0,0.0,0.0,0.0,0.0,0.0,0.0,0.0,0.0,0.0,0.0,0.0,0.0,0.0,0.0,0.0,0.0,0.0,0.0,0.0,0.0,0.0,0.0,0.0,0.0,0.0,0.0,0.0,0.0,0.0,0.0,0.0,0.0,0.0,0.0,0.0,0.0,0.0,0.0,0.0,7.3077348346091195,7.8254454615299505,8.268701308384781,0.0,0.0,0.0,0.0,0.0,9.522703660862605,9.632875907438002,9.954282337835664,10.021938265089567,10.22454729722616,10.231457642005473,10.47054563949441,10.422009808321304,10.562412976298544,10.54955864639734,10.676309526823148,10.710903168773669,10.834802172678202,10.767673474102496,10.77062143649422,10.821981368320436,10.97237909644579,10.275928620241038,9.61818929931162,8.44179335522326,7.977058760011816,8.449268444664884,9.248520501520128,9.658760381452593,10.249968568473104,10.908119177467437,11.609240398516114,11.819240398516113,12.075377149694697,12.331247238660447,12.62764542765624
0.0,0.0,0.0,0.0,0.0,0.0,0.0,0.0,0.0,0.0,0.0,0.0,0.0,0.0,0.0,0.0,0.0,0.0,0.0,0.0,0.0,0.0,0.0,0.0,0.0,0.0,0.0,0.0,0.0,0.0,0.0,0.0,0.0,0.0,0.0,0.0,0.0,0.0,0.0,0.0,7.639576731094067,8.50595418977336,8.6660453160723,0.0,0.0,0.0,0.0,6.872362283263571,9.710592248356694,10.070113400249191,10.23877913790392,10.230266706340615,10.271063037507586,10.27489176282117,10.359075689736029,10.490081441789638,10.550807964443987,10.595359891438832,10.607185459561098,10.830793836121124,10.895139130528465,11.03712443734796,11.11401361137447,11.191515238962197,11.034607799497483,11.082681853703443,10.943404051293314,8.879662662386648,8.367149798407286,9.90814876691314,10.443374543425648,10.642598034683651,11.190238167156155,11.584930490371232,11.860402292170749,12.11341704465623,12.359771198814105,12.62209787109641,12.609932917684826
0.0,0.0,0.0,0.0,0.0,0.0,0.0,0.0,0.0,0.0,0.0,0.0,0.0,0.0,0.0,0.0,0.0,0.0,0.0,0.0,0.0,0.0,0.0,0.0,0.0,0.0,0.0,0.0,0.0,0.0,0.0,0.0,0.0,0.0,0.0,0.0,0.0,0.0,0.0,0.0,7.398957487287058,8.851698439070319,0.0,0.0,0.0,0.0,0.0,7.027342749058881,9.58952187476739,10.165272083482613,10.390455536352093,10.428213205702281,10.371525422576529,10.256875942303948,10.298081640958426,10.364912017079895,10.512830595367934,10.642777263421973,10.733775531297393,10.818305483110713,10.986193881324231,11.116802286604381,11.253862689723686,11.290980154918337,11.453365469944497,10.709152284305642,8.552039474084804,8.917638649894467,10.01554727331678,10.165869235674064,10.638399144048462,11.119634979225912,11.51177396731959,11.847244451544348,12.10917384731351,12.339149158392525,12.584053144617094,12.748593848711254,12.963920018841458
0.0,0.0,0.0,0.0,0.0,0.0,0.0,0.0,0.0,0.0,0.0,0.0,0.0,0.0,0.0,0.0,0.0,0.0,0.0,0.0,0.0,0.0,0.0,0.0,0.0,0.0,0.0,0.0,0.0,0.0,0.0,0.0,0.0,0.0,0.0,0.0,0.0,0.0,0.0,0.0,7.697251559611595,8.708027199539636,0.0,0.0,0.0,7.292052734449795,8.04366521034165,8.496150101196342,9.769673026262968,10.293271343885293,10.51387826467616,10.55478372949757,10.600195351709207,10.510825417034129,10.46525757366181,10.560243733903759,10.757325578977103,10.90417671222405,10.966618896136218,11.053717663146005,11.207756655940322,11.336041386879764,11.392973291645504,11.15747698580739,11.101930381816596,10.933181462849555,10.147372364885896,10.351591777302456,10.434487506047773,10.693870706008582,10.933896114106306,11.285495903218449,11.628249853795554,11.927934269855125,12.216420524612868,12.487519335130653,12.725889229346096,13.051594405337074,13.110206863154426
0.0,0.0,0.0,0.0,0.0,0.0,0.0,0.0,0.0,0.0,0.0,0.0,0.0,0.0,0.0,0.0,0.0,0.0,0.0,0.0,0.0,0.0,0.0,0.0,0.0,0.0,0.0,0.0,0.0,0.0,0.0,0.0,0.0,0.0,0.0,0.0,0.0,0.0,0.0,6.803222406676844,7.9911035212410795,8.510723161402407,0.0,0.0,6.951743098247472,8.154036933712614,8.966637492990543,9.416082695342714,10.11351678112609,10.391746316261006,10.499047735618728,10.533815648526422,10.620219272557947,10.760187461470242,10.803760874310878,10.898884646771355,10.961869338677301,11.142428818508652,11.230778415591274,11.354159100015407,11.424467668829013,11.504997293926547,11.327017537778904,11.43722558561334,10.720896526286406,10.318023942676513,10.363570816236145,10.484788460967092,10.712138574388868,10.952754722393902,11.2640838295634,11.55921099855227,11.840987830311033,12.12882764177209,12.47065432795653,12.761781233650314,13.029263788551539,13.465249993967674,13.55284457174304
0.0,0.0,0.0,0.0,0.0,0.0,0.0,0.0,0.0,0.0,0.0,0.0,0.0,0.0,0.0,0.0,0.0,0.0,0.0,0.0,0.0,0.0,0.0,0.0,0.0,0.0,0.0,0.0,0.0,0.0,0.0,0.0,0.0,0.0,0.0,0.0,0.0,0.0,0.0,7.200638275220124,7.952555605368184,8.774532023105373,0.0,0.0,6.965755447709223,8.348335020518444,9.30557999489205,9.702074575747478,10.173471587376595,10.596635747637867,10.463790631871609,10.424580571243837,10.507891344311766,10.576672006176445,10.77703312297822,10.987412424358471,11.089699708456433,11.216052542161833,11.311375145245227,11.269470710627372,11.150827534318605,11.065697934302767,11.082401264625766,10.46105012815445,8.943049488574793,9.33809247634489,9.79027613934522,10.475685903722576,11.01546852211705,11.459191677728292,11.789710362099832,12.069809168108339,12.309386602153594,12.550717179285593,12.783553390703002,13.06029563962319,13.309899980711265,13.665078227730987,13.666536355680805
0.0,0.0,0.0,0.0,0.0,0.0,0.0,0.0,0.0,0.0,0.0,0.0,0.0,0.0,0.0,0.0,0.0,0.0,0.0,0.0,0.0,0.0,0.0,0.0,0.0,0.0,0.0,0.0,0.0,0.0,0.0,0.0,0.0,0.0,0.0,0.0,0.0,0.0,7.094578027455325,7.439544500424413,7.955162269690689,8.833283880519408,0.0,0.0,0.0,8.216413107051471,9.285340919443597,9.796000920776557,10.23752257875272,10.439288077286648,10.530941347939574,10.389569948937467,10.376948868039744,10.521943242033371,10.642488848763943,10.783704792738423,10.954672958043915,11.090621691530835,11.060023883895125,11.14605068690145,11.37795300202503,11.7334337726193,9.889795833184838,8.846432020474914,9.261494221446995,9.569017210190042,10.186357904091992,10.821102945112496,11.45334972739092,11.958591745555125,12.334439674737842,12.576594026187417,12.746385312171212,12.860528218528948,13.017922352961314,13.169304894972878,13.446199541827294,13.81373058741194,13.899408453277637
0.0,0.0,0.0,0.0,0.0,0.0,0.0,0.0,0.0,0.0,0.0,0.0,0.0,0.0,0.0,0.0,0.0,0.0,0.0,0.0,0.0,0.0,0.0,0.0,0.0,0.0,0.0,0.0,0.0,0.0,0.0,0.0,0.0,0.0,0.0,0.0,0.0,7.140669050348125,7.427623402093867,7.603239339411719,8.166848150633921,8.907409281565101,0.0,0.0,0.0,0.0,8.782024755088568,9.702689979505335,10.502435699419193,10.454799076339558,10.490361234155237,10.425203059281456,10.269313542510734,10.24917300343,10.349248202007315,10.45339949297614,10.48817068619974,10.458673331674328,10.814443275668863,10.348423696327634,10.06641278618426,9.923495217518733,10.092358516001545,10.439468739414629,10.421256623561359,10.684503391283776,11.029844151868238,11.41738711565673,11.775199624083543,12.068986262209625,12.417423989480548,12.637792257805312,12.781272855857916,12.969793865537461,13.139793865537461,13.288456268894198,13.530295639623189,13.831950469866744,13.716063627333739
0.0,0.0,0.0,0.0,0.0,0.0,0.0,0.0,0.0,0.0,0.0,0.0,0.0,0.0,0.0,0.0,0.0,0.0,0.0,0.0,0.0,0.0,0.0,0.0,0.0,0.0,0.0,0.0,0.0,0.0,0.0,0.0,0.0,0.0,0.0,0.0,7.337025064144316,7.435139635411498,7.599907553495621,7.6760535030245505,8.023947509429071,8.689348511474451,0.0,0.0,0.0,7.232180535937612,8.777469194764691,9.62696744196476,10.28114351195319,10.688116740833756,10.593171382760536,10.489803385546082,10.322489823207226,10.073554966815546,9.804774884362827,10.02664921868256,10.36069660490194,10.583554182551065,9.085483986097707,7.811466453387357,9.133996453515563,9.243971101224234,9.771654506480054,10.170769615315196,10.541098814010203,10.75755334523285,11.107750162976764,11.575140626106515,11.906458847586055,12.100795551118122,12.410330362218655,12.6498389452954,12.838494763769242,12.904993052094223,13.068804953033307,13.264807050048304,13.496268573658332,13.687302310423652,13.670975835853204
0.0,0.0,0.0,0.0,0.0,0.0,0.0,0.0,0.0,0.0,0.0,0.0,0.0,0.0,0.0,0.0,0.0,0.0,0.0,0.0,0.0,0.0,0.0,0.0,0.0,0.0,0.0,0.0,0.0,0.0,0.0,0.0,0.0,0.0,0.0,7.443571073480852,7.862571632050948,7.8877178213300745,7.868650491498688,8.156538155848363,7.584654013147434,7.975712292940369,0.0,0.0,7.066569721048418,8.119213051316828,9.339415685131033,9.653237366128122,10.19114351195319,10.48114351195319,10.438145365974606,10.265504540970069,10.047379941287925,10.070649108800051,10.063248641019323,8.805822285230734,8.431204131915523,8.082604007770298,9.068951224905348,9.513501158320476,9.34671403886122,9.729771188139916,10.05914428058949,10.349149485636465,10.699386936612429,10.923363939022138,11.230904830186912,11.53934291710908,11.953255221433617,12.213357230441868,12.459510649528536,12.706522555694509,12.882680914463274,13.092221016843851,13.249269813284329,13.438495562837321,13.626733257479575,13.704612222576742,13.484304142626662
0.0,0.0,0.0,0.0,0.0,0.0,0.0,0.0,0.0,0.0,0.0,0.0,0.0,0.0,0.0,0.0,0.0,0.0,0.0,0.0,0.0,0.0,0.0,0.0,0.0,0.0,0.0,0.0,0.0,0.0,0.0,0.0,0.0,0.0,7.526887722467552,7.8598919211455485,8.122725576413993,8.17394015252243,8.031906962374908,8.410479357229764,7.369104746773146,0.0,0.0,0.0,0.0,7.731145358083449,8.707820604317128,9.50452689955304,9.890652600764895,10.617862680327022,10.779324096908192,10.810616088376904,10.753721489127766,8.784360531222331,7.735612638909743,8.363595785013567,8.904725400711728,9.220650323423826,9.074509394128565,9.422911005408075,9.677181909282854,9.84094629911004,10.117395687354287,10.383562263756417,10.7330120102197,10.974828129709692,11.243521565622205,11.563435231402025,11.979487551087118,12.360879376003876,12.59357422596358,12.80309601465358,13.107007912350385,13.27587652089802,13.459180566910552,13.644184580789354,13.887122839214369,13.941197481291113,13.753580064678317
0.0,0.0,0.0,0.0,0.0,0.0,0.0,0.0,0.0,0.0,0.0,0.0,0.0,0.0,0.0,0.0,0.0,0.0,0.0,0.0,0.0,0.0,0.0,0.0,0.0,0.0,0.0,0.0,0.0,0.0,0.0,0.0,0.0,7.665891680290574,7.9975763721567485,8.172999002351306,8.30280748224101,8.25357959439434,8.214337718898546,8.278810419278104,8.066270745218308,7.577738793821117,0.0,0.0,0.0,0.0,7.848041530497647,8.935333813050242,9.39711990205839,9.347806009173794,8.912206245900128,8.485389023140893,8.357744625385884,8.538849776715894,9.006214575736946,8.988937287526351,9.30246948887579,9.48335077427927,9.711110994973009,9.931097083925593,10.091539740119885,10.287817084523558,10.440668838831465,10.576910488194958,10.815416544947464,11.094812276795567,11.370386130095179,11.681625388339667,11.967451883700662,12.29920507093764,12.635699127246498,12.918725450495932,13.157302310423653,13.353685482505966,13.600899286080669,13.797782103741683,13.949899980711265,14.108672266107686,13.74687412324915
0.0,0.0,0.0,0.0,0.0,0.0,0.0,0.0,0.0,0.0,0.0,0.0,0.0,0.0,0.0,0.0,0.0,0.0,0.0,0.0,0.0,0.0,0.0,0.0,0.0,0.0,0.0,0.0,0.0,0.0,0.0,0.0,7.512298605186451,7.958632105898957,8.254116128571443,8.207885750473686,8.356072120006031,8.357398922158865,8.236657894067642,8.146440607102441,7.6132704594935285,0.0,0.0,0.0,0.0,0.0,0.0,0.0,8.06315643137082,0.0,0.0,0.0,7.671221433099399,8.680022334941143,9.247121866730868,9.49539200438014,9.738473101527529,10.057802561975457,10.323634817225356,10.537702322891782,10.645388821893196,10.787727523531707,10.805304238246588,10.831004045103048,10.990815592925735,11.253521565622204,11.583871074308085,11.855997602277903,12.066686012344494,12.35639661536733,12.66216159892373,12.880899424057482,13.076012758922905,13.277251625717886,13.534297425343082,13.756630279109345,13.986739066783151,14.113415680401975,13.983858461749245
0.0,0.0,0.0,0.0,0.0,0.0,0.0,0.0,0.0,0.0,0.0,0.0,0.0,0.0,0.0,0.0,0.0,0.0,0.0,0.0,0.0,0.0,0.0,0.0,0.0,0.0,0.0,0.0,0.0,0.0,0.0,7.110000761763066,7.654773884152173,8.101205716335421,8.194737273514843,8.222893164650309,8.315568471993382,8.270538321099815,8.37766609016281,7.574563482678143,6.473066854539059,0.0,0.0,0.0,0.0,0.0,0.0,0.0,0.0,0.0,0.0,7.61554200316689,8.651888271245026,9.164180832720568,9.624540203765632,9.828119544127599,10.082406274866852,10.457754853292972,10.771088325660935,10.904075827144991,11.059901281226406,11.11325497201243,11.114334492182914,11.171912235518052,11.27646888027478,11.484846353123324,11.750574793755439,11.966214575736947,12.196378837812574,12.505218776652079,12.711109427455922,12.920205815659964,13.015016833115666,13.127041383472877,13.289407037114438,13.554656654814096,13.861301809543757,13.981129311115541,13.798168275115604
0.0,0.0,0.0,0.0,0.0,0.0,0.0,0.0,0.0,0.0,0.0,0.0,0.0,0.0,0.0,0.0,0.0,0.0,0.0,0.0,0.0,0.0,0.0,0.0,0.0,0.0,0.0,0.0,0.0,0.0,0.0,7.621636246630195,7.84835425410915,8.17201282798583,8.165212441163435,8.21287567365436,8.22495804907841,8.050219811151589,7.747722645204702,6.753430164311129,0.0,0.0,0.0,0.0,0.0,0.0,0.0,0.0,7.165340273848129,7.861534297490293,8.309003285666861,8.88269152395561,9.201679502279557,9.687090129049594,9.847776155105583,10.041255839460682,10.335872189541462,10.673584873590075,10.926772722098319,11.10928473122341,11.212398398414559,11.307756655940322,11.377409103453008,11.500132486709422,11.651410268505032,11.756808916544092,11.963949908733316,12.180414135968626,12.349739239299302,12.568858600682681,12.752072151795566,12.939987896344295,12.998002116416226,13.05988412032159,13.159432543944096,13.390375882403296,13.645172809231173,13.831643182456144,13.783375039901923
0.0,0.0,0.0,0.0,0.0,0.0,0.0,0.0,0.0,0.0,0.0,0.0,0.0,0.0,0.0,0.0,0.0,0.0,0.0,0.0,0.0,0.0,0.0,0.0,0.0,0.0,0.0,0.0,0.0,6.935470088031152,7.1682166212940075,7.662463904303677,8.036870195358835,8.144774537121632,8.25966046906472,8.313569132607505,8.165628511819675,7.913517898629085,0.0,0.0,0.0,0.0,0.0,0.0,0.0,0.0,0.0,7.026565501096598,7.61988785657216,8.075646451850591,8.432595012377588,8.891157953751769,9.383390516093158,9.826384598751467,9.986236161059402,10.055244682118413,10.317877439050632,10.757957777442906,10.922477844471485,11.177479657082024,11.30984266715107,11.429735709893885,11.57716764504007,11.752670906811858,11.944990359186239,12.145894261605969,12.272785475157978,12.457308200144757,12.550231704514449,12.728824175743672,12.812072151795565,12.961243832643397,13.03760377117123,13.149236817950923,13.253193025967729,13.386264221108803,13.483358378058327,13.684466847082279,13.569295084092248
0.0,0.0,0.0,0.0,0.0,0.0,0.0,0.0,0.0,0.0,0.0,0.0,0.0,0.0,0.0,0.0,0.0,0.0,0.0,0.0,0.0,0.0,0.0,0.0,0.0,0.0,0.0,0.0,6.912090607067836,7.238720141372126,7.36344732544632,7.7182590723218345,7.966862380683828,8.170939086100422,8.329388174598005,8.34913260299963,8.43842877869022,7.257795061879397,0.0,0.0,0.0,0.0,0.0,0.0,0.0,6.826879253755871,7.535533867443143,7.996100008983902,8.317583435363803,8.560486804268777,8.814159276755337,9.176712674996772,9.594058449622555,9.966779528072314,10.116240067947203,10.346895791366098,10.468633053748064,10.700463388999708,11.012210774509944,11.184675537291865,11.39209079227426,11.63368315700453,11.75877913790392,11.953982487958733,12.24345427411516,12.393730461553119,12.451341436469326,12.598213031057888,12.710165704465165,12.760643097664481,12.930116501256451,13.041019699518115,13.129722827689477,13.271021167452583,13.45614027776202,13.632519076051581,13.818378616331968,13.977644299626927,13.98431469577854
0.0,0.0,0.0,0.0,0.0,0.0,0.0,0.0,0.0,0.0,0.0,0.0,0.0,0.0,0.0,0.0,0.0,0.0,0.0,0.0,0.0,0.0,0.0,0.0,0.0,0.0,7.190254648530248,7.2491383644388625,7.39141789025339,7.416300182495131,7.602912166347959,7.759025424600863,8.011336787733052,8.171056557430768,8.378276295389389,8.423558666258124,8.325081007540067,7.95199478150828,6.854001435595601,0.0,0.0,0.0,0.0,6.966628584893338,7.602752198594997,7.987365925356347,8.255615732909089,8.52854174559047,8.714912017079897,8.914949052851705,9.204912017079895,9.497302577529636,9.819182683985952,10.127727523531709,10.418142393372378,10.703011871712725,10.853618900721463,10.909055541642312,11.147757531420769,11.305715716266763,11.559454411601543,11.822361490209731,11.997566912273372,12.193990473158498,12.407819888348824,12.601961232493952,12.72477739987006,12.808003346878596,12.99147442208982,13.084109805776183,13.234543298448035,13.339460925018404,13.516292925585063,13.680217460816662,13.835190080774735,13.990053781491739,14.114504327607598,14.132441871920577,13.882792851590107
0.0,0.0,0.0,0.0,0.0,0.0,0.0,0.0,0.0,0.0,0.0,0.0,0.0,0.0,0.0,0.0,0.0,0.0,0.0,0.0,0.0,0.0,0.0,0.0,0.0,7.1201220085721415,7.345662459769043,7.449154508165748,7.547539664733886,7.640411836000275,7.669987232223812,7.8841049133815435,8.018265682795183,8.153074689911449,8.328920904125571,8.512826167364018,8.42664291735639,8.110144419485962,7.373711767859692,0.0,0.0,0.0,0.0,7.400244993178856,7.695206165876884,8.078199930141766,8.389398972962663,8.830927791764829,9.026119169689132,9.182923452514462,9.46163568908522,9.650969275139701,9.923765316751943,10.286808987423303,10.597703123652963,10.917842523881632,11.146128124560068,11.163101776017097,11.264929915710647,11.43574361549127,11.64574361549127,11.957466979833324,12.237294963714113,12.42810360923178,12.62596717389367,12.773930576868798,12.931272276588519,13.134370418361328,13.376893712645943,13.642216727050396,13.867161953324059,14.00795688271057,14.100804149042833,14.264751502259529,14.239837398921837,14.254553800812591,14.310593090483913,14.335661236417398,14.279443721359872
0.0,0.0,0.0,0.0,0.0,0.0,0.0,0.0,0.0,0.0,0.0,0.0,0.0,0.0,0.0,0.0,0.0,0.0,0.0,0.0,0.0,0.0,0.0,0.0,7.166990645065708,7.416400740650018,7.604761070320223,7.672376554895212,7.682219293184253,7.738480275460159,7.848892182740214,8.006503713614439,8.084723626966198,8.15665544516652,8.288058482548937,8.502572203535195,8.506803326392383,8.38359540875505,0.0,0.0,0.0,0.0,0.0,7.516408815820178,8.001761016933237,8.260818327697368,8.868397222124276,9.220521308758775,9.266808916544091,9.369746313051742,9.615153569637254,9.755984795180465,9.92808988645823,10.231359613961681,10.598755472458695,10.955164125154806,11.222969792597274,11.398436204923353,11.444670243572212,11.485397986554243,11.728283304927116,12.147805744092741,12.580770071493593,12.823882309109162,12.956427066167349,13.204704725569988,13.436990409433763,13.63542946137584,13.855896782991538,14.111483286509094,14.367961120711612,14.524681132345858,14.647724942940757,14.700886928015048,14.637000245638639,14.61102470932001,14.596789633408136,14.650938420784563,14.49704703972963
0.0,0.0,0.0,0.0,0.0,0.0,0.0,0.0,0.0,0.0,0.0,0.0,0.0,0.0,0.0,0.0,0.0,0.0,0.0,0.0,0.0,0.0,7.033230569039728,7.089495557945127,7.248393939742414,7.516897178910931,7.626166897097238,7.761508270967216,7.804194222014772,7.821188185666122,7.9339951715768064,8.050410235509773,8.069823206014863,8.139136776773908,8.223316718200252,8.43238624211118,8.482896772069317,8.296783185315844,6.80859411314648,0.0,0.0,0.0,0.0,7.693571677262319,8.381151690345385,8.773319934447702,9.30756490184406,9.506401907265804,9.418311553215789,9.518883034847068,9.714566623808517,9.828307051784217,9.906185991613516,10.174503391283777,10.613379881478526,11.054319108972052,11.284319108972053,11.559873259592115,11.735610272667312,11.992935284494486,12.376284340862075,12.765277445785902,12.97574995364529,12.941467776807329,13.185049805102153,13.555867055403668,13.760806513242464,14.019430147651619,14.183085396335267,14.301118050969269,14.519728883894372,14.713175654603349,14.743654640879736,14.866501954777828,14.923853439978075,14.93036646325339,14.914077216156874,14.823588689400752,14.714471634413236
0.0,0.0,0.0,0.0,0.0,0.0,0.0,0.0,0.0,0.0,0.0,0.0,0.0,0.0,0.0,0.0,0.0,0.0,0.0,0.0,0.0,0.0,7.3270180386452815,7.246302773557545,7.298466100832558,7.382385160036199,7.604967430541144,7.786270272466456,7.886538769776456,7.99715486271222,8.114160911892498,8.142808031302037,8.240105205913016,8.286253554706834,8.271485279475193,8.341574094858283,8.38211777951783,8.361260171758037,7.802954463303409,0.0,0.0,0.0,0.0,7.944967361920508,8.768096137060514,9.273702516882334,9.899870897350116,9.502998473483519,9.459746474499564,9.616742173018519,9.695451615305124,9.90814579430321,10.141753114941771,10.42023408119532,10.799505907042459,11.154834321141594,11.47094912118764,11.760133013024511,12.05194403621377,12.411062536729894,12.764801641689386,13.126082584114172,13.115933154741693,13.044375385598398,13.413460498764692,13.736642509312688,13.99219741487698,14.191597254771256,14.443093268270914,14.602229479782,14.754066324533863,14.851721945397701,14.82601770861277,14.89658955986988,14.975415075210908,15.02186517986259,15.13137362032025,15.11002549026993,14.860963201783337
0.0,0.0,0.0,0.0,0.0,0.0,0.0,0.0,0.0,0.0,0.0,0.0,0.0,0.0,0.0,0.0,0.0,0.0,0.0,0.0,0.0,0.0,7.12582576668763,7.154743189411223,7.337080199150729,7.599776443704313,7.763500129378741,7.90216633349099,8.030937051309369,8.098974405352505,8.145564455607202,8.25048180028563,8.32329644758924,8.44925400692303,8.35178298929187,8.260148684334313,8.076733349936637,8.037824298291413,0.0,0.0,0.0,0.0,0.0,7.984895141766612,8.790336924735152,9.333334452889751,9.564474768288758,9.447382455109553,9.410638974629801,9.632450756419907,9.909922074501177,10.044244531197617,10.329684734819061,10.62689067090077,10.99582372925444,11.369475856267854,11.750361234155237,12.145167387564554,12.4249420297574,12.722791188730827,13.040221055689415,13.34737436243853,13.295121714158892,13.233492512613473,13.70795077635183,14.045313593066227,14.2880027795173,14.547505490908645,14.644072977846346,14.759527188264158,14.910469046843334,15.060221762641751,15.183986321157278,15.261600604480055,15.255080261925025,15.27798765901402,15.326951201097508,15.342374646051313,15.197597935248844
0.0,0.0,0.0,0.0,0.0,0.0,0.0,0.0,0.0,0.0,0.0,0.0,0.0,0.0,0.0,0.0,0.0,0.0,0.0,0.0,0.0,0.0,7.012178831232001,7.383454924258576,7.540871961572035,7.75126359517291,7.841589405493668,7.962806522511062,8.070940529486077,8.100312328946908,8.16749073437191,8.327519265162623,8.416578173520513,8.326564601706792,8.587358294546213,8.446536298117763,7.581926810740445,7.421403317370425,0.0,0.0,0.0,0.0,6.740666580433395,7.813272258226297,8.668125026353112,9.135754754768582,9.60928443659905,9.357145119008743,9.39751338615862,9.634572208565531,9.768489327586975,10.055048762408987,10.370738840145219,10.742684500959454,11.064408542726085,11.472678999270215,12.01508646336389,12.367258893697983,12.593821639286038,12.879929423764985,13.197091176392249,13.468443243800074,13.571116872384149,13.804396411109906,14.086741663050457,14.298623795785453,14.589645791690081,14.702169645903759,14.811119228910833,14.915017179380172,15.055017179380172,15.195852109881582,15.301119228910832,15.309477855769282,15.285021166014246,15.37149894066496,15.484770351240094,15.405080261925026,15.155146758703184
0.0,0.0,0.0,0.0,0.0,0.0,0.0,0.0,0.0,0.0,0.0,0.0,0.0,0.0,0.0,0.0,0.0,0.0,0.0,0.0,0.0,0.0,6.982231070200346,7.4274844154843525,7.643655717757655,7.8001304947597605,7.90863498854299,7.982682548847993,8.017424876625206,8.040710144174998,8.124382768362757,8.09050781098928,7.97603793525343,7.769673209431941,8.0436887879255,0.0,0.0,0.0,0.0,0.0,0.0,0.0,7.104431017996628,7.752931400372055,8.435879315922236,8.897224848976082,9.158514483449489,9.154138707834031,9.354831879255078,9.509501022451207,9.597128560852173,9.830851671096337,10.218618587528349,10.620496695715905,10.958064637024378,11.355999418433644,11.970441541013635,12.382437786762267,12.608290823047446,12.877008603555225,13.201142443938547,13.495600116692376,13.723850363017249,14.008497085013936,14.312138725528062,14.480816357631499,14.645765092848317,14.755609727839092,14.856289505719147,14.974286241625373,15.076984561213122,15.148834262947187,15.223232230182685,15.190378124050364,15.20759825886529,15.213359709246447,15.324179098996094,15.282402690994836,15.17358979996153
0.0,0.0,0.0,0.0,0.0,0.0,0.0,0.0,0.0,0.0,0.0,0.0,0.0,0.0,0.0,0.0,0.0,0.0,0.0,0.0,0.0,0.0,7.210827784884327,7.317519251759825,7.623095742069311,7.809094456567265,7.960703555920477,8.044428321368438,8.052682080809982,8.038762547109197,7.965819059941204,7.97438686750925,6.8675693971156235,0.0,0.0,0.0,0.0,0.0,0.0,0.0,0.0,0.0,7.3154554211049945,7.7334201252006025,8.223011809382001,8.646783029665725,8.917081869991447,9.092587914533784,9.296291525997402,9.46547975618915,9.703443108383155,10.02413870783403,10.353535539204412,10.631139781958254,10.8720242928861,11.326765661889713,11.962423275424245,12.274432523278922,12.557492189867851,12.846496145258964,13.159074845944716,13.525654324906704,13.847662345824826,14.074298065959955,14.278681667648137,14.426328526534352,14.49808205953741,14.603072570434593,14.794550057481773,14.875199100125064,15.04314559669075,15.032959850546447,15.063460007069601,15.099389046552691,15.08299959997862,15.067307293442042,15.071130069077576,15.043778890748523,14.858217829428563
0.0,0.0,0.0,0.0,0.0,0.0,0.0,0.0,0.0,0.0,0.0,0.0,0.0,0.0,0.0,0.0,0.0,0.0,0.0,0.0,0.0,0.0,7.153236572897083,7.346847339983828,7.42414324077037,8.044398364048462,7.856938699584529,7.981617571718826,7.948585266078966,7.918221563623878,7.690702295162525,7.337767205508447,0.0,0.0,0.0,0.0,0.0,0.0,0.0,0.0,0.0,6.437106203127668,7.272708567754615,7.66574992414219,8.16960350717416,8.459357491469117,8.699864580425187,8.879984605564728,9.171136343084186,9.399058035595008,9.732247503384723,10.065599961194827,10.425276437960374,10.829998546151337,11.2828820366376,11.595777446597372,11.909711478228441,12.281474475209137,12.671040207217638,13.123343570718117,13.583762557736627,13.635357386764884,13.820776206069567,13.979775417100736,14.186984561213121,14.268428743824089,14.321355009456342,14.441355009456343,14.660693679519003,14.755704527922314,14.950428797852894,14.941282038801447,14.857841462585082,14.85247076743293,14.907806511929351,14.826008015143445,14.908700477062514,14.834963689342871,14.70758613999321
0.0,0.0,0.0,0.0,0.0,0.0,0.0,0.0,0.0,0.0,0.0,0.0,0.0,0.0,0.0,0.0,0.0,0.0,0.0,0.0,0.0,0.0,7.019772346115405,7.117125563369626,7.361460740528102,7.672040276915716,7.3275864034000255,7.667225461599379,7.603807258365851,7.500471396459788,7.390782332423811,0.0,0.0,0.0,0.0,0.0,0.0,0.0,0.0,0.0,0.0,6.6469830547071425,7.40378519655107,7.766024257253273,8.176728542734523,8.438568159773123,8.579681043029165,8.809613410813258,9.028642479858753,9.2935111983129,9.58525757366181,9.879419152396604,10.296230431024593,10.64376614667564,10.869228782715215,11.220362001976754,11.796964929275866,12.255697834811926,12.730614815652402,12.95942207676292,13.131884820055713,13.381727951657401,13.545176110175387,13.672195232436875,13.823414201274325,13.956595316215461,14.174011961830931,14.219249813237145,14.290340385156625,14.479572095891008,14.563357805629956,14.525667197097885,14.602596724022732,14.6122554004409,14.692241759742643,14.712059930878276,14.728080039609145,14.644256669810808,14.473777244465406
0.0,0.0,0.0,0.0,0.0,0.0,0.0,0.0,0.0,0.0,0.0,0.0,0.0,0.0,0.0,0.0,0.0,0.0,0.0,0.0,0.0,0.0,0.0,0.0,0.0,0.0,0.0,7.082686821811791,7.193238383295113,7.0934553753835266,0.0,0.0,0.0,0.0,0.0,0.0,0.0,0.0,0.0,0.0,0.0,0.0,7.450199924553387,7.7555987855555095,8.118283677201738,8.377386394993678,8.594069497471335,8.820398635288731,8.99974698694802,9.245172168993262,9.488310279424718,9.816510035327871,10.229616081531423,10.623210453691835,10.935310246606635,11.299673026262965,11.675186476474142,12.054601230131082,12.3194287999228,12.601390176479512,12.741377990265798,12.961142443938547,13.191072698019834,13.321072698019835,13.462153347653334,13.544554479731563,13.649903206342616,13.788705065592389,13.944146008694943,14.018705065592389,14.154613763409682,14.20832259840079,14.273655444514064,14.371127602309858,14.42037190324167,14.47944662899833,14.505332012318938,14.556714649380076,14.373393426586244
0.0,0.0,0.0,0.0,0.0,0.0,0.0,0.0,0.0,0.0,0.0,0.0,0.0,0.0,0.0,0.0,0.0,0.0,0.0,0.0,0.0,0.0,0.0,0.0,0.0,0.0,0.0,0.0,0.0,0.0,0.0,0.0,0.0,0.0,0.0,0.0,0.0,0.0,0.0,0.0,0.0,0.0,7.524494804387252,7.759083756821057,8.054620922004396,8.28687370633565,8.533784123507642,8.813720411744761,8.929763135447917,9.181223428437999,9.507166713377,9.932358516001544,10.383869018868968,10.705088006710785,11.045950786480113,11.333449978022937,11.60252607823592,11.887549364884713,12.096357642601763,12.27722222243924,12.424900495951196,12.590465082342124,12.727633585529937,12.874366546411132,12.990822818567153,13.10557897805938,13.227323848265833,13.338246740418644,13.48918906793904,13.68042195666276,13.804351274578561,13.91215069098962,14.014351274578562,14.134781549699742,14.219437045164042,14.214325901596492,14.292602676006823,14.279896860744813,14.168049300150134
0.0,0.0,0.0,0.0,0.0,0.0,0.0,0.0,0.0,0.0,0.0,0.0,0.0,0.0,0.0,0.0,0.0,0.0,0.0,0.0,0.0,0.0,0.0,0.0,0.0,0.0,0.0,0.0,0.0,0.0,0.0,0.0,0.0,0.0,0.0,0.0,0.0,0.0,0.0,0.0,6.662894707523315,7.225693127680579,7.576544097050047,7.860219130014343,8.017896988920757,8.21566086162878,8.459567093155771,8.829284452101064,8.925534379327425,9.1556658972173,9.546569088195618,9.989629968110146,10.323146192280756,10.662813137326182,10.929920981527534,11.15952187476739,11.413322676500059,11.634004847057241,11.873678971006292,11.983207276695136,12.086638365082962,12.193636067934724,12.322780108163844,12.460394683170662,12.582092447643724,12.757061549031093,12.886458286839737,13.035949442236863,13.214496191855595,13.321014209262124,13.476915995779425,13.612803048502746,13.744836729992716,13.86906890454532,13.980052778186057,13.950618053212747,14.01855297940732,14.06784425700787,14.042075320249268
0.0,0.0,0.0,0.0,0.0,0.0,0.0,0.0,0.0,0.0,0.0,0.0,0.0,0.0,0.0,0.0,0.0,0.0,0.0,0.0,0.0,0.0,0.0,0.0,0.0,0.0,0.0,0.0,0.0,0.0,0.0,0.0,0.0,0.0,0.0,0.0,0.0,0.0,0.0,0.0,7.033837642918329,7.36367254163835,7.703077970300114,7.947554328326474,8.068568906016543,8.189296992599324,8.521215085874035,8.756741021582132,8.99240148529285,9.243295730093426,9.542348819252002,9.90299847348352,10.205356401656013,10.462366204378364,10.667784369510933,10.941794413241261,11.140451485775452,11.329157531206127,11.457595261527226,11.592941317285833,11.730006444943466,11.857851530025151,11.926670035020447,12.075946769116053,12.212170003963042,12.411509173595025,12.59217769912149,12.763887036383363,12.957487589500749,13.05596244096862,13.22027562235094,13.305500152494039,13.40581708415259,13.48703388399755,13.57649503237517,13.665626588060348,13.726760581084084,13.814869467743884,13.741175821362472
0.0,0.0,0.0,0.0,0.0,0.0,0.0,0.0,0.0,0.0,0.0,0.0,0.0,0.0,0.0,0.0,0.0,0.0,0.0,0.0,0.0,0.0,0.0,0.0,0.0,0.0,0.0,0.0,0.0,0.0,0.0,0.0,0.0,0.0,0.0,0.0,0.0,0.0,0.0,0.0,7.279367909996477,7.60358108842421,7.814271552000957,7.930403363967016,8.179758162592421,8.488984420567762,8.561486438681904,8.728159272189325,8.915055741845048,9.146847909336184,9.440917192770309,9.7481060275035,10.019835388354617,10.217358674578772,10.467813001348137,10.601188729102637,10.768805931230702,10.9326410154114,11.052469222219617,11.160571458947976,11.316216143501359,11.410482093971892,11.593351316150658,11.741848156108098,11.904867497222455,12.057021800776445,12.2393735176489,12.446328569909433,12.558702881792131,12.75899204536066,12.885177069424804,13.012346269461567,13.111255027196988,13.172092447643724,13.213683108615086,13.33939991108792,13.42939991108792,13.53683855597735,13.502846207766366
0.0,0.0,0.0,0.0,0.0,0.0,0.0,0.0,0.0,0.0,0.0,0.0,0.0,0.0,0.0,0.0,0.0,0.0,0.0,0.0,0.0,0.0,0.0,0.0,0.0,0.0,0.0,0.0,0.0,0.0,0.0,0.0,0.0,0.0,0.0,0.0,7.040594330150844,7.287494960889026,7.469229375124817,7.314965571139216,7.713626724396753,7.863007749991561,8.013800686662947,8.093321364377452,8.30153445536956,8.499698288655653,8.608228508385722,8.704386908152495,8.834386908152494,9.023441679649006,9.297873358714899,9.528881058982757,9.724245427058252,9.940712712530946,10.110934386664173,10.245042275349041,10.404675537291865,10.560017257617325,10.689056708723683,10.760895362186048,10.878637987895337,11.037427511101045,11.2265246075913,11.40656983862667,11.524876055718687,11.7090013464428,11.871197481291112,12.05901953187934,12.230745529813198,12.339373517648902,12.456827692641863,12.635550020911898,12.725864331400734,12.817811943915519,12.895189761644692,12.954829103254372,13.119230153036458,13.219539889488761,13.121563117040083
0.0,0.0,0.0,0.0,0.0,0.0,0.0,0.0,0.0,0.0,0.0,0.0,0.0,0.0,0.0,0.0,0.0,0.0,0.0,0.0,0.0,0.0,0.0,0.0,0.0,0.0,0.0,0.0,0.0,0.0,0.0,0.0,7.541483233703735,7.392127725619128,7.276315365135088,7.222013965883527,7.160059913382738,7.449051826639711,7.485258054098923,7.699511045308062,7.6968684604723565,7.8788406660340495,8.176317317749389,8.28030924504686,8.436545290764064,8.54437793998136,8.578904176504993,8.646735275035748,8.755974534387562,8.878120484151276,9.044761090383128,9.285709696026426,9.430623019965811,9.634458979077904,9.77851088543575,9.877609381584346,10.033510678806998,10.1406366299176,10.19620868418409,10.288629812812678,10.429751014192277,10.634363872570487,10.859201572267658,11.020284884971538,11.221567418931954,11.346620960264515,11.544481163987603,11.657091964694223,11.829909262195761,11.986584113279996,12.116454674256383,12.252263148688776,12.351319974781111,12.535863104327568,12.560006444943467,12.672074575747477,12.766023918264878,12.871654597983264,12.884094061587497
0.0,0.0,0.0,0.0,0.0,0.0,0.0,0.0,0.0,0.0,0.0,0.0,0.0,0.0,0.0,0.0,0.0,0.0,0.0,0.0,0.0,0.0,0.0,0.0,0.0,0.0,0.0,0.0,0.0,7.1460668231177085,7.473653279499965,7.2768000697129125,7.324915134695564,7.439295039205469,7.289390008097288,7.534007839623039,7.637565078342786,7.504436099547361,7.508162553222707,7.744406417386411,8.062140584672452,8.253709082820892,8.390755670969472,8.434425711374562,8.501430069437406,8.444242469556398,8.504206618574328,8.567740907551842,8.656213678309566,8.786798470834313,8.902984567211654,9.016693413408841,9.1671393962744,9.305536541909042,9.386446221762322,9.495840667768766,9.55665253211415,9.648390425141717,9.736677645243272,9.83414399579869,10.01689510783458,10.270420850791014,10.46561500101401,10.670951090595683,10.83363294170518,10.981912033102885,11.148309815514379,11.319461283911622,11.504481163987604,11.67296544156378,11.80856495073247,11.940462942036355,12.093503110877583,12.145456106833693,12.217077099073121,12.352346764632959,12.461829051319695,12.602517393341468,12.517618601955224
0.0,0.0,0.0,0.0,0.0,0.0,0.0,0.0,0.0,0.0,0.0,0.0,0.0,0.0,0.0,0.0,0.0,0.0,0.0,0.0,0.0,0.0,0.0,0.0,0.0,0.0,0.0,0.0,0.0,7.676420840112357,7.588794782068401,7.444481479345878,7.5269928327007145,7.570319206750808,7.552227788632462,7.67939541319685,7.753384511173209,7.736955307816045,7.760732467527051,7.995892197107085,8.22735797826341,8.396920727560753,8.432168291688214,8.489819311719089,8.449951482858175,8.424956451092076,8.390817877248564,8.476882650940125,8.55145487608267,8.611384879467487,8.732622863838701,8.82816071160018,8.89906324460971,8.955198515997404,9.009248831674293,9.052078153797451,9.133590113825527,9.206126351477687,9.31587013955489,9.478781327331381,9.668296915739434,9.884135105450518,10.070088294481149,10.217114488751342,10.42065564274358,10.59574361549127,10.76330916049357,10.924187597326362,11.0768248587768,11.286911625445862,11.460587793800153,11.643894794301726,11.733826847234047,11.821698864691633,11.888327123192319,12.013859383845103,12.093201083238416,12.206109099217544,12.208681382896772
0.0,0.0,0.0,0.0,0.0,0.0,0.0,0.0,0.0,0.0,0.0,0.0,0.0,0.0,0.0,0.0,0.0,0.0,0.0,0.0,0.0,0.0,0.0,0.0,0.0,0.0,0.0,0.0,8.467097273094438,7.645759717000655,7.489773668039457,7.643576347676514,7.600294830958764,7.586961298981936,7.664681864296298,7.771216885282023,7.826110928937197,7.945467792599612,8.00989237204343,7.995627352476255,8.172385878922846,8.29437466552443,8.297950133022036,8.420239234978935,8.323215333800528,8.329211860894972,8.339285768932585,8.35627068135024,8.384498942550131,8.429902488485578,8.509056776014768,8.531377970602714,8.599283191409459,8.652132028540462,8.671009104768734,8.708535886914152,8.767518291610616,8.888185727115678,8.986529354611598,9.148293887302998,9.320063334393225,9.518711693881464,9.680091750302193,9.845649443322213,10.023312613068983,10.21657992769305,10.370219272557947,10.54616206477716,10.726850779121637,10.881693538182786,11.064203903438642,11.1749313753062,11.30653282705962,11.38834737154573,11.5278627106217,11.649885839151198,11.749337357432266,11.86861546249164,11.786313089480343
0.0,0.0,0.0,0.0,0.0,0.0,0.0,0.0,0.0,0.0,0.0,0.0,0.0,0.0,0.0,0.0,0.0,0.0,0.0,0.0,0.0,0.0,0.0,0.0,0.0,0.0,0.0,0.0,8.677980278968777,8.131241288860243,8.015687873309563,7.811568134891414,7.656078479684027,7.6594368983842624,7.8375772067621465,7.798150105898799,7.868146453798004,7.903737821514335,7.846520368686887,7.836911362454502,8.089935902179757,8.14109666650533,8.23175469568583,8.251997020335613,8.257181885514505,8.177137046916476,8.232063718333709,8.18695697754897,8.167808477205737,8.195788987885674,8.20600179893523,8.258437063362873,8.306713025457748,8.365104439555642,8.409609041045648,8.484122814997662,8.529662056669203,8.624452558117426,8.720804529867529,8.836495487351424,9.013152913780893,9.15758600971516,9.326190170575543,9.476398146019674,9.651775488720972,9.835971785647756,10.019497942063772,10.196426178090125,10.326842868530548,10.48091898216425,10.634654124841393,10.79828665682298,10.949039726484063,11.089430948422772,11.22576439978339,11.328783396755384,11.408783396755386,11.513910880006884,11.515697934302766
0.0,0.0,0.0,0.0,0.0,0.0,0.0,0.0,0.0,0.0,0.0,0.0,0.0,0.0,0.0,0.0,0.0,0.0,0.0,0.0,0.0,0.0,0.0,0.0,0.0,0.0,0.0,0.0,0.0,8.711878023234402,8.317854524233647,7.879853062932446,7.94361826371202,8.022131024904525,8.126912459395903,8.142109385597221,7.949352228049474,7.934820855989123,7.932846538693345,8.012190727633959,7.912561298726838,7.999325732548697,8.114638772738246,8.010665825474147,8.035140433061695,8.076142546566448,8.03914834286689,7.980572432017049,7.989609247355674,7.936798793160148,7.951438936102313,8.025297005252348,8.109644572172995,8.141958129514087,8.189824496362863,8.256615839245317,8.328162535031405,8.38537578923572,8.470426776579403,8.54639277706135,8.694466671372496,8.846398941495869,9.010134881942198,9.178366025374485,9.344912017079896,9.511520670510286,9.708973641760407,9.863441640657108,10.014607081148487,10.200230911509948,10.356003052985491,10.529039726484065,10.662722900747703,10.770475645108215,10.89727785147296,10.986543179307386,11.059131965003402,11.105823584609867,11.063066726250328
0.0,0.0,0.0,0.0,0.0,0.0,0.0,0.0,0.0,0.0,0.0,0.0,0.0,0.0,0.0,0.0,0.0,0.0,0.0,0.0,0.0,0.0,0.0,0.0,0.0,0.0,0.0,0.0,0.0,8.507810511033847,8.342526873701967,8.015700300617933,7.990216464088364,8.00623714734891,8.207337263295777,8.180527011034055,7.981805716666246,7.910651203239443,7.716600767457818,7.901145083170441,7.750922522307237,7.823761869300721,7.805571539238081,7.771055643780972,7.886178551635695,7.855321917385497,7.934327793830899,7.983901007682504,7.814660384409066,7.788383436856775,7.771517075659182,7.826062283005573,7.874246587387843,7.927236947816635,7.994829953120334,8.022608725719545,8.105515715520381,8.183751828227319,8.269396830498478,8.345375789235721,8.425361034870807,8.57113869415621,8.744972124858176,8.896244665099552,9.105068490679077,9.26756556409362,9.463818633816706,9.627591473805577,9.800195351709206,9.962656392963822,10.112981222921663,10.26396071612857,10.393052452243065,10.458463295131336,10.563456566446032,10.584594778168398,10.633597653120917,10.732692742301843,10.726461791402773
0.0,0.0,0.0,0.0,0.0,0.0,0.0,0.0,0.0,0.0,0.0,0.0,0.0,0.0,0.0,0.0,0.0,0.0,0.0,0.0,0.0,0.0,0.0,0.0,0.0,0.0,0.0,0.0,8.415406310230711,0.0,7.90842865204013,7.9127797223764444,7.988389883093992,8.149145555655075,7.995084652130531,8.035062112043251,7.856783856034747,7.716654380862796,7.543270208178363,7.456599524917172,7.540467660968197,7.574049773174819,7.667937510846733,7.732656276082986,7.74939087821389,7.753419459755547,7.7584471722124215,7.5890493271795965,7.616731318626525,7.65363442937069,7.6547718234504565,7.650449257546043,7.674728358345321,7.733078298494597,7.764813714755273,7.816108745525992,7.835792465682376,7.9419472681144025,8.051486414196985,8.160656908580947,8.236233105385057,8.356865905365757,8.503199853117781,8.705036668903094,8.907655848051014,9.110047227462506,9.310484676872518,9.463255221433617,9.604039735185198,9.755164125154804,9.89455203674474,9.978598523972654,10.030719728313207,10.120719728313206,10.16512939463592,10.211364152326723,10.284319108972053,10.380765527149297,10.343403620398245
0.0,0.0,0.0,0.0,0.0,0.0,0.0,0.0,0.0,0.0,0.0,0.0,0.0,0.0,0.0,0.0,0.0,0.0,0.0,0.0,0.0,0.0,0.0,0.0,0.0,0.0,0.0,0.0,0.0,0.0,7.698844715448784,7.65257293875871,7.830491368460263,7.939630330639524,7.863835096311057,7.8176219384785455,7.745931554153878,7.5403227320485895,7.471584110298967,7.381082503282964,7.51619286919161,7.515464083611882,7.4528197923257675,7.438051188440589,7.459707677777105,7.466815417498903,7.441862326307291,7.4700923059432,7.430639148941702,7.439862374314498,7.573336121658243,7.551010341485594,7.610249689310522,7.592679977472119,7.609392700818972,7.615884259828345,7.64036694207893,7.748891892745979,7.88780170989148,7.987469545924312,8.079412980567064,8.232227567812822,8.396089575638808,8.550285116445094,8.720215568780048,8.908038906051715,9.05558613872613,9.200311405005047,9.343603297759678,9.458493721466017,9.582229113951156,9.621852834541892,9.70627581134411,9.751515651913959,9.802510237382165,9.853503752842474,9.90668852968607,9.98173881988308,10.017636944834045
0.0,0.0,0.0,0.0,0.0,0.0,0.0,0.0,0.0,0.0,0.0,0.0,0.0,0.0,0.0,0.0,0.0,0.0,0.0,0.0,0.0,0.0,0.0,0.0,0.0,0.0,0.0,0.0,7.872614028168715,7.838871182821055,7.695070679712462,7.52954171829448,7.7700654183736155,7.813338871683559,7.780404961389518,7.661805059720883,7.554914516332538,7.52246926050367,7.458324302098563,7.350644864628164,7.251344298990835,7.246352534280991,7.133352544483796,7.154047332921885,7.1724964908022075,7.167438880703724,7.246686018281735,7.2262826869968,7.2485530221746926,7.365883275122964,7.353060634989025,7.521119471043903,7.5239574310099195,7.473668606048566,7.489651260217034,7.4604812230047415,7.511592174525209,7.586995956728501,7.68746213089426,7.803931257837657,7.901655201932096,8.084436965759405,8.247728800296994,8.426066711661864,8.61251343893055,8.71341076587861,8.826191024995406,8.971754892169798,9.05079555111812,9.160521308758774,9.219204366158259,9.322224902749983,9.355681443616426,9.417548219109545,9.464935159767453,9.5186774433711,9.546181029793448,9.640215158412737,9.671147637368705
0.0,0.0,0.0,0.0,0.0,0.0,0.0,0.0,0.0,0.0,0.0,0.0,0.0,0.0,0.0,0.0,0.0,0.0,0.0,0.0,0.0,0.0,0.0,0.0,0.0,0.0,7.537743987900794,8.021035736189038,7.803506164227761,7.401798062327918,7.354085693170518,7.291107074766004,7.45800221076301,7.568338729961012,7.596681613534907,7.486976133397704,7.428195426085695,7.2582817325174,7.165694664009013,7.099274407171118,7.024392765926529,6.936045267588543,7.119529513755348,7.056535826889937,7.1159452155831495,7.1086487013875415,7.107306106199257,7.104238312826873,7.166593994761893,7.175685414753261,7.176847765748237,7.138744750018422,7.303134936699704,7.301647128997541,7.378549658884001,7.38691334035873,7.32842454852605,7.360836115318268,7.450739060783068,7.586958114377593,7.659697521382248,7.7908063846123,7.960071577251018,8.015928699775541,8.40695375965414,8.572324865227838,8.645546496859536,8.713827716563987,8.75600025279743,8.841069138380904,8.913612354385958,8.997596935512124,9.014450061578259,9.062057805243818,9.101082576520762,9.184699032812102,9.247428963830753,9.335989045360805,9.330274390785409
0.0,0.0,0.0,0.0,0.0,0.0,0.0,0.0,0.0,0.0,0.0,0.0,0.0,0.0,0.0,0.0,0.0,0.0,0.0,0.0,0.0,0.0,0.0,0.0,0.0,7.460346190565947,7.219786058847817,7.166039823797238,6.990617707805622,7.067321385906265,7.129003866211785,6.889023136457554,7.069888888185027,7.038149496103846,6.982120034313693,7.145453732781405,7.246635639752564,7.279561653990494,7.207606348511523,6.994474266091814,0.0,0.0,0.0,0.0,0.0,0.0,0.0,7.014162003176938,6.844153546351456,6.931206060738898,7.027097099023404,7.022393342033145,6.916251243687882,7.071646032310976,7.1650981933814375,7.0510086987363705,7.229364011139283,7.225511569403675,7.2667031708159495,7.328542106058414,7.457058053178842,7.502538739732888,7.6318368131853,7.761685841016805,7.943327043189011,8.201777322374987,8.300094478965201,8.439053843529393,8.484088163187335,8.526933018919173,8.609235581112403,8.674281336785564,8.710367694122937,8.763381678187331,8.792484327395986,8.849888537706004,8.925509475157412,9.05673645920772,9.071624181114121
0.0,0.0,0.0,0.0,0.0,0.0,0.0,0.0,0.0,0.0,0.0,0.0,0.0,0.0,0.0,0.0,0.0,0.0,0.0,0.0,0.0,0.0,0.0,0.0,0.0,0.0,7.237167620647474,7.114495554083984,7.104397575255145,7.1343361367901,6.989569834271203,6.72390977183815,6.799343561884866,7.01434200488778,0.0,0.0,6.661497090873883,0.0,0.0,0.0,0.0,0.0,0.0,0.0,0.0,0.0,0.0,0.0,0.0,6.893459604658583,6.80088716253616,6.693902412352431,6.681543920353243,6.762601268171761,6.784550026599927,6.8482962967698,6.826226804478043,6.862171483552518,7.075364947134791,7.1599464066184595,7.16083125434446,7.272479062147951,7.36842454852605,7.519641136844935,7.714201345138286,7.821931554015553,7.950726186177677,8.069080697456192,8.204531144576649,8.28708068248935,8.333898996850852,8.36883771581073,8.368608816526063,8.427013623997286,8.49848507626473,8.561269989981076,8.627880109185766,8.751085800464741,8.799878972011294
0.0,0.0,0.0,0.0,0.0,0.0,0.0,0.0,0.0,0.0,0.0,0.0,0.0,0.0,0.0,0.0,0.0,0.0,0.0,0.0,0.0,0.0,0.0,0.0,0.0,0.0,0.0,7.306679369303077,6.795952609914129,7.056742804878722,6.828634749139654,6.937884384356004,0.0,0.0,0.0,0.0,0.0,0.0,0.0,0.0,0.0,0.0,0.0,0.0,7.223974019638357,0.0,0.0,0.0,0.0,6.62768949807683,0.0,0.0,0.0,0.0,0.0,0.0,6.5151966738246525,0.0,6.8092942772072815,7.080250200474183,7.089075102917542,7.221409155185625,7.208471828438342,7.270724713491772,7.486946137499729,7.617730168651819,7.705219278768069,7.855779292894358,7.843214272902836,7.889307316057433,7.958359255790538,8.086181431115532,8.130450430197705,8.182847622094014,8.20596227573957,8.302475737618952,8.350544974079265,8.514414877811475,8.507914021068203
0.0,0.0,0.0,0.0,0.0,0.0,0.0,0.0,0.0,0.0,0.0,0.0,0.0,0.0,0.0,0.0,0.0,0.0,0.0,0.0,0.0,0.0,0.0,0.0,0.0,0.0,0.0,7.030318971934061,0.0,0.0,6.728706636052319,0.0,0.0,0.0,0.0,0.0,0.0,0.0,0.0,0.0,0.0,0.0,0.0,0.0,0.0,0.0,0.0,0.0,0.0,0.0,0.0,0.0,0.0,0.0,0.0,0.0,0.0,0.0,0.0,0.0,0.0,0.0,7.100298865527604,7.075058849369997,7.187432867920424,7.412399606151611,7.457888376851512,7.550964009081391,7.704728840236237,7.8334295348356235,7.854967581899696,7.791703150316802,7.866329468002656,7.982864974393207,8.016858320838784,8.090949595945059,8.11914087780255,8.237463839658668,8.237463839658668
0.0,0.0,0.0,0.0,0.0,0.0,0.0,0.0,0.0,0.0,0.0,0.0,0.0,0.0,0.0,0.0,0.0,0.0,0.0,0.0,0.0,0.0,0.0,7.782825314505854,0.0,0.0,0.0,0.0,0.0,0.0,0.0,0.0,0.0,0.0,0.0,0.0,0.0,0.0,0.0,0.0,0.0,0.0,0.0,0.0,0.0,0.0,0.0,0.0,0.0,0.0,0.0,0.0,0.0,0.0,0.0,6.756015714278408,0.0,0.0,0.0,0.0,0.0,0.0,0.0,6.9968295882719564,7.092928659828877,7.2699045579467,7.387928271987863,7.397090290667217,7.571480783520294,7.64458580719335,7.698637873637688,7.8349798549406735,7.78049807868973,7.85615594075474,7.908923737270889,7.9374155219190365,7.96479081962199,8.065867338815528,8.051214451296591
0.0,0.0,0.0,0.0,0.0,0.0,0.0,0.0,0.0,0.0,0.0,0.0,0.0,0.0,0.0,0.0,0.0,0.0,0.0,0.0,7.731014479519899,7.830496976890526,7.8349958602475915,7.700951933362662,7.71096006820906,7.67855736651528,7.565400210362589,0.0,0.0,0.0,0.0,0.0,0.0,0.0,0.0,0.0,0.0,0.0,0.0,0.0,0.0,0.0,0.0,0.0,0.0,0.0,0.0,0.0,0.0,0.0,0.0,0.0,7.197071630267477,7.0178190017486966,6.733802365697143,6.868108390911948,6.632289442563315,0.0,0.0,0.0,6.668728033079148,0.0,0.0,0.0,0.0,7.006987808898555,7.128761680434351,7.244039784000366,7.398354086743854,7.480832531348536,7.532905984223969,7.630708939510209,7.6469899064592655,7.6869616603384525,7.7326022252342135,7.775160387644699,7.831172466560725,7.938303730782362,7.956791155176923
0.0,0.0,0.0,0.0,0.0,0.0,0.0,0.0,0.0,0.0,0.0,0.0,0.0,0.0,0.0,0.0,0.0,0.0,0.0,7.84677974391988,7.769355581054873,7.838716479781917,7.818495045085047,7.808495045085047,7.63881435039414,7.640948494866738,0.0,0.0,0.0,0.0,0.0,0.0,0.0,0.0,0.0,0.0,0.0,0.0,0.0,0.0,0.0,7.091697104327449,0.0,7.738502165548075,0.0,0.0,0.0,0.0,0.0,0.0,0.0,0.0,0.0,7.1646478721834015,6.939862764097269,6.966568591070602,6.705429292048785,6.648008555239789,0.0,0.0,0.0,6.607928178842489,0.0,0.0,0.0,6.837213958297877,6.912656059464528,7.085912070940424,7.2156912416876455,7.2278520668540205,7.357236214218127,7.393087062120397,7.552664932636748,7.464671220490313,7.49246499391971,7.507334211829459,7.578913047488617,7.752533886960346,7.7425309661510155
0.0,0.0,0.0,0.0,0.0,0.0,0.0,0.0,0.0,0.0,0.0,0.0,0.0,0.0,0.0,0.0,0.0,7.689426844139078,7.7163986528266575,7.766078134009944,7.645074354340085,7.8682983330844225,7.656656590812716,7.558910551571109,7.520868237360925,7.424793859524847,0.0,0.0,0.0,0.0,0.0,0.0,0.0,0.0,0.0,0.0,0.0,0.0,0.0,0.0,0.0,0.0,7.010440573556376,7.340711945856016,0.0,0.0,0.0,0.0,0.0,0.0,0.0,0.0,7.3477560577785965,0.0,7.226580707134486,6.959084025461772,6.755887818670132,6.823634226272541,6.597663427586906,0.0,0.0,0.0,0.0,0.0,0.0,6.7863572141711375,0.0,6.9443656374281115,6.938419103294122,7.092191260013844,7.169543621300234,7.185327794332203,7.232113959672931,7.303381702406635,7.270068865318313,7.468880600323272,7.407769127955801,7.4958081337498745,7.550533401339241
0.0,0.0,0.0,0.0,0.0,0.0,0.0,0.0,0.0,0.0,0.0,0.0,0.0,0.0,0.0,0.0,7.37127518242072,7.667342010603119,7.934527112140877,7.786051036375169,7.676438752473201,7.6285449631043045,7.578756063609658,7.5404967865140815,7.478864975155536,7.360754805565474,0.0,0.0,0.0,0.0,0.0,0.0,0.0,0.0,0.0,0.0,0.0,0.0,0.0,0.0,0.0,0.0,0.0,0.0,6.840781919104508,6.92599027078972,7.158025209102119,0.0,0.0,0.0,0.0,0.0,0.0,0.0,0.0,0.0,0.0,6.9792230572021525,0.0,0.0,0.0,0.0,0.0,0.0,0.0,0.0,6.721888385709304,0.0,0.0,6.913927336427478,6.976289286676062,6.947523153819662,7.096718202807896,7.137242807057273,7.117088247877701,7.156790946548359,7.17903174855243,7.299388954184865,7.253875203361542
0.0,0.0,0.0,0.0,0.0,0.0,0.0,0.0,0.0,0.0,0.0,0.0,0.0,0.0,7.03630479128551,7.021588732521148,7.185790316273453,7.3540497616254505,7.385517781833503,7.519308392726549,7.503842001008515,7.5155619172078465,7.558890613523883,7.598280465525834,7.7202373599638205,6.98986244228303,0.0,0.0,0.0,0.0,0.0,0.0,0.0,0.0,0.0,0.0,0.0,0.0,0.0,0.0,0.0,0.0,0.0,0.0,0.0,0.0,0.0,0.0,0.0,0.0,6.728594562874725,0.0,0.0,0.0,0.0,0.0,0.0,0.0,6.9554818036181025,0.0,0.0,0.0,0.0,0.0,0.0,0.0,0.0,6.701888385709304,0.0,0.0,6.876787754988599,6.875366016436267,6.970652933716086,6.927445396126604,6.9319279312487785,7.056714922506878,7.08375143434793,7.1493741845638805,7.098476504940496
0.0,0.0,6.857131410589619,6.850335955664404,6.613536588857397,0.0,0.0,0.0,6.592709415188283,0.0,0.0,0.0,0.0,6.9348051206045,6.721949342319133,6.939339677427461,7.056243224108126,7.128433716485948,7.261149618045875,7.371542853075253,7.38704919304708,7.368173892637907,7.346080438027817,7.34358791540912,7.303790101555511,7.243346307844555,0.0,0.0,0.0,0.0,0.0,0.0,0.0,0.0,0.0,0.0,0.0,0.0,0.0,0.0,0.0,0.0,0.0,0.0,0.0,0.0,0.0,0.0,0.0,0.0,0.0,0.0,0.0,0.0,0.0,0.0,0.0,0.0,0.0,0.0,0.0,0.0,0.0,0.0,0.0,0.0,0.0,0.0,0.0,0.0,0.0,0.0,6.893927354700196,6.8505162571194465,6.841094852462561,6.834374964450772,6.915379141765969,6.960373371129851,6.909581265670344
0.0,0.0,7.162377966272766,7.273238247438646,7.09476030505002,7.0577427305253915,6.904467312325594,6.8530022750761335,6.890604019526509,6.956049532886542,6.916385840313935,7.0184868091798,6.957629255870806,6.769821878529697,6.835574411773989,6.778182839602221,6.840728987161124,6.966777001246873,7.187669855650964,7.379173916444515,7.415987569595968,7.310072319866712,7.181155088899218,7.194997167856142,7.130380561347895,0.0,0.0,0.0,0.0,0.0,0.0,0.0,0.0,0.0,0.0,0.0,0.0,0.0,0.0,0.0,0.0,0.0,0.0,0.0,0.0,0.0,0.0,0.0,0.0,0.0,0.0,0.0,0.0,0.0,0.0,0.0,0.0,0.0,0.0,0.0,0.0,0.0,0.0,0.0,0.0,0.0,0.0,0.0,0.0,0.0,0.0,0.0,0.0,6.704335693961304,6.796245927556874,6.91188197192567,6.86703018405935,6.883247380522931,6.8732473805229315
0.0,7.290885131361818,7.774887878552399,7.505270220822776,7.491406310132638,7.329701297609297,7.224408564297622,7.184890344937293,7.109935638087387,6.94266134608243,6.914026604804872,6.921362731018219,6.842365539200719,6.861251411127027,6.861251411127027,6.901859154299196,6.9562892866760615,6.896137869921156,7.128559876448424,7.249274685830547,7.25359669588513,7.393385129375558,0.0,0.0,0.0,0.0,0.0,0.0,0.0,0.0,0.0,0.0,0.0,0.0,0.0,0.0,0.0,0.0,0.0,0.0,0.0,0.0,0.0,0.0,0.0,0.0,0.0,0.0,0.0,0.0,0.0,0.0,0.0,0.0,0.0,0.0,0.0,0.0,0.0,0.0,0.0,0.0,0.0,0.0,0.0,0.0,0.0,0.0,0.0,0.0,0.0,0.0,0.0,0.0,6.470041760116458,6.645150897055522,6.712745976991233,6.74224227259017,6.69286855473681
7.19494071502063,7.360290667907089,7.444746016744302,7.731141625322822,7.82503755600629,7.682571382860923,7.498096256945525,7.3995100427735006,7.283801014394356,7.1860406573561235,7.098952781332171,6.994361639606274,6.943374221349021,6.955930080377529,6.893147172033078,7.013815336840614,7.0343192718448835,6.958405664003307,6.968108402602471,7.066075524444718,0.0,0.0,0.0,0.0,0.0,0.0,0.0,0.0,0.0,0.0,0.0,0.0,0.0,0.0,0.0,0.0,0.0,0.0,0.0,0.0,0.0,0.0,0.0,0.0,0.0,0.0,0.0,0.0,0.0,0.0,0.0,0.0,0.0,0.0,0.0,0.0,0.0,0.0,0.0,0.0,0.0,0.0,0.0,0.0,0.0,0.0,0.0,0.0,0.0,0.0,0.0,0.0,0.0,0.0,0.0,6.382709914118879,6.472054607645344,6.543047469891693,6.531456208682014
7.041720136619407,6.809123199542395,0.0,7.97546363425585,8.038459452591571,7.957223787120377,7.75522134272248,7.64879185505959,7.464497683997167,7.366192744088302,7.25552003566448,7.091637387459498,7.0197169998911555,7.004554463126368,6.998607929585616,7.003463175866006,7.041213200650802,6.981486988562473,6.907568514020698,7.141501580545276,7.241407257627486,7.408883032498588,7.350970044570774,0.0,6.696707602044546,0.0,0.0,0.0,0.0,0.0,0.0,0.0,0.0,0.0,0.0,0.0,0.0,0.0,0.0,0.0,0.0,0.0,0.0,0.0,0.0,0.0,0.0,0.0,0.0,0.0,0.0,0.0,0.0,0.0,0.0,0.0,0.0,0.0,0.0,0.0,0.0,0.0,0.0,0.0,0.0,0.0,0.0,0.0,0.0,0.0,0.0,0.0,0.0,0.0,0.0,0.0,6.2371437500401985,6.3233123903878585,6.3071208544522674
7.200837852778089,7.287770909362843,0.0,8.03325315310099,8.219620534332,8.13574799377442,7.975309306368663,7.796449010876422,7.5854246274362,7.44230289976321,7.329427495450181,7.190132840646168,7.158182887316215,7.102881676823456,7.009069743574934,7.103971627189563,7.0522175149202475,7.200266091544238,7.241561223768906,7.110726631569519,7.162080539947231,7.041653098373784,7.220514545802821,7.103629067821442,0.0,0.0,0.0,0.0,0.0,0.0,0.0,0.0,0.0,0.0,0.0,0.0,0.0,0.0,0.0,0.0,0.0,0.0,0.0,0.0,0.0,0.0,0.0,0.0,0.0,0.0,0.0,0.0,0.0,0.0,0.0,0.0,0.0,0.0,0.0,0.0,0.0,0.0,0.0,0.0,0.0,0.0,0.0,0.0,0.0,0.0,0.0,0.0,0.0,0.0,0.0,0.0,0.0,0.0,0.0
0.0,0.0,0.0,7.984749296247042,8.238268279970006,8.166543153923055,8.0375136503438,7.867694285908566,7.6798354848352215,7.53154193881001,7.426040177528639,7.25474919351257,7.200335801285225,7.169219962737982,7.1459169911165885,7.198807674423429,7.255204116056278,7.295735349972369,7.333389526094219,7.3214805848821225,7.365685185988893,7.425894303464567,7.33603033441922,0.0,0.0,0.0,0.0,0.0,0.0,0.0,0.0,0.0,0.0,0.0,0.0,0.0,0.0,0.0,0.0,0.0,0.0,0.0,0.0,0.0,0.0,0.0,0.0,0.0,0.0,0.0,0.0,0.0,0.0,0.0,0.0,0.0,0.0,0.0,0.0,0.0,0.0,0.0,0.0,0.0,0.0,0.0,0.0,0.0,0.0,0.0,0.0,0.0,0.0,0.0,0.0,0.0,0.0,0.0,0.0
0.0,0.0,0.0,8.197133266104798,8.097941017531,8.125746143411572,8.017946828245162,7.867580555113048,7.7087938809050724,7.557636522197015,7.424856548557075,7.329456052704966,7.36419579139633,7.2889061907816455,7.292179404469372,7.280299413513202,7.369991524306154,7.451606923354362,7.539148660734028,7.392200397081469,7.421646725728432,7.48313545496686,7.760239444693063,0.0,0.0,0.0,0.0,0.0,0.0,0.0,0.0,0.0,0.0,0.0,0.0,0.0,0.0,0.0,0.0,0.0,0.0,0.0,0.0,0.0,0.0,0.0,0.0,0.0,0.0,0.0,0.0,0.0,0.0,0.0,0.0,0.0,0.0,0.0,0.0,0.0,0.0,0.0,0.0,0.0,0.0,0.0,0.0,0.0,0.0,0.0,0.0,0.0,0.0,0.0,0.0,0.0,0.0,0.0,0.0
0.0,0.0,0.0,7.318349577784787,7.848938964438953,8.061196093159555,7.987692116788493,7.879622758298481,7.820798055334157,7.631312363510006,7.479439779088508,7.431089498329171,7.491849729523107,7.4806689290062796,7.524751556527896,7.4616513732488094,7.460224658342356,7.519326447246729,7.677226228791525,7.5855030764686555,7.580045918169409,0.0,0.0,0.0,0.0,0.0,0.0,0.0,0.0,0.0,0.0,0.0,0.0,0.0,0.0,0.0,0.0,0.0,0.0,0.0,0.0,0.0,0.0,0.0,0.0,0.0,0.0,0.0,0.0,0.0,0.0,0.0,0.0,0.0,0.0,0.0,0.0,0.0,0.0,0.0,0.0,0.0,0.0,0.0,0.0,0.0,0.0,0.0,0.0,0.0,0.0,0.0,0.0,0.0,0.0,0.0,0.0,0.0,0.0
0.0,0.0,0.0,7.177881048141327,7.638567873065053,7.924879067043184,7.950193389557918,7.9756635141343715,7.869255656428285,7.742709730917761,7.628255180717277,7.6017056958291915,7.634689721718706,7.690348713835341,7.717984181320639,7.608609360732298,7.675136036411794,7.72628022840234,7.749478468495549,7.806634081876236,7.826839311342426,0.0,0.0,0.0,0.0,0.0,0.0,0.0,0.0,0.0,0.0,0.0,0.0,0.0,0.0,0.0,0.0,0.0,0.0,0.0,0.0,0.0,0.0,0.0,0.0,0.0,0.0,0.0,0.0,0.0,0.0,0.0,0.0,0.0,0.0,0.0,0.0,0.0,0.0,0.0,0.0,0.0,0.0,0.0,0.0,0.0,0.0,0.0,0.0,0.0,0.0,0.0,0.0,0.0,0.0,0.0,0.0,0.0,0.0
0.0,0.0,0.0,0.0,7.412965208942263,7.75593264059113,7.883796080195853,7.901635546863724,7.823415039007362,7.7779510186483805,7.675449350088487,7.715623793380812,7.8827694958107895,7.906097704416547,7.849058143521166,7.842470427684735,7.9317811052678096,7.983610671841109,7.826562282232922,7.756681258080786,7.823677142013808,0.0,0.0,0.0,0.0,0.0,0.0,0.0,0.0,0.0,0.0,0.0,0.0,0.0,0.0,0.0,0.0,0.0,0.0,0.0,0.0,0.0,0.0,0.0,0.0,0.0,0.0,0.0,0.0,0.0,0.0,0.0,0.0,0.0,0.0,0.0,0.0,0.0,0.0,0.0,0.0,0.0,0.0,0.0,0.0,0.0,0.0,0.0,0.0,0.0,0.0,0.0,0.0,0.0,0.0,0.0,0.0,0.0,0.0
0.0,0.0,0.0,0.0,7.237035432992493,7.657542949978266,7.732092604297615,7.785511392888593,7.7867239342563135,7.737821200097827,7.687298952941103,7.8189213099390225,7.984709043852266,8.035664229977774,7.989049603093392,8.319468083785564,8.385835325287987,8.253033925507633,8.034461309757452,0.0,0.0,0.0,0.0,0.0,0.0,0.0,0.0,0.0,0.0,0.0,0.0,0.0,0.0,0.0,0.0,0.0,0.0,0.0,0.0,0.0,0.0,0.0,0.0,0.0,0.0,0.0,0.0,0.0,0.0,0.0,0.0,0.0,0.0,0.0,0.0,0.0,0.0,0.0,0.0,0.0,0.0,0.0,0.0,0.0,0.0,0.0,0.0,0.0,0.0,0.0,0.0,0.0,0.0,0.0,0.0,0.0,0.0,0.0,0.0
0.0,0.0,0.0,0.0,7.392582407151246,7.600884144546798,7.687305486593189,7.670184930080822,7.675508039585724,7.607471412987602,7.625921664106937,7.72397965339073,7.838908234103666,7.83215058140589,7.953969623235589,8.031725388523983,8.456839535905242,0.0,0.0,0.0,0.0,0.0,0.0,0.0,0.0,0.0,0.0,0.0,0.0,0.0,0.0,0.0,0.0,0.0,0.0,0.0,0.0,0.0,0.0,0.0,0.0,0.0,0.0,0.0,0.0,0.0,0.0,0.0,0.0,0.0,0.0,0.0,0.0,0.0,0.0,0.0,0.0,0.0,0.0,0.0,0.0,0.0,0.0,0.0,0.0,0.0,0.0,0.0,0.0,0.0,0.0,0.0,0.0,0.0,0.0,0.0,0.0,0.0,0.0
0.0,0.0,0.0,0.0,7.364401026146345,7.554195752343045,7.61102200683459,7.679134351340171,7.604788430991237,7.466940585125428,7.537435509975313,7.519751313696917,7.535283931960646,7.659746398343654,7.726398652826657,0.0,0.0,0.0,0.0,0.0,0.0,0.0,0.0,0.0,0.0,0.0,0.0,0.0,0.0,0.0,0.0,0.0,0.0,0.0,0.0,0.0,0.0,0.0,0.0,0.0,0.0,0.0,0.0,0.0,0.0,0.0,0.0,0.0,0.0,0.0,0.0,0.0,0.0,0.0,0.0,0.0,0.0,0.0,0.0,0.0,0.0,0.0,0.0,0.0,0.0,0.0,0.0,0.0,0.0,0.0,0.0,0.0,0.0,0.0,0.0,0.0,0.0,0.0,0.0
0.0,0.0,0.0,0.0,7.192635310177127,7.570144980516329,7.6275509543138575,7.580928541069509,7.416056252236631,7.346578438339314,7.353311252112056,7.3128174982605785,7.31462118900094,7.324687729062182,7.450018943363116,0.0,7.617870598549842,7.693233532797599,7.935040680356656,0.0,0.0,0.0,0.0,0.0,0.0,0.0,0.0,0.0,0.0,0.0,0.0,0.0,0.0,0.0,0.0,0.0,0.0,0.0,0.0,0.0,0.0,0.0,0.0,0.0,0.0,0.0,0.0,0.0,0.0,0.0,0.0,0.0,0.0,0.0,0.0,0.0,0.0,0.0,0.0,0.0,0.0,0.0,0.0,0.0,0.0,0.0,0.0,0.0,0.0,0.0,0.0,0.0,0.0,0.0,0.0,0.0,0.0,0.0,0.0
0.0,0.0,0.0,0.0,0.0,7.145206824107982,7.25880905615047,7.28463310276388,7.340215031074005,7.225618565998575,7.212019684024595,7.159896395934139,7.200068463734272,7.271865356381933,7.2477988642657785,7.208991535478878,0.0,0.0,0.0,0.0,7.621483233703735,0.0,0.0,0.0,0.0,0.0,0.0,0.0,0.0,0.0,0.0,0.0,0.0,0.0,0.0,0.0,0.0,0.0,0.0,0.0,0.0,0.0,0.0,0.0,0.0,0.0,0.0,0.0,0.0,0.0,0.0,0.0,0.0,0.0,0.0,0.0,0.0,0.0,0.0,0.0,0.0,0.0,0.0,0.0,0.0,0.0,0.0,0.0,0.0,0.0,0.0,0.0,0.0,0.0,0.0,0.0,0.0,0.0,0.0
0.0,0.0,0.0,0.0,0.0,7.185343805467746,7.441820496832392,7.315248919974408,7.039018521081179,7.105994198634933,7.122061815278657,7.080991287120048,7.171535984559099,7.089403807680453,7.264385433008568,7.267208439124367,7.32757900752426,7.236809491681296,7.224041704610652,7.334057482631888,7.521062954829084,0.0,0.0,0.0,0.0,0.0,0.0,0.0,0.0,0.0,0.0,0.0,0.0,0.0,0.0,0.0,0.0,0.0,0.0,0.0,0.0,0.0,0.0,0.0,0.0,0.0,0.0,0.0,0.0,0.0,0.0,0.0,0.0,0.0,0.0,0.0,0.0,0.0,0.0,0.0,0.0,0.0,0.0,0.0,0.0,0.0,0.0,0.0,0.0,0.0,0.0,0.0,0.0,0.0,0.0,0.0,0.0,0.0,0.0
0.0,0.0,0.0,0.0,0.0,0.0,0.0,0.0,6.5727880460407,6.9442924086051585,6.946222395473528,7.000238966218171,6.997300501264945,7.016057312487896,7.030751129818777,7.075958382461256,7.122318265876568,7.121102580412496,0.0,6.803922617049814,0.0,0.0,0.0,0.0,0.0,0.0,0.0,0.0,0.0,0.0,0.0,0.0,0.0,0.0,0.0,0.0,0.0,0.0,0.0,0.0,0.0,0.0,0.0,0.0,0.0,0.0,0.0,0.0,0.0,0.0,0.0,0.0,0.0,0.0,0.0,0.0,0.0,0.0,0.0,0.0,0.0,0.0,0.0,0.0,0.0,0.0,0.0,0.0,0.0,0.0,0.0,0.0,0.0,0.0,0.0,0.0,0.0,0.0,0.0
0.0,0.0,0.0,0.0,0.0,0.0,0.0,0.0,0.0,6.706466797255484,6.80136578713222,6.862366101245174,6.883477301227201,6.8485387167173215,6.8835835449302385,6.940231407541417,0.0,0.0,0.0,0.0,0.0,0.0,0.0,0.0,0.0,0.0,0.0,0.0,0.0,0.0,0.0,0.0,0.0,0.0,0.0,0.0,0.0,0.0,0.0,0.0,0.0,0.0,0.0,0.0,0.0,0.0,0.0,0.0,0.0,0.0,0.0,0.0,0.0,0.0,0.0,0.0,0.0,0.0,0.0,0.0,0.0,0.0,0.0,0.0,0.0,0.0,0.0,0.0,0.0,0.0,0.0,0.0,0.0,0.0,0.0,0.0,0.0,0.0,0.0
0.0,0.0,0.0,0.0,0.0,0.0,0.0,0.0,0.0,6.718273811328641,0.0,0.0,0.0,0.0,0.0,0.0,0.0,0.0,0.0,0.0,0.0,0.0,0.0,0.0,0.0,0.0,0.0,0.0,0.0,0.0,0.0,0.0,0.0,0.0,0.0,0.0,0.0,0.0,0.0,0.0,0.0,0.0,0.0,0.0,0.0,0.0,0.0,0.0,0.0,0.0,0.0,0.0,0.0,0.0,0.0,0.0,0.0,0.0,0.0,0.0,0.0,0.0,0.0,0.0,0.0,0.0,0.0,0.0,0.0,0.0,0.0,0.0,0.0,0.0,0.0,0.0,0.0,0.0,0.0
0.0,0.0,0.0,0.0,0.0,0.0,0.0,0.0,0.0,0.0,0.0,0.0,0.0,0.0,0.0,0.0,0.0,0.0,0.0,0.0,0.0,0.0,0.0,0.0,0.0,0.0,0.0,0.0,0.0,0.0,0.0,0.0,0.0,0.0,0.0,0.0,0.0,0.0,0.0,0.0,0.0,0.0,0.0,0.0,0.0,0.0,0.0,0.0,0.0,0.0,0.0,0.0,0.0,0.0,0.0,0.0,0.0,0.0,0.0,0.0,0.0,0.0,0.0,0.0,0.0,0.0,0.0,0.0,0.0,0.0,0.0,0.0,0.0,0.0,0.0,0.0,0.0,0.0,0.0
0.0,0.0,0.0,0.0,0.0,0.0,0.0,0.0,0.0,0.0,0.0,0.0,0.0,0.0,0.0,0.0,0.0,0.0,0.0,0.0,0.0,0.0,0.0,0.0,0.0,0.0,0.0,0.0,0.0,0.0,0.0,0.0,0.0,0.0,0.0,0.0,0.0,0.0,0.0,0.0,0.0,0.0,0.0,0.0,0.0,0.0,0.0,0.0,0.0,0.0,0.0,0.0,0.0,0.0,0.0,0.0,0.0,0.0,0.0,0.0,0.0,0.0,0.0,0.0,0.0,0.0,0.0,0.0,0.0,0.0,0.0,0.0,0.0,0.0,0.0,0.0,0.0,0.0,0.0
0.0,0.0,0.0,0.0,0.0,0.0,0.0,0.0,0.0,0.0,0.0,0.0,0.0,0.0,0.0,0.0,0.0,0.0,0.0,0.0,0.0,0.0,0.0,0.0,0.0,0.0,0.0,0.0,0.0,0.0,0.0,0.0,0.0,0.0,0.0,0.0,0.0,0.0,0.0,0.0,0.0,0.0,0.0,0.0,0.0,0.0,0.0,0.0,0.0,0.0,0.0,0.0,0.0,0.0,0.0,0.0,0.0,0.0,0.0,0.0,0.0,0.0,0.0,0.0,0.0,0.0,0.0,0.0,0.0,0.0,0.0,0.0,0.0,0.0,0.0,0.0,0.0,0.0,0.0
0.0,0.0,0.0,0.0,0.0,0.0,0.0,0.0,0.0,0.0,0.0,0.0,0.0,0.0,0.0,0.0,0.0,0.0,0.0,0.0,0.0,0.0,0.0,0.0,0.0,0.0,0.0,0.0,0.0,0.0,0.0,0.0,0.0,0.0,0.0,0.0,0.0,0.0,0.0,0.0,0.0,0.0,0.0,0.0,0.0,0.0,0.0,0.0,0.0,0.0,0.0,0.0,0.0,0.0,0.0,0.0,0.0,0.0,0.0,0.0,0.0,0.0,0.0,0.0,0.0,0.0,0.0,0.0,0.0,0.0,0.0,0.0,0.0,0.0,0.0,0.0,0.0,0.0,0.0
