0.0,0.0,0.0,0.0,0.0,0.0,0.0,0.0,0.0,0.0,0.0,0.0,0.0,0.0,0.0,0.0,0.0,0.0,0.0,0.0,0.0,0.0,0.0,0.0,0.0,0.0,0.0,0.0,0.0,0.0,0.0,0.0,0.0,0.0,0.0,0.0,0.0,0.0,0.0,0.0,0.0,0.0,0.0,0.0,0.0,0.0,0.0,0.0,9.791493638758842,10.11388370123618,10.615698594174486,10.964287437679248,11.595929563684546,11.723608663747605,12.088692063664892,11.870666857848839,11.83768994449839,11.690538446520044,11.831970129509589,11.68412864990908,11.78412864990908,11.576372724096588,11.58611669101411,11.69982232144878,11.886225701556738,11.361033223539984,10.908390068211316,9.863981554189952,9.414346013829615,9.880024147203127,10.525954277356366,10.879949140810735,11.233473537870335,11.594449998487834,12.09868361623983,12.166725583808057,12.4463965269411,12.425004027033495,12.626725583808057
0.0,0.0,0.0,0.0,0.0,0.0,0.0,0.0,0.0,0.0,0.0,0.0,0.0,0.0,0.0,0.0,0.0,0.0,0.0,0.0,0.0,0.0,0.0,0.0,0.0,0.0,0.0,0.0,0.0,0.0,0.0,0.0,0.0,0.0,0.0,0.0,0.0,0.0,0.0,0.0,0.0,0.0,0.0,0.0,0.0,0.0,0.0,0.0,9.824991146331419,10.308889181293065,10.796258850164175,11.25411352419565,11.688569532691316,12.011366868559135,12.32846121017022,12.373511273160673,12.200597674312844,12.153839856958918,12.224409170611338,12.156409777067275,12.074142269588092,12.062473539356487,12.122148281168611,11.983446787005615,11.759413518610817,11.803164156819962,11.699400915961373,9.621367361321795,9.13525545725547,11.001713913009807,11.83222878466076,11.802919111699715,12.302099373974217,12.500381629159616,12.732225942953427,12.916809314881263,13.052090756303732,13.137869415510199,13.01420513875129
0.0,0.0,0.0,0.0,0.0,0.0,0.0,0.0,0.0,0.0,0.0,0.0,0.0,0.0,0.0,0.0,0.0,0.0,0.0,0.0,0.0,0.0,0.0,0.0,0.0,0.0,0.0,0.0,0.0,0.0,0.0,0.0,0.0,0.0,0.0,0.0,0.0,0.0,0.0,0.0,0.0,0.0,0.0,0.0,0.0,0.0,0.0,0.0,9.453620602661081,10.087948809222738,10.73708838333066,11.2664217722494,11.627217402717829,12.00396701430865,12.36219486447048,12.64431263244089,12.734109330191847,12.837402960325889,12.76623379170319,12.746757865348313,12.69501932121941,12.725062598639521,12.509088117366012,12.359088117366012,12.482224312028986,11.664264800787459,9.189063130835153,9.946584040629446,11.456533677649833,11.573931068178975,12.13340283961759,12.52219486447048,12.828236423723908,13.150395819235708,13.434490804143394,13.32556649762988,13.537901308446814,13.717272182186369,13.687272182186367
0.0,0.0,0.0,0.0,0.0,0.0,0.0,0.0,0.0,0.0,0.0,0.0,0.0,0.0,0.0,0.0,0.0,0.0,0.0,0.0,0.0,0.0,0.0,0.0,0.0,0.0,0.0,0.0,0.0,0.0,0.0,0.0,0.0,0.0,0.0,0.0,0.0,0.0,0.0,0.0,0.0,0.0,0.0,0.0,0.0,0.0,0.0,0.0,9.766111576197394,10.296191005534702,10.82254678077027,11.453360134719254,11.848100664100675,11.906632131374138,12.10977641509086,12.482292352015543,12.695996924422081,12.944367725961486,12.965542614247024,13.169591719826743,13.194587143820105,13.25288483098271,13.197771193271784,12.931220268184749,12.667456662542438,12.382011693211338,11.724266853886826,12.194537906707183,12.292375914543289,12.648633722803059,12.944333018607061,13.218650593197854,13.553004783664974,13.823729006476277,13.824178263970806,13.912240932849693,14.075851814917979,14.404926270437624,14.284440285346966
0.0,0.0,0.0,0.0,0.0,0.0,0.0,0.0,0.0,0.0,0.0,0.0,0.0,0.0,0.0,0.0,0.0,0.0,0.0,0.0,0.0,0.0,0.0,0.0,0.0,0.0,0.0,0.0,0.0,0.0,0.0,0.0,0.0,0.0,0.0,0.0,0.0,0.0,0.0,0.0,0.0,0.0,0.0,0.0,0.0,0.0,8.930677987497385,9.575385460775752,10.015411052446439,10.246821134926048,10.635259060640724,11.3851220410427,11.90275433375026,11.952522853869453,12.102522853869456,12.394266853886826,12.74924351866255,12.957669165722175,13.033750779574664,13.245902089121312,13.383450892253197,13.715318622856216,13.43421534932925,13.504215349329248,12.46014428643732,12.200005364674814,12.5685237383985,12.812351126599843,13.04136920332498,13.357385294935085,13.639841484230248,13.919970336726212,14.221711625440655,14.367070568894732,14.42641707097508,14.59305874186655,14.91048265451575,15.263300254647838,15.268493173880227
0.0,0.0,0.0,0.0,0.0,0.0,0.0,0.0,0.0,0.0,0.0,0.0,0.0,0.0,0.0,0.0,0.0,0.0,0.0,0.0,0.0,0.0,0.0,0.0,0.0,0.0,0.0,0.0,0.0,0.0,0.0,0.0,0.0,0.0,0.0,0.0,0.0,0.0,0.0,0.0,0.0,0.0,0.0,0.0,0.0,0.0,9.198879704265503,9.847146176725925,10.05127508242019,10.163078418022103,10.493895442565023,11.111847438350239,11.597512308645348,11.91707816634785,12.142997329928633,12.384133010312244,12.661460290162076,12.883750779574665,13.183222896102725,13.189107007539867,13.162317445443728,13.038209872271398,13.341079399684059,12.55722532013873,10.822765217424688,11.51232176771235,12.086751744687732,12.735819445133282,13.259859139879524,13.703367498654774,14.051232195335288,14.426361635746726,14.747745352479171,15.10656948244117,15.201476985136267,15.474001465073506,15.703766078465499,15.957515254014607,15.747288601601149
0.0,0.0,0.0,0.0,0.0,0.0,0.0,0.0,0.0,0.0,0.0,0.0,0.0,0.0,0.0,0.0,0.0,0.0,0.0,0.0,0.0,0.0,0.0,0.0,0.0,0.0,0.0,0.0,0.0,0.0,0.0,0.0,0.0,0.0,0.0,0.0,0.0,0.0,0.0,0.0,0.0,0.0,0.0,0.0,0.0,0.0,9.429020280205846,10.314982860303845,10.468922316563017,10.468817146205367,10.3487815929308,10.729557167910746,11.235371937476996,11.607564833685306,12.010089092454788,12.226140042386591,12.440707990574804,12.740090932151839,12.777225320138733,13.131711625440655,13.554391178209823,13.851930308107999,11.745121923678624,10.59228848122078,11.575004468788997,11.93629051639541,12.581057716145281,13.012387060133808,13.396061799969807,13.786298608791139,14.217540628226221,14.652995265018868,15.096432610369654,15.288090013159495,15.543570166246788,15.938690364854683,16.30147686161923,16.648063237140118,16.461292079098552
0.0,0.0,0.0,0.0,0.0,0.0,0.0,0.0,0.0,0.0,0.0,0.0,0.0,0.0,0.0,0.0,0.0,0.0,0.0,0.0,0.0,0.0,0.0,0.0,0.0,0.0,0.0,0.0,0.0,0.0,0.0,0.0,0.0,0.0,0.0,0.0,0.0,0.0,0.0,0.0,0.0,0.0,0.0,0.0,0.0,0.0,0.0,10.08622660424055,10.320261498703031,10.164033317989778,10.189775924385017,10.480814062906292,10.890896269576531,11.23426851957193,11.645653666723094,11.883654763824534,11.976799123794114,11.97953819100319,12.422381160139492,12.02354690073747,11.813511273160673,11.790294978414892,11.765893457578267,12.265394306948975,12.309440112161635,12.805325569941857,13.217605306246357,13.606219621398296,13.92252646176801,14.175729671645612,14.41473780349371,14.665876569975884,14.976109539333255,15.34506414633306,15.935152056058685,16.2807668815699,16.69806323714012,16.771561343237543,16.4600875869257
0.0,0.0,0.0,0.0,0.0,0.0,0.0,0.0,0.0,0.0,0.0,0.0,0.0,0.0,0.0,0.0,0.0,0.0,0.0,0.0,0.0,0.0,0.0,0.0,0.0,0.0,0.0,0.0,0.0,0.0,0.0,0.0,0.0,0.0,0.0,0.0,0.0,0.0,0.0,0.0,0.0,0.0,0.0,0.0,0.0,0.0,9.435967283112513,9.906705902626737,10.394134739878577,10.21659249598163,10.258028557396988,10.472347158235225,10.67091532511327,10.790835969317651,10.90685945244999,11.410290436218098,11.909082269963546,12.277272182186367,10.36061862148103,0.0,10.426357181955177,10.772203125458255,11.586793666659428,12.078841484786977,12.526342146153073,13.093715091178327,13.430839525001375,13.795802555817097,14.03697948348285,14.279492748775787,14.476260001011529,14.744939896220874,14.99218254293698,15.431563976992784,15.826948685176944,16.298423747282815,16.632109537119227,16.679631960349255,16.62868736026747
0.0,0.0,0.0,0.0,0.0,0.0,0.0,0.0,0.0,0.0,0.0,0.0,0.0,0.0,0.0,0.0,0.0,0.0,0.0,0.0,0.0,0.0,0.0,0.0,0.0,0.0,0.0,0.0,0.0,0.0,0.0,0.0,0.0,0.0,0.0,0.0,0.0,0.0,0.0,0.0,0.0,0.0,0.0,0.0,0.0,0.0,8.906031793010087,9.701328372044372,10.432925932308654,10.234063610269178,10.234518425596704,10.242218972011635,10.252879639018444,10.709646976596845,10.97984261177007,9.714487733835373,8.979879962710868,8.516253007619133,9.692227770605058,10.856168693239388,11.180483245192024,11.840165151612883,12.41872099831868,12.679801827601294,13.081329493363523,13.467417722833979,13.679755516762668,13.912454845250803,14.126164876234943,14.415740570540986,14.545703322435049,14.776578087939981,15.050918135894664,15.529029423953311,15.867154059497995,16.051389578739553,16.30553237890424,16.440681608681363,16.188241574676027
0.0,0.0,0.0,0.0,0.0,0.0,0.0,0.0,0.0,0.0,0.0,0.0,0.0,0.0,0.0,0.0,0.0,0.0,0.0,0.0,0.0,0.0,0.0,0.0,0.0,0.0,0.0,0.0,0.0,0.0,0.0,0.0,0.0,0.0,0.0,0.0,0.0,0.0,0.0,0.0,0.0,0.0,0.0,0.0,0.0,0.0,0.0,0.0,10.171412377787156,10.572952118533067,10.67290021075971,10.71444114718888,10.853146535158132,8.85031886817888,0.0,9.409596535066559,9.677147658982019,10.317965324960591,10.560000509157478,11.121344353552722,11.863881826094108,12.49046959261175,12.824898201503526,13.147417722833978,13.44812694399392,13.59366449108366,13.732718064435163,13.888981111727338,14.128173812420197,14.307142877145232,14.56183572703813,14.722574901657346,15.169533554981676,15.51610497470822,15.716882268314343,16.049133944718015,16.139133944718015,16.28404364014598,16.331742352623937
0.0,0.0,0.0,0.0,0.0,0.0,0.0,0.0,0.0,0.0,0.0,0.0,0.0,0.0,0.0,0.0,0.0,0.0,0.0,0.0,0.0,0.0,0.0,0.0,0.0,0.0,0.0,0.0,0.0,0.0,0.0,0.0,0.0,0.0,0.0,0.0,0.0,0.0,0.0,0.0,0.0,0.0,0.0,0.0,0.0,0.0,0.0,0.0,0.0,0.0,0.0,0.0,0.0,0.0,9.67456239465194,9.784144150125547,10.282164343109077,10.735335119311681,11.287315850674466,11.729007512855329,12.202216235699622,12.74442390583528,13.150560484436525,13.341369203324978,13.598056717844285,13.623858315300783,13.69902615991034,13.77849158556376,13.939266536533777,14.090503834448525,14.470788211447072,14.933367498654775,15.214149633063524,15.526165637260828,15.753225841479122,15.841187872568414,16.04496750355578,16.09178473105024,15.978345043024833
0.0,0.0,0.0,0.0,0.0,0.0,0.0,0.0,0.0,0.0,0.0,0.0,0.0,0.0,0.0,0.0,0.0,0.0,0.0,0.0,0.0,0.0,0.0,0.0,0.0,0.0,0.0,0.0,0.0,0.0,0.0,0.0,0.0,0.0,0.0,0.0,8.98833782277885,9.302798229315258,0.0,0.0,0.0,0.0,0.0,0.0,0.0,0.0,0.0,0.0,0.0,0.0,0.0,0.0,0.0,9.477684366587258,10.076350227492629,10.458878794001517,10.82152906642842,11.239610518989057,11.669738555866616,12.053011256068665,12.413823558323369,12.94899220895643,13.307499372627856,13.625048060916157,13.623093551181375,13.536383979154031,13.520044924808476,13.51199158056525,13.953158496018471,14.37924351866255,14.654915582006847,14.929813684865369,15.215599749990531,15.353390889342705,15.469821056802243,15.644006823111194,15.773879801551484,15.943522036502904,16.011526733149474
0.0,0.0,0.0,0.0,0.0,0.0,0.0,0.0,0.0,0.0,0.0,0.0,0.0,0.0,0.0,0.0,0.0,0.0,0.0,0.0,0.0,0.0,0.0,0.0,0.0,0.0,0.0,0.0,0.0,0.0,0.0,0.0,0.0,0.0,0.0,9.483024123264556,9.675575202159985,9.916619810716881,9.760614057882904,0.0,0.0,0.0,0.0,0.0,0.0,0.0,0.0,0.0,0.0,0.0,0.0,0.0,10.300850106140174,10.45613619873918,10.604985918392137,10.80187517005735,11.123719934340137,11.551918325154999,11.954997171635682,12.204997171635682,12.564617918820147,13.020812738989022,13.492159763505661,13.62064149771665,13.568633722803058,13.440077475381468,13.444074693387506,13.730753588248154,14.251924866041215,14.62427326412929,14.82820452376965,15.217110932613647,15.541775698231723,15.413390889342708,15.302213499343484,15.54443589020994,15.661304799122835,15.799821056802244,15.595514916085062
0.0,0.0,0.0,0.0,0.0,0.0,0.0,0.0,0.0,0.0,0.0,0.0,0.0,0.0,0.0,0.0,0.0,0.0,0.0,0.0,0.0,0.0,0.0,0.0,0.0,0.0,0.0,0.0,0.0,0.0,0.0,0.0,0.0,0.0,0.0,9.954496350629164,10.570432691556984,10.144077950169969,0.0,0.0,0.0,0.0,0.0,0.0,0.0,0.0,0.0,0.0,0.0,9.71077105510845,10.497670058581814,11.188817777963974,10.825699313642303,10.963073104942437,10.949415436104932,11.178052215663005,11.420410759483447,11.752882562657668,12.103594623789505,12.351384037735656,12.894876182616597,13.203093551181375,13.50224970460313,13.533520073677387,13.501177960867286,13.480753588248154,13.632615078289188,14.095996924422082,14.430144286437319,14.830153239187673,15.224085812821981,15.431045408669451,15.477167230875857,15.493879801551483,15.556281942516557,15.669116143827988,15.70663032894014,15.830381417018812,15.616266976862539
0.0,0.0,0.0,0.0,0.0,0.0,0.0,0.0,0.0,0.0,0.0,0.0,0.0,0.0,0.0,0.0,0.0,0.0,0.0,0.0,0.0,0.0,0.0,0.0,0.0,0.0,0.0,0.0,0.0,0.0,0.0,0.0,0.0,10.170077799524009,10.743792958385551,10.462380687201295,10.534361714605346,10.059979356028544,0.0,0.0,0.0,0.0,0.0,0.0,0.0,0.0,0.0,0.0,10.104570062662706,10.506933793375035,10.70722353570901,11.05778956936387,11.071776762568884,11.145807882962435,11.20289397960277,11.56355835200261,11.798508357926192,12.009343957258022,12.430733060061623,12.700859730283108,13.005563688570133,13.295240417075522,13.49754446630056,13.530395819235709,13.5686925811847,13.74308922745238,14.034338424468672,14.263283354815464,14.713448152246247,14.958972521432932,15.160639056029805,15.331883898041617,15.523055457820591,15.512583839879794,15.442937930098758,15.611179845394027,15.705278182866852,15.660855511401186,15.517225320138731
0.0,0.0,0.0,0.0,0.0,0.0,0.0,0.0,0.0,0.0,0.0,0.0,0.0,0.0,0.0,0.0,0.0,0.0,0.0,0.0,0.0,0.0,0.0,0.0,0.0,0.0,0.0,0.0,0.0,0.0,0.0,9.20545633243873,0.0,10.155787111413556,10.660459124105412,11.098176197798228,11.514600387778595,9.15701812776614,0.0,0.0,0.0,0.0,0.0,0.0,0.0,9.227848557863066,9.901438027539976,10.193686078784015,10.291233516370562,10.915787024577455,11.1519006106511,11.30123897279649,11.310978660301327,11.379397743780077,11.562508495289709,11.808919045868173,12.086886099153327,12.555424039281636,12.77045722684369,12.969102134005242,13.345971250596403,13.331412680194488,13.47099749214653,13.612720823507303,13.71124650349698,13.970394051391347,14.036702814990152,14.35943511383369,14.612999681783247,14.942417042558052,15.162058892282522,15.372863859884456,15.250147332910306,15.2679872582228,15.335155860184685,15.421860319278524,15.697110932613647,15.74348459407939,15.55722532013873
0.0,0.0,0.0,0.0,0.0,0.0,0.0,0.0,0.0,0.0,0.0,0.0,0.0,0.0,0.0,0.0,0.0,0.0,0.0,0.0,0.0,0.0,0.0,0.0,0.0,0.0,0.0,0.0,0.0,0.0,0.0,10.159050826762396,10.212966051782207,10.394152675406021,11.038993065744199,11.259585839864677,11.715540640632955,11.05360625199721,0.0,0.0,0.0,0.0,0.0,0.0,9.550042635286383,9.799869773742017,10.225022731472556,10.21475557644488,10.415732252365004,10.648253113729917,11.14556684466906,11.460740749448156,11.60252715961421,11.578588013949144,11.895243603487236,12.178072083102716,12.387551921618092,12.62124650349698,12.868713054834249,13.191525112301845,13.221469937108314,13.432393616236315,13.432897466668754,13.72224970460313,13.959038016736695,14.170205654882658,14.212213499343484,14.54443589020994,14.798972521432932,15.05627602074788,15.324793573910508,15.294085812821981,15.262300317661794,15.223347818956821,15.27417631439267,15.281940841659454,15.49558605916573,15.62558605916573,15.40916392789495
0.0,0.0,0.0,0.0,0.0,0.0,0.0,0.0,0.0,0.0,0.0,0.0,0.0,0.0,0.0,0.0,0.0,0.0,0.0,0.0,0.0,0.0,0.0,0.0,0.0,0.0,0.0,0.0,0.0,10.530068811974564,10.788120328489263,11.013629985263044,10.695994056649235,10.969600512744426,11.447643697000462,11.72625951542608,11.865339293187484,11.711410668218518,9.797463652615791,0.0,0.0,0.0,0.0,0.0,9.55153806065674,9.407463813786643,9.836645335801213,10.111401795991439,10.15145122906307,10.621993531217448,10.922761093254389,11.587381871341616,11.76829320350937,11.790586411362126,12.232963594628869,12.297326119290812,12.776186057591184,13.060205654882658,13.149038016736696,13.13250218402041,13.22265204277096,13.32757976935297,13.65984578472442,13.805136626422158,13.975155860184683,14.161304799122835,14.301304799122835,14.5139645560923,14.762058892282521,15.171124710062236,15.170737342415165,15.103390889342707,15.075136626422157,15.15612687877253,15.146020789082932,15.136718002328218,15.402249704603129,15.516402662587724,15.486402662587725
0.0,0.0,0.0,0.0,0.0,0.0,0.0,0.0,0.0,0.0,0.0,0.0,0.0,0.0,0.0,0.0,0.0,0.0,0.0,0.0,0.0,0.0,0.0,0.0,0.0,0.0,0.0,0.0,10.703141891027956,11.109462718351997,11.101300658748563,11.034555909914644,11.370282346666059,11.53932087368231,11.725215834313735,11.786100704884657,11.802404612535499,11.344063693903955,0.0,0.0,0.0,0.0,0.0,0.0,9.035546649358977,9.226162136827885,9.540934210433415,9.997967903105728,10.306227146962478,10.608579072996292,10.899396221802874,11.517021128726537,11.96553375969611,12.233668657758042,12.386934346623736,12.635542879290895,12.874021771313203,13.211179845394028,13.171860319278524,13.187385294935085,13.299861898328697,13.649627743141172,13.721081485987025,13.836027527064225,13.970205654882658,14.083683015356822,14.19443589020994,14.327987258222798,14.597549534862715,14.876744401949649,14.953964556092298,15.087110932613648,15.110802862486352,15.022214371117673,15.184273264129288,15.189654951301328,15.407669165722176,15.520090932151838,15.343908589286675
0.0,0.0,0.0,0.0,0.0,0.0,0.0,0.0,0.0,0.0,0.0,0.0,0.0,0.0,0.0,0.0,0.0,0.0,0.0,0.0,0.0,0.0,0.0,0.0,0.0,0.0,11.206483936099087,10.29466269719082,0.0,11.546045909122434,11.676653367556217,11.445774428678947,11.703508003141112,12.02932107230389,11.74739537343099,11.52387357301124,11.45761859917907,10.746582841982017,0.0,0.0,0.0,0.0,0.0,0.0,9.385003216837761,9.379151254766057,9.757597007705698,10.054468707428747,10.326157934917745,10.68045202167262,10.933993164705354,11.304331445800841,11.886027366365992,12.182602848974174,12.655997854363747,12.642491108561831,12.871304799122836,12.942766294657414,12.963750779574664,13.321860319278523,13.63373891436461,13.836281942516557,13.713868874156805,13.752213499343485,13.840272516009072,13.882213499343484,14.1579872582228,14.220205654882658,14.560446513902484,14.683390889342707,14.983767671910595,14.920962137701297,14.783750779574664,15.005792522785898,15.178371120460888,15.221039219462757,15.550598014954312,15.573367192150005,15.498916315893883
0.0,0.0,0.0,0.0,0.0,0.0,0.0,0.0,0.0,0.0,0.0,0.0,0.0,0.0,0.0,0.0,0.0,0.0,0.0,0.0,0.0,0.0,0.0,0.0,0.0,10.25170398816574,11.02428245875015,10.874754427926458,11.290168613932396,11.049902370465333,11.231970158743746,11.874522714866956,11.811873377114683,11.75086459306493,11.473907853646903,11.22928662295849,10.859262580626122,10.283387311287287,0.0,0.0,0.0,0.0,0.0,0.0,9.570164307486873,9.885127266376376,10.037079928869838,10.38507399355148,10.529385898541346,10.896389012799034,11.255293072647014,11.38372835928048,11.709468335830001,12.272669106478526,12.589641782166485,12.73357389153846,12.901304799122833,12.85817389992943,12.962348875216108,13.273401551758774,13.511304799122833,13.624021771313203,13.630272516009075,13.68144621131729,13.603609136138527,13.628568563981316,13.84450740589375,13.939744558114569,14.217707121212836,14.501025550047203,14.701908715579902,14.766801599529456,14.742214371117672,14.695424039281637,14.921369203324979,15.191388476347544,15.429822517360218,15.341043494086229,15.085056202800263
0.0,0.0,0.0,0.0,0.0,0.0,0.0,0.0,0.0,0.0,0.0,0.0,0.0,0.0,0.0,0.0,0.0,0.0,0.0,0.0,0.0,0.0,0.0,0.0,0.0,10.589662344142813,11.333025079047632,11.413980352915704,10.873503419964113,11.02750104924077,11.264869726109461,11.222691171563202,11.401009646531095,11.176311938937454,10.759112178403706,10.417644501099186,10.022313517030197,9.232243681234614,0.0,0.0,0.0,0.0,0.0,0.0,9.57769759355971,10.106861682698915,10.241060030533832,10.585794804309526,10.847867345298091,11.123523235125786,11.70888465200735,11.685536024838841,11.987406031931185,12.470739555641838,12.83693968550844,12.848280872530445,13.10150573821888,13.016680415336882,12.943763848164563,12.946270685806644,13.139579515047974,13.272429255651389,13.455198644801483,13.478784349518014,13.575909205679071,13.614097108225046,13.798713054834248,13.97387071257918,14.134935708960978,14.209619995821697,14.475986930991432,14.592351126599844,14.721530889628646,14.807402960325888,14.83104826655888,15.0004445123148,15.321407236799473,15.350611078356044,14.926799123794114
0.0,0.0,0.0,0.0,0.0,0.0,0.0,0.0,0.0,0.0,0.0,0.0,0.0,0.0,0.0,0.0,0.0,0.0,0.0,0.0,0.0,0.0,0.0,0.0,0.0,0.0,11.263088116993707,11.497389111480508,11.114887324099572,10.7540332823123,10.933957076532556,10.936931611408644,10.854162696941426,10.410291685677196,10.290306782024565,9.645271657168907,0.0,0.0,0.0,0.0,0.0,0.0,0.0,9.445967283112513,10.000508693591339,10.070695095142671,10.3590547786335,10.831799186280676,11.165106113120482,11.459930763223927,12.112073412377473,12.021630409999732,12.264913967944297,12.723350714554712,12.970383349864973,13.039774100839438,13.22541202815222,13.041294304237036,12.911430795756369,12.816831601597322,12.994129559119676,13.177353704651772,12.902707029780577,13.140200829434505,13.42437686828176,13.590363314974187,13.68923831420093,13.741247176699314,13.946400018513224,14.09289851226035,14.366138447146529,14.493773944897585,14.651048266558881,14.601332081441765,14.601693090301978,14.612090756303733,15.035647061808476,15.033711041588631,14.640294978414891
0.0,0.0,0.0,0.0,0.0,0.0,0.0,0.0,0.0,0.0,0.0,0.0,0.0,0.0,0.0,0.0,0.0,0.0,0.0,0.0,0.0,0.0,0.0,0.0,0.0,0.0,0.0,12.161860953527029,10.735750511560433,10.432313863392782,10.330362044562126,10.36997672049354,10.054309567861676,9.354017955718488,9.059488936845469,0.0,0.0,0.0,0.0,0.0,0.0,0.0,0.0,9.855469130978433,10.130775839996058,10.157055894163326,10.788655621279466,11.202409177735124,11.721228565130533,11.82907247232804,12.308252165127788,12.51343540374181,12.794077177586162,13.068175195331715,13.181460052916005,13.206859774299293,13.403682819715051,13.153683015356822,13.06405838049816,12.752829836376993,13.047353704651771,12.770656784309796,12.71625361435454,13.272766388184447,13.488343204512493,13.629868296982908,13.499468335830002,13.64863549094075,13.703304561766533,13.948997458196587,14.200873849376356,14.261684632515706,14.35815266205546,14.290900170060127,14.279841944983133,14.261839404259828,14.672443043981838,15.024814487819166,14.787995438607473
0.0,0.0,0.0,0.0,0.0,0.0,0.0,0.0,0.0,0.0,0.0,0.0,0.0,0.0,0.0,0.0,0.0,0.0,0.0,0.0,0.0,0.0,0.0,0.0,0.0,0.0,0.0,0.0,10.738892631010188,10.017749238981258,9.613126458030791,9.569095620380715,0.0,0.0,0.0,0.0,0.0,0.0,0.0,0.0,0.0,0.0,9.920829500256806,10.582660825737987,10.499570324380095,10.972985846381999,11.269820048461598,11.53939351347894,12.030564860925907,12.330324898623084,12.48638882293801,12.984839064007819,13.241866722007654,13.26379728171694,13.499838100143272,14.208235961931571,13.50506595383014,13.411505738218882,13.188769563623381,12.966772848345432,12.775326934740669,12.767040153340602,12.983839939830787,13.366827825725823,13.561278162416981,13.619868296982908,13.563582980740243,13.591969453475937,13.696716405089182,13.996785061456672,14.154887070461584,14.132484332615926,14.137469020297702,14.052517077596614,14.027931118288338,14.145894535853996,14.464750833565338,14.843711041588632,14.60953819100319
0.0,0.0,0.0,0.0,0.0,0.0,0.0,0.0,0.0,0.0,0.0,0.0,0.0,0.0,0.0,0.0,0.0,0.0,0.0,0.0,0.0,0.0,0.0,0.0,0.0,0.0,0.0,0.0,0.0,0.0,0.0,0.0,0.0,0.0,0.0,0.0,0.0,0.0,0.0,0.0,0.0,9.535039656196615,10.452791315936302,11.08693304654411,11.679228902748616,11.711123245536282,11.872125076450224,12.35589311094196,12.841918453969013,12.818144637804581,12.831591344715147,13.081037761603174,13.237188366113156,13.405569797677048,13.729668744292937,13.755434864148562,13.645928129885279,13.696343541850606,13.481505738218882,13.255971250596403,13.14271781637114,13.193060724493192,13.188314989875305,13.379238314200931,13.550967466976656,13.593235216187578,13.422783601642498,13.544017111483596,13.607043757019456,13.874286047460068,14.052894197263916,13.962256958238761,13.962615078289188,13.847088711452617,14.025530146739403,14.209467148301842,14.48990479314883,14.569803860482056,14.493707380358348
0.0,0.0,0.0,0.0,0.0,0.0,0.0,0.0,0.0,0.0,0.0,0.0,0.0,0.0,0.0,0.0,0.0,0.0,0.0,0.0,0.0,0.0,0.0,0.0,0.0,0.0,0.0,0.0,0.0,0.0,0.0,0.0,0.0,0.0,0.0,0.0,0.0,0.0,0.0,0.0,0.0,10.33094948184057,10.939917177460654,11.79114551444375,11.733784238932026,12.054790560191218,12.167927072601415,12.94630727712055,13.363906414093131,13.441046119537727,13.794011540377081,13.520690437253517,13.63018406923376,13.450420891969944,13.53987042531772,13.726132033988176,14.059668744292939,13.809443754027857,13.704407649066788,13.307100281735988,13.275542879290896,13.26115045175235,13.299395175412814,13.423093551181374,13.491470331393772,13.370025545011153,13.324812794835745,13.331219279112458,13.503052142469967,13.817785649630652,13.780714333108364,13.810363016835081,13.776518544787093,13.847863330473906,14.019962156622471,14.436153339186983,14.559058257825576,14.614537906707183,14.183983338475315
0.0,0.0,0.0,0.0,0.0,0.0,0.0,0.0,0.0,0.0,0.0,0.0,0.0,0.0,0.0,0.0,0.0,0.0,0.0,0.0,0.0,0.0,0.0,0.0,0.0,0.0,0.0,0.0,0.0,0.0,0.0,0.0,0.0,0.0,0.0,0.0,0.0,0.0,0.0,0.0,0.0,10.724135341514572,11.744341060147097,12.687592868738719,12.255415003339461,12.388766601067033,12.744724739200613,13.180345802597824,13.520594201131683,14.059003731570552,13.962175839866052,14.184702311178564,13.89454707401887,13.85974013921118,13.446396805708915,13.581813796696986,13.941528749414402,14.089816546336099,13.879492755238644,13.527236715542273,13.203077519599628,13.172249704603129,13.13180598142745,13.144562699131878,12.968049210581437,13.016764755814355,13.04534734310158,13.15882247204368,13.382969388810062,13.539867432153489,13.589728555585104,13.659728555585104,13.74591398102536,13.877065135137244,13.984670279376356,14.219266536533777,14.446800733923475,14.638425932033156,14.377246573281688
0.0,0.0,0.0,0.0,0.0,0.0,0.0,0.0,0.0,0.0,0.0,0.0,0.0,0.0,0.0,0.0,0.0,0.0,0.0,0.0,0.0,0.0,0.0,0.0,0.0,0.0,0.0,0.0,0.0,0.0,0.0,0.0,0.0,0.0,0.0,0.0,0.0,0.0,0.0,0.0,11.262652851212561,11.989532625441733,12.434164452329043,12.664368164074581,13.08468058322109,12.586409790063186,13.04282525855587,13.664432236978042,14.68979114728641,13.965122696653037,14.681618010043085,14.567702590077928,14.078239540835234,13.925559472044924,13.59357514343419,13.842859952265524,14.02578068169364,14.269133947094968,14.011856151458357,13.654793573910505,13.273347818956818,13.182214371117674,13.085647061808476,13.05298092577855,13.007065135137243,12.869690516711769,12.930782721749436,13.325455353606209,13.410536698562202,13.581917443985606,13.596562078570276,13.664137503186467,13.736809314881263,13.791890760627567,13.807574041555174,14.174980475146464,14.331175579042743,14.632351126599843,14.158236423723906
0.0,0.0,0.0,0.0,0.0,0.0,0.0,0.0,0.0,0.0,0.0,0.0,0.0,0.0,0.0,0.0,0.0,0.0,0.0,0.0,0.0,0.0,0.0,0.0,0.0,0.0,0.0,0.0,0.0,0.0,0.0,0.0,0.0,0.0,0.0,0.0,0.0,0.0,0.0,11.370630944912062,12.62136794742506,13.120639997025322,13.274782922228681,13.258312152566251,13.297548310540343,13.358340151678828,13.678204100939581,14.713433570650619,14.381302412310369,14.434103643035767,14.411937265525705,14.567612989881514,14.081678468545983,13.881396869453695,13.88120785017226,14.007457702323569,13.949058650685208,14.049676809643781,13.830474829766631,13.233390889342708,13.10984578472442,13.053912739863321,13.074898201503526,13.10105771614528,13.024619030952222,12.935614424993533,13.219801827601291,13.692204019012518,13.8606155533701,13.714183902693744,13.557019058760526,13.569600861110587,13.595195940979691,13.555055501351005,13.634205138751291,14.031188575570605,14.285056202800266,14.353935651876672,14.109127885692354
0.0,0.0,0.0,0.0,0.0,0.0,0.0,0.0,0.0,0.0,0.0,0.0,0.0,0.0,0.0,0.0,0.0,0.0,0.0,0.0,0.0,0.0,0.0,0.0,0.0,0.0,0.0,0.0,0.0,0.0,0.0,0.0,0.0,0.0,13.372188351656828,13.814500244741609,0.0,0.0,12.087174658758293,12.686226936654997,13.043258546106955,13.862151535267946,13.501592041248195,13.876252911242485,13.79661271192355,13.94040095947729,14.356286019164873,15.101119448640665,14.75614607144275,15.214639818167441,15.043732010639552,14.623210648688293,14.063589823570918,13.78159569961093,13.805796883839282,13.650675828282044,13.493345096118952,13.511390542213489,13.358661107396724,13.002654679079036,12.858425932033155,12.911460290162076,13.083463164701179,13.279859139879523,13.134646080422936,13.508784189377801,13.577891183080494,13.748916315893883,13.76850587731649,13.509717999829613,13.573023221863462,13.443642344439235,13.47820232739861,13.47521268959085,13.585762671636951,13.739600861110587,14.070201283361534,14.342495301544142,13.857093105275647
0.0,0.0,0.0,0.0,0.0,0.0,0.0,0.0,0.0,0.0,0.0,0.0,0.0,0.0,0.0,0.0,0.0,0.0,0.0,0.0,0.0,0.0,0.0,0.0,0.0,0.0,0.0,0.0,0.0,0.0,0.0,10.774531353603829,13.073650980378616,14.563375207486152,15.253027329674119,15.617067477140708,14.191950815968035,12.819170993097785,12.697683338948007,12.948881153635764,12.979280916073762,13.485485292678762,13.88137732202933,14.040511355870532,14.360660614927593,14.909730917360537,15.202167506618643,15.403458852967837,15.312526149963375,15.3950202982643,14.731828375586558,14.367705332275701,13.817045204597886,13.388980621098963,13.547602363750626,13.461859976108626,12.909107007539866,12.829841484230247,12.944755135049618,12.795986930991432,12.78101765409089,12.898425932033156,13.235070365965175,13.700935574291472,13.84361300141615,13.6947186920811,13.538184010867514,13.428173812420198,13.368839547379299,13.607142877145233,13.76025997058526,13.43465716413582,13.437024156239502,13.471643776346895,13.6446527031501,13.77716426919154,14.012248115397504,14.205870470876846,14.007913517722404
0.0,0.0,0.0,0.0,0.0,0.0,0.0,0.0,0.0,0.0,0.0,0.0,0.0,0.0,0.0,0.0,0.0,0.0,0.0,0.0,0.0,0.0,0.0,0.0,0.0,0.0,0.0,11.939103679521038,13.283966742524425,13.241784566344656,12.479065917214006,13.025124718996782,14.91426865389704,15.679494176802613,16.02988232462828,15.808595724704078,14.83735177662687,13.78549032609137,13.333772632073039,13.025922385354924,13.620535836610147,14.019237252173252,14.497794079929902,14.716528793049909,15.15498888936865,15.520313601153173,15.91904251553387,15.731092788926786,15.308603985668832,14.882693376958297,14.263627492874267,13.697998284823932,13.299046802964316,12.983879850116185,13.047846934127364,12.741256060714207,12.272897466668754,12.423093551181376,12.565463815246527,12.612777296036523,12.763812957321456,12.79981687816112,13.259970336726212,13.674255328015557,13.8310724694558,13.307387572847748,12.998325302846052,12.909874257367552,13.31706118560718,13.657396380977136,13.623261736778948,13.485507499002125,13.485555664380222,13.632781974552532,13.866164876234944,14.065740862607264,14.212834618934359,14.17924087105348,13.754702427301929
0.0,0.0,0.0,0.0,0.0,0.0,0.0,0.0,0.0,0.0,0.0,0.0,0.0,0.0,0.0,0.0,0.0,0.0,0.0,0.0,0.0,0.0,0.0,0.0,0.0,13.823361086147383,14.722195751713649,15.274848677622654,14.726650130648649,14.886087139316274,14.682759015103235,14.672467571439817,15.828478095837575,16.297850076712876,16.51369737224163,16.31884500669195,15.697632833346638,14.367107130943214,13.596040565529645,13.17858395194332,14.129071610020517,14.68149604501722,15.161917773392705,15.193122207345183,15.241900115146063,15.79013806398958,16.322978929754715,16.27048418891492,15.623934439613027,14.918493208928433,14.177283029021538,13.626511118250287,12.981023022072797,12.735489664336203,12.608717156521578,12.286332105491955,12.044114868386789,12.40796476706224,12.537940354603244,12.635534875646027,13.216777162792201,13.185686463361854,13.35327206209752,13.440962502187162,13.180598014954313,12.773630186007,12.647024156239503,12.867408492135155,13.158505877316491,13.339375086709406,13.304706191512032,13.456494598934844,13.625557925796947,13.884769921641379,14.03376829609718,14.108397467431192,14.225408445461504,14.136176537177363,14.090207208206325
0.0,0.0,0.0,0.0,0.0,0.0,0.0,0.0,0.0,0.0,0.0,0.0,0.0,0.0,0.0,0.0,0.0,0.0,0.0,0.0,0.0,0.0,12.35551304792217,14.19755970603284,14.815294752197845,15.806348000802803,15.608463595932129,15.989511581105896,15.466546118423146,15.694921204790038,14.949962569772477,15.133225687254303,16.56484283780096,16.68494760364455,16.754947603644545,16.30772449838008,16.066386100736377,14.475446963834685,14.466363396092834,14.631338103479273,15.156842278980765,15.371824621211001,15.477227807588863,15.50897336780036,15.30009207454821,15.570254958776918,16.222010180745933,16.189578783083544,15.817163334626049,15.147139789280793,14.013477560445306,13.162538209430371,12.742587509683071,12.398581189543473,12.27206079146561,12.238953590803806,12.014624818504096,12.307994389056393,12.384785492976455,12.543004763682152,13.02339046407987,13.120737342415165,12.984409040796765,12.698172013334581,12.357764312222473,12.391631955176871,12.772371059054379,12.877325712684923,13.092265332828134,13.077325712684923,12.991917108234764,13.216164876234943,13.873973954635053,14.190654319112747,14.102470048641694,14.10313103489533,14.203635729927585,14.681989548452922,14.350333968372851
0.0,0.0,0.0,0.0,0.0,0.0,0.0,0.0,0.0,0.0,0.0,0.0,0.0,0.0,0.0,0.0,11.50717965515435,11.989967351447156,0.0,0.0,0.0,0.0,14.586785105737091,15.418351716285269,15.91334492799205,15.539670806678235,15.147962408681753,15.789792215567765,15.820299150468848,16.183122291865146,16.020195618031003,16.1795274748428,16.393292137863845,16.560396084526815,16.173492692379043,15.597534969335591,15.574639718468145,15.121929268887182,15.952421263803867,14.969812855040011,15.520551872409253,15.422497929291284,15.673080640358275,15.627158489178623,15.695993080086495,15.781387825007926,15.94128572375634,15.758541507959444,15.324107857572102,14.647909798282384,13.774442791197899,13.080687561069158,12.615754301493006,12.269588402796922,12.049658805583196,12.033050419297616,11.945067212288816,12.183321822805521,12.240820700239603,12.4042260262053,12.705686463361854,12.6882098722714,12.547461196302734,12.383849993924276,12.312452833735861,12.541039219462757,12.739395683435356,12.876902959962976,12.938097608364227,12.962265332828135,12.921407236799471,13.323084548925461,13.990045616778374,14.368063513685883,14.188948695992426,14.265767767861753,14.804939235003904,15.161611709523193,14.772186405341643
0.0,0.0,0.0,0.0,0.0,0.0,0.0,0.0,0.0,0.0,0.0,0.0,0.0,0.0,0.0,13.074080006846275,11.934467196034145,12.13840505347675,0.0,0.0,0.0,14.478235501882924,15.779789871329134,16.33544982735911,15.729271169807854,15.027009228991822,14.620694100553917,14.527856046479116,14.947805901786218,15.511197751484492,16.173508073343548,16.724139385141576,16.858542770451116,16.57703011544399,15.708625101562852,15.178937314834226,15.365765719695133,15.92891092878246,15.743956981226809,15.12357762082204,15.132952347315783,15.410254686297773,15.3957156814356,15.545453068778635,15.666176530365679,15.666652752629652,15.668759511403042,15.186893910178505,15.15991686991595,14.310583984644003,13.702344056098005,12.982479926431616,12.639832300615026,11.801227567389558,11.89178744456738,12.030855857303226,11.93588467676846,12.213696876170179,12.521738781587128,12.366534307734621,12.379143264498607,12.284197894429589,11.97296238972193,12.010737998753761,12.193626707063837,12.46877739205792,12.645762982768446,12.639771623183908,12.864286898659174,12.848751047247525,13.016477690571262,13.430098859772741,13.915942109568345,14.32267923739543,14.300521967112452,14.716805380439837,15.216195244619488,15.382399685113366,14.618054456345213
0.0,0.0,0.0,0.0,0.0,0.0,0.0,0.0,0.0,0.0,0.0,0.0,0.0,13.266046074739585,14.065186186517717,14.545203790483747,13.351308325550182,12.330052634976795,0.0,0.0,14.570559334919281,16.265638514509995,15.698274633620287,16.364319919595204,15.531591065304404,15.11509570668928,14.126981587756287,14.083883761959266,14.24965236424229,14.86098582901524,16.217943858353806,16.704347097640866,17.686444549464603,17.114779488416517,16.538537246998985,15.781162746478381,15.739111472037038,16.02838729164843,15.439166190047715,14.884624145379316,14.8279209945347,14.89454382259833,15.207100007795662,15.075905635565201,15.13340556139149,14.70750035831524,14.467863743960375,14.350424287283653,13.943330052205114,13.608498184359494,13.200021168953729,13.030288279187799,12.497647541227881,12.194163459587385,11.93765986642112,12.22782930244683,11.995692246186636,12.203349684880648,12.373163771816865,12.290825311284353,11.958223461695699,11.767861724416067,11.758095202168631,11.774240060584743,12.099814669756928,12.393559585348996,12.364755941460055,12.497185286816983,12.631630848299821,12.792604953556696,13.253086730886405,13.782559511485523,13.794345159445832,14.196525434557136,14.346768340339004,14.599473761771275,15.225340579683031,15.280419167856103,14.863190969505354
0.0,0.0,0.0,0.0,0.0,0.0,0.0,0.0,0.0,16.643567499864048,0.0,0.0,15.88746337355752,14.174730355768798,14.251950815968033,14.328936458932143,13.553294198574964,12.360677670628412,0.0,0.0,17.375647910452624,17.093892091442854,16.826950665110942,15.775478927694103,15.277938124577812,14.479791318103818,13.807184435679732,14.084851816103766,14.565527262775642,14.769403137705961,16.400909140310596,16.522850114486914,16.692106638486575,15.912370761598009,15.821394998935077,16.17232603721054,16.05861484694054,15.640237065926666,15.337889528412546,14.701985811605685,14.173467627984488,14.817992676394393,14.940169215299445,14.789609375645455,14.637982381715606,14.49168855037588,14.207957339141977,13.9679674976562,13.435231022335351,13.10701150015776,13.105021499306837,12.87284312926295,12.765821411144348,12.864219242210968,12.462421730262184,12.397056895918965,12.08707105588531,12.353871190160287,12.351428431149158,11.987308585686,11.517583739932073,11.441185952996687,11.547147009217692,11.612118638032742,11.832848227656221,12.286888804097106,12.238513771576422,12.178302878855067,12.557648413541546,13.022857471854088,13.521959511812465,13.99139912762715,14.114360559004623,13.979050375988066,14.306221601090193,14.405957481351402,14.48050968158762,14.520487485151634,13.811057392653133
0.0,0.0,0.0,0.0,0.0,0.0,0.0,0.0,0.0,0.0,17.442432733577114,0.0,14.520094404901222,13.92082529810269,14.634380868829329,14.811688246439644,13.384602294569614,12.213041987825319,15.379446319519946,18.441567303244852,18.78462880227914,18.19267114615903,17.445643939589488,16.00003160486593,14.967587259937577,13.953569070283756,14.46549007094723,14.711961008457255,14.582012054773354,15.123444582711294,15.459971822938737,15.031137390691665,14.76823956882722,14.78658706583932,15.394250728094915,15.678937988542817,16.047755737412434,15.900892869129548,15.27526451076766,15.15723558301254,14.858118169542102,14.969797896940511,14.5876961511888,14.337772534439182,14.551251205189136,14.316475493848124,13.99400967794934,13.38062224702746,13.28925915371866,12.882949590940985,12.587689435106265,12.604321489908049,12.79663319259805,12.87111423734726,12.706521233856005,12.833372797799456,12.60130897356327,12.725231440173312,12.086878478278305,11.66063626064924,11.534626924052592,11.370292851636842,11.478352947819747,11.573820264053973,11.616895186315109,12.031962705793196,12.1482580337953,11.975040334601925,12.460790005047688,13.13145524363362,13.756531969545833,14.13086280350699,14.266106080627932,13.955438245596856,13.954923685481132,13.841117544618402,13.660177550377615,13.4324884366754,13.254522701029899
0.0,0.0,0.0,0.0,0.0,0.0,0.0,0.0,0.0,17.522432733577116,16.70356749986405,16.137402041044993,15.949711857172218,15.079583017029847,14.968513441676361,15.232446774112978,14.480503988900267,13.343786819109198,17.614511241686948,18.93264924496327,19.638526539048016,18.61745340672449,17.06400139055018,15.704827308843821,14.522009612918907,13.982585267182145,14.347455988808044,14.90754206730648,15.26350340450648,15.180414593660432,14.86437600647703,14.578286306306245,14.228974772368229,14.23471599159043,15.347413203496146,15.540237065926664,15.450254686297765,16.00344544051428,15.731907726185911,16.147253423898874,15.814166288627622,15.413411645730584,14.623583044003063,13.654597105455915,14.0105736643237,14.462552398251958,14.225740567454825,13.382782388853304,13.165535013102138,13.263429244059036,12.585478452108564,12.354746478010366,12.687592868738719,12.35864010775211,12.861863349313943,12.792853232067674,12.63808892163786,12.421734510484974,11.932861745107488,11.502625094874308,11.4985150257343,11.46852335887111,11.614072142645998,11.70112445434411,11.585509607621988,11.775382627092636,11.946331198456914,12.193875830174788,12.476792665350036,12.999887666426744,13.222362360487434,13.53973987882426,14.031788893410134,13.76616842862989,13.103062524906022,13.003136316883122,13.025206907996704,12.643257458093222,12.498062194997626
0.0,0.0,0.0,0.0,0.0,0.0,0.0,0.0,0.0,18.039822385907925,17.698285108331184,17.56488368580458,16.68374242744374,15.696320472858975,14.276825593346445,15.274848677622654,13.453591737092692,15.529086216266624,18.123419169402485,18.82348293050103,19.681582970811178,18.977453406724493,17.314324863142296,15.823095970638912,14.719334279477806,14.429234109040996,14.234608309929506,14.989270276062094,15.647881104932905,14.910254341578282,14.439736148924514,13.912922454006555,13.847010504508852,14.842118398587413,15.05229119936696,14.837018380649585,14.746034540709232,16.157755737412433,16.079257423696525,16.328485502102676,15.54977259584474,14.577441652253437,14.096689615024212,13.785337688309207,14.214302795155433,14.272961339700334,13.810348217540213,13.60372684838811,13.088176688911208,13.259132859877209,12.431569233642952,12.107699596292948,12.235479272212524,12.22705860151936,12.197138604385035,12.664523309641652,12.217135209158826,11.918589278263656,11.45533937124099,11.387649270232581,11.727293549514256,11.834447440715465,11.879887653245575,12.003652608001804,11.666724144327073,11.866295271146978,11.882125076450222,12.293213607872847,12.612463678232105,12.986478182333745,12.921410872201891,13.13774254873657,13.467310408053411,13.087059484955738,12.646816933437588,12.285005662167492,12.08849414320698,11.765544573510178,11.638732605444659
0.0,0.0,0.0,0.0,0.0,0.0,0.0,16.34227693928701,17.419097066135674,16.605791509278568,18.095495949463867,16.625379394727258,15.906137859277418,15.324082988111087,13.687866804246546,14.205586488394726,0.0,15.100343642452886,19.60406440213888,19.591867818302145,19.620449537152943,18.73691443469799,17.157203209660537,16.043132738774506,14.528867605851323,14.164130837954758,14.300492797468342,15.263651013766246,15.156851241863027,14.387499778413769,14.0690858692403,13.782111608676143,14.29043903497184,14.592171998741843,14.973644297931141,14.749037728765058,14.857168964255603,15.791295758909833,15.955200728492946,15.51504641630316,15.380013532640081,14.224731032616173,14.30584960730518,14.394030558972219,14.125246257007536,13.956940505490966,14.091782941333912,13.777874197767987,13.420036020542174,12.668421718344515,12.131722769818246,11.882207207689083,11.743255301309667,12.097263630882804,12.057263630882805,11.869189550284887,11.9082988586085,11.668630414673762,11.42628186737726,11.425376956111755,11.402971926402696,11.762847119231138,12.285324242225357,12.003327034132896,12.001176953691294,12.235565026346428,12.231218867590911,12.560826651006971,12.689919163394912,12.887337024103775,12.927000528529017,12.997187664000727,12.843317097271171,12.86111764080093,12.381418778698725,11.86891987043367,11.535230595335257,11.21230760948067,11.208006205329559
0.0,0.0,0.0,0.0,0.0,0.0,15.189569361116973,16.377222540488447,17.130555285919037,17.22402095590504,17.372620302687043,17.09849214615639,15.94679690155359,15.058102072281855,13.307842842256631,0.0,15.515753173676519,16.092327998037916,19.02394445960375,19.118615308320134,19.43524557452008,18.271785488465625,16.583567860603665,15.861758369774186,14.573680144845827,14.310684842073048,14.739251640596585,15.541665976527359,14.611056818203753,14.545510897831488,14.29722095339873,14.64408816066971,15.39894616813099,15.695667994447938,15.899333587810709,15.744920955754699,15.43344554807972,15.82771832751685,15.460367168949386,14.985265762861193,14.061449762260915,14.62417466287867,14.897236788010435,14.417403606839924,14.115338265701897,14.089139419882052,12.922003138065788,13.967020956851854,12.855645931268528,12.031821038496451,12.068016306144312,12.19710378231065,12.230852264983387,12.180525887315119,12.781848433999588,12.315330219787544,11.571787454092066,11.654303068268725,11.606400998618064,11.498440530230177,11.618669115904783,11.556241110621192,11.853346522741633,11.696123310247698,11.830521609958108,12.281882762970612,12.407321612054805,12.825103829243961,13.207172670538245,12.829252022488504,12.68574244991675,12.690740352257492,12.462024489149428,12.34056806960875,12.033888679962804,11.57620257228787,11.045630369113125,10.83839723921869,10.892165274752886
0.0,0.0,0.0,0.0,0.0,0.0,0.0,16.126952916254936,17.1482795395354,16.983574271566745,17.204280957543098,16.815372884993867,16.067831947656195,15.004253854415262,14.031945858407253,0.0,17.485919724443015,19.001932192404112,19.385868153084264,18.761257059230445,18.331201474983384,17.193749876501464,16.047785364651737,15.11101047360128,14.367467889179268,14.391968824020816,15.511665976527357,15.639001372565696,14.593819016672903,14.274657596952274,14.380423424209855,15.560756258712,16.111972261777147,15.687711270649734,16.453291922406443,15.906257507380646,15.167066440281417,14.996863596333302,14.744914360844941,14.49614598914224,14.144551128257877,14.353831179847216,13.516969469660072,13.054675824754964,13.392881391320378,12.388308208810255,13.738138046295614,12.886481188769686,12.520530445469051,12.266810834737214,0.0,0.0,12.952126935901028,0.0,0.0,0.0,11.606544557713711,11.40525036706125,12.504813632419499,11.861235739262167,11.683700912027302,11.773700912027302,11.635090724046588,11.061705071549586,12.189705755655009,12.464487996578471,12.767631784445246,12.972573096895964,13.480204577814721,13.41728600028532,12.492404061513016,12.012630662392525,12.223068720320047,12.306510244897293,11.836113223397865,11.237905274169993,10.866197307779146,10.715399540741075,10.615534228791915
0.0,0.0,0.0,0.0,14.473634281658526,0.0,15.36054119593449,16.011118780358927,16.028536710017676,16.403802404035233,16.356168780284563,16.193760271935517,16.54863365954015,14.500650013296639,0.0,16.69617765266393,17.1128374637856,19.126754976752583,19.79757653146278,19.234373033524925,18.160620637237038,16.7517307607509,15.636367882982357,14.940786942186449,15.011968901223025,15.667225043583667,16.628990562386797,16.435468462926387,15.463872625383054,14.651759425998783,14.912251737367693,15.81958309374736,17.105309677110668,16.22030001487667,16.01257623211806,16.33169599335809,15.083506724319026,14.259334812227774,13.593851738711797,13.343764122021247,14.733226736670083,13.549574322638286,13.096422154891393,12.363101676481932,11.820127121303242,12.051020979463953,12.573414475971378,13.421958066642516,0.0,12.465921015297667,11.96808671575295,0.0,14.00712837094099,0.0,0.0,0.0,0.0,0.0,12.010498277322412,12.403323960047516,12.436974659122864,12.18225814840249,11.656178746339117,11.184484505667761,11.194388753407328,12.377772880258297,13.176837693729443,13.3306001788463,12.762089684592297,12.642476231291168,12.32435940482872,12.099437873137198,12.432255881258044,12.830809645732622,12.190381156106508,11.81388566772247,11.31003377848537,10.904821112527287,10.758687255028185
0.0,0.0,0.0,0.0,13.242258606209536,14.968743422630425,13.860399676310232,14.813344927992048,14.2496644650516,15.3922476533003,16.16963084377062,15.5550936290547,16.06666957803208,14.302795165770195,16.80488368580458,18.516276886392394,18.29323202826581,18.61924634745654,19.104259982357018,18.574446942214774,17.417952111176312,16.58657169099256,15.208254718052874,15.539366305949914,16.07466622025554,16.245012837487913,16.881892314790413,16.615022758871877,15.5930215688207,15.136041146189097,15.342085244462446,16.703931154879918,16.49370195673921,16.265241722854938,15.459957768031483,14.992550257775186,14.215646646156353,13.17832036389558,13.080444694948998,12.870952405059525,12.268085137970472,12.614277695157003,12.489915577303174,11.402732221591187,12.450792190377161,13.073941018919683,13.631618977793867,0.0,0.0,0.0,0.0,0.0,0.0,0.0,0.0,0.0,0.0,0.0,11.67066325463675,0.0,0.0,12.041203599759061,11.33514652259315,11.507579893146406,11.052005715125047,11.288571960337212,12.387441297057578,12.019410391654002,12.238963151180208,12.672780645509786,12.850982296320584,12.196498359367489,12.250406175520197,12.261553484036842,12.069063474881435,11.883901497573111,11.748473992847394,11.37181503267139,10.84600430344056
0.0,0.0,0.0,0.0,13.108342722622634,12.94625835014729,13.342111150081807,14.003483278975844,14.787114316182297,14.3493215878194,15.164744966704738,15.799182068553808,15.663098804083585,17.25150405508807,18.241452970298504,18.758618168694007,17.428284756136527,18.767941188875902,18.717511788349633,17.338445437614862,17.095820864112135,16.739264469225596,15.54438165516219,15.763551840892864,16.547280044620862,17.173594569526593,17.306894037159523,17.840990606323352,17.019784672850403,16.162928505231278,16.869757297177728,17.134091679788803,16.721741879416,15.729685442734942,14.552100790245854,13.715003086411372,14.211368749957671,13.463483278975843,12.778331629979842,12.209777044743404,12.144505007308972,11.976275181633639,11.63205721525765,12.102145016051185,12.816431682861715,13.468761764838865,16.056411711633583,13.316159340616888,0.0,0.0,0.0,0.0,0.0,13.124038984283812,0.0,0.0,0.0,0.0,13.428356886919879,13.940219384004346,0.0,0.0,11.618440880323838,11.914907001130299,11.600861636042254,11.213144711183404,11.644471296780866,12.044484491652678,12.633775417862346,12.736431682861713,13.280426612544987,12.981753734436479,12.580912141869991,12.068271319101811,12.273605280008287,12.193605280008287,11.9332964983263,11.536439621741293,10.838559769566002
0.0,0.0,0.0,0.0,0.0,11.68165737517605,11.660688437363314,13.571719392014035,14.115048653760434,14.390402839357687,15.11945941782338,16.32268794635133,16.985591976321203,19.10367636649842,18.372041130597488,17.57593426063909,17.839464482277243,17.88310787434819,18.136017902053343,17.58200040667406,16.772512868477783,17.128321449354857,16.19280475958591,16.345079427898707,16.863720885336825,17.22497663921596,17.74977637398331,17.487234442115536,18.006527362914646,16.97233252175176,17.121467190427055,17.063390752632685,16.455197047207996,15.438216211258737,14.7579610721574,13.153360237235063,13.096073710433776,12.809902687416503,12.28032093022307,12.179438684428609,11.013875398362696,10.661342732205942,0.0,0.0,12.594052794448732,13.072881391320378,13.674444854861582,0.0,0.0,0.0,0.0,0.0,0.0,12.873217847872581,14.319212605317926,0.0,0.0,0.0,13.53482539178292,13.426321146312201,13.357397995597523,12.350427163928813,12.16010742975774,12.523858562267247,11.90585320752178,11.78787610693125,12.456329203190382,11.488802220587045,12.06198056378031,13.097606680616465,0.0,0.0,12.307384475987464,11.522450778783595,11.967275202133724,11.809324182306618,11.402156381959118,11.32385556886627,10.447346248733936
0.0,0.0,0.0,0.0,0.0,10.363057327714467,10.711215013900096,12.728289401359138,13.274976807749503,14.975180451827828,16.207750529027965,16.543389363845442,16.64155736785264,18.71717561610161,18.370646295535153,18.167437081322213,18.08681702338521,18.300917482172153,18.905541680481154,18.451837081810233,17.513626471274858,17.466028599706544,17.74518597325047,17.62980296092583,17.383493026584283,17.625299284496695,17.965288156341714,17.19731456416902,17.063117279520178,16.840629108319693,16.42670608276202,16.763160026483053,15.74053309646628,14.650283717407895,13.801697581044573,13.741316536271551,13.854665170992952,12.866158516528511,11.661298961144315,11.400423984407645,11.15914321408173,10.684496093771612,0.0,0.0,0.0,12.306829600311325,13.637035615546234,15.12676697484604,0.0,0.0,0.0,0.0,17.089097066135672,16.050878789249182,0.0,13.49607650553591,12.918632368972848,12.691276751498055,12.717096022757232,12.94361020173568,12.331368918443669,12.27704254123795,12.282401799907431,0.0,0.0,11.79330671406375,13.064453545902857,12.143942843582826,11.54380474327106,11.127390952963967,11.05575007985074,0.0,11.64868014120639,0.0,11.073025290813721,11.241201804600328,11.058891583294061,11.116309762733703,10.289065789740459
0.0,0.0,0.0,11.047343230101228,0.0,0.0,0.0,13.104589718813555,14.521005213454625,16.236627432114876,16.764602244510574,16.666264070919954,17.264940584815577,18.239578266981376,18.17101183237677,17.991528900736796,17.63735669084467,18.91745340672449,19.589472244872887,18.879051042740883,18.672060303808806,18.51470408117965,18.705903004707366,18.73812114684172,18.23081967545492,18.21025642036893,17.341564047269237,16.642196388422718,16.203795948251077,15.856663861191834,15.723011650482016,15.596041405671585,15.436919800114634,14.973816212237356,14.545050018319085,13.851253378996162,13.389896904734272,13.17669495176279,12.44704254123795,11.247968416728124,10.880446325343206,0.0,0.0,0.0,0.0,12.162599071400898,12.961784866401857,13.803098701087873,0.0,0.0,0.0,0.0,0.0,0.0,0.0,0.0,14.242974154439588,13.302761214810069,12.8704920169638,12.440283234781235,12.12013212178276,12.424933524282494,12.644476355499851,0.0,12.619558750361271,12.58459405121404,12.121029285066681,12.111519754481971,0.0,0.0,0.0,0.0,0.0,0.0,0.0,10.244370824227794,10.530949481840569,10.034251835249515,9.137525857263718
0.0,0.0,0.0,0.0,0.0,14.432629925378873,15.288168721019392,15.6343637753266,16.534265856281934,17.20713106257134,17.513332557143816,17.855994560369155,17.85331296950372,18.157781409695595,18.00592358826117,17.473418939746516,17.60232226580804,18.13632489486796,18.741875500817226,19.211277071958477,19.342923604127833,18.928685194940464,19.035368631263374,19.373496459371538,19.576225966114922,19.291692365229434,17.43838991984672,16.166962088193166,15.490217126848732,15.070396937510909,14.920867062600614,15.58141701665846,15.861340683093932,15.857843055452648,15.577404970618048,14.464233304124399,13.959112823068578,14.449789871329134,13.352881391320379,12.59398036632265,11.939779753540252,0.0,0.0,0.0,10.75701259387779,11.428416708131735,13.028193782915487,13.672809549336456,14.561971574589766,15.875204312083973,0.0,0.0,0.0,0.0,0.0,0.0,0.0,14.341951253382074,13.016422154891393,0.0,0.0,13.39948695049901,12.639558750361271,0.0,0.0,0.0,0.0,0.0,0.0,0.0,0.0,0.0,0.0,0.0,0.0,0.0,9.351536132226522,0.0,0.0
0.0,0.0,0.0,0.0,0.0,16.25092685119624,15.938536710017678,15.915363424077269,16.66500032318691,17.255589131674224,17.364336393035167,18.573060480160525,18.78497295544235,18.810625291297217,19.324013997972195,18.02330728809511,17.661212711123273,18.12919688231313,18.41434095533844,19.237617857069093,20.01906245165784,19.722283007987294,20.332473785507776,20.119604264628016,20.00089696622073,19.718583944092643,18.56972867321622,16.212894338370916,15.463054392947338,14.740693539558116,14.540693539558111,14.941841151006706,15.59361571588492,17.350005869504344,17.30834449265135,15.66971185717222,14.352720868874982,14.438983562799386,13.951863012783765,12.82879568806608,12.278255654243221,0.0,0.0,0.0,0.0,11.314212158149,11.726279041983723,12.215195050666011,13.12187289925042,15.321971574589767,16.076411711633583,0.0,0.0,0.0,0.0,0.0,0.0,0.0,0.0,0.0,0.0,0.0,11.77232793488028,0.0,0.0,0.0,0.0,0.0,0.0,0.0,0.0,0.0,0.0,0.0,0.0,0.0,0.0,0.0,0.0
0.0,0.0,0.0,0.0,0.0,16.685596354773224,15.984328595264174,15.878443979583652,15.746408702897094,16.794459848827277,17.851710770864955,18.800441394599872,18.645394860438252,19.69706404291891,19.882305265165574,18.81714874657267,17.60349302658428,17.96007350215233,18.877573125710406,19.36846739550048,19.927939944711433,20.57852755316801,19.88677610389821,20.10367671227258,20.001392069983815,19.659873808966424,19.155211457487272,17.14788224323361,16.004799702302776,15.13308663638054,14.376340127918578,14.755733539809313,15.785265278917514,16.731369626459248,16.469196662229336,15.094582506509713,14.209442088475956,14.622118639432511,15.033133308676511,14.263876661648737,13.374731385432295,12.227985884714894,0.0,0.0,0.0,11.93377974357953,11.85941810721537,11.621617591365467,12.957434746793574,13.445187412006188,14.363539265837435,16.3083613401172,18.193352242564863,0.0,0.0,0.0,0.0,0.0,0.0,0.0,0.0,10.993240799761221,0.0,0.0,0.0,0.0,0.0,0.0,0.0,0.0,0.0,0.0,0.0,0.0,0.0,0.0,0.0,0.0,0.0
0.0,0.0,0.0,17.562133747855142,0.0,16.04666957803208,16.304823036905542,15.7622476533003,15.432253654111353,15.65482730884382,17.2931269273314,18.872375416388643,18.995987115047583,21.106282420025487,20.111959367595084,19.652075337661408,18.897906625043348,17.64396316751749,17.989292236839045,18.96750575470341,18.981048518196552,19.435694817394907,19.633605995488654,19.814982481933747,19.099811759660653,18.43155690915092,18.858348412458817,17.013729189101,15.702109085119911,15.037378416570714,14.715586740634627,14.655273070619142,14.853362058223325,15.161517789916536,15.490687988019564,14.405854286823619,13.778722041282212,14.196572781916526,14.134399826445298,14.337713932691514,0.0,0.0,0.0,0.0,13.027011690051392,12.348778996139135,11.905406092719264,11.974122758582304,13.169146382683017,12.874052709273208,12.899110685598375,14.891548512276247,16.284310699967023,0.0,0.0,0.0,0.0,0.0,0.0,0.0,0.0,0.0,0.0,0.0,0.0,0.0,0.0,0.0,0.0,0.0,0.0,0.0,0.0,0.0,0.0,0.0,0.0,0.0,0.0
0.0,0.0,0.0,17.619097066135673,16.53977567685832,15.916669578032081,16.415128957103892,15.684826631949477,15.075438353364818,14.586255872792822,16.561759750622052,17.25268825857944,18.5176586428613,19.598309817182333,19.33463199573247,19.967787717567184,19.10827729759287,17.25603209410169,16.498583401840975,16.79309410052838,17.127355109294193,17.94794802093265,18.328943438702012,18.362874171674182,17.47249299709773,17.159771949140303,16.765563430172293,16.24142565269581,15.252275773005168,14.23699956742616,14.339616410752974,13.920685488706454,13.941928028168828,14.096769714352192,14.118990828304149,13.87683706075346,13.049595174459178,12.609217327441534,12.682761214810068,0.0,0.0,0.0,0.0,11.965753969946022,11.82373226409484,12.087876106931251,11.621436620586607,12.33908145272897,12.996258350147286,12.67316369435278,12.45159557408052,12.994547944090527,0.0,0.0,0.0,0.0,0.0,0.0,0.0,0.0,0.0,0.0,0.0,0.0,0.0,0.0,0.0,0.0,0.0,0.0,0.0,0.0,0.0,0.0,0.0,0.0,0.0,0.0,0.0
0.0,0.0,10.846604915672328,13.207337968503957,15.572717398323615,15.625311336118074,17.008285108331187,16.035916607522335,14.869005156251426,14.868400884108048,15.668572788974586,16.18594210218269,16.741936787619313,18.015506358582677,19.164835714433522,19.555737105126536,18.5776586428613,16.89187690247399,15.6760150359373,15.820131008653483,16.311435546762024,16.450396084526815,17.072049306831467,17.29161845973035,16.834372970255334,15.813393937774844,15.44114505368973,15.584165657157968,14.758307184340104,14.179599087606595,13.760009191218863,13.420904709060919,13.347385516310862,12.763978865941539,12.739737326097789,12.95214242483647,12.287999349669132,11.700993858634154,0.0,0.0,0.0,0.0,0.0,0.0,0.0,11.541018389897514,11.842652784164606,11.942652784164606,12.192544679562214,12.617870434925933,12.436996807256705,12.573022409079055,13.55210975072486,0.0,0.0,0.0,0.0,0.0,0.0,0.0,0.0,0.0,0.0,0.0,0.0,0.0,0.0,0.0,0.0,0.0,0.0,0.0,0.0,0.0,0.0,0.0,0.0,0.0,0.0
0.0,0.0,0.0,12.237305867373962,13.439237559599897,14.228297602681032,16.021690109200946,16.291432317027784,15.81539555161411,15.168994937269563,15.123503492208647,15.608269417848136,16.729426543327932,17.33050688353976,18.3879333987816,18.46178407182569,18.774095981381848,17.39521090299135,15.55490704464263,15.279119235660362,16.07409082180911,16.082416957354653,15.662029778579413,16.023286814480613,15.990693451612856,15.024304251910664,15.416237589946018,15.633851995724775,14.642908754884264,14.096644993624054,13.373446462121144,12.62259988353809,12.4544370971449,12.046246778544258,0.0,0.0,11.227694713858092,10.882803724723807,10.42314641595721,0.0,0.0,0.0,0.0,0.0,0.0,0.0,0.0,10.840199998279314,12.466599313614378,12.218421718344516,12.216096749737579,12.084003115914527,12.224579617328551,12.602867883610408,0.0,0.0,0.0,0.0,0.0,0.0,0.0,0.0,0.0,0.0,0.0,0.0,0.0,0.0,0.0,0.0,0.0,0.0,0.0,0.0,0.0,0.0,0.0,0.0,0.0
0.0,0.0,0.0,11.573236594817633,11.679665368492067,12.703626563080613,14.73206246162014,15.233340930142086,15.786925006810776,15.554736159338383,15.509205011017613,15.843306054793873,16.662262219225887,17.145710247909008,19.22963372066493,17.83008588843567,17.740103847537142,16.839851944287034,16.04632101340261,15.23513538115004,15.691332199613239,15.219326327063506,14.970674993095546,14.772363713443715,14.859396838100746,15.112252715200059,15.438710643660388,16.240001623789205,15.887656249599452,14.458670688058946,13.55465284908161,13.335204480020305,11.926787266409715,0.0,0.0,0.0,0.0,0.0,0.0,0.0,0.0,0.0,0.0,0.0,0.0,0.0,0.0,0.0,0.0,0.0,0.0,0.0,0.0,11.400177495812013,0.0,0.0,0.0,0.0,0.0,0.0,0.0,0.0,0.0,0.0,0.0,0.0,0.0,0.0,0.0,0.0,0.0,0.0,0.0,0.0,0.0,0.0,0.0,0.0,0.0
0.0,0.0,0.0,11.104212158148993,11.494509657136142,11.985153626190732,13.699108803140966,13.468946610723254,13.947319299329067,14.48144282108025,15.529900344874783,15.684014634372954,16.116440824631503,16.769547290858114,16.891346796575306,17.088426465644808,16.600935148164886,16.774551324591265,15.803552342741217,15.186123837569571,14.571493830548121,14.330756619781173,14.210255844961484,14.165445742483502,14.539085882822867,14.974917090018312,15.161903191040764,17.070931287923706,15.92424649665441,15.326811607226627,14.845865224045763,13.663943920647924,11.878400675540313,11.672906036130772,12.174563052061735,0.0,0.0,0.0,0.0,0.0,0.0,0.0,0.0,0.0,0.0,0.0,0.0,0.0,0.0,0.0,0.0,0.0,0.0,0.0,0.0,0.0,0.0,0.0,0.0,0.0,0.0,0.0,0.0,0.0,0.0,0.0,0.0,0.0,0.0,0.0,0.0,0.0,0.0,0.0,0.0,0.0,0.0,0.0,0.0
0.0,0.0,0.0,9.703445289787908,10.977709823681145,12.84870129670928,12.911425203514412,12.89175373443648,13.389374667137176,13.935306638535819,14.156860329933615,14.580282571234692,15.317827491425447,15.67554378311101,15.667815822451821,16.149907646981866,16.363600165079802,16.295804217435254,15.014695793240788,14.855324530883912,14.297652818221145,13.54136706575292,12.88231114673118,13.35105178186809,14.196900362622365,14.853302916939287,15.487404970618048,15.62484434865358,15.81116678762084,15.647148099953,15.325436507523495,14.23187235713614,12.864052794448732,11.51956825328222,11.893595152155461,11.670784234635553,10.909095707330936,0.0,0.0,0.0,0.0,0.0,0.0,0.0,0.0,0.0,0.0,0.0,0.0,0.0,0.0,0.0,0.0,0.0,0.0,0.0,0.0,0.0,0.0,0.0,0.0,0.0,0.0,0.0,0.0,0.0,0.0,0.0,0.0,0.0,0.0,0.0,0.0,0.0,0.0,0.0,0.0,0.0,0.0
0.0,0.0,0.0,9.787646926728208,10.08297959969231,11.78232793488028,13.463388622458485,0.0,13.39386995225055,13.040516592196091,12.98271453020213,14.184184738009531,14.665255085097986,14.782374785403098,15.395445349277074,16.392308982588293,15.985787196938645,15.413588265250215,15.199642340270607,14.910910951077408,13.922131280555416,13.39920032561302,12.77187100775658,13.07136706575292,14.257729958646799,15.35737138358978,16.69619842141879,15.197186387751831,15.451843972055286,15.492631617330039,14.989244402369758,15.393618470079314,14.749060248013745,0.0,0.0,0.0,11.033211431737323,0.0,0.0,0.0,0.0,0.0,0.0,0.0,0.0,0.0,0.0,0.0,0.0,0.0,0.0,0.0,0.0,0.0,0.0,0.0,0.0,0.0,0.0,0.0,0.0,0.0,0.0,0.0,0.0,0.0,0.0,0.0,0.0,0.0,0.0,0.0,0.0,0.0,0.0,0.0,0.0,0.0,0.0
0.0,0.0,0.0,0.0,9.536007469005,10.460488317284273,0.0,11.506173004319201,11.841337932270491,11.712622987629725,12.457604614808124,13.125614906781092,14.217868515664865,14.79463030130427,15.033016465459003,15.70593581043186,16.372332429246775,15.458469826539577,14.27535275874585,13.926379962712922,13.652036706981345,12.244000362477728,12.867842842256632,12.75779793687391,13.370769761053953,16.026411711633585,16.04641171163358,16.95828510833119,14.87059997269564,14.026468784616801,13.275766065320902,0.0,0.0,0.0,0.0,0.0,0.0,0.0,0.0,0.0,0.0,0.0,0.0,0.0,0.0,0.0,0.0,0.0,0.0,0.0,0.0,0.0,0.0,0.0,0.0,0.0,0.0,0.0,0.0,0.0,0.0,0.0,0.0,0.0,0.0,0.0,0.0,0.0,0.0,0.0,0.0,0.0,0.0,0.0,0.0,0.0,0.0,0.0,0.0
0.0,0.0,0.0,0.0,0.0,10.822818368576026,10.669849632141432,11.265808279806436,11.47519885083747,11.558118375711173,11.72751733909679,12.359036746445508,12.924705951963183,14.04268289499555,14.864630301304267,14.97871069543963,15.984923228415912,15.20775976150101,14.070675811182749,13.196078928579329,12.797096022757232,12.142416404420722,12.753159354716539,13.152188351656829,13.523828537665574,14.905153524713002,16.498834862676265,17.048285108331186,17.57213374785514,14.465242330811128,0.0,14.412629925378873,0.0,12.047447191923238,0.0,0.0,0.0,0.0,0.0,0.0,0.0,0.0,0.0,0.0,0.0,0.0,0.0,0.0,0.0,0.0,0.0,0.0,0.0,0.0,0.0,0.0,0.0,0.0,0.0,0.0,0.0,0.0,0.0,0.0,0.0,0.0,0.0,0.0,0.0,0.0,0.0,0.0,0.0,0.0,0.0,0.0,0.0,0.0,0.0
0.0,0.0,0.0,0.0,0.0,11.29484273493655,11.042139751146745,11.088965096378317,11.457074670700107,11.254081213505359,11.517389111480508,11.13591790613606,11.342354877253705,12.870195346857063,12.726475819444588,13.628207400155443,14.301225540673341,14.375905252481832,13.908653396789202,12.950351074763486,12.549184081449184,11.289726352486802,12.190313901709402,0.0,0.0,12.574566365608419,12.898795688066079,14.278962797390925,17.452432733577115,17.163567499864048,0.0,14.925930419268262,0.0,0.0,11.112615476102855,0.0,0.0,0.0,0.0,0.0,0.0,0.0,0.0,0.0,0.0,0.0,0.0,0.0,0.0,0.0,0.0,0.0,0.0,0.0,0.0,0.0,0.0,0.0,0.0,0.0,0.0,0.0,0.0,0.0,0.0,0.0,0.0,0.0,0.0,0.0,0.0,0.0,0.0,0.0,0.0,0.0,0.0,0.0,0.0
0.0,0.0,0.0,0.0,0.0,0.0,10.984282458750151,11.36342809882958,11.12528513529921,11.227633351744913,10.645791625210725,10.554683908589691,10.827466143912178,11.084147705066655,11.738473992847394,12.331405275962004,13.1679843876197,13.381782316168785,12.977155798629948,11.82903838433299,11.68451012175174,10.96428245875015,10.817654029140076,0.0,0.0,11.566602425026137,12.752761214810068,14.451951253382074,15.815770265810091,14.861562234559791,15.485753173676521,14.578739843212375,13.008755388762044,0.0,11.35611020530694,0.0,10.075812468442983,0.0,0.0,0.0,0.0,0.0,0.0,0.0,0.0,0.0,0.0,0.0,0.0,0.0,0.0,0.0,0.0,0.0,0.0,0.0,0.0,0.0,0.0,0.0,0.0,0.0,0.0,0.0,0.0,0.0,0.0,0.0,0.0,0.0,0.0,0.0,0.0,0.0,0.0,0.0,0.0,0.0,0.0
0.0,0.0,0.0,0.0,0.0,0.0,0.0,13.117196414221992,11.682680876205136,11.295544714874925,11.116329804996788,10.650453949088433,10.718993949503702,10.531781304176018,11.138742477397537,11.189641850487995,12.259872848976812,12.061983573325154,11.980863307717163,11.641056412431912,11.450230270357782,10.335761374446713,0.0,0.0,0.0,11.020232268510545,0.0,0.0,0.0,13.688761764838864,15.035153524713001,0.0,0.0,0.0,0.0,0.0,0.0,0.0,0.0,0.0,0.0,0.0,0.0,0.0,0.0,0.0,0.0,0.0,0.0,0.0,0.0,0.0,0.0,0.0,0.0,0.0,0.0,0.0,0.0,0.0,0.0,0.0,0.0,0.0,0.0,0.0,0.0,0.0,0.0,0.0,0.0,0.0,0.0,0.0,0.0,0.0,0.0,0.0,0.0
0.0,0.0,0.0,0.0,0.0,0.0,0.0,12.009162217485194,0.0,12.311021947172673,12.190404360780416,11.54950447376191,10.789152075478786,10.654081018368935,10.564496093771611,11.031739661563925,11.556439621741294,11.633961582923014,11.847517339096791,11.620409903514707,11.471130823181346,10.238416932640721,10.206414384050287,9.905916895762923,10.680214535798552,0.0,0.0,0.0,0.0,0.0,0.0,0.0,0.0,0.0,0.0,0.0,0.0,0.0,0.0,0.0,0.0,0.0,0.0,0.0,0.0,0.0,0.0,0.0,0.0,0.0,0.0,0.0,0.0,0.0,0.0,0.0,0.0,0.0,0.0,0.0,0.0,0.0,0.0,0.0,0.0,0.0,0.0,0.0,0.0,0.0,0.0,0.0,0.0,0.0,0.0,0.0,0.0,0.0,0.0
0.0,0.0,0.0,0.0,0.0,0.0,0.0,0.0,0.0,12.106417036791994,13.127702628022337,11.63908944739578,11.35103787985021,11.184563741538527,10.30188233605871,0.0,0.0,12.535160659109849,11.73527225515345,11.963036614918197,11.274212158148998,10.668395909037278,10.802293028495296,10.82406442917775,11.49010622480348,11.108416708131735,0.0,0.0,0.0,0.0,0.0,0.0,0.0,0.0,0.0,0.0,0.0,0.0,0.0,0.0,0.0,0.0,0.0,0.0,0.0,0.0,0.0,0.0,0.0,0.0,0.0,0.0,0.0,0.0,0.0,0.0,0.0,0.0,0.0,0.0,0.0,0.0,0.0,0.0,0.0,0.0,0.0,0.0,0.0,0.0,0.0,0.0,0.0,0.0,0.0,0.0,0.0,0.0,0.0
0.0,0.0,0.0,0.0,0.0,0.0,0.0,0.0,10.708146824274717,0.0,11.712411390229002,10.999204237727819,0.0,0.0,10.989983903173117,10.803036675374619,0.0,0.0,10.958659313276785,12.514476355499852,11.462431337673689,11.315013913291686,10.85768218831609,11.53425832671655,11.719275095917808,0.0,0.0,11.246328047721432,0.0,0.0,0.0,0.0,0.0,0.0,0.0,0.0,0.0,0.0,0.0,0.0,0.0,0.0,0.0,0.0,0.0,0.0,0.0,0.0,0.0,0.0,0.0,0.0,0.0,0.0,0.0,0.0,0.0,0.0,0.0,0.0,0.0,0.0,0.0,0.0,0.0,0.0,0.0,0.0,0.0,0.0,0.0,0.0,0.0,0.0,0.0,0.0,0.0,0.0,0.0
0.0,0.0,0.0,0.0,0.0,0.0,0.0,0.0,9.996723277213263,9.728746517425034,0.0,0.0,0.0,0.0,10.644297601160421,10.033565413480805,0.0,0.0,0.0,0.0,11.717913071740128,11.496808971578886,11.112139751146746,11.442159620478172,0.0,0.0,0.0,0.0,0.0,0.0,0.0,0.0,0.0,0.0,0.0,0.0,0.0,0.0,0.0,0.0,0.0,0.0,0.0,0.0,0.0,0.0,0.0,0.0,0.0,0.0,0.0,0.0,0.0,0.0,0.0,0.0,0.0,0.0,0.0,0.0,0.0,0.0,0.0,0.0,0.0,0.0,0.0,0.0,0.0,0.0,0.0,0.0,0.0,0.0,0.0,0.0,0.0,0.0,0.0
0.0,0.0,0.0,0.0,0.0,0.0,0.0,0.0,0.0,0.0,0.0,0.0,0.0,0.0,0.0,9.567512371151874,0.0,0.0,0.0,0.0,11.256129819503304,10.938559769566002,11.272414063371638,11.777242264752461,10.018258458877904,0.0,0.0,0.0,0.0,0.0,0.0,0.0,0.0,0.0,0.0,0.0,0.0,0.0,0.0,0.0,0.0,0.0,0.0,0.0,0.0,0.0,0.0,0.0,0.0,0.0,0.0,0.0,0.0,0.0,0.0,0.0,0.0,0.0,0.0,0.0,0.0,0.0,0.0,0.0,0.0,0.0,0.0,0.0,0.0,0.0,0.0,0.0,0.0,0.0,0.0,0.0,0.0,0.0,0.0
0.0,0.0,0.0,0.0,0.0,0.0,0.0,0.0,0.0,0.0,0.0,0.0,0.0,0.0,0.0,0.0,0.0,0.0,0.0,0.0,0.0,10.691629618926212,0.0,12.192599071400895,14.124163067414619,0.0,0.0,0.0,0.0,0.0,0.0,0.0,0.0,0.0,0.0,0.0,0.0,0.0,0.0,0.0,0.0,0.0,0.0,0.0,0.0,0.0,0.0,0.0,0.0,0.0,0.0,0.0,0.0,0.0,0.0,0.0,0.0,0.0,0.0,0.0,0.0,0.0,0.0,0.0,0.0,0.0,0.0,0.0,0.0,0.0,0.0,0.0,0.0,0.0,0.0,0.0,0.0,0.0,0.0
0.0,0.0,0.0,0.0,0.0,0.0,0.0,0.0,0.0,0.0,0.0,0.0,0.0,0.0,0.0,0.0,0.0,0.0,0.0,0.0,0.0,0.0,0.0,0.0,0.0,0.0,0.0,0.0,0.0,0.0,0.0,0.0,0.0,0.0,0.0,0.0,0.0,0.0,0.0,0.0,0.0,0.0,0.0,0.0,0.0,0.0,0.0,0.0,0.0,0.0,0.0,0.0,0.0,0.0,0.0,0.0,0.0,0.0,0.0,0.0,0.0,0.0,0.0,0.0,0.0,0.0,0.0,0.0,0.0,0.0,0.0,0.0,0.0,0.0,0.0,0.0,0.0,0.0,0.0
0.0,0.0,0.0,0.0,0.0,0.0,0.0,0.0,0.0,0.0,0.0,0.0,0.0,0.0,0.0,0.0,0.0,0.0,0.0,0.0,0.0,0.0,0.0,0.0,0.0,0.0,0.0,0.0,0.0,0.0,0.0,0.0,0.0,0.0,0.0,0.0,0.0,0.0,0.0,0.0,0.0,0.0,0.0,0.0,0.0,0.0,0.0,0.0,0.0,0.0,0.0,0.0,0.0,0.0,0.0,0.0,0.0,0.0,0.0,0.0,0.0,0.0,0.0,0.0,0.0,0.0,0.0,0.0,0.0,0.0,0.0,0.0,0.0,0.0,0.0,0.0,0.0,0.0,0.0
0.0,0.0,0.0,0.0,0.0,0.0,0.0,0.0,0.0,0.0,0.0,0.0,0.0,0.0,0.0,0.0,0.0,0.0,0.0,0.0,0.0,0.0,0.0,0.0,0.0,0.0,0.0,0.0,0.0,0.0,0.0,0.0,0.0,0.0,0.0,0.0,0.0,0.0,0.0,0.0,0.0,0.0,0.0,0.0,0.0,0.0,0.0,0.0,0.0,0.0,0.0,0.0,0.0,0.0,0.0,0.0,0.0,0.0,0.0,0.0,0.0,0.0,0.0,0.0,0.0,0.0,0.0,0.0,0.0,0.0,0.0,0.0,0.0,0.0,0.0,0.0,0.0,0.0,0.0
0.0,0.0,0.0,0.0,0.0,0.0,0.0,0.0,0.0,0.0,0.0,0.0,0.0,0.0,0.0,0.0,0.0,0.0,0.0,0.0,0.0,0.0,0.0,0.0,0.0,0.0,0.0,0.0,0.0,0.0,0.0,0.0,0.0,0.0,0.0,0.0,0.0,0.0,0.0,0.0,0.0,0.0,0.0,0.0,0.0,0.0,0.0,0.0,0.0,0.0,0.0,0.0,0.0,0.0,0.0,0.0,0.0,0.0,0.0,0.0,0.0,0.0,0.0,0.0,0.0,0.0,0.0,0.0,0.0,0.0,0.0,0.0,0.0,0.0,0.0,0.0,0.0,0.0,0.0
0.0,0.0,0.0,0.0,0.0,0.0,0.0,0.0,0.0,0.0,0.0,0.0,0.0,0.0,0.0,0.0,0.0,0.0,0.0,0.0,0.0,0.0,0.0,0.0,0.0,0.0,0.0,0.0,0.0,0.0,0.0,0.0,0.0,0.0,0.0,0.0,0.0,0.0,0.0,0.0,0.0,0.0,0.0,0.0,0.0,0.0,0.0,0.0,0.0,0.0,0.0,0.0,0.0,0.0,0.0,0.0,0.0,0.0,0.0,0.0,0.0,0.0,0.0,0.0,0.0,0.0,0.0,0.0,0.0,0.0,0.0,0.0,0.0,0.0,0.0,0.0,0.0,0.0,0.0
