0.0,0.0,0.0,0.0,0.0,0.0,0.0,0.0,0.0,0.0,0.0,0.0,0.0,0.0,0.0,0.0,0.0,0.0,0.0,0.0,0.0,0.0,0.0,0.0,0.0,0.0,0.0,0.0,0.0,0.0,0.0,0.0,0.0,0.0,0.0,0.0,0.0,0.0,0.0,0.0,0.0,0.0,0.0,0.0,0.0,0.0,0.0,0.0,0.0,0.0,0.0,0.0,14.066950732300846,12.539844109624628,12.300984769390862,12.126240884867265,12.56734123146235,12.44745343119132,12.659096725708682,12.483253277517964,12.644012744755763,12.386119642084779,12.942699631315918,12.917743883158805,13.7236318401151,12.894273859932063,12.410564583174251,0.0,0.0,0.0,11.83084511344425,12.25223336038192,12.609004524396179,18.995251430035076,19.20352450124313,17.81834962474913,17.669136142934484,17.373375040776487,17.220641586601793
0.0,0.0,0.0,0.0,0.0,0.0,0.0,0.0,0.0,0.0,0.0,0.0,0.0,0.0,0.0,0.0,0.0,0.0,0.0,0.0,0.0,0.0,0.0,0.0,0.0,0.0,0.0,0.0,0.0,0.0,0.0,0.0,0.0,0.0,0.0,0.0,0.0,0.0,0.0,0.0,0.0,0.0,0.0,0.0,0.0,0.0,0.0,0.0,0.0,0.0,0.0,10.302227734957839,10.964644982399795,12.921598049623961,12.228712262298991,12.40769605265833,12.427969963887119,12.953490623834009,13.072212564262355,13.202099772278306,13.282783835315808,13.458172957992584,13.459049217501029,14.131596596455589,14.242270192607986,16.61325015265043,15.376101863724484,0.0,0.0,13.21713350434376,14.146898824977653,14.98704394050572,17.58237505364803,19.34842825525609,17.998238544221934,18.119576556079295,18.63991395621805,18.520857988937713,18.091115811817644
0.0,0.0,0.0,0.0,0.0,0.0,0.0,0.0,0.0,0.0,0.0,0.0,0.0,0.0,0.0,0.0,0.0,0.0,0.0,0.0,0.0,0.0,0.0,0.0,0.0,0.0,0.0,0.0,0.0,0.0,0.0,0.0,0.0,0.0,0.0,0.0,0.0,0.0,0.0,0.0,0.0,0.0,0.0,0.0,0.0,0.0,0.0,0.0,0.0,0.0,0.0,10.277468242937548,11.1411035175238,11.46953276766715,12.810786889602014,12.189100867206262,12.448724992215595,12.664841160713017,13.127332863848846,13.269661135538746,13.901161577741135,14.105619068366643,14.734661818120555,15.170971923652486,19.156205591705003,16.21957416642667,0.0,0.0,14.5309938257976,14.480374294218098,17.381252319991837,17.445566956082757,18.54128326588051,18.78390570990478,18.983905709904782,18.901643913545474,20.027757774787524,19.314771543078066,19.95685921508013
0.0,0.0,0.0,0.0,0.0,0.0,0.0,0.0,0.0,0.0,0.0,0.0,0.0,0.0,0.0,0.0,0.0,0.0,0.0,0.0,0.0,0.0,0.0,0.0,0.0,0.0,0.0,0.0,0.0,0.0,0.0,0.0,0.0,0.0,0.0,0.0,0.0,0.0,0.0,0.0,0.0,0.0,0.0,0.0,0.0,0.0,0.0,0.0,0.0,0.0,0.0,11.112506563494266,11.51511348827507,11.778253880514951,11.840872290163109,12.195954825303145,12.390425096033756,12.838087459985628,13.718023140312704,13.913841844372058,13.984084933934062,14.587635874763983,15.07321310380241,15.023561555708415,17.095089981518516,18.56228940509981,13.979335687916318,17.601542510981293,16.776228343782385,18.531708725362318,18.56602905307426,18.01793630927169,18.641678775733745,19.285408452238507,19.5697851170706,19.15556921380907,22.453355326043585,19.41293294027689,18.157530646219442
0.0,0.0,0.0,0.0,0.0,0.0,0.0,0.0,0.0,0.0,0.0,0.0,0.0,0.0,0.0,0.0,0.0,0.0,0.0,0.0,0.0,0.0,0.0,0.0,0.0,0.0,0.0,0.0,0.0,0.0,0.0,0.0,0.0,0.0,0.0,0.0,0.0,0.0,0.0,0.0,0.0,0.0,0.0,0.0,0.0,0.0,0.0,0.0,0.0,0.0,0.0,0.0,11.496154088064008,12.010639501501458,11.934471522550625,12.031087828224187,12.05182570649997,12.489084877314804,13.259717072908344,14.685582466013333,15.403837852452279,15.008341299657367,16.01544858653299,17.681180944716086,14.631872254667002,14.929004924632727,15.883336947677378,16.550742673154335,17.97782246053447,22.10374961329669,23.962425382531755,21.12076770957992,19.521805097051597,19.947269148705274,19.524068744337015,19.352250488109306,24.480250776147052,18.69039461833667,17.790931768464976
0.0,0.0,0.0,0.0,0.0,0.0,0.0,0.0,0.0,0.0,0.0,0.0,0.0,0.0,0.0,0.0,0.0,0.0,0.0,0.0,0.0,0.0,0.0,0.0,0.0,0.0,0.0,0.0,0.0,0.0,0.0,0.0,0.0,0.0,0.0,0.0,0.0,0.0,0.0,0.0,0.0,0.0,0.0,0.0,0.0,0.0,0.0,0.0,0.0,0.0,0.0,0.0,0.0,0.0,11.952191851658402,12.186270295617161,12.472420560070251,12.328906851014539,12.95677003714051,13.745371528502769,14.362923614363815,14.94087072059374,15.226377033828571,14.5516217426316,12.684314211387408,15.204006654790364,16.25170188322967,17.78423069535411,18.12440982909753,18.852014202604437,19.293710984049607,20.936736116203093,19.519608689497055,19.719608689497054,19.859608689497055,19.459121112083146,19.929272648833454,18.99191084354838,17.687146965995087
0.0,0.0,0.0,0.0,0.0,0.0,0.0,0.0,0.0,0.0,0.0,0.0,0.0,0.0,0.0,0.0,0.0,0.0,0.0,0.0,0.0,0.0,0.0,0.0,0.0,0.0,0.0,0.0,0.0,0.0,0.0,0.0,0.0,0.0,0.0,0.0,0.0,0.0,0.0,0.0,0.0,0.0,0.0,0.0,0.0,0.0,0.0,0.0,0.0,0.0,0.0,0.0,0.0,0.0,11.65004826078696,12.439136817271924,13.098408140423153,12.65123826627966,12.376209940194835,12.852303908839161,13.645400905297548,14.235716026710563,11.632716415634608,15.93292341870335,24.09470737415991,17.348058775956986,18.31917323471675,17.53898963987259,17.612990444428906,17.8985165415929,19.181481749169016,20.62591220946432,21.12139771505864,20.185329735942474,20.608801413004233,20.695139362198315,20.29469615912434,19.164744581427506,18.151276072979705
0.0,0.0,0.0,0.0,0.0,0.0,0.0,0.0,0.0,0.0,0.0,0.0,0.0,0.0,0.0,0.0,0.0,0.0,0.0,0.0,0.0,0.0,0.0,0.0,0.0,0.0,0.0,0.0,0.0,0.0,0.0,0.0,0.0,0.0,0.0,0.0,0.0,0.0,0.0,0.0,0.0,0.0,0.0,0.0,0.0,0.0,0.0,0.0,0.0,0.0,0.0,0.0,0.0,0.0,11.162423066574496,11.252678716466194,12.42219502215831,14.213643801617566,12.243121198896512,13.527469892325128,13.300776539314457,14.447942872839802,22.76550609684209,23.761839040466768,17.530731637488593,17.717496519036718,17.46809374603793,17.606907882444517,17.758957993039,17.803160147000607,19.970736489246413,20.00711817071241,20.73740460471275,21.283517778670497,21.353517778670497,20.485329735942475,19.62510182491164,18.651075843740955,18.7111763061956
0.0,0.0,0.0,0.0,0.0,0.0,0.0,0.0,0.0,0.0,0.0,0.0,0.0,0.0,0.0,0.0,0.0,0.0,0.0,0.0,0.0,0.0,0.0,0.0,0.0,0.0,0.0,0.0,0.0,0.0,0.0,0.0,0.0,0.0,0.0,0.0,0.0,0.0,0.0,0.0,0.0,0.0,0.0,0.0,0.0,0.0,0.0,0.0,0.0,0.0,0.0,0.0,0.0,0.0,0.0,11.432894751721207,17.231967275087406,15.967873083718313,0.0,0.0,37.98769543812649,55.17948042796836,22.584931036897835,18.894264527616336,18.39461891631022,17.49734793627,17.743509912346383,17.711369621870787,17.430661244205453,17.508262082773523,17.71551156240974,18.37303505434381,19.408962045144843,20.28733603578361,21.109780791468786,21.20740460471275,20.71605864488194,19.45191084354838,19.195092819627696
0.0,0.0,0.0,0.0,0.0,0.0,0.0,0.0,0.0,0.0,0.0,0.0,0.0,0.0,0.0,0.0,0.0,0.0,0.0,0.0,0.0,0.0,0.0,0.0,0.0,0.0,0.0,0.0,0.0,0.0,0.0,0.0,0.0,0.0,0.0,0.0,0.0,0.0,0.0,0.0,0.0,0.0,0.0,0.0,0.0,0.0,0.0,0.0,0.0,0.0,0.0,0.0,0.0,0.0,14.372126096836928,0.0,0.0,0.0,0.0,72.06038436293306,27.322508494482165,25.873208825014743,21.55283779672277,19.233554179166326,18.14268596569091,18.04494424664845,17.473877456464074,17.30890667237773,17.431872347916197,16.82197661349419,17.07197661349419,17.576110965737435,18.49185808234666,19.111726121487685,19.848962045144845,20.80390888628809,20.956058644881942,19.86129876740521,18.972124963601342
0.0,0.0,0.0,0.0,0.0,0.0,0.0,0.0,0.0,0.0,0.0,0.0,0.0,0.0,0.0,0.0,0.0,0.0,0.0,0.0,0.0,0.0,0.0,0.0,0.0,0.0,0.0,0.0,0.0,0.0,0.0,0.0,0.0,0.0,0.0,0.0,0.0,0.0,0.0,0.0,0.0,0.0,0.0,0.0,0.0,0.0,0.0,0.0,0.0,0.0,0.0,0.0,17.144927352613315,0.0,0.0,0.0,93.89498758503478,266.94136053633713,60.83287559651022,33.05843468450819,26.732084468615547,22.511237211628092,20.19588094338785,19.205216104201746,18.585512427821577,17.907247484892736,17.601305346769166,17.431872347916197,17.248255057609413,17.372484874380632,17.653780566111095,18.19576129493812,18.14324111930238,18.013567572718003,18.186348425396094,19.044181727736635,19.343724689550797,19.323160147000607,18.676667652090366
0.0,0.0,0.0,0.0,0.0,0.0,0.0,0.0,0.0,0.0,0.0,0.0,0.0,0.0,0.0,0.0,0.0,0.0,0.0,0.0,0.0,0.0,0.0,0.0,0.0,0.0,0.0,0.0,0.0,0.0,0.0,0.0,0.0,0.0,0.0,0.0,0.0,0.0,0.0,0.0,0.0,0.0,0.0,0.0,0.0,0.0,0.0,0.0,0.0,0.0,0.0,0.0,0.0,0.0,37.876159198810356,0.0,59.53799062201612,31.53021711666654,31.828757055880978,25.148066120723854,29.38362110068572,23.0266217556688,19.892923028594588,20.146550235259006,17.880836549695125,17.305998894943396,17.311872941578375,17.893091791382815,18.281305980287996,17.917120808317776,18.052779455252978,18.166948962946872,18.07831993458474,17.646790958352444,17.423379680438657,17.655987085771518,18.614683444683173,19.229408789820138,18.736815277488457
0.0,0.0,0.0,0.0,0.0,0.0,0.0,0.0,0.0,0.0,0.0,0.0,0.0,0.0,0.0,0.0,0.0,0.0,0.0,0.0,0.0,0.0,0.0,0.0,0.0,0.0,0.0,0.0,0.0,0.0,0.0,0.0,0.0,0.0,0.0,0.0,11.090710574131307,0.0,0.0,0.0,0.0,0.0,0.0,0.0,0.0,0.0,0.0,0.0,0.0,0.0,0.0,0.0,0.0,0.0,30.267986881220487,22.982812318369295,28.68517729496456,36.77860809469014,27.60663193478682,31.03605869864355,26.192438844846677,22.004296086453724,20.70695402987495,18.97640059754022,18.370071831296062,18.626030771701085,18.279899256710458,18.64488133240546,18.62231088943183,18.247938877209016,18.07216169048624,17.737674975749776,17.952484874380634,17.576940102408084,17.376822273640517,17.243841902398735,17.837142389661977,19.896823683063424,20.470542632840672
0.0,0.0,0.0,0.0,0.0,0.0,0.0,0.0,0.0,0.0,0.0,0.0,0.0,0.0,0.0,0.0,0.0,0.0,0.0,0.0,0.0,0.0,0.0,0.0,0.0,0.0,0.0,0.0,0.0,0.0,0.0,0.0,0.0,0.0,12.700165347140684,11.813318292179694,12.37074148355473,0.0,0.0,0.0,0.0,0.0,0.0,0.0,0.0,0.0,0.0,0.0,0.0,0.0,0.0,0.0,0.0,45.28630357615546,40.626740718762726,23.025087315863917,24.246666544368896,28.72174458090801,27.14612945521707,28.10788969066499,25.54918403981975,23.7988913525676,21.50920607789817,20.24603310743784,22.999093262617947,19.85306433613146,19.60974471882426,19.15898724522505,19.171879219311094,18.732066387697117,18.12626243297244,18.32381839924524,17.57184231430382,17.19322445777887,16.997411905246246,16.743363241913663,16.805769392749603,18.449026945009933,19.25390854319619
0.0,0.0,0.0,0.0,0.0,0.0,0.0,0.0,0.0,0.0,0.0,0.0,0.0,0.0,0.0,0.0,0.0,0.0,0.0,0.0,0.0,0.0,0.0,0.0,0.0,0.0,0.0,0.0,0.0,0.0,0.0,0.0,0.0,13.446078372238588,12.620799525571986,12.678086433885868,12.20315215677554,0.0,0.0,0.0,0.0,0.0,0.0,0.0,0.0,0.0,0.0,0.0,0.0,0.0,0.0,27.4507725329589,33.471491584806046,29.630166812115377,23.743414501615728,24.372393857349685,21.789630811347838,26.64478660020405,21.265047237268657,22.66739251000023,22.243063391491482,19.10297444704763,18.756300792231592,20.428381293999,20.84800238403617,20.368397587891828,19.82443204018181,19.487253495540926,19.099416343849782,18.801156954916202,18.65217349443303,18.099978874223126,17.290730298320796,17.486183133332624,17.411678557165818,17.712468227721963,17.802468227721967,18.510603967163632,19.501961464545282
0.0,0.0,0.0,0.0,0.0,0.0,0.0,0.0,0.0,0.0,0.0,0.0,0.0,0.0,0.0,0.0,0.0,0.0,0.0,0.0,0.0,0.0,0.0,0.0,0.0,0.0,0.0,15.419587821311719,15.558826587102978,14.700782327378738,14.019283435925367,14.207799967309537,14.17472672129762,14.526184140284773,13.292420890713474,12.511256168181822,12.100773177672165,0.0,0.0,0.0,0.0,0.0,0.0,0.0,0.0,0.0,0.0,0.0,0.0,0.0,28.179044097667834,26.93535071017255,32.55605536447864,28.037795968612887,25.9553247725949,24.752515586061314,23.204010290902236,22.452175929612242,21.621620077226577,21.9590774764631,20.837995610660908,19.938982107355223,20.004853156455443,23.100451734728736,22.86822026161996,22.687626255502494,21.02664950913535,20.1447353032734,19.919445833034366,19.72532165350257,18.72546762839066,17.89885337133264,17.899827817691456,18.213481438993366,18.255798679636595,18.177305373962504,18.351407242196988,18.717944932367605,18.387001343938703
0.0,0.0,0.0,0.0,0.0,0.0,0.0,0.0,0.0,0.0,0.0,0.0,0.0,0.0,0.0,0.0,0.0,0.0,0.0,0.0,0.0,13.850568551943333,17.117158061044428,18.466570228230765,20.76747450080755,18.329793652595576,16.308857286322198,15.912561867418084,15.315690504711743,14.754377959421031,14.285530107481982,13.810779879835676,14.426569516503696,14.25472672129762,14.3788136559223,12.788897901532266,12.658439378521923,0.0,0.0,0.0,0.0,0.0,0.0,0.0,0.0,0.0,0.0,0.0,28.463003413746154,27.641309901064957,26.612164564933924,25.913451016948947,25.857124578072153,33.50741490141582,23.293360988399392,20.859893021743737,21.194530784318033,24.48640929756209,24.950517835608338,22.9009335974077,23.704495846958885,25.211746288358263,31.83386119578711,24.424648847585352,22.268728244521817,21.67915336784546,21.75115313443847,20.755827593036116,21.27740460471275,19.4185165415929,18.605998894943397,18.11685534378922,18.765965380361433,18.760593422769595,18.735530296600743,18.755530296600742,18.61649892818455,18.257305373962502,17.882235688435966
0.0,0.0,0.0,0.0,0.0,0.0,0.0,0.0,0.0,0.0,0.0,0.0,0.0,0.0,0.0,0.0,0.0,0.0,0.0,13.99202379415797,13.38099622453846,14.646014203787193,17.51670893524428,18.10771956557258,18.918421587222614,17.830390252980344,16.70571514951881,15.920998423787196,15.390606759539843,14.907200998957247,16.362798627953172,20.56083443473842,16.479925643405636,15.255825385984295,13.58372138757689,13.30876712983001,12.618035435024456,0.0,0.0,0.0,0.0,0.0,0.0,0.0,0.0,0.0,0.0,24.086366657655383,24.240469836878553,25.998389435004142,26.67978123878426,24.233026180627654,28.25519981411132,27.349810346802812,24.43649144896002,20.919089570963592,22.284498326574912,26.56590941394016,27.82234768073115,30.174890509989584,26.698197891126572,25.028114131437423,26.54611290882779,26.075635353149792,22.636747379154524,22.955439129008123,21.129722444193213,22.639640046109992,23.627867609892604,22.78258035267088,20.883710984049607,19.823359092141438,19.94626790911176,20.278556481675242,19.820281727357347,19.323270497260626,19.228944373479024,18.488531357477793,17.908629240591786
0.0,0.0,0.0,0.0,0.0,0.0,0.0,0.0,0.0,0.0,0.0,0.0,0.0,0.0,0.0,0.0,0.0,0.0,14.429880319558901,14.411978153939383,14.789189065824349,16.323957790876662,18.183459493416493,18.761258328382652,18.408572513022683,18.03139743643012,17.36476530448783,16.16440283789448,15.437703879486246,16.191490244816396,19.17085890271406,17.539665364930293,14.279283435925368,14.064066215719388,13.546693598340783,12.960935884732166,12.586543812730518,0.0,0.0,0.0,0.0,0.0,0.0,0.0,0.0,37.20639797810172,27.969950194029977,22.62213106432224,24.7009863824412,26.10276236224172,34.883929199048836,52.99673492463068,32.636713572783464,30.367756521240597,31.368336442058894,30.30517454399417,33.43093394117584,32.68838672069181,28.55084553074167,27.140063009485864,26.142521339046247,26.282521339046244,26.442521339046245,24.914436291357553,23.238424028076878,25.902161022310565,26.319800742929118,24.747707059332743,24.12625928795245,23.48090380290211,24.382324090204165,25.24165291399906,22.59682714052977,22.66682714052977,21.034810647946234,20.12626790911176,19.36056438311808,19.10828631807945,19.4411763061956
0.0,0.0,0.0,0.0,0.0,0.0,0.0,0.0,0.0,0.0,0.0,0.0,0.0,0.0,0.0,0.0,0.0,0.0,15.339545232400393,16.031282382610776,16.37819272357963,16.65750274880875,18.274757148660385,18.961908559618777,18.853979608252658,18.72325254182268,17.570226674041628,16.01471120562681,16.513869865656993,15.47377741772611,15.604395154459016,14.326989460901743,13.667697425398043,0.0,0.0,0.0,0.0,0.0,0.0,0.0,0.0,0.0,0.0,0.0,0.0,22.530403102649757,34.980771979574754,25.54693381988697,27.318962784415582,28.032781362696237,28.838145009170972,38.14544655911236,45.67919475371062,34.775927933396225,27.881854066025944,27.488256483179192,33.44189851739468,25.44970098073494,23.76428773538732,25.886046969029753,29.796815300059386,25.956642851451754,27.335901451169157,28.398742824708584,23.502318802592036,23.827095133723702,23.8770951337237,26.850837622765077,27.790475743943574,26.32085567276285,22.283636156014328,22.289585669248893,22.031048487196088,20.886450074179653,20.803501136068498,19.97234488416646,19.8985165415929,19.9185165415929,19.206199940828085
0.0,0.0,0.0,0.0,0.0,0.0,0.0,0.0,0.0,0.0,0.0,0.0,0.0,0.0,0.0,0.0,0.0,18.485797174960958,16.161577191052487,17.023992161701266,17.293057877362237,18.10088427206773,18.773121424379198,19.636794564975634,18.72317438881798,20.33523468113605,17.160182660402445,15.691767850646656,15.144377959421032,14.854377959421031,14.195026163324892,0.0,0.0,0.0,0.0,0.0,0.0,0.0,0.0,0.0,0.0,0.0,0.0,0.0,17.751127430169017,21.99101815347651,30.95578188847191,45.84285861148064,35.681467213829436,29.627551599321187,31.34233219857112,35.46259132885766,29.38928984603842,40.3018362130449,27.242669538716243,32.52664219194115,31.820802628519914,28.354491235706227,27.752567753177292,25.800820082378365,30.162378528326936,26.808651268796055,26.24999328194825,25.122654639012623,22.631836056693444,23.647196766692026,24.654495846958888,25.486889065032585,25.514824181782423,24.136259287952452,22.26363615601433,22.525283460583605,20.60297444704763,20.71297444704763,20.367086206473765,19.93756421086075,20.76987859546729,20.712666594326926,19.73597629673219
0.0,0.0,0.0,0.0,0.0,0.0,0.0,0.0,0.0,0.0,0.0,0.0,0.0,0.0,0.0,0.0,19.39284701815815,17.05907740101776,16.344627940327694,17.37552805760265,18.521561112687515,18.59081446786277,19.157293922644875,19.361457590830938,18.531760264049574,18.298258865736848,16.739095717232004,15.166564688169668,14.699864481770279,14.198658694734789,0.0,0.0,0.0,0.0,0.0,0.0,0.0,0.0,0.0,0.0,0.0,0.0,0.0,0.0,19.002749665848583,27.163174439072932,30.254523181755147,33.3805991868155,44.1386215662956,56.55978284754062,54.89573003413731,29.842268446576917,33.61855130393268,33.51725464918428,31.20810596087742,27.181625045946802,40.18600434065905,25.81094212237315,23.854665762800693,25.248109845221503,30.864918095675172,32.467515461303506,25.46132644399911,23.193180048736696,22.495161659260127,22.27500447779272,25.416889065032585,24.387684901876423,24.055907385366243,22.728728244521818,22.4808123851363,21.55143325194461,20.3067427805056,20.135342697842802,19.747678157766572,20.013113977258634,21.792308243780255,20.28536769057531,19.17089252942656
0.0,0.0,0.0,0.0,0.0,0.0,0.0,0.0,0.0,0.0,0.0,0.0,0.0,0.0,0.0,0.0,14.435530107481982,15.858420199077711,16.306585359281762,17.933550946927532,19.352477569175207,19.166044572222965,19.30133685014285,18.89089423624723,17.99264655430526,17.06956732893365,16.347700913945967,14.753164651881013,13.640387919195467,0.0,0.0,0.0,0.0,0.0,0.0,0.0,0.0,0.0,0.0,0.0,0.0,0.0,0.0,28.71254748130482,19.431839136567326,26.052833127213425,32.12712422652133,32.70417483259262,33.09418955567706,71.01915775822545,41.259999600149435,29.617643660529602,34.83647109799025,30.674594766052515,26.582657994544356,25.76694239900449,24.8219699584036,24.32150683054796,24.652654639012624,25.258109845221504,25.685037568790584,23.47007748835898,25.709922295803437,27.8451764704565,24.989955066923663,23.89484999419645,24.531028739001663,23.30189910571353,23.56679132166738,23.56588187253503,22.239442275011054,20.660932209353295,20.212666594326926,19.86043750796526,20.17942818867636,19.829895639093998,19.338308824622622,18.939498161524547,18.339873030502492
0.0,0.0,0.0,0.0,0.0,0.0,0.0,0.0,0.0,0.0,0.0,0.0,0.0,0.0,0.0,0.0,14.405870295498627,15.987703879486244,17.354073928214774,20.264721543587267,20.49945523651955,19.61330890924348,19.67892274265928,18.900890029151512,17.621745605538692,16.70956732893365,17.82707548538999,13.84145581020351,12.765171334153582,0.0,0.0,0.0,0.0,0.0,0.0,0.0,0.0,0.0,0.0,0.0,0.0,0.0,0.0,19.0909337358895,29.51616481678549,22.03954987188579,38.69724139357217,30.906032178661697,34.65611854781114,46.26744800650534,47.74670821080422,29.5911009887229,32.492460745036254,29.63508197512904,23.61901194202929,24.432654639012625,24.70550299215816,31.36046010203396,22.886577640243637,22.996577640243636,23.30234718555279,24.401396390038723,23.552347185552787,25.476270726167293,25.029955066923662,25.426889065032583,24.367684901876423,23.044123897085555,21.904578429048517,21.034170312569984,22.601596751357455,19.879445833034367,18.823160147000607,18.69056438311808,18.141801716278053,17.97727641097928,17.94293857404969,17.49396944047377,17.011894821764088
0.0,0.0,0.0,0.0,0.0,0.0,0.0,0.0,0.0,0.0,0.0,0.0,0.0,0.0,0.0,0.0,12.801996830565539,15.541430655502385,19.13734587518693,21.616326908847824,21.164200655397856,19.70778226553227,19.321259736550317,18.796789122521993,16.830810235376763,15.574665655062358,15.023294583716776,0.0,0.0,0.0,0.0,0.0,0.0,0.0,0.0,0.0,0.0,0.0,0.0,0.0,0.0,0.0,18.61639388862863,21.296632095195303,21.179681055671995,22.59001646045207,27.911200066784215,39.9253717018825,37.28166214719321,29.84884343624075,32.57362176353418,40.82423121463756,25.06160092096178,24.206795879237944,20.3046303263757,23.148774401324566,25.177324994135105,25.778348101949852,24.183939104969536,24.49898620031741,29.663905637783564,24.5740273828387,24.6840273828387,25.399171018406616,26.011880156999403,23.018898342676273,21.857921615634858,22.46273314373907,22.079442275011054,22.687245633207088,21.486550235259003,18.947247484892735,18.101120606573712,17.827276410979277,17.22112269428794,16.803952998014484,16.805541879474976,17.334724927297668,16.508637052764385
0.0,0.0,0.0,0.0,0.0,0.0,0.0,0.0,0.0,0.0,0.0,0.0,0.0,0.0,0.0,0.0,0.0,15.430359731519225,20.54427415109948,22.095212305583605,22.26597069487388,20.217979823949527,19.27776382041114,17.91268193900151,16.08703338643953,0.0,0.0,0.0,0.0,0.0,0.0,0.0,0.0,0.0,0.0,0.0,0.0,0.0,0.0,0.0,0.0,0.0,22.35928747669522,21.03495046735369,23.994598906883546,26.817760352668607,36.342079274913026,64.4864373763279,32.996819477540434,27.506373902298776,29.44135139604753,29.465971271951595,21.754699639418213,20.679740640858064,20.32308243642273,23.81106077023506,27.38960629861972,25.826597028972543,25.87922102609646,24.900360763575065,28.029872728554082,29.07463942662109,27.668967340875056,27.80006300948586,24.742366209795282,23.69655167252351,22.398728244521816,21.47787898263161,20.04103820551416,19.75974471882426,19.320573434357716,18.40647612561272,17.4651587952034,16.85638203572917,16.671943544260973,16.199164295378004,17.229477999064606,17.189057775622572,15.812954465392846
0.0,0.0,0.0,0.0,0.0,0.0,0.0,0.0,0.0,0.0,0.0,0.0,0.0,0.0,0.0,0.0,0.0,15.634326512752285,20.487250426005396,22.09166815276962,23.299817196802525,21.165439468813148,18.40822359005108,16.541318800012586,0.0,0.0,0.0,0.0,0.0,0.0,0.0,0.0,0.0,0.0,0.0,0.0,0.0,0.0,0.0,0.0,0.0,0.0,22.276475640815768,24.797684054620998,27.46550450754202,35.55592783914781,33.02460890710549,35.99171987294945,29.997330964582275,26.593658546210055,25.747411122492245,22.178603406074004,20.39122840156401,19.73420355595114,21.168935886139458,30.05965787591596,30.580175657626143,33.500497942977205,27.233260010585287,27.564783238648253,26.574130996101196,26.999887135617946,27.21189999168467,25.408306478625867,24.25954767354721,21.98288425976189,20.182572067815972,19.204081268444185,18.646749359316765,18.061480688069317,17.888697667503774,17.69488950366683,17.126527299247435,18.36064654303108,17.86929834569943,17.858459071506665,18.54619994082808,19.907919786596057,19.80449454504648
0.0,0.0,0.0,0.0,0.0,0.0,0.0,0.0,0.0,0.0,0.0,0.0,0.0,0.0,0.0,0.0,0.0,0.0,20.976571453707514,22.098424975879333,21.917549091899623,21.11537193070152,17.312695598883202,15.194257383851529,0.0,0.0,0.0,0.0,0.0,0.0,0.0,0.0,0.0,0.0,0.0,0.0,0.0,0.0,0.0,0.0,0.0,18.280615583276962,23.148702676967602,29.44551557797721,35.7144041806816,32.59916755123675,34.91956670726588,32.46041399689834,26.901054578346617,24.96503154539346,22.06562876312436,20.97678878164429,19.335687009324147,35.52922228052317,32.56096968785338,26.203865714731933,28.245766703331412,28.54085579318737,28.539551427373887,28.176996557648906,26.632420177234035,25.487914948615163,25.6124860470792,23.95859475647624,23.348279594935995,20.5737408242289,19.13623434849464,18.113588640122234,17.67826208277352,17.80551156240974,18.84206734832913,19.638948443875073,19.04756421086075,18.676296816939143,17.955965380361434,18.676907882444517,19.404338148773057,23.967027399095187,21.80706473184295
0.0,0.0,0.0,0.0,0.0,0.0,0.0,0.0,0.0,0.0,0.0,0.0,0.0,0.0,0.0,0.0,0.0,19.88783041107443,22.03963927956231,21.092559893961493,20.769615909359395,17.318748857710766,0.0,0.0,0.0,0.0,0.0,0.0,0.0,0.0,0.0,0.0,0.0,0.0,0.0,0.0,0.0,0.0,0.0,0.0,0.0,21.601274904967504,30.108755762981446,30.46232511746301,32.7667057045501,33.26621882019245,34.74555128611878,32.71296262907074,26.200209783641142,22.70476811817973,22.322769140601675,19.256205397804635,18.6210835829081,22.477781768536246,33.44639253292786,40.148667617645735,34.48847640228486,35.86050652555992,36.73663195037249,36.01925938593314,29.296785530193063,27.857276307567297,23.758594756476242,22.587846414092283,21.794039809138724,19.46341582531346,18.17333726875252,17.501872347916198,17.81372803607499,18.85756421086075,19.907992213505768,20.06269793181462,19.25834963583179,18.643509912346385,19.31151041607722,20.148407402419494,21.466262382664794,26.225812739584804,27.001927683051647
0.0,0.0,0.0,0.0,0.0,0.0,0.0,0.0,0.0,0.0,0.0,0.0,0.0,0.0,0.0,0.0,0.0,0.0,21.766990795524464,21.334771713411048,17.374435586412094,0.0,0.0,0.0,0.0,0.0,0.0,0.0,0.0,0.0,0.0,0.0,0.0,0.0,0.0,0.0,0.0,0.0,0.0,0.0,25.72495951505442,32.02024033846829,26.70087484893744,27.371441990631475,30.84162210926489,31.21870281096963,38.76302807710232,27.781473745044416,25.68333435728108,21.312916080723173,21.923256766839504,19.665325418831465,26.079255312498958,28.362655112443385,31.23940631693125,36.40926951086032,35.09379611388112,39.36775922202937,42.31221991210979,29.05696156664564,24.617093422146382,22.398610419373504,20.782716341712735,21.169715973592687,22.465355370693146,21.373051148543333,20.506174801707935,18.97611824792916,19.420934938877757,20.09975746737414,20.308204175468028,19.94252087709163,19.03979962862303,18.823359092141438,20.55740460471275,21.563388874194988,24.554223761035743,28.089772037749306,30.443502671561234
0.0,0.0,0.0,0.0,0.0,0.0,0.0,0.0,15.615046158257526,0.0,0.0,0.0,0.0,0.0,0.0,0.0,0.0,0.0,28.549086094932527,0.0,0.0,0.0,0.0,0.0,0.0,0.0,0.0,0.0,0.0,0.0,0.0,0.0,0.0,0.0,0.0,0.0,0.0,0.0,24.85679867789623,38.71375539549236,32.18918939793539,30.49719714027202,28.498712865469457,26.76739532749213,33.29757583771455,37.92379278913926,28.47156048411243,24.81834491530977,23.839221289110533,20.859089570963594,19.470056400792117,24.20321930049382,32.53157663334636,30.912576621843336,40.776739354911534,40.1446232232139,41.31778866997117,37.74790450519919,40.83734195278536,26.618545073775763,22.967460372670914,20.711821722584595,20.500253223836012,21.212773994958106,22.794164739026506,21.64726643771118,20.30745666786455,20.058204175468028,21.91987556925112,20.4117947155683,20.726419555663902,21.051153134438472,22.638220261619956,23.905365470387068,27.110475743943574,27.170475743943577,34.43549751003671,35.407766460491054,27.394046675501315
0.0,0.0,0.0,0.0,0.0,0.0,0.0,0.0,15.868884202815252,0.0,0.0,0.0,0.0,0.0,0.0,0.0,15.603415899444476,0.0,0.0,0.0,0.0,0.0,0.0,0.0,0.0,0.0,0.0,0.0,0.0,0.0,0.0,0.0,15.005703629085014,17.514446747026284,20.443643743789714,22.532694548398215,17.769109406531367,0.0,35.81809676255339,31.2891865961056,34.03358868577182,32.75326483477141,31.0026151055471,36.02724214884483,31.020982475323244,29.009362736136183,25.738502729427193,23.160226603565192,21.777261492124723,19.867919574647395,24.607085211780856,28.390372561210242,32.49341818987054,37.272102482961145,39.66001298788479,41.74486848890958,28.602094857094208,25.207767294343974,28.467149760493946,31.25903893244964,27.827831737603077,22.731119484239834,21.209356768611684,23.247028841862154,22.147150570564854,20.38690278064022,19.186584935252558,20.61787898263161,25.168971380588907,19.901686606516456,21.73964004610999,24.242834163749087,28.535752264738885,26.616791478413532,27.201379856542097,29.49184328519173,29.93693362632084,32.97665417931067,28.441685046126878
0.0,0.0,0.0,0.0,0.0,0.0,0.0,19.253318603481375,18.28472194407277,19.34965386877824,16.497021894052775,0.0,23.96328819169349,28.795661597559793,22.803121923903724,21.77068261657043,16.97739079513279,0.0,0.0,0.0,0.0,0.0,0.0,0.0,0.0,0.0,0.0,0.0,0.0,0.0,0.0,26.185950333383147,21.201499447631942,22.30733763431877,23.282348043465376,24.97917736255679,24.586689985345494,22.22599088291455,33.38634904054955,29.07808569049065,38.595381057952864,29.105410054007365,28.763458823223864,28.9281715817583,34.408801690262656,31.132046971014063,26.09377533227386,25.856865971632004,21.796711849742998,27.496230459171827,25.247313887363575,33.80674192900864,39.734673242427235,50.019035343400624,29.33987067322157,33.26546463631159,26.777673976172238,24.37582976166411,24.114696556947784,24.885924092232706,23.74933787376711,22.443897175887876,25.436790385209548,25.402511277351174,23.033589635539713,22.047626874195245,20.16046835799016,20.90381058334995,21.351323952582465,19.09331451432406,20.711251767226262,22.842347185552786,24.17880439370222,24.35150683054796,25.645695870862035,29.516857680470736,30.265183257861715,30.06656483947929,28.184206277539612
0.0,0.0,0.0,0.0,0.0,0.0,19.634392429742682,20.720798183807506,21.60250795933233,23.06068261657043,23.340781034575784,26.957970780725283,30.478887861531625,24.872471135116804,23.034960397399146,22.93718020269702,16.000230158833347,0.0,0.0,0.0,0.0,0.0,0.0,0.0,0.0,0.0,0.0,25.586542994196712,33.8641477681244,44.81060459166096,26.818771766544586,24.246352746542115,22.6893021097361,25.605214959679138,27.157298779564808,29.163492668119794,30.83268416378068,29.298576096856603,32.25155267240632,30.920969820332697,27.369492313948058,27.610500678875734,26.716492034839277,28.898619074006458,36.69662335564427,30.049414378899783,27.816441908040936,26.841453639682914,22.22322491562894,22.560997841192012,34.76068763214991,49.40693150740701,35.1672282176254,40.20100395360184,25.577538834119927,25.02805279002564,25.392245933962712,28.508596486795316,26.398560434153516,24.74080767715781,25.930251381000602,63.974563416387355,46.315044457460544,23.865671234234462,30.354506802879882,29.974428184288172,24.65856790435287,23.67635947017536,21.590152337784083,21.148071231878,22.905257816947824,23.86384010443699,24.672225692597415,25.790158644255705,27.31677951316639,29.78261399236574,31.100848399357346,28.84970059309642,24.049013156922523
0.0,0.0,0.0,0.0,0.0,0.0,19.645634236614427,21.084595026032204,23.498991741180838,24.06086233290882,30.257116410614636,35.23713132303558,33.23359267517854,27.331497183960323,25.122818229280526,21.951748916530867,0.0,25.238775134858713,0.0,0.0,0.0,0.0,20.00315973913627,19.107997264066718,0.0,22.861175996851664,24.961460878618848,28.595885345716557,30.661411053846194,30.21434340088816,29.156924715035206,26.977317971500188,29.824798284718735,30.78396713751563,31.458444600351314,29.93978337891557,29.685877048541116,33.038255168826645,29.205973332789313,29.827047005464532,29.757809182784015,28.33240261516611,25.721414622155876,29.239337795654343,30.751289641002558,31.96261606782301,33.31127749100459,26.5836235317389,26.080865933662537,27.193404184555266,34.373260016287155,27.223715032950576,26.347187324341334,25.216772072595127,24.338834631083756,25.288674858382503,23.845848134288595,23.85801604771803,25.068938696297728,26.257048724513332,26.45888437892181,22.389311089399538,20.709470821484906,24.36945975618417,30.448894284322858,31.117718180181576,26.675946957596466,25.87226440050413,23.386620477866273,22.841092324599927,24.30734178765411,24.794188413308543,26.362375659702167,31.78316025968357,31.102545756044563,30.259827977598842,30.26982797759885,27.421991684773346,22.742635969450724
0.0,0.0,0.0,0.0,0.0,21.1629851161174,20.618098351152668,22.082841711155663,26.25854293063922,29.52072298303736,31.514186476722085,34.556127275517795,29.487347591753156,28.56871397497131,27.6865650074401,23.67482783431874,28.95691461620732,27.317885726351225,18.749427001046957,0.0,0.0,0.0,25.93117693234736,24.629830643480748,25.614487278597032,26.160838706957236,25.88592130154442,28.68382084057233,30.773716573070587,30.53186657148854,27.638283708970896,28.371972116640556,29.262996233886824,31.295581281117975,31.355581281117974,30.870611733912796,30.37688856797394,29.90419437413214,36.644063006164274,29.292087343276478,29.8232912003606,26.969633219502892,26.371319869222276,31.05771886423458,30.182861023485376,40.91396760486609,43.097161109915774,31.317494078910684,28.503137261408494,29.203357026408035,22.394795859134184,23.772455687182575,25.27122040162627,23.819512311138226,23.778142858317693,23.760143829003482,22.82884690268346,22.538712517326395,24.010272169145317,22.62962691024251,21.541083924810366,21.98832463521302,21.91023214888621,25.44152754421028,23.807222410402222,26.492957661314826,32.38239463009397,30.347316625460692,28.256869986539435,26.788905867127255,25.132516336803505,25.924080468194894,30.661000059107515,31.425889775547773,32.22177418687439,32.50737804690912,34.07128475307066,27.485145469961495,24.87996194556446
0.0,0.0,0.0,0.0,0.0,21.736046457881294,21.53325634921631,24.207782449778044,25.59860749146181,29.38306553940627,32.818174629304586,34.30739719208589,29.130356903191917,28.82353024260842,28.064517873271328,30.28783531448279,32.85607511778391,31.14593385176425,18.123670996569434,0.0,0.0,0.0,30.800403432520945,32.12532650505675,29.803128835447684,27.46823509017532,25.942106160322805,27.77893135018898,29.76222896613198,29.772228966131976,31.29964591715192,27.81158577900791,35.72389048778979,36.52909656971719,36.4121109639907,30.226267735131383,30.932464859813393,32.08438190232117,41.021029910907025,29.78666450731663,28.829818329506047,25.893922967746793,25.364775478454774,29.08623054923151,31.72344047373163,42.88188170281072,45.749206117637165,46.153385731665225,26.64682181290185,23.866792288490007,25.11799891702221,25.281506827689256,25.09559174582827,23.686602103132785,23.23301812178284,23.657807051344115,21.426212104413104,21.52394816277181,22.102707865443435,20.518761948102245,21.48903030156054,24.698283266178013,28.22142216164964,21.738717560242176,23.71552049841619,25.413103195739808,27.37048808190729,29.78986395423526,29.956481761103543,29.851829436688213,38.74463593075892,35.43123252997561,28.373380527917817,35.53349129236939,33.63954530670111,32.8651883512614,34.028244865578856,27.346676916875595,25.424232307024482
0.0,0.0,0.0,0.0,0.0,21.014205411687904,23.561016292943393,26.590239026815716,27.09614325335056,31.007036914493156,47.179831969438794,30.652660168450616,29.95941799594881,28.701887045015685,29.306805840805225,32.20503532646843,32.1828829352128,26.8696092907574,18.423285336805435,0.0,0.0,41.748907885840914,42.89298434431854,33.20252725733061,29.986468489165595,27.082455634111227,24.31508366773199,26.6500348257181,30.276127454937836,31.095466892359887,32.13733248671578,32.02815652442442,36.674177146165306,50.46363745899653,35.66200731971315,35.394125383997725,34.93765325936951,36.295723785725265,34.587798735899106,49.63672795890504,29.11280271251681,24.802715695902894,26.833293267727726,26.0827154993094,31.915367567406918,32.73379786357641,33.01459541446928,28.050237525602135,29.329154551864008,30.25709217934547,25.955335338482378,23.951399131650675,23.260688927293504,22.455052071762488,21.795677805495973,21.879611284323012,19.714780062886874,21.918441484158024,22.473501402304542,21.12962841693873,21.50233809560634,25.97216145142592,22.622511228132424,24.07154024805986,28.588229428608944,27.769232032977825,30.627070789742717,30.189526310346892,36.15268264348456,33.251542861508355,32.530796669597436,29.70435179509043,29.35900048175027,34.31048800515759,41.90159523277163,36.48219068207621,27.44840320625766,26.203107389768732,18.76057070664739
0.0,0.0,0.0,0.0,0.0,20.093429210231395,25.528141419051103,26.304452297490993,39.94881328329792,33.17654622638603,37.6149505844763,30.492660168450616,29.220732374035677,28.202248239585188,29.45390401146414,31.118871255580917,34.810439250163554,35.123907875184344,22.94152723672439,19.305753652581128,34.93008746344138,56.12522221369052,45.992058535785596,41.82781006335499,31.091494260898788,26.628773379651552,25.814325187646155,27.445071862086966,29.85111753096453,31.026597466442503,30.176615843840402,33.02959783192108,35.89936906418198,35.506550072715136,35.78257336911517,35.86369560163398,36.91546892988106,38.728475579839696,67.03353094312848,33.69576532785653,26.77194118162449,31.385042404173966,40.618582674550446,30.447369444697223,25.945335338482373,27.560144416916643,29.155638176156316,27.34503339783766,29.263294990140196,27.596644736420018,24.409424393557096,22.527133865668908,21.95156801724616,20.78826104071512,22.474505387721017,21.666135766502208,20.241453400725735,22.051937648194368,22.199500871971797,20.330255118391662,21.26862322687723,24.260972132573087,28.99624586067715,26.32782619466934,28.847396998219068,30.452232861239075,30.442232861239077,27.86194041755337,29.47485644749969,32.32193080130329,29.45298891211972,32.042712305628434,31.639207576520047,36.974965011846926,34.42823419985493,31.198864931150254,33.11102056505361,22.89553773628892,20.343935616346705
0.0,0.0,0.0,0.0,0.0,19.64439242974268,28.443731444476594,28.42231713427143,32.391823630157425,31.05000228434545,29.14710470278041,30.065973851460566,29.534523479210982,28.73390401146414,31.53766997558551,34.178113228674796,35.61749192525532,31.8271610350248,22.729740928032847,20.258751075855372,33.92297603940392,42.14798104720174,47.68342047771349,41.102959068893526,30.46501459051659,24.864103778705456,26.041685161057845,28.274923592105587,30.537682811902243,31.07006530413137,32.90287034894719,31.469760349154193,30.72440538693463,33.04776913675431,37.42329120080576,39.55470912562857,39.24031131370759,45.79960192814406,44.647686052833194,35.5633440656735,25.889590182433665,30.397581844505332,30.51728746962977,29.31333327302304,26.968003465911128,33.410833569198985,30.19040768411992,31.4921676752044,27.742108152553577,25.293415253737784,24.037093619207077,21.363898376282247,19.716365244741418,19.317506700225323,22.05623117166966,25.2763289751003,21.362991512944365,22.503469041986882,21.975030324406056,20.148630436121408,20.543354814839685,23.601656653245662,23.422548657601148,25.04680113966839,33.75707165131584,39.374133327580736,30.49729323380545,33.22236861728133,31.735551328889954,28.331418800036392,26.858178593401114,41.00905219450573,49.66355493073037,46.8020796541915,42.58585345381007,30.281333477188983,27.738527701015137,24.020025324225287,18.221277726570154
0.0,0.0,0.0,0.0,0.0,21.517972065343535,24.131887344778313,28.436725438651216,34.167673125623594,32.25888924518873,27.54094953139782,30.189015322783728,29.890089573549684,29.112823312040916,31.243441076059906,43.134248906194436,37.5130608123613,72.96124387728398,24.35416325332352,29.289126398017977,42.13506872686533,68.60326495758744,49.340202294884115,37.86973606022744,32.56625030097544,28.1371449724136,25.116020424255797,30.702624011450375,33.59972901401079,32.65549967848805,32.41191229602896,29.767926707242367,31.472075212950088,37.39246066714193,38.143349796211325,41.08200793500762,40.22791602910081,35.679734589410174,37.660571399507695,30.539400388249497,27.46597628723326,23.945482662606604,28.458255716849493,27.437510256396855,25.196280157207358,28.771858208474413,35.03804254775285,31.6521676752044,26.053643625778747,23.872011076051493,23.006779013094487,20.277600874698912,20.251320820528193,19.89704949339878,22.533763851551015,22.67493260938119,21.747202558041636,22.475508423052027,23.33207523697165,22.45615766749625,21.61707474922473,22.295506365873415,24.957448243598755,36.938809117714314,35.01339811665653,40.014302157909924,31.43995490912588,27.67465051016236,20.468833750734774,22.44041780874254,23.619234219116297,33.31951074495323,45.896714386777504,54.000628552244734,62.77349013147651,40.6648021099212,29.141752205495393,31.282566242924787,24.355004641626028
0.0,0.0,0.0,0.0,0.0,22.02801892795634,24.59822260776113,28.004710885156094,35.96264241471056,29.4677491782859,27.10370329180656,29.418919345228865,30.399138058434296,30.388760161933824,31.36279531948277,40.25553823676975,42.39288739970679,38.75872259461348,28.867309944122937,31.819285839478482,39.18662829576375,36.50886134625579,30.88782767232223,36.65835983450909,36.830298834272995,32.94220999250094,31.566115642959026,31.112634922909297,34.999826424197174,31.872436336393,27.784133887419117,29.364697082377646,31.68884748200113,41.058965146543244,44.832546714138516,41.078052989109224,37.80352586693664,32.560235720181645,31.050347202238317,32.28561375411894,28.40394000857716,24.959009549657395,25.492317243136988,25.01996503615075,22.83063830203236,30.20100251774892,29.022277798159912,26.983929715347703,24.364720254068835,22.606201990572785,20.853242087962276,20.31132082052819,21.505304484898552,21.77887457375992,20.174952632019043,24.81714605005584,20.592134495578893,24.51858913993514,25.307498976792257,23.49907518769716,22.24903955649903,23.308898437265754,28.618062830438312,26.356069219823432,31.432523646135344,20.69110450342786,20.507362719511185,21.824174624250503,21.98595404822174,21.884702496019855,45.5538787167565,40.08865597629133,56.101658987428394,89.10009593507519,25.99656155887872,30.399057224985363,28.312815634080323,27.579634643488614,23.739223033222803
0.0,0.0,0.0,0.0,23.351001356372386,26.71495742606345,24.360335461732625,27.60879388604961,34.472195908115786,28.65563282432737,28.116354227145937,29.21094022338314,30.388760161933824,30.829138058434296,30.26532952954129,31.703460375823916,24.989431289368422,38.60156655728466,29.75824822548527,31.14788547660523,48.660830316515735,38.91055457897042,33.74905097574326,37.2708182339442,43.77299175364496,52.420275528947585,34.66207651289144,34.30742293158026,41.22665255418063,29.77671524744828,26.465387462918926,30.328755328378158,33.36018739269219,37.30733165660902,39.62111303927769,36.10984698412062,33.60151966053514,30.70607533131742,32.39736730282408,31.487945523472668,24.435217223578803,27.353715032950575,29.88353477427769,25.589107099957488,25.160594839872054,26.90567898259877,28.836323067360418,27.81095325697465,24.31564279312408,23.918546741324743,22.300210107927164,21.841307116906766,22.23182019429168,23.349682582646395,22.917365269346874,22.722878732738145,22.72331142680965,39.288980723633145,28.04368517269225,23.254941380966947,21.899993437230776,23.85166737193322,29.20981835365056,25.464275842383874,24.04111828700619,18.779401602850363,18.97750040591753,20.926564190018333,21.674446576572112,138.49318623925248,22.86872923240592,28.04773906759185,36.27651573886214,29.920565929963608,23.14643765652322,21.070889417308486,29.294158500532134,28.15466397970324,17.32355808838453
0.0,0.0,0.0,19.339691871641108,21.07476180055349,33.374972279610716,26.803013168437474,27.844796741537287,33.90309015498691,29.880295351423626,28.905120868011217,29.235482019603307,30.329138058434296,29.590656746261416,26.2049294321862,30.558887861531627,25.63408317299369,23.508991741180836,38.09647507527542,34.043794131323494,38.63051631767257,38.001617859806416,38.60702433696936,35.48029461016747,43.59749592326829,45.69013145906705,44.056772841586216,51.06677582584224,33.604713525339186,27.958368373005225,26.40505779020258,30.650983201635924,32.68671022587458,34.300523631227,36.397591402929386,34.757028192705306,32.01933498014279,33.696144145236815,30.244190814280998,28.012260385672835,23.010567550464202,25.64311170624939,28.03057920860964,27.924350143244318,26.2556890772141,25.52342723270194,26.250988541918378,26.83480684099402,25.548370680117007,25.87264483626923,25.026114124161857,26.37946404955443,25.005884533823036,24.595755854262848,25.847016944705494,26.767395327492125,29.131958718650417,29.575939621695102,29.84060305180713,23.41801566426312,20.981843961042106,23.446250775380268,22.82001246039806,21.668445534962252,20.708458709767406,19.868388144671723,21.33877463441251,23.342942250231836,23.398004330477242,29.443728901418034,23.570335461732626,30.890966065979065,34.00429968610909,26.050599167344465,22.129131633238874,20.622333760716188,18.59251087083446,20.381142291688132,14.25194340266965
0.0,0.0,18.237355676216218,21.228535729044303,21.298124885344926,22.84965227179432,23.053184640847764,140.50152671274537,33.11109857786075,30.44855721942094,29.62146838849769,29.342823312040917,29.734674653765218,27.34046768157161,24.29241099268905,22.736134189696593,29.49040837401963,40.2010066378769,37.3448713734562,54.702802899178906,49.736039246599745,43.96190689117957,35.748145659315114,36.311013862459674,40.02998658377484,39.00183133455637,37.99287885728209,35.50233968202491,31.186701126848156,29.091111277710304,30.037782820092694,32.19839835653354,34.57271913988963,34.93173557135473,43.01234817894827,35.12827284321446,34.188692706005554,34.91735562153145,38.119686621700616,31.836813088573575,23.73691023624017,27.880108775091,26.87363607061722,26.734169303011328,24.505442752368197,22.04728431733447,24.721375696685172,27.332627770454813,26.037957633197294,25.230239460559716,27.258417905558574,27.00664476536248,26.130238519012323,25.507086052825265,31.554177850162386,57.41079585147234,38.26091120666811,35.19188548459122,24.738683945343098,22.068982516203363,19.94600317294406,21.71296873337337,25.420795894595443,26.139382507134506,54.58974705706732,24.799543392738144,22.28808355014941,21.58329179722219,21.75988744509874,24.817085387397626,28.19914367558918,34.5937800075714,28.409697256418795,23.402247364784785,21.621638981964495,17.72038745000794,16.61593526956191,14.791270049635362,0.0
0.0,22.672494434819924,21.017309110661138,22.362433320236526,29.471143205042488,25.17265460270422,24.560072649526507,44.47751823261179,34.47406581064071,32.74615020369478,28.780949531397823,30.00724700420021,24.603743804733703,22.842471028615634,25.351215623949372,32.45031267910643,43.645317796036394,37.43249924334303,48.47285675834407,44.346814005505124,54.339358482539716,40.45203541304815,37.744865192760386,37.70932193362577,34.941752183567154,31.187536099271096,32.8665644579407,31.884764832812813,30.714890902340056,30.021869694430144,31.83295735202685,33.87492607347392,33.90938953342292,36.75299550187069,41.913192666302955,40.25791602910081,35.86268392213002,33.84123383329913,51.32528050198962,74.91292802026133,25.254076004804435,29.113750823918174,25.51381428148045,24.591259141847004,22.751621906416368,21.557289346802172,24.91661277182849,27.390619229975457,25.50603755456234,25.298762600262734,24.804791512455317,24.898901750519546,28.36937890523442,30.624752022927623,39.866022617972575,41.58382585087015,31.51864174861565,27.453243644986642,25.377027229868997,23.855559486407437,23.609445137615307,26.427632145460457,31.42042534205296,72.66611743478265,43.500305415623075,26.4239677678876,22.71582717498995,20.738110833493785,19.931307542484724,22.551629106259885,28.02816911468755,46.700971192251984,28.177582766422393,0.0,0.0,0.0,0.0,0.0,0.0
0.0,22.113807277316806,21.065595040909802,22.769346828081716,28.65951092177051,26.71632387346909,26.871862166971862,28.56565365258915,38.45686572425008,34.79220823848357,30.67561399972773,29.78206584895631,23.242746264541957,19.74707703602573,21.62620038166233,43.19173846662151,44.3885342058808,36.281015918179335,43.389666140144065,43.20764888014041,54.05742685573474,40.85798100379321,37.190990914877936,34.6103409508651,29.51402783255582,28.911111277710305,29.16010114473478,29.83573624280663,29.270101144734785,30.58401731437049,32.78100553834245,34.11472348169676,34.37726214641971,36.53098353629253,39.552071444307494,40.29790884768098,44.128666853280706,52.98027555301832,41.160859077888496,47.22649614816952,27.178529587939742,28.279395841348034,25.7125411287387,22.054058003852703,21.174763141481655,20.924674907486605,24.012491285703444,28.184239290411956,25.807547012828124,23.818538443473834,25.83084291446083,29.971255125750897,48.78804238588945,24.844320972231074,27.022726270169848,25.49860805974452,30.131626392778166,28.15436670818974,26.045786831436438,26.151696032704187,27.251252632963926,40.76712197828512,30.83230027805898,36.83224248408664,34.903474036796624,28.836100474532095,27.85145492704023,30.95687670857904,24.19422952342007,23.570216281629406,52.069205713657915,158.47979597195277,24.591514762508396,21.322413308435106,0.0,0.0,0.0,0.0,0.0
0.0,20.40651109537849,20.02978853727908,23.568432451498715,29.279785015433717,25.658136726097247,26.77587679563338,28.435783576025692,74.72511463395433,50.68032619310011,44.78256466367348,30.428760161933823,22.470517455719545,18.12358097572214,23.786190798692672,57.8035179097396,53.55631369344343,41.78840354042304,37.00721271911085,36.549735453648296,33.440954751636326,34.832092445105424,34.653045673876626,34.97752030517922,27.67221783709377,29.211652280754876,28.408558020055008,28.832799380507602,29.448544176173357,31.270342067089516,31.456447209135263,31.76916409794692,35.36505798329685,37.33211926016149,36.841351998363486,41.2211724718,42.25791700752199,41.57390967877893,44.03079400731846,58.37844804339284,31.02341220434628,27.936337135385486,25.39096706372638,21.089034680804957,21.552224326751478,20.281546137502062,23.892011076051496,27.482965060212425,25.532620437580494,24.706445637472,24.614561979843813,24.658177827416033,25.96892948251469,22.127503011063475,22.455327315654642,22.942042572240602,24.012916164080618,27.360961366187247,24.975091834314583,25.550229493574626,41.042090919284384,32.83029289868002,29.28647276273756,32.591576831981556,43.579607591533794,28.854040573682404,30.710005638716062,43.00973507248703,31.75872444255789,44.06824901098361,49.995132693982164,28.97630834224195,25.055660735661064,25.320724068211906,29.223784787840458,0.0,0.0,0.0,0.0
0.0,16.06808612058154,19.534916371253463,20.391917419656465,29.775505498211942,22.802200385622598,23.138903955694367,23.735204164267387,37.55647507527542,45.23134378183814,46.29264372786519,32.595826087978466,29.356805840805226,27.698026684407047,31.44298496760037,37.66866873702932,53.77594221234722,44.5680955443435,39.68245492469261,41.48930767219913,34.32335383700446,33.636423374795264,31.294730977873424,30.134009184745068,28.454273580923903,29.989107719252964,28.250104888156958,28.689868175040814,30.506038320272445,32.78409758963961,30.485014590516585,28.7523895969909,32.297578520234474,35.01012213030097,37.20578926425044,39.16612091933012,46.07548549636273,56.422588646497616,48.08082224715765,47.58792787494305,38.049098165530836,31.04190819727544,28.419521785484697,27.38130619926749,23.038197085456495,18.57530191691243,21.786872174650107,26.267800332551175,24.985112681179807,22.843906820224795,24.792964894803394,25.27528107633973,24.26055894907914,24.010907714974678,23.43978898375255,21.683916012171515,22.592356278153055,29.260248017942665,22.066746112964807,23.05983991986947,25.899754053547042,26.192702576256067,24.40383814004895,26.277708368382164,26.414920514046962,28.54090137635717,34.11399985061196,30.640005638716065,31.387956204166095,36.05335347772419,0.0,39.19930674772916,50.85855754367443,34.45034780567214,29.548812731171324,30.205377649204543,0.0,0.0,0.0
0.0,14.775176125741496,17.926702415803547,20.888812839647592,21.927920989208765,20.914070302575062,22.49568557988154,22.472622266712186,44.055616045671115,77.91925829784027,49.17429756751525,40.090708215033644,35.027183591728374,29.828069608726512,29.713455338457067,33.79772618077002,41.911397940602996,47.85494803604833,44.88277555214644,52.357586087252514,32.26515531294635,33.86526866009711,34.267166537368595,29.821909972415913,29.857160141460035,29.466945202329462,27.811557252517744,28.18964407522907,31.442388506955364,31.49632307234642,29.436444577290608,28.203117380529008,28.30264449416887,30.91478495300794,32.86932799112804,36.34986634664651,48.7406616764919,49.56823950549457,61.39180332780381,46.62085154943359,46.18936509900994,30.081591460825805,33.723392679770754,33.62576532785653,28.507142927056115,21.193521230476122,21.132341701940312,23.109489640214036,24.7454026044093,22.887577388600654,22.53752758727007,24.138613511108296,27.215727796874923,24.558609748231234,23.10769173758255,23.542422173713575,24.485284676068307,21.825240159788777,21.86866925155728,22.315151304363646,21.727913576066083,20.699445671041573,21.982310131537496,22.224898152822202,22.271877562881514,21.36384501288446,0.0,30.986423464298603,27.55730129003448,32.0587244425579,32.95200299621028,27.216570741875913,27.016570741875913,26.058917370084657,26.70318298057109,26.00467647421321,0.0,0.0,0.0
0.0,0.0,18.506328048939142,20.951941860564435,23.00497379422724,19.368921372771613,21.672417975057964,21.442433306428228,23.570495141204272,34.963411588240916,47.814031549412086,61.58423740968396,37.786783639922454,33.80991499786218,34.783801778627335,32.23482703267766,39.3749364365128,43.52925608693591,48.79454875203185,57.44445703432336,40.61548531365114,37.30226971347449,38.32260892443808,30.94422265849731,30.12623823722999,31.259281056523143,27.61648078755342,29.054058542933035,32.68433849795217,32.633730658475585,29.29285352640325,28.496335848381285,28.710667911527228,27.215531448524004,29.631758222791287,32.89255496174396,39.97676553479457,52.4573990840994,44.705318583255426,44.229115206945174,38.4488430154678,39.62503166920865,38.33554615302304,26.75529051153558,29.866161214153124,27.020383856634147,20.8971654087087,20.799926307141895,23.76161693342904,23.18129496441008,21.32059406188031,21.44151011395948,23.94098586949741,23.045479906811877,21.781794381217853,24.438901750519545,22.992541364059456,24.170551883610436,21.228233704654663,25.05567205523566,22.794845968305847,23.592942250231836,29.30333620954716,22.34657563604237,18.954183332924686,18.3884157908952,0.0,19.33197313720427,28.28148212867799,41.14951805864661,31.445551227658477,28.392111132285848,22.911629106259884,21.45801892795634,22.326837099766987,23.785058930596975,0.0,0.0,0.0
0.0,0.0,21.088034099426615,20.072113348453364,21.970595983207396,18.966802148992834,0.0,21.018351279672096,24.306744440470894,28.755018086463586,38.66226402382753,53.43980782577633,47.33515117603203,40.266811338525144,31.402157758872736,29.89066681414257,33.306160555252504,36.4013827314285,44.578574599168206,45.09093276845262,49.30643954495745,43.566596676392265,37.213567296939615,31.3020870943055,31.781042774511945,32.29176411534141,28.64584725309944,30.2533080485468,35.08165701848395,31.411652903910678,36.097805522072676,32.47420143455069,32.89171293651622,26.506337006166497,27.62084025459351,29.768150803071023,31.843482004521356,47.81190210836696,45.10754936707872,50.725100724020386,38.39707714356732,41.58157097962028,38.40706751646157,35.12383485211202,31.21329705978225,29.51893331350317,23.074108224709295,21.14336462950547,23.5075042912177,24.04677015327912,22.525489146256557,19.553907258450813,21.547363506524775,27.103107149572992,28.10979150557886,24.826620449505825,19.35972714847619,16.82302080066712,18.22553800776268,21.84454335277171,24.74395167572063,35.40011558998529,31.282831569992148,22.073614262963222,19.063484820736097,17.74935083855835,17.065685485412057,17.299268446751523,18.683014535269947,27.531582788480378,29.78142911536705,26.842995888719855,21.265171118439746,19.753484820736098,19.6384931857008,0.0,22.290388920242854,63.61678539073072,0.0
0.0,0.0,24.279685337611667,21.772167652427,22.613947447400793,22.29729731006657,25.810095132296244,28.769030120533237,26.57284441998012,29.885998299653576,37.91197090745939,42.467759609745244,49.885509739295166,39.84725261001056,33.57946353663474,29.10887406152756,29.820233283183207,30.90970976601262,32.125739244831834,40.09957415098732,46.863608233162175,44.21775975166533,42.466661060286,40.397061440724556,35.895448995995324,33.60746076406892,29.400789081975265,30.64735545238501,40.479302555744034,295.4329098166903,35.94357890007792,38.907760690136286,34.42000852798094,30.186707119951954,29.30810663698393,31.92980840620159,41.30674110165789,39.66878173128802,38.84088787530164,39.95110895855553,41.92122441253435,42.822634782884904,42.62404183476048,33.61828739205483,33.734862436603045,30.223651112022395,26.007211883372477,23.784053026802674,26.275232811515366,23.351018582613406,23.828843953793204,20.949201626229538,20.354425204346995,27.760106298673094,31.05004231719998,26.470426837057204,18.85111614449491,16.984715647299822,17.640385028500965,18.44671321968831,20.626519304116485,24.24731606286217,21.696851723285935,31.27904356305892,28.40664406026979,25.569919278735494,17.715248668009256,15.713035733148006,19.257546053121384,28.182725768907616,28.525987823977083,28.39516448691966,20.303215786577724,18.03038745000794,17.336608067812644,17.038748857710765,16.849524545587876,0.0,0.0
0.0,0.0,29.000852025158267,25.27327922482694,22.823018768386362,23.35625762955148,26.362732079445422,27.981473460837684,25.442702747078943,27.692709106887627,36.856127414015475,37.50965823453104,43.986273483586295,43.20467464459472,34.48626748610461,29.09357592366117,34.47796518154004,29.25000997312511,30.427691848215233,34.959880977748696,45.09160289406681,49.397430934642856,50.01831100853481,45.928989873970764,57.12337063437342,54.935974655510734,34.907052578024114,33.17892332343499,36.94603781761722,59.04496560905662,71.12891356510899,30.622336308183122,28.900346126786143,30.414149662685702,32.38202286564483,36.507201402591505,42.88275912343548,44.949308592374415,45.5950401972009,40.8311724718,60.66592635691198,48.96964127233459,34.17750432263465,35.655642329349185,32.428632811594085,30.86928385323997,29.568351712835195,26.89528821011656,26.455787283965023,24.980615919327168,24.173603543567097,23.16101858261341,25.987559110311942,29.47951694621011,33.240431372832745,28.881164247918335,23.384026119493143,17.735393256728877,17.60227180812368,15.533783796870491,15.304762896153608,15.814627940327698,23.124472557373448,21.389469853779904,25.181833659815663,23.071583430667033,18.70761209587856,17.058280839472644,19.891011970903822,25.809522218078392,33.141622678023225,25.363836932589514,22.21077135022683,17.339191141554522,15.483429615242756,14.619455608239232,0.0,0.0,0.0
0.0,28.090266338991,29.293386588418535,34.52864423828283,27.39068893520284,27.684349546686036,23.64644026483903,26.568363660261408,26.048509355076966,26.66411793191289,28.5611144151636,36.0208871806773,36.841715627110396,37.230819284876816,36.13480045514635,30.37659578685807,31.65627178742359,27.76251120500065,27.47880543706119,32.91182500167925,35.545974759830585,39.374550080444735,48.92921146067876,60.313780022451084,52.40242282452608,62.35481759014031,53.723594289933104,46.08285554204464,37.50665945837041,34.70033480331805,39.138315052661426,28.927995719628818,26.60674534677411,26.82160257572508,31.204375407719816,43.30218595082516,43.37586310252536,41.199163078745,45.87355905521637,56.4390517429778,36.4712290090573,34.308541905985926,34.20750432263465,35.14098064824753,31.545996278959986,29.276960480574125,30.516377125429976,31.37914418252697,28.87491783996947,27.139476982376053,29.642451698228356,33.46673959180845,47.583724589738,23.794376786501623,19.003392608459894,18.364570533496337,19.68859801412893,21.769912601929164,17.901009449699508,15.806501039799898,16.607669237129834,17.392593508663573,16.561858793343667,18.31309586677249,21.64307162624516,21.609808564334273,34.96064911008459,19.989803773159757,17.313382617783617,212.27285178671957,66.69107447812856,36.221264422464365,20.35433610631582,17.256873449576723,15.37630192119799,15.570674896387485,17.39355243912032,18.062232001514438,0.0
0.0,24.152521921090045,29.80043390895095,30.065120666135616,32.52608151239199,31.03459499921488,31.156322111243554,29.416938178226793,29.270541414915733,28.91034802566388,28.298743763768275,29.692090915414983,36.70082684171656,38.24753530858186,31.472515402733535,31.992319500325095,29.77524441628456,27.442709958089882,28.610432702998978,30.58878816372509,31.96003433801053,31.101285859111997,36.72672517960483,38.796729776099625,36.806356370182094,44.36887984554403,38.395477148899076,43.1511733944665,31.801312800844798,29.80659538710797,27.748982929971227,27.29456629134985,24.087807405797832,24.476186063231843,29.182842244928338,32.76421600318696,30.718487427192137,31.8935824610655,34.09637857250965,39.89724075914914,34.9590459920817,32.39260761974784,34.235152338781674,36.39120655090932,30.196913881487458,26.242880860149995,26.96129458549253,27.4559814275845,27.811605822386692,27.18341230477479,33.790649583915325,42.88995597103691,48.176387202439265,28.758348515240257,22.82751255612123,20.365511044171168,17.83238510385683,16.101552883666912,16.74571514951881,15.842220031571202,16.453534897825353,16.867325587445663,14.269590474501594,17.3250243262278,18.505310905642066,25.01019521979158,24.906849829621226,26.658456574716546,21.991446253882437,30.95592983070095,0.0,801.0675816620856,19.391284769138196,16.73657560360305,17.012550919304978,19.37790246913842,27.06814845567184,18.598330661884226,0.0
18.90887373877164,20.784070302575053,24.275016221300916,26.81702113761374,28.10935461490486,31.405418305343822,31.147455998682744,29.410863340928643,31.81657893627966,31.344298736436436,33.71744079830846,34.789263038534514,38.545356974021544,39.310847860698814,36.044231478896094,34.48173148154082,31.51934161210149,29.393950189213683,28.52567641005538,30.121286342255623,30.058633833089466,29.681729199753228,29.827499838443998,29.724269553848078,33.70161805837928,34.473188112057095,35.38828290894771,38.19399997325262,38.59631007825442,28.173117380529,27.907944066680813,28.447452695412533,25.483723943772084,23.556089168982613,20.60669092326833,25.39266992608485,27.262778660692383,29.65041766199795,30.30815579623019,32.725258782928115,32.936325104245626,33.692637497867196,35.91181984414672,40.62570870518771,37.04269379961248,27.94537984164521,25.056662192406733,24.170481943844564,25.360590510087125,25.679715706083805,28.232290797019594,48.63241476459812,29.882016676745245,28.37516002757731,25.312515951671486,23.849078619774847,21.37270901379992,18.497143912162322,16.98146317490883,16.573925670941595,16.04941952014501,14.800108878967507,16.237156080141503,18.11352776248263,18.762630826882965,16.728443143849464,16.017515618233745,21.66628941959164,22.400707680472706,28.071104873400984,0.0,0.0,0.0,0.0,18.26052018059938,0.0,0.0,0.0,0.0
18.17104369257724,23.638021669656204,22.77398510989844,21.996309554189544,22.780897856006142,27.874334509025275,30.198886966173713,30.037104158862377,29.41978468629383,28.436335848381287,28.495395312980364,30.961517620937485,33.93621971674804,37.340626700269844,50.89552225175897,44.60180613617561,42.34615929315508,35.85672489209315,32.03293395932195,30.629567760260848,30.58214124880849,29.358150713093856,29.7226437676379,29.12624223511213,29.058070947631244,32.43027195884702,32.17045113462481,34.16541472696884,32.680203025994196,32.51099477278675,29.07871532637523,27.207294363631135,26.864603615436053,24.619134935402002,23.426851323766492,21.421929246173306,24.159928545810047,27.827135072689913,27.353159849202864,36.08528661978433,37.74698553065742,31.88215637968714,38.40711240004602,38.72194128886217,39.77883982451776,34.340202474350065,27.579924470598634,24.382748604009414,23.91461009198263,25.080154861615107,28.904728105526324,27.06278828702943,26.988914569215517,26.97533313805676,25.57935707610944,26.63780514275975,23.75903339308902,22.851132486655633,19.275612810541222,16.067124673154034,16.819361061559125,19.075908248755447,19.673399597875026,18.284626290731044,17.20698975223239,15.613325667046228,0.0,0.0,0.0,0.0,0.0,0.0,0.0,0.0,0.0,0.0,0.0,0.0,0.0
17.812723025520008,22.233751440183767,24.055394299927194,24.205128229942257,23.43225509599847,23.987432172127704,27.474566291349852,28.477573347802103,30.10858782432387,29.438769937742638,26.437062312762553,26.716578632173384,28.96162019117741,30.600822057843285,37.12463486321172,48.1149763657604,47.39300457784092,42.2576721619349,31.09190718953448,32.56980974160577,36.30405356610828,31.80951291427848,30.475508478650877,31.56189401741429,27.96540000656711,29.604299873656018,29.394014463389688,32.005446283068004,29.92960389995166,30.252245855987546,33.95790383342645,34.23509057286164,32.74897281607182,24.721388524566176,23.11813582745728,23.3495780680795,21.39695933990037,22.366005831400848,24.12554963932296,28.048041118605397,29.47743142703554,32.02816434340192,35.52169599833325,39.61054178448041,41.59489106472901,39.023916571091256,31.276290664004705,28.98749516880439,26.34283331202349,31.256860748939786,37.16876932712151,29.191115086849376,25.247253345877652,23.6323495881094,25.3575611123404,24.250822805822448,23.34538630648303,22.93002895666799,22.006851723285934,18.03807140907618,19.44428963913328,0.0,0.0,0.0,0.0,0.0,12.691235030819067,0.0,0.0,0.0,57.85573309873274,0.0,0.0,28.295684617482813,31.901643062465656,0.0,0.0,0.0,0.0
15.53635301712108,17.029083529902586,22.575947064846872,24.647887855945342,25.77872144250273,25.55321959112623,25.701761098695336,24.174039895756984,29.239824678438808,28.7900379838293,28.922783864877992,28.419442901997712,28.341611130156295,28.439848461042097,31.25744279487225,36.28060285149233,56.062853371211716,36.21975896836192,34.470202989824024,34.156993212905256,36.15522722430204,35.27733128066069,31.006048371575176,31.787187877863808,29.94258873930058,26.780015741800398,25.381707826277385,28.030459651548288,28.666280018114925,30.70532962891715,30.638238623894328,31.834382965218154,31.571191845119536,27.175277975918966,23.279380061505485,23.23932667926975,23.291628993226873,22.80180425132872,21.1608945784493,22.299185885553385,23.889813499462008,28.770854110070175,35.83708364372782,78.18534412573588,30.197877461249554,31.744696269636663,31.778470179810114,31.64581278662328,29.770903385124104,48.321798073798966,44.23545901059372,21.284519857030332,23.55210427990469,26.515653511815408,32.244889593022165,22.659016702586783,22.882104279904688,22.741679909964688,20.691917132143324,20.55878702842587,26.939411802722,24.629930125573438,0.0,0.0,0.0,0.0,0.0,0.0,0.0,0.0,0.0,0.0,64.72138155775139,0.0,0.0,0.0,0.0,0.0,0.0
14.020779879835676,17.502190486689784,23.802210851001377,25.939364413424492,23.68241129234466,22.737443415953756,25.068786463106967,24.65390227824729,25.84394588137424,28.001682971610343,29.700856800822898,30.848392553651067,27.75712500277166,30.446962921600967,31.352007067549692,30.62024422710427,41.39851706903829,39.1323388513314,33.2132096424445,36.845265053627855,38.24108224074203,37.73856677219605,31.950683512060323,32.148447827424626,33.483392001027724,30.954737095007744,23.627974663363652,25.17941710356856,25.670245423164783,29.231659877382924,30.214495504652167,30.529307993647265,29.229976609841437,31.669776170850742,26.071512497494673,24.48940237655789,35.51409013953261,23.238022040118665,20.615188053381154,20.35903333841037,21.42156378716421,23.84143973686328,26.109449931458855,27.056553579111753,30.140654988558175,28.15879013043088,32.52776033825765,30.0471292897833,37.24469720908919,57.349373214484416,24.30770924720752,23.114013763508964,28.675160027577313,41.63327846633949,21.738774634412508,21.707432083868255,20.421307542484723,20.943387755163968,21.055171118439745,20.3584931857008,118.91028684987681,23.496233130732037,0.0,0.0,0.0,0.0,0.0,0.0,0.0,0.0,0.0,0.0,0.0,0.0,0.0,0.0,0.0,0.0,0.0
12.249841004988511,0.0,20.79238815194995,21.79806870372062,22.58514020924285,21.934200049507865,24.784028827879453,23.16212029199032,25.699181809596514,28.074216046283297,35.64147678235657,36.89148333941431,34.349371574585724,28.317268535864127,32.52343793589725,33.6001637333313,34.30198622349647,54.08586587669476,36.69277036947002,33.055921588600526,40.27131068413603,47.108982867563114,35.09690691146776,32.020319480583254,31.93215637968714,29.103781092275966,30.782696826862406,23.384498821777342,22.8619030301131,26.643653365219933,29.036416049282252,28.404866678918395,29.99883850669147,29.011092186882575,29.148235127324476,35.30133842257133,31.388509999551047,23.186085165362265,19.656505990168988,19.22906567957398,18.129325082850627,20.195993498671015,24.087163362918297,24.347576225225833,27.196804410947315,26.84488718239365,27.671884528568476,36.654748837187554,32.98730079956349,29.35434978454426,27.247147398276276,22.03312192390372,21.66439113577698,24.464808592527298,23.077550144311203,23.128853137484015,24.038445528946077,21.315171118439746,20.655171118439746,19.601321274901338,20.223839508577043,21.807020150955566,16.96186382224647,0.0,0.0,0.0,0.0,0.0,0.0,0.0,0.0,0.0,0.0,0.0,0.0,0.0,0.0,0.0,0.0
0.0,0.0,17.151336536620036,19.928767681370093,22.736768052186267,21.40368737224156,21.281094107077465,21.553887300919982,23.689903257487998,23.18479715344362,35.841312576215714,41.779753840807274,34.933701058202374,27.797116802571807,35.64564232934917,35.96153444172565,40.648170931445144,43.70435545280361,44.57613799730047,37.44418059213088,52.847780837360624,57.41113252323011,47.71410606196554,36.93867416806404,36.70380255527766,34.8977109366793,26.618315383576913,23.260454363209373,26.02328451336559,25.93051632151382,27.80517773697228,27.17196176605447,29.030297171836587,29.297112035771733,34.539603728859205,44.78595835710004,28.10186121721498,26.742567970334157,20.940764249654578,18.99756387578521,17.235114425506467,17.700906557452107,23.40402397821923,28.0406196301087,23.734011253485782,26.175088681201125,27.42231903362761,30.092396150149092,31.23209443939729,28.260228652421894,26.386570741875914,24.501001356372388,22.197417627778172,20.515204222918783,19.91198763177388,21.360977349419557,23.465960432733056,22.82822260776113,24.445836365405142,22.42775929178635,20.689838582280842,23.56856058758005,0.0,0.0,0.0,0.0,0.0,0.0,0.0,0.0,0.0,0.0,0.0,0.0,0.0,0.0,0.0,0.0,0.0
0.0,0.0,0.0,18.61140670435189,22.611474189328405,20.19082819685244,21.21020888321049,19.25382169464847,20.167239033832367,19.639049256683478,23.06522814092524,29.191855520786774,29.46250485817611,29.958182822484737,27.15357885940906,31.545996278959986,33.05516807644271,38.3332892201406,48.13050098391342,50.71798043303061,34.676149589340255,33.08297398711112,33.34758864297563,36.040542820404035,33.25562914098633,34.99036314148203,31.505703760782232,24.995042770682574,22.150016892909374,26.215170568482254,25.48492044757606,25.80756141187067,28.77175046811601,28.70321468987581,31.14723297122338,40.184530970970414,35.19804814250115,33.46434814830698,25.021343379040253,20.708618041270284,19.757622424887643,20.482066380311643,24.751110467901373,22.750477438874466,19.828945377763542,21.857432083868254,24.400403366178672,32.3049427091263,28.57648991278453,25.18814389735118,25.47814389735118,25.68814389735118,23.33506890664126,21.645171118439748,21.249036204856896,20.54861836813629,19.612671034057037,20.48687902634201,22.50582717498995,23.347917257574363,23.563554465906382,24.79877692316331,0.0,0.0,0.0,0.0,0.0,0.0,0.0,0.0,0.0,0.0,0.0,0.0,0.0,0.0,0.0,0.0,0.0
0.0,0.0,0.0,19.639462708459746,23.192922755526652,21.539889627311958,22.252450443389826,20.780647290831915,18.391495625089455,19.10196797070352,18.91650229686882,19.349952943376817,21.821572370792758,24.723924219408453,21.45534782793554,27.108736552724007,27.52727434026484,28.903809052955296,35.92199824642111,35.63214214452504,149.55397736718737,30.166023791169962,27.180080318771807,27.75409882025658,28.32879388604961,38.26959545431589,33.12180276180579,30.32759344834994,24.760942084891834,23.22306206489531,22.945458049099578,23.89953726672818,28.39672659583755,28.691958454854472,32.849893940613015,31.664456798653312,36.42132167695242,29.107737252842963,24.039741246380974,23.60869500742117,21.7744763774891,29.45382724249432,24.874238326542176,21.829773673716353,18.518444439344165,17.859577576992912,20.5417771575497,28.260266338991002,24.568141419051102,0.0,0.0,24.371514762508397,23.26021628162941,21.53312192390372,22.641629106259884,22.33988744509874,19.215135290952944,17.691452588577896,18.52620488423169,18.06072756206506,25.606662459297723,0.0,120.2339336768432,0.0,0.0,0.0,0.0,0.0,0.0,0.0,0.0,0.0,0.0,0.0,0.0,0.0,0.0,0.0,0.0
0.0,0.0,0.0,0.0,19.60390196117673,21.214321087666335,20.398785920584256,20.431932165089915,19.33752839948653,18.748275035024005,16.959777152415796,17.237839041216237,20.671180018999404,22.35828018777073,20.942063170701317,19.539988253013053,22.04713729923909,26.334246810187246,32.00019478816574,36.20191292450435,62.43263842718524,34.36436631219909,31.784202627744158,25.888625770632196,27.323467037179462,27.656954951943433,30.61490125879834,34.20396146233474,27.609660846059814,25.50361267257329,24.57335777615425,23.523477650615725,24.61836871847798,26.15148613576432,28.68361692050059,37.07137285207039,39.49101450472995,31.481221128768645,26.247279188777263,26.936299244289565,24.04009405166741,26.97204049825376,30.569116515056763,23.380013833863906,18.642612946214726,15.77075639805291,16.4530499707123,18.67246430215429,18.42732129441424,20.317193811533624,22.43101682259747,24.22679541002369,21.53801892795634,19.083484820736096,21.46801892795634,22.311821297650837,20.097359780480353,19.080550776822513,19.033318603481376,17.859032433170178,0.0,16.18234485771056,0.0,0.0,0.0,0.0,0.0,0.0,0.0,0.0,0.0,0.0,0.0,0.0,0.0,0.0,0.0,0.0,0.0
0.0,0.0,0.0,0.0,19.40197313720427,21.060940600273234,21.020891717141144,21.199406960629766,19.918494728407683,20.300566934002255,18.58499684425585,17.682451748499144,17.66409667833662,19.811208429661022,21.09176818076009,19.765106049986194,18.94915473296212,18.242746982353566,31.732613333093887,61.01868794318119,102.03803576450599,66.4762798563843,22.61249691397763,23.91268213917978,26.508577387181738,43.959034055159144,23.59033546173263,29.41459315755753,27.11653608755089,25.44729181557278,26.271964410753256,26.29179859014156,24.646895989726566,26.447772529080744,29.151409716295213,42.95735490366643,55.54332161361245,28.425632028998223,26.629568922966257,30.077761442734808,25.62934404227041,40.10712197828512,27.5554802715681,22.844028979865374,17.702695598883203,14.358731812368227,15.626604041536279,15.37909001364413,15.883463819774231,17.266448236440297,18.649679509581688,18.15013910244319,18.22807140907618,17.835310905642068,20.555941084681958,20.783945792718413,19.812374587515457,18.718352999224088,18.836587558189304,18.94783408826826,0.0,18.430876678827403,17.166871377523783,17.947968718952495,0.0,0.0,0.0,0.0,0.0,0.0,0.0,0.0,0.0,0.0,0.0,0.0,0.0,0.0,0.0
0.0,0.0,0.0,0.0,26.747160169531117,20.522065475795713,19.94608452109476,22.10107523444068,20.806245291713132,18.809819442905486,18.212511342896455,18.524009551658445,18.53844389706124,17.99356730400858,20.504469164847364,21.1348405608446,18.938213933608864,19.505974919642362,17.33561064402498,21.492921668008872,25.99412214583528,36.06425876747569,29.763065199803243,22.411629106259884,23.465068906641257,23.55506890664126,25.53011294796665,22.52337674980336,23.37325519408395,21.92875296643219,23.703859563901837,25.176384586935953,25.018677305573735,26.16300791918445,28.14096736193254,28.034546437189107,33.92018736692261,25.519534591349675,24.44205653473915,27.550983627031172,27.085402832689866,26.611952847229865,26.041952847229865,22.050899970189406,0.0,15.489996399450831,17.00299157020646,15.408857286322199,13.66474612152113,13.85546317682665,0.0,14.09896367622648,15.168072334518072,16.08151774423613,18.01825281132721,20.112374587515454,17.936541229652185,19.19753645711969,18.30851906689994,19.058306903981627,0.0,21.5133564977427,20.280236658858684,18.35639388862863,0.0,0.0,0.0,0.0,0.0,0.0,0.0,0.0,0.0,0.0,0.0,0.0,0.0,0.0,0.0
0.0,0.0,0.0,0.0,0.0,15.832271030845984,17.82834103571419,19.68076783248481,21.439158312252843,20.502580219074254,19.933676152397236,17.08827842793257,17.81766938425742,16.61664157187097,18.15971300453951,19.836423196438332,19.212981699068113,21.86075729272526,16.527950938027004,15.93608273370698,17.49249862203006,26.877998009128888,25.81263752488799,23.404629063676964,34.1096625044772,22.53966217538659,25.819079822940246,27.108727881639616,24.868226000494772,22.69984673997144,20.388812839647578,22.706647506987675,22.689012047904477,26.14203912204541,28.628984990864097,27.054783805327126,27.720982252839725,25.470398282807892,24.323699131784487,26.199223341186425,26.810729199713165,34.58436631219909,23.550296364465442,21.98620038166233,18.426587558189304,0.0,0.0,0.0,0.0,13.067156908209547,13.191589549224318,0.0,0.0,0.0,0.0,17.868519066899943,18.23038745000794,17.80476866141369,18.478664889142607,18.07825281132721,17.815310905642065,20.907673234610517,0.0,0.0,0.0,0.0,0.0,0.0,0.0,0.0,0.0,0.0,0.0,0.0,0.0,0.0,0.0,0.0,0.0
0.0,0.0,0.0,0.0,0.0,15.539996399450832,16.90510355077386,17.363200586210517,17.79611194559702,19.658710613087997,21.537524402285825,19.72465298431398,19.33941204631035,17.396733125902134,16.341706689578913,17.89336498999257,18.38481078903679,20.153662797383326,17.702637140749985,15.00187777960279,14.678743739042083,16.16357739387489,22.762825358852883,25.02261087015534,25.564568939928257,22.157280377719662,21.68637225212782,23.15210427990469,25.91196187048004,30.12880284423522,26.60555213799232,23.483479263600092,20.85388400148436,20.81064263443843,27.39993591413049,25.04600474462677,27.882072256978503,24.96830906091015,25.30509488059795,25.83808242229238,25.044973046633444,31.26909503781187,27.76028483299481,23.912303808559887,22.231446253882435,20.206061337262792,0.0,0.0,0.0,0.0,15.739585574862812,0.0,0.0,0.0,0.0,0.0,0.0,15.039547375015449,17.156559247603504,18.26369858160816,18.200139766223796,18.02725968213879,18.99106601458041,0.0,0.0,0.0,0.0,0.0,0.0,0.0,0.0,0.0,0.0,0.0,0.0,0.0,0.0,0.0,0.0
0.0,0.0,0.0,0.0,0.0,15.493077504779084,15.889968894101685,17.37835299922409,18.39038745000794,18.527428479231283,18.698709836661607,20.406415328709542,20.134528007406047,20.45771046225962,18.51693874017562,17.990481887976927,18.111776129432155,20.09167373335186,21.393021574031312,17.310122801023656,15.293905912271565,13.3277941604666,14.128947004617029,18.210501385296524,22.23774969030302,53.259893192407596,23.45687362572816,20.057927467491773,23.893897786984567,24.23731606286217,33.191860706697554,24.95807709065425,21.925917281065352,21.484616684463802,24.01236364111751,31.237669697306853,25.493963172565156,23.540891826642188,25.75854293063922,23.57482783431874,23.48270621832907,26.55191276706593,33.04304414371127,37.091981006072075,30.556615861646943,47.715981357320615,0.0,0.0,0.0,0.0,0.0,0.0,0.0,0.0,0.0,0.0,0.0,0.0,0.0,0.0,17.62003979003726,20.886130356113867,22.964777021082703,0.0,0.0,0.0,0.0,0.0,0.0,0.0,0.0,0.0,0.0,0.0,0.0,0.0,0.0,0.0,0.0
0.0,0.0,0.0,0.0,0.0,0.0,18.144974455825057,20.266377081567114,18.582510870834458,20.479194397476654,20.20428963913328,19.066039678551974,17.78966874362408,18.54570989245088,17.455115367484048,18.811017821313214,18.41449959460386,18.107229871281582,19.602336338363358,20.7239466972136,16.180097648449838,14.582620111897281,14.043334551865364,15.383403339372046,17.19621090834994,18.277446659080148,21.77678697087657,23.442665944213978,19.001821442096386,20.66621998106192,26.19412214583528,30.961349996599814,25.927124578072153,24.612973327689048,22.26930705619149,24.470985478114756,21.11675189088387,28.55687443764778,24.75251736105001,24.752468355718108,22.653658665756172,22.620858151693177,23.955372575709383,27.356280182928693,27.391107904985716,23.863301575342817,0.0,0.0,0.0,0.0,0.0,0.0,0.0,0.0,0.0,0.0,0.0,0.0,0.0,0.0,0.0,26.274794205171087,18.72913975253541,0.0,0.0,0.0,0.0,0.0,0.0,0.0,0.0,0.0,0.0,0.0,0.0,0.0,0.0,0.0,0.0
0.0,0.0,0.0,0.0,0.0,0.0,0.0,0.0,0.0,0.0,21.214565117844415,21.77624138140775,21.285283625154058,19.00869227903047,18.66432129507418,18.211135661834255,16.708867377969955,17.23578442396335,18.453700354029557,19.904812336125374,18.631821442096385,22.073783793513613,19.588909168146348,16.187700913945967,14.817843768522712,16.080525704769002,18.94604342370964,19.141420466778555,20.60848580423589,17.830558090417476,20.166121569784266,26.02973736338214,24.16811823525964,25.903451016948946,23.400317775478626,24.455713639260793,26.141952847229867,31.136520858181655,22.616577017719365,25.254328145348197,24.03566556360891,22.059178130294317,20.31010683442514,23.035455415662142,27.92028483299481,22.49801892795634,24.5554518242609,0.0,0.0,74.23706032592551,0.0,0.0,0.0,0.0,0.0,0.0,0.0,0.0,0.0,0.0,0.0,0.0,0.0,0.0,0.0,0.0,0.0,0.0,0.0,0.0,0.0,0.0,0.0,0.0,0.0,0.0,0.0,0.0,0.0
0.0,0.0,0.0,0.0,0.0,0.0,0.0,0.0,0.0,0.0,0.0,0.0,0.0,21.864267711937444,18.8612881995035,19.200413579966728,19.42583557467286,19.8754777484481,18.371636804238847,17.713082545871128,19.63384322918675,17.194255460710938,25.732760633856216,19.541889824482187,18.903947196742116,18.8754777484481,16.616365883391218,17.68578149151615,19.11554498059494,18.003739340450124,17.777211834437505,17.62003979003726,16.878222438485487,0.0,21.431423478847513,22.856654164895012,25.7211595470664,25.691881242488016,29.894626346555683,29.158401421753105,21.161997258689063,21.588710613087997,21.355471189469853,20.791666992603425,21.66439113577698,20.82940696062976,18.666541229652186,0.0,0.0,32.99533838356791,49.06275062937314,228.42166118279752,0.0,0.0,0.0,0.0,0.0,0.0,0.0,0.0,0.0,0.0,0.0,0.0,0.0,0.0,0.0,0.0,0.0,0.0,0.0,0.0,0.0,0.0,0.0,0.0,0.0,0.0,0.0
0.0,0.0,0.0,0.0,0.0,0.0,0.0,0.0,0.0,0.0,0.0,0.0,0.0,0.0,0.0,0.0,16.728614999942494,19.13346233121237,16.34387814380835,15.47004731523435,16.68571514951881,15.585825085227437,15.179761477305306,12.599817476561908,17.59988762718143,15.268721508572177,0.0,16.115145847561074,16.879181278662305,0.0,0.0,0.0,0.0,0.0,0.0,16.317531116221172,18.03072756206506,19.80878702842587,21.632413308435105,21.694446576572112,19.560408806240766,20.36787194082848,21.319847223530665,20.040060524642783,19.581644732725767,20.57398594743622,20.301507159392205,18.770541667003748,18.498440045394894,20.210413579966726,24.54654780846576,38.25691440528262,0.0,0.0,0.0,0.0,0.0,0.0,0.0,0.0,0.0,0.0,0.0,0.0,0.0,0.0,0.0,0.0,0.0,0.0,0.0,0.0,0.0,0.0,0.0,0.0,0.0,0.0,0.0
0.0,0.0,0.0,0.0,0.0,0.0,0.0,0.0,0.0,0.0,0.0,0.0,0.0,0.0,0.0,0.0,0.0,0.0,15.574369615465688,15.454369615465687,15.026276866692395,14.622728540514434,13.712908491127461,13.474866991985392,12.575427315607431,12.40792273323386,13.765554538953294,15.068072334518074,15.731741961528524,17.038222438485487,0.0,0.0,0.0,0.0,0.0,0.0,0.0,0.0,0.0,16.302838721536165,17.0678645052349,19.141821442096386,21.044761800553488,22.070936100984586,19.879852920254308,18.78121211497683,19.22287156431762,19.499331672523592,17.77870758216335,16.46569300253479,17.126169466326736,16.945685485412056,19.33865286009913,0.0,0.0,0.0,0.0,0.0,0.0,0.0,0.0,0.0,0.0,0.0,0.0,0.0,0.0,0.0,0.0,0.0,0.0,0.0,0.0,0.0,0.0,0.0,0.0,0.0,0.0
0.0,0.0,0.0,0.0,0.0,0.0,0.0,0.0,0.0,0.0,0.0,0.0,0.0,0.0,0.0,0.0,0.0,0.0,0.0,0.0,0.0,0.0,0.0,0.0,0.0,0.0,11.535811898797585,15.093984343602816,14.63181303172655,0.0,0.0,0.0,0.0,0.0,0.0,0.0,0.0,0.0,0.0,0.0,0.0,17.781298891481384,20.296558719246324,21.597859946014395,20.998110833493786,19.673180396354358,19.540370212733926,20.63612156978427,18.90444417096242,15.790179867053592,15.039677366620303,15.168188301778056,15.723904750472753,0.0,0.0,0.0,0.0,0.0,0.0,0.0,0.0,0.0,0.0,0.0,0.0,0.0,0.0,0.0,0.0,0.0,0.0,0.0,0.0,0.0,0.0,0.0,0.0,0.0,0.0
0.0,0.0,0.0,0.0,0.0,0.0,0.0,0.0,0.0,0.0,0.0,0.0,0.0,0.0,0.0,0.0,0.0,0.0,0.0,0.0,0.0,0.0,0.0,0.0,0.0,0.0,0.0,0.0,0.0,0.0,0.0,0.0,0.0,0.0,0.0,0.0,0.0,0.0,0.0,0.0,0.0,0.0,0.0,21.646295460999763,20.938513333323353,18.777574050565416,19.05237458751546,0.0,0.0,18.70183640900196,18.14753442269035,15.473910682965201,0.0,0.0,0.0,0.0,0.0,0.0,0.0,0.0,0.0,0.0,0.0,0.0,0.0,0.0,0.0,0.0,0.0,0.0,0.0,0.0,0.0,0.0,0.0,0.0,0.0,0.0,0.0
0.0,0.0,0.0,0.0,0.0,0.0,0.0,0.0,0.0,0.0,0.0,0.0,0.0,0.0,0.0,0.0,0.0,0.0,0.0,0.0,0.0,0.0,0.0,0.0,0.0,0.0,0.0,0.0,0.0,0.0,0.0,0.0,0.0,0.0,0.0,0.0,0.0,0.0,0.0,0.0,0.0,0.0,0.0,0.0,0.0,0.0,0.0,0.0,0.0,0.0,0.0,0.0,0.0,0.0,0.0,0.0,0.0,0.0,0.0,0.0,0.0,0.0,0.0,0.0,0.0,0.0,0.0,0.0,0.0,0.0,0.0,0.0,0.0,0.0,0.0,0.0,0.0,0.0,0.0
