0.0,0.0,0.0,0.0,0.0,0.0,0.0,0.0,0.0,0.0,0.0,0.0,0.0,0.0,0.0,0.0,0.0,0.0,0.0,0.0,0.0,0.0,0.0,0.0,0.0,0.0,0.0,0.0,0.0,0.0,0.0,0.0,0.0,0.0,0.0,0.0,0.0,0.0,0.0,0.0,0.0,0.0,0.0,0.0,0.0,0.0,0.0,0.0,11.156384778903098,11.33388342168188,12.098204523769649,12.399970336726213,12.841322627183278,12.88064113645018,13.132834401139437,12.860962137701296,12.95475513504962,12.636070628361574,12.650560484436525,12.260383083173712,11.99996215662247,11.65359382993526,11.493797844008334,11.517041796416365,11.759747505780648,11.302537974744837,10.962882791331701,10.162603852562404,9.97209263045199,10.43676360168261,11.013594623789505,11.262442271241545,11.584267486647622,12.043707380358349,12.579816067137868,12.631579707541654,12.85114855967658,12.896140042386591,13.091927772699474
0.0,0.0,0.0,0.0,0.0,0.0,0.0,0.0,0.0,0.0,0.0,0.0,0.0,0.0,0.0,0.0,0.0,0.0,0.0,0.0,0.0,0.0,0.0,0.0,0.0,0.0,0.0,0.0,0.0,0.0,0.0,0.0,0.0,0.0,0.0,0.0,0.0,0.0,0.0,0.0,0.0,8.264131726079757,8.934814267650554,0.0,0.0,0.0,0.0,8.5908518696485,10.99883220920807,11.488831805548491,12.002888950154524,12.484440285346965,12.79641707097508,12.928489319605585,13.116129743715522,13.039970336726213,13.105514916085061,12.985105158567041,12.805926195853836,12.653775148210247,12.35577593478669,12.253843452198316,12.18534721195249,12.281147357267763,12.262894197263915,12.344898218920736,11.941289194501811,9.876579910964741,10.306557946738907,12.023870712579178,12.484747885560068,12.38353617659618,12.887499372627857,12.952888950154524,13.056636727279429,13.153908589286674,13.184941533083514,13.199078271289675,13.059123811434743
0.0,0.0,0.0,0.0,0.0,0.0,0.0,0.0,0.0,0.0,0.0,0.0,0.0,0.0,0.0,0.0,0.0,0.0,0.0,0.0,0.0,0.0,0.0,0.0,0.0,0.0,0.0,0.0,0.0,0.0,0.0,0.0,0.0,0.0,0.0,0.0,0.0,0.0,0.0,0.0,0.0,8.731344223456087,0.0,0.0,0.0,0.0,0.0,0.0,10.079619396035728,10.86212488722892,11.409082269963546,11.943877547107403,12.381490650976378,12.697325712684922,12.878717206707723,12.91570332243505,12.962351126599845,12.983812957321454,12.923908589286675,12.834333018607062,12.768633722803058,12.699127885692354,12.727609376493403,12.694316205505178,12.740671973705762,11.891289194501812,9.807741086859458,10.837863415454416,12.182602848974172,12.377107609421962,12.772602848974172,13.099246563952859,13.347786862069537,13.342777296036523,13.376636727279429,13.361460290162075,13.345349862336619,13.331329493363523,13.220943009969176
0.0,0.0,0.0,0.0,0.0,0.0,0.0,0.0,0.0,0.0,0.0,0.0,0.0,0.0,0.0,0.0,0.0,0.0,0.0,0.0,0.0,0.0,0.0,0.0,0.0,0.0,0.0,0.0,0.0,0.0,0.0,0.0,0.0,0.0,0.0,0.0,0.0,0.0,0.0,0.0,7.4873140338780075,8.70501100739785,0.0,0.0,0.0,0.0,8.40788879997243,8.983098001776717,9.898936721038043,10.542090895426082,10.814472317700575,11.556028800371445,12.039887723995063,12.404183902693742,12.623912739863322,12.614032718739214,12.700788094459273,12.755787552549,12.817877436584604,12.892873314139006,12.903948182487554,12.837818087273238,12.86114855967658,12.647609376493403,12.745411637364775,12.443011256068663,11.828841484786977,12.414765389409082,12.645424039281636,12.87627503412364,13.02561253083252,13.276718002328217,13.354898218920736,13.34308922745238,13.296515355256624,13.370383083173712,13.349801827601294,13.332443043981838,13.173277220780806
0.0,0.0,0.0,0.0,0.0,0.0,0.0,0.0,0.0,0.0,0.0,0.0,0.0,0.0,0.0,0.0,0.0,0.0,0.0,0.0,0.0,0.0,0.0,0.0,0.0,0.0,0.0,0.0,0.0,0.0,0.0,0.0,0.0,0.0,0.0,0.0,0.0,0.0,0.0,0.0,7.903162903508557,8.357624150737491,0.0,0.0,0.0,8.25346126298722,8.843899962564896,9.317053209662998,10.221698660191892,10.803287996579396,10.873829358840146,11.266486824149064,11.944364569641118,12.30101362356695,12.46062283020623,12.587989664210731,12.702061413898239,12.668152662055459,12.68481687744405,12.681289194501812,12.620206142120601,12.662443043981838,12.530451817493319,12.678491585563759,12.064750833565338,12.11042600612977,11.97577170626835,12.385653666723094,12.65884148478698,12.967043757019455,13.127002716399485,13.339855940543693,13.436052160352363,13.322803027478608,13.446652147207558,13.389494773278884,13.381188966826333,13.438803118555308,13.352491779493889
0.0,0.0,0.0,0.0,0.0,0.0,0.0,0.0,0.0,0.0,0.0,0.0,0.0,0.0,0.0,0.0,0.0,0.0,0.0,0.0,0.0,0.0,0.0,0.0,0.0,0.0,0.0,0.0,0.0,0.0,0.0,0.0,0.0,0.0,0.0,0.0,0.0,0.0,0.0,0.0,8.052749601802686,8.571612981683693,0.0,0.0,0.0,8.191302472117748,9.073431332679018,9.770207787134437,10.271999999489589,10.802305447350166,10.99574163190438,11.365927450856562,11.85461903095222,12.231110119874131,12.354074467397947,12.537605306246357,12.591956385485492,12.592891947686994,12.52791731490926,12.557053233876246,12.292434936346615,12.020576161885433,12.321890760627566,11.768138388383406,11.083701654222025,11.963946265346042,11.983797844008333,12.382741318140118,12.659432873066716,12.90721740271783,13.190753588248155,13.388774558672095,13.39855075034637,13.501895856920354,13.489088117366013,13.55493922283938,13.465530146739404,13.497767748281788,13.16562204436886
0.0,0.0,0.0,0.0,0.0,0.0,0.0,0.0,0.0,0.0,0.0,0.0,0.0,0.0,0.0,0.0,0.0,0.0,0.0,0.0,0.0,0.0,0.0,0.0,0.0,0.0,0.0,0.0,0.0,0.0,0.0,0.0,0.0,0.0,0.0,0.0,0.0,0.0,0.0,0.0,7.806373579845489,8.775682668805883,0.0,0.0,0.0,8.070867116446347,9.056185728925495,9.80043851236042,10.271889939764137,10.57833473258131,10.986903173759353,11.354074693387506,11.850521960948214,12.13503120407345,12.20331114835437,12.37135155803168,12.519668765985527,12.41186610996825,12.124394076409484,12.387062724988354,12.754137503186467,12.93295317875464,11.090148031767256,11.928636619814599,12.333630186007,12.490503834448523,12.877272182186369,12.968774558672095,13.166809314881265,13.240753588248156,13.278569532691316,13.384377770993718,13.569082269963546,13.583277220780806,13.607512308645347,13.663608663747603,13.624074693387506,13.621991580565249,13.442048448562296
0.0,0.0,0.0,0.0,0.0,0.0,0.0,0.0,0.0,0.0,0.0,0.0,0.0,0.0,0.0,0.0,0.0,0.0,0.0,0.0,0.0,0.0,0.0,0.0,0.0,0.0,0.0,0.0,0.0,0.0,0.0,0.0,0.0,0.0,0.0,0.0,0.0,0.0,0.0,7.8395964796847935,7.962954174296787,8.660058875912407,0.0,0.0,0.0,0.0,8.852729220029827,9.769893786168549,10.186944970555317,10.442908398842292,10.832022054978948,11.335341759107703,11.854658330818822,12.052996069762763,12.111546887647322,12.097685742906982,12.208902887944578,11.877574041555174,12.005368094228565,11.411756001784902,11.885749259399525,11.922551428959043,12.581467010079136,12.948173812420197,12.955056202800264,13.310560484436525,13.468425932033155,13.691241650105255,13.620218767218695,13.470789281880975,13.548100664100675,13.502978106312344,13.565994030075387,13.615572605262209,13.6352972319527,13.606615251292332,13.714795672033507,13.810431841840725,13.589774617756772
0.0,0.0,0.0,0.0,0.0,0.0,0.0,0.0,0.0,0.0,0.0,0.0,0.0,0.0,0.0,0.0,0.0,0.0,0.0,0.0,0.0,0.0,0.0,0.0,0.0,0.0,0.0,0.0,0.0,0.0,0.0,0.0,0.0,0.0,0.0,0.0,0.0,8.119709019055781,7.910647256804601,0.0,7.6605348775651585,8.396630737532025,0.0,0.0,0.0,7.867956738617234,9.106783176105461,9.81603092403748,10.373797844008333,10.552022054978949,10.809413518610816,11.266888019464531,11.559600861110587,11.7333096239641,11.639887723995063,11.899877045830195,12.441546887647323,12.358610529093896,10.530399465888888,10.333117664572097,11.95734471382844,12.171460290162074,12.600399602520163,12.869209363127405,13.125411637364776,13.257609376493404,13.374133010312244,13.44980812793835,13.501418325834766,13.492084343158625,13.531188966826331,13.455764701389583,13.46223027856103,13.783277220780805,13.87939969393494,13.97315849601847,14.269861632373793,14.301460290162073,14.129816067137869
0.0,0.0,0.0,0.0,0.0,0.0,0.0,0.0,0.0,0.0,0.0,0.0,0.0,0.0,0.0,0.0,0.0,0.0,0.0,0.0,0.0,0.0,0.0,0.0,0.0,0.0,0.0,0.0,0.0,0.0,0.0,0.0,0.0,0.0,0.0,8.24445486834597,8.545440881900761,8.521112714756082,8.287516612813105,8.222922029904966,0.0,0.0,0.0,0.0,0.0,8.31273390044052,9.31653503772832,9.919208568023606,10.37047433503594,10.415836809260165,10.499129889917219,10.736725583808056,10.872944162849837,11.352873865775372,11.726452519280079,10.858916929196953,11.193939322957032,10.856720935969037,11.974551541528626,12.615790632909023,12.563367498654774,12.702351126599844,12.876659320851331,13.083520073677388,12.98038001647834,13.024090635230005,13.000410759483447,13.237421888693657,13.375987911234231,13.497535023593699,13.612522853869455,13.904188511113789,14.111927772699474,14.203711041588631,14.470032374307209,14.670547436785558,14.782652594354612,14.675136626422159,14.37598693099143
0.0,0.0,0.0,0.0,0.0,0.0,0.0,0.0,0.0,0.0,0.0,0.0,0.0,0.0,0.0,0.0,0.0,0.0,0.0,0.0,0.0,0.0,0.0,0.0,0.0,0.0,0.0,0.0,0.0,0.0,0.0,0.0,0.0,0.0,8.673783421481584,9.00788507157078,8.87050507526688,8.75601170282895,8.55495965529315,8.418506164879611,0.0,0.0,0.0,0.0,0.0,7.726137064528901,9.140252814216304,9.738279829276738,10.156523651055313,10.401620982475844,10.53856313737349,10.925066075955698,11.137731518309348,10.038137479213937,9.88843665612907,11.52666630627558,12.115790608854422,12.466938896384185,12.254126013339123,12.565693414857432,12.787325712684924,12.736096180362619,12.884433202518416,13.043135710808599,13.07855075034637,12.985442139285473,13.06095073920159,13.507471046739273,13.914269154389661,14.346551098952656,14.485416777455468,14.596266976862537,14.752652594354611,14.974472377398854,15.09408581282198,15.129779818873573,15.129779818873573,15.052180769110906,14.95718957281944
0.0,0.0,0.0,0.0,0.0,0.0,0.0,0.0,0.0,0.0,0.0,0.0,0.0,0.0,0.0,0.0,0.0,0.0,0.0,0.0,0.0,0.0,0.0,0.0,0.0,0.0,0.0,0.0,0.0,0.0,0.0,0.0,0.0,8.873188089317624,9.328460288393218,9.295088681243822,9.100741771750911,9.065977010845218,8.65025561772466,8.842563646758114,0.0,0.0,0.0,0.0,0.0,0.0,8.349687089355704,9.11313901685497,9.3681988682601,9.254189277306427,9.010474212829095,8.707378994016608,9.47964191379481,10.759279872987639,11.524367327651476,11.792108276684395,12.232364239244344,12.35754446630056,12.694367725961486,12.815274355251145,12.848981111727337,12.683081171921238,12.79355835200261,13.127078166347848,13.194810733749792,13.288129024623696,13.649123811434743,13.972897466668753,14.400923561507403,14.770589642274203,14.740429450036995,14.83663032894014,14.9239645560923,15.182287535713353,15.408997731925865,15.55818223450801,15.55590241060666,15.537054771842207,15.052539554075292
0.0,0.0,0.0,0.0,0.0,0.0,0.0,0.0,0.0,0.0,0.0,0.0,0.0,0.0,0.0,0.0,0.0,0.0,0.0,0.0,0.0,0.0,0.0,0.0,0.0,0.0,0.0,0.0,0.0,0.0,0.0,0.0,8.75368128963572,9.295189093580841,9.464277595355782,9.66257490619089,9.621902443329061,9.58047181016552,8.965486551614706,8.801153760781663,0.0,0.0,0.0,0.0,0.0,0.0,0.0,0.0,0.0,0.0,0.0,0.0,9.943078566109815,11.4255052166834,11.972684400574163,12.387896699806301,12.572364239244344,12.695986930991431,12.755647061808475,12.888119022473461,12.779346499005731,12.635260996511683,12.671571092585879,13.23665214720756,13.546052160352362,13.974915582006847,14.390802862486353,14.567110932613646,14.718375231040525,14.832058892282522,14.886744401949649,14.8539645560923,14.959116143827988,15.26236673822918,15.401829039050465,15.54620630270335,15.609492755238644,15.529069079711224,15.499069079711223
0.0,0.0,0.0,0.0,0.0,0.0,0.0,0.0,0.0,0.0,0.0,0.0,0.0,0.0,0.0,0.0,0.0,0.0,0.0,0.0,0.0,0.0,0.0,0.0,0.0,0.0,0.0,0.0,0.0,0.0,0.0,9.138890025910031,9.133140828496,9.458594128952642,9.618590139177382,9.779331391731624,9.886545979787082,9.661690101780529,9.190847588955329,0.0,0.0,0.0,0.0,0.0,0.0,0.0,0.0,0.0,0.0,0.0,0.0,10.588461816715608,12.148530888226015,12.186355117408915,12.43370728885994,12.812370704143103,12.899107007539868,13.103222896102725,12.971490650976378,12.839266536533778,12.79144644389401,12.700522713533793,12.74574163190438,13.43451059484067,13.765424039281637,14.139559710459803,14.681775698231723,14.951680957976109,14.94231735316719,14.943361358129888,15.077167230875856,15.167167230875856,15.11130082146576,15.421829039050468,15.491829039050465,15.619492755238644,15.687062799851674,15.651829039050465,15.462008105205282
0.0,0.0,0.0,0.0,0.0,0.0,0.0,0.0,0.0,0.0,0.0,0.0,0.0,0.0,0.0,0.0,0.0,0.0,0.0,0.0,0.0,0.0,0.0,0.0,0.0,0.0,0.0,0.0,0.0,0.0,8.965687331775115,9.581807994695373,9.543155132417766,9.87977218588627,10.312393564512865,10.312060364764537,10.127866032883919,9.628778399325906,8.808404314142077,0.0,0.0,0.0,0.0,0.0,0.0,0.0,0.0,0.0,10.36562379718899,11.726454082078437,12.041032675406349,12.54950918072091,12.35232626945906,12.795291259009442,13.077427313201417,13.152089912325476,13.265686463361856,13.237148873815872,13.274922152211213,13.070788094459276,12.858490921954646,12.778019453358297,12.966726914639658,13.440669845948262,13.926350912010708,14.059861898328696,14.4982098722714,14.750935574291473,14.927342187368257,15.046165637260827,15.20713342073947,15.32168095797611,15.267167230875858,15.36200810520528,15.267236715542273,15.263764724205073,15.417844385637501,15.493717922878483,15.523806617253772
0.0,0.0,0.0,0.0,0.0,0.0,0.0,0.0,0.0,0.0,0.0,0.0,0.0,0.0,0.0,0.0,0.0,0.0,0.0,0.0,0.0,0.0,0.0,0.0,0.0,0.0,0.0,9.0067084070039,9.229429202716677,9.48755408073579,9.656909707167912,9.96327265776916,10.200738518890887,10.430343432489597,10.69802027406799,10.473882730718667,10.240582269720939,9.517987539463201,0.0,0.0,0.0,0.0,0.0,0.0,0.0,0.0,9.611195428157977,10.435275066202447,11.06256626204423,12.07103267540635,12.416080852173735,12.830669320176689,12.699958342215199,12.956935438682205,13.063839086761877,13.16627602074788,13.430737342415167,13.414409040796764,13.299375086709407,13.27655144161603,13.161248023656984,13.179385125702986,13.326809314881263,13.570383083173711,13.916384778903097,14.079654951301329,14.315279078645391,14.655737717775862,14.764810771948241,14.860937265767848,15.023806617253772,15.250737342415167,15.32438454139323,15.204573532585268,15.104790016254798,15.306087931270437,15.433347818956818,15.422654679079034,15.231475405560195
0.0,0.0,0.0,0.0,0.0,0.0,0.0,0.0,0.0,0.0,0.0,0.0,0.0,0.0,0.0,0.0,0.0,0.0,0.0,0.0,0.0,0.0,0.0,0.0,9.454005146543649,9.186888630116146,9.501837374093952,9.759332374747583,9.767435782099252,10.25237492795251,9.975583836072309,10.235821450661497,10.532420885668243,10.977458523154318,11.11280993250889,10.689640991868476,10.586644516514248,8.59482438506851,0.0,0.0,0.0,0.0,0.0,0.0,0.0,9.164022583399154,9.654524669917876,10.557030702104228,11.359956191782576,12.38734051936745,13.313917135945395,13.422035472070327,13.153758840107239,13.52347273287858,13.14794599767989,13.242009564297874,13.377216949444811,13.460048866001465,13.469970336726213,13.475319470469056,13.389855931590425,13.37296651082313,13.529266536533777,13.736799123794114,13.976757865348313,14.040540704030017,14.268622453968145,14.438502879927105,14.659627743141172,14.771860319278524,14.976938612754516,15.089107007539866,15.184874009624217,15.15984578472442,15.16754446630056,15.1819195972926,15.224338424468671,15.340615256808816,15.23152399699751
0.0,0.0,0.0,0.0,0.0,0.0,0.0,0.0,0.0,0.0,0.0,0.0,0.0,0.0,0.0,0.0,0.0,0.0,0.0,0.0,0.0,0.0,0.0,9.726329804996789,9.447222345725404,9.572333929219743,10.13605999186267,10.213066225836469,10.12462717013,10.10919996086147,10.536449836085167,10.61430203803514,10.905429810665495,11.226610247024666,11.329922561704148,10.922527275548964,10.578520173061333,9.777561729301276,0.0,0.0,0.0,0.0,0.0,8.29504683208504,8.919470454986342,9.461277532523653,10.024664705161687,10.639070666583821,11.535367847109043,12.83488212777699,13.378430910534913,13.514223837539578,13.72422383753958,13.469870425317719,13.40944130022115,13.569611937062422,13.502459834920682,13.650737342415166,13.7082098722714,13.628502879927106,13.695024527011626,13.622994619040465,13.654469437338687,13.673983338475315,13.820451817493318,14.068597346748323,14.29725544917575,14.46427326412929,14.632159763505662,14.865719909500967,14.877468749937357,15.135177605892977,15.082351126599843,15.07924351866255,15.136384778903096,15.13741542106767,15.17775824090682,15.122415391654759,14.988264015653092
0.0,0.0,0.0,0.0,0.0,0.0,0.0,0.0,0.0,0.0,0.0,0.0,0.0,0.0,0.0,0.0,0.0,0.0,0.0,0.0,0.0,10.010825428655673,9.927319902617644,9.459673198217322,9.959603736196476,10.269774246875851,10.328023497719697,10.37356274382409,9.993078566109814,10.574904121659598,10.873342499707242,10.990890998298974,11.274379202201498,11.343149115062268,11.305701165829113,11.108042681507134,10.657780229164407,10.215221663549773,9.142809340288615,0.0,0.0,0.0,0.0,8.584869024637898,9.262556020588576,9.556533950768626,10.044168523505196,10.514712568440759,11.503335814330981,12.673157670480563,13.29820530145717,13.784027283899913,13.549668744292937,13.601916968002406,13.597056991160523,13.583550336930141,13.549779818873574,13.953880068179618,13.974810562729655,14.009199157681344,14.008916315893885,13.951048266558878,13.928940578536224,13.871147357267763,14.009123811434744,14.123373012738082,14.222961432394296,14.535199240669883,14.716561453633801,14.866561453633802,15.001475405560194,15.055319470469055,15.020155074432402,15.105056202800267,15.095912623540135,15.017272182186368,15.154980475146465,15.049352950676749,14.857859225577997
0.0,0.0,0.0,0.0,0.0,0.0,0.0,0.0,0.0,0.0,0.0,0.0,0.0,0.0,0.0,0.0,0.0,0.0,0.0,0.0,9.335889539784175,9.638274491438303,9.24967111769509,9.849250894578146,10.17791575630601,10.284921971827561,10.403388284921542,10.19273696639177,10.093644457058446,10.326719761953935,10.5781592977997,10.74623860756651,10.906267557551097,11.016888944770768,10.971160234918827,10.929556673901068,10.628764509540046,10.263832440419446,0.0,0.0,0.0,0.0,0.0,8.52999138029961,9.125672210219916,9.615419060937167,10.102188849959326,10.549777103921109,11.122798608236998,11.94058419183936,12.723952408661695,13.240039642950972,13.58987042531772,13.772859952265524,13.615291259009442,13.422100860641176,13.784367108053978,14.076950621532626,14.25990664425868,14.329968478593496,14.419765386480492,14.483417088762561,14.50900643295028,14.377656701972231,14.295056202800264,14.297871303581058,14.560475902862354,14.789375086709406,14.885693414857432,14.981475405560195,15.018371152230175,15.120231908604472,15.16025997058526,15.149829302072263,14.99864867700906,14.924689389005618,14.902665804781783,14.816028800371443,14.493568501356735
0.0,0.0,0.0,0.0,0.0,0.0,0.0,0.0,0.0,0.0,0.0,0.0,0.0,0.0,0.0,0.0,0.0,0.0,0.0,9.215395774667838,9.529702135411757,10.00984673425108,9.762957860354234,10.180956781782676,10.156061245388482,10.134309170874461,10.321043788012616,10.369331111680342,10.216311938937453,10.302229401073427,10.35959060999148,10.467215469736253,10.571090128580398,10.661189251635495,10.680290522847397,10.714904310026023,10.392035485489785,10.01730851260388,8.229499824813008,0.0,0.0,0.0,0.0,8.639858123342083,9.199463418629373,9.937593345643782,10.317719173759462,10.891937600572344,11.225151641373595,11.864993315059396,12.724412921736851,13.453038337979347,13.787713893617983,13.78296864763071,13.657999699374546,13.55572340469993,13.858256482825283,14.36754157459699,14.241045408669452,14.437133420739471,14.629786483229774,14.736019142121863,14.852306825968691,14.937148941643068,14.847985142031838,14.770363827846284,14.657891183080494,14.790713683890068,14.899375086709405,14.908056717844284,15.020611078356044,15.140525063175676,15.146164876234943,15.000302079220951,14.840204532662549,14.707312870381086,14.652572435224558,14.49654744348829,14.272704252427474
0.0,0.0,0.0,0.0,0.0,0.0,0.0,0.0,0.0,0.0,0.0,0.0,0.0,0.0,0.0,0.0,0.0,0.0,9.40647893237512,9.545888293615754,9.746590873393325,9.636041908302929,9.724672925060228,9.883421459090012,9.969510037864474,10.074115413610093,10.266591889084907,10.244658333066907,10.272435607404404,10.277337312736588,10.090028880894618,10.15582255259492,10.283522818135447,10.56816990186346,10.652723810424853,10.576730910666274,10.102578488737123,9.878226678936187,9.064848604366807,0.0,0.0,0.0,0.0,8.60472750974719,9.461585997031422,10.027266392286784,10.742665005768046,11.16352007367739,11.531469937108314,12.017539647355166,12.870328317600336,13.480031336558323,13.922833907304508,13.790243084545292,13.857099259312587,14.070928672784524,14.291641364833945,14.499144214922342,14.669144214922342,14.704573355765262,14.839604467982436,15.013420063810427,15.0757467494884,15.158393613663169,15.176046279388684,14.961711625440653,14.725693414857432,14.900281029066514,14.852351126599846,14.774898201503525,14.853736320880412,15.041546887647323,15.09111011987413,14.88952683939634,14.650900120969705,14.512764498862072,14.449024971567159,14.44341875271417,14.238975544618642
0.0,0.0,0.0,0.0,0.0,0.0,0.0,0.0,0.0,0.0,0.0,0.0,0.0,0.0,0.0,0.0,0.0,0.0,9.359386812390165,10.173088116993705,9.690686684945115,9.38903523518321,9.657263657019275,9.300127435616096,9.447223310797298,9.885784486562,10.165284189586917,10.177950865332758,10.103301572351103,9.990514522134843,9.760294005429555,9.844887674492533,10.110673572537989,10.339188093408742,10.380144189260934,10.148448190456637,9.60378071691889,9.336156608595264,0.0,0.0,0.0,0.0,0.0,8.862329176984092,9.824829902997289,10.35232407835544,11.001943103150783,11.554021771313202,11.854755135049619,12.283680263208206,12.890040722531815,13.423862270964502,13.787583645722016,13.729920391196819,13.865392399560308,14.160316947886946,14.599676809643782,14.967396202140979,15.084750196377643,14.910263531291289,14.976852586856808,15.040595773103984,15.140985102839492,15.3770908392295,15.221227559075619,14.880950124566365,14.659861898328698,14.62800669327499,14.507576234739766,14.659877045830196,14.63242532241425,14.79020453266255,14.9179063121139,14.820180102976174,14.610095313626498,14.52858794532037,14.656732453020979,14.670902672738016,14.557439626083122
0.0,0.0,0.0,0.0,0.0,0.0,0.0,0.0,0.0,0.0,0.0,0.0,0.0,0.0,0.0,0.0,0.0,0.0,0.0,9.918661683967418,9.834255552188013,9.418235089843005,9.71556092421504,9.300790572535892,9.463868908503091,9.610359089983888,9.84408590078254,9.943271856783499,9.734507699589706,9.436968215643839,9.373011743577646,9.549522756492976,9.763740830221293,10.051443189013261,10.2831913774999,9.979050685795405,8.922316873512562,8.540667090447338,0.0,0.0,0.0,0.0,9.209083696993314,9.538982495287218,10.236382912575703,10.804348653505956,11.396483573718587,12.020903461901181,12.191514981925375,12.59722753774887,13.044636375554152,13.453877120368052,13.579923112813034,13.616046279388684,13.873055460778293,14.519955295982161,14.750265058214902,15.12856186315678,15.164405006202209,15.247868299655384,15.1365187822127,15.109890461784328,15.173420063810427,15.327813366555844,15.07361300141615,14.781023055247307,14.447321845878154,14.292082540548986,14.473344064213501,14.499937776245286,14.605929563684546,14.60344059280962,14.70816685102908,14.651501858815017,14.57673245302098,14.638187106929774,14.727751334955283,14.855994030075387,14.546947283432377
0.0,0.0,0.0,0.0,0.0,0.0,0.0,0.0,0.0,0.0,0.0,0.0,0.0,0.0,0.0,0.0,0.0,0.0,9.24674403899834,9.728892631010186,9.515761374446713,8.987460808087098,9.083807762786092,9.136043716779058,9.150499361431176,9.505895867721323,9.604372940509727,9.536020746369442,9.228667884193346,9.021573364682752,9.074353050334562,9.227049202030685,9.288582158633536,9.268628023318904,9.785057658123762,0.0,0.0,0.0,0.0,0.0,0.0,0.0,9.73734305581997,10.354720824487503,10.771793388786119,11.464525466539742,12.014553957986205,12.701215412235925,12.666221063885201,12.804553957986204,13.039936843215898,13.616701425366946,13.681964034539075,13.736046279388683,14.081599616670754,14.698614002727616,15.005060341760831,15.010265058214902,15.144345159445832,15.443815356516955,15.247471284777758,15.129936843215898,15.067145775043386,15.076322486403065,14.965487385819378,14.693261736778949,14.306755566848148,14.046404812760887,14.219851428815284,14.530027761677077,14.698970735817673,14.743249034977431,14.5066149147879,14.519727826452261,14.59940127025991,14.669122508401603,14.752877695251748,14.864104125374949,14.745994030075387
0.0,0.0,0.0,0.0,0.0,0.0,0.0,0.0,0.0,0.0,0.0,0.0,0.0,0.0,0.0,0.0,0.0,0.0,8.290604586504319,0.0,8.846306149195485,8.562664826982152,8.678935555625298,9.004615323784666,9.008912016691625,9.16392465351456,9.043724481903372,9.00924606829106,8.832508896674504,8.678047127276034,8.779536054720337,8.785299186507796,0.0,0.0,0.0,0.0,0.0,0.0,0.0,0.0,0.0,9.07844125278993,10.486750906240836,10.926758765154926,11.638300727584625,12.485205652339115,12.450793040656224,12.740381537612691,13.261306180917085,13.46006053204824,13.32667568974065,13.480567253821128,13.624703284708211,13.588038255861454,14.201599616670753,14.853815356516954,15.114405006202212,15.156943194555737,15.269033708480567,15.573815356516954,15.428905490924343,15.274377324915912,14.964286898659173,15.10349160401124,14.82802399825697,14.551110119874131,14.239046460747558,14.293957253986296,14.335212689590849,14.59710183314289,14.923165763840691,15.019479654323998,14.738803118555309,14.711716614519212,14.710297392114162,14.642252904438864,14.752663187550509,14.746888331116981,14.416725583808057
0.0,0.0,0.0,0.0,0.0,0.0,0.0,0.0,0.0,0.0,0.0,0.0,0.0,0.0,0.0,0.0,0.0,0.0,0.0,0.0,9.074308050087208,8.550346706685872,8.36403674969354,8.768831736343019,8.777867499966996,9.017025223943463,8.617299673597746,8.497337208158608,8.480267920811153,8.485160123892431,8.386132650193169,8.28387452295841,0.0,0.0,0.0,0.0,0.0,0.0,0.0,0.0,0.0,9.704468683354614,11.029046516100731,11.80152309635586,12.587671118422577,12.890842788783136,13.110137510511583,13.070230515373817,13.283374655625698,13.443374655625698,13.562968647630711,13.644874977361466,13.675279635648838,13.845874470308349,14.248743701568834,14.71024250353572,15.096452999046818,15.276943194555738,15.427497216152325,15.624629061685663,15.587596807685225,15.33495546084828,15.239203398067792,15.147745352479173,14.800697766911563,14.677732174468048,14.37864867700906,14.377062724988352,14.448879436732962,14.720580760193043,15.15812694399392,15.154898201503526,15.051693090301978,14.865614424993533,14.727336821551175,14.583042800039603,14.593094213661777,14.515007228885608,14.299510320014287
0.0,0.0,0.0,0.0,0.0,0.0,0.0,0.0,0.0,0.0,0.0,0.0,0.0,0.0,0.0,0.0,0.0,0.0,0.0,8.7344766186147,0.0,8.514629674502306,0.0,8.32867100915249,8.369623990917207,8.216739267770848,7.761121878115406,7.951616582515592,7.989286795133898,8.015496940582876,8.04494293734088,0.0,0.0,0.0,0.0,0.0,0.0,0.0,0.0,0.0,8.710614566095883,10.309341979808622,11.447047256085753,12.474895251489347,13.151123602841984,13.356390982530847,13.308358905922569,13.862526109998782,14.258483743538022,14.182043853280668,13.84182371667654,13.658472535048597,14.031964034539076,14.132348701494783,14.378279013627441,14.93578320518027,15.161871437714254,15.605378300473145,15.603919904945151,15.594024381129216,15.487823996309377,15.240149959223611,15.229163168099905,15.129893448666568,14.83809760836423,14.648056717844284,14.332011693211339,14.3625690188756,14.627764312222475,15.073507529331758,15.514805940284798,15.470218034642564,15.236058634985962,14.997099707612467,14.620083000116075,14.463459226610258,14.423088507556034,14.287947938279178,14.032777306298005
0.0,0.0,0.0,0.0,0.0,0.0,0.0,0.0,0.0,0.0,0.0,0.0,0.0,0.0,0.0,0.0,0.0,0.0,0.0,0.0,8.296367421138601,0.0,0.0,0.0,0.0,0.0,0.0,0.0,0.0,0.0,0.0,0.0,0.0,0.0,0.0,0.0,0.0,0.0,0.0,0.0,9.960099084162042,11.22903302120374,12.16112860400286,12.643107038508823,13.319488516738318,13.57993399066919,13.62979410351874,13.90979410351874,14.48489837997521,14.315133041688087,14.237616450233325,14.366444071907907,14.348249664093291,14.511193530177891,14.949070335964322,15.565906217930944,15.28726481362824,15.555010267790902,15.645010267790902,15.534024381129218,15.315765964139725,15.104596462799027,15.096777829484585,14.884472377398854,14.485143031566675,14.420137698577058,14.290401378149742,14.62072466927228,14.99428737455723,15.35743890642684,15.54341708876256,15.52743890642684,15.272789962824728,14.91725657186079,14.56891313685448,14.45237763606428,14.306696135790997,14.186057974473334,14.008799926854511
0.0,0.0,0.0,0.0,0.0,0.0,0.0,0.0,0.0,0.0,0.0,0.0,0.0,0.0,0.0,0.0,0.0,0.0,0.0,8.733693939697128,0.0,0.0,0.0,0.0,0.0,0.0,0.0,0.0,0.0,0.0,0.0,0.0,0.0,0.0,0.0,0.0,0.0,0.0,0.0,0.0,10.8193380095902,12.060809806806727,12.771488801197151,12.898154306505472,13.514052774722881,13.808991868940709,13.913209949074057,14.00903048153089,14.239394072053734,14.32051702534499,14.499421892637656,14.363314277458452,14.623023496022938,15.195238091963926,15.673473521582187,16.046082392332828,15.742391282632951,15.899030481530891,15.77051702534499,15.409963405278834,15.188980621098963,15.079492755238643,14.724006823111196,14.419113820116003,14.406138447146528,14.366757865348314,14.575416670768906,14.723849993924276,14.952351126599844,15.189375086709404,15.331475405560195,15.202187270009322,14.988842249207476,14.622053694721405,14.541442503759018,14.418128277623115,14.290878447582317,14.040786344119219,13.85289566153515
0.0,0.0,0.0,0.0,0.0,0.0,0.0,0.0,0.0,0.0,0.0,0.0,0.0,0.0,0.0,0.0,0.0,0.0,0.0,0.0,0.0,0.0,0.0,0.0,0.0,0.0,0.0,0.0,0.0,0.0,0.0,0.0,0.0,0.0,0.0,0.0,0.0,0.0,0.0,10.343924136582785,12.074358558358888,12.997175746422306,13.379318681243923,13.236574876256142,13.698110001104975,13.560248935371257,13.658816258317435,14.00091626642073,14.399394072053735,14.609394072053734,14.537684104544176,14.515307783371563,15.06772299897121,15.381493403735348,16.452400541097372,16.743675677587937,16.26920738718531,15.650896449254718,15.569473066082072,15.260652402823524,15.309477445012408,14.953769935311676,14.643879801551485,14.296402662587724,14.353093551181376,14.475403422281529,14.655986930991432,14.789163927894949,14.931475405560194,15.017385294935085,15.142351126599845,14.82956906963965,14.492045744511062,14.215942576054363,14.326126376804167,14.44420513875129,14.557574041555174,14.347977329647723,13.94858794532037
0.0,0.0,0.0,0.0,0.0,0.0,0.0,0.0,0.0,0.0,0.0,0.0,0.0,0.0,0.0,0.0,0.0,0.0,0.0,0.0,0.0,0.0,0.0,0.0,0.0,0.0,0.0,0.0,0.0,0.0,0.0,0.0,0.0,12.130132121782758,13.829667636907066,13.82856178202538,11.174897401570608,0.0,10.572023007278277,12.04590844503787,12.857335115379367,14.558165467229559,14.112148317335226,14.130511200171401,13.77061376480555,13.867593462093929,13.761693087567714,14.299095960853144,14.131868111557162,14.219309510254053,14.163790504548615,14.835160179985934,15.140810499402342,15.694108475503487,16.32780306873441,16.101732717893928,15.047022521623328,15.04281478721807,15.1280000789509,15.308697859220814,15.344024381129216,15.178707872247614,14.807846934127364,14.554062144106851,14.602498162088313,14.512654679079034,14.701585459714751,14.947070568894734,14.916417070975081,14.982265332828135,14.978717206707724,14.689656162116151,14.291718435935639,13.94853357439668,13.921423163488083,14.342610017983857,14.408549790240627,14.198490921954644,13.704449998487833
0.0,0.0,0.0,0.0,0.0,0.0,0.0,0.0,0.0,0.0,0.0,0.0,0.0,0.0,0.0,0.0,0.0,0.0,0.0,0.0,0.0,0.0,0.0,0.0,0.0,0.0,0.0,0.0,0.0,0.0,0.0,11.271952457486755,13.621656543479826,14.610330766164088,15.434122313309668,15.206092877104343,14.32064392202983,11.948583970718026,12.568181662468541,12.803842079623632,13.483327842481575,14.093474902966978,13.972318366089272,13.71061376480555,13.584032883861319,13.83475758553974,13.89239128263295,13.980390751379613,14.012816101047381,13.912258254027886,14.129994950863653,14.636714804003041,14.964413532790479,15.189752947135815,15.41870807039271,15.138816258317433,14.798244680637005,14.793772993735374,15.255598967482353,15.366692278231657,15.228089330902465,14.920675828282043,14.833625256016425,15.08277087346901,14.69200810520528,14.991163598286485,15.143769935311678,15.031881666378133,14.839424787635556,14.775754342841827,14.949924692323737,14.550651158865666,14.062610017983857,13.76066685784884,13.89802680873778,13.985120751812433,14.058381419720172,13.992090756303732,13.865221344545796
0.0,0.0,0.0,0.0,0.0,0.0,0.0,0.0,0.0,0.0,0.0,0.0,0.0,0.0,0.0,9.793870846867613,0.0,0.0,0.0,0.0,0.0,0.0,0.0,0.0,0.0,0.0,0.0,10.615624829883556,11.528501570892136,11.585721414237288,12.656929809603412,13.242290477742536,14.535029399798526,15.534363680529406,15.905300845132793,15.381068122120027,14.861240636877827,13.961535793206064,14.131096283112996,13.314441873237296,13.757565397294167,14.207353576342449,13.988038150879971,13.635718162817113,13.468436882291272,13.919394072053734,13.769645025883547,14.089972290218386,13.838166141038894,13.762072101001669,14.199322896984068,14.810248418830097,14.94539046198102,15.234584978432963,15.24667581247518,15.059706850401863,14.739973770151623,14.713790504548616,15.196516835848605,15.409172184314798,15.241388175268302,15.143815356516955,15.008935948084044,15.598614402863802,15.095455081695913,15.12243004207352,15.132405918709575,15.498471768221755,14.740780402529936,14.669208766695014,14.51641707097508,14.027560651215168,13.700508001917285,13.57855075034637,13.600599475570325,13.660789281880977,13.72665214720756,13.722090756303732,13.461188966826331
0.0,0.0,0.0,0.0,0.0,0.0,0.0,0.0,0.0,0.0,0.0,0.0,0.0,0.0,0.0,9.953168792338648,0.0,0.0,0.0,0.0,0.0,0.0,0.0,11.322705294003484,0.0,11.871138740781705,12.54920981379285,12.403133213249607,12.966423824736449,13.474835150046896,14.153225784328189,14.574306510684469,14.786385785790149,15.582657563718975,15.870883546667464,15.414672380897937,14.56799923000559,14.297150504090641,13.68653550366671,13.025367436103064,14.081385382160658,14.172733395960359,13.97606560259672,13.686056043067389,13.928259807713236,13.737609850220194,13.666525434557133,13.868245502907333,13.948332306812606,14.150316655648277,14.797871190190147,15.253279278982909,15.531976626366426,15.430210611407862,15.824000652806788,15.484870109569684,15.017329054558687,14.970225848086432,15.136590880326057,15.412013158243116,15.604108145855903,15.565940437127024,15.72801762510681,15.58174064260918,15.442749044743035,15.096450913521059,14.989401480659879,14.742063280259321,14.320573276871249,14.115262966600934,13.813093551181376,13.446419035213633,13.20921443224165,13.068677707268485,13.18287704491033,13.241243587798703,13.311471142111593,13.417869415510198,13.39710183314289
0.0,0.0,0.0,0.0,0.0,0.0,0.0,0.0,0.0,10.369388488804368,10.276864993530634,10.159113660562682,0.0,0.0,11.851739987267685,11.109677126028163,0.0,0.0,0.0,0.0,0.0,0.0,13.664484576425107,13.749898817587225,13.600153929650409,13.570543171374055,13.571791352553367,13.899436469768098,13.85446102689745,14.130871530321029,14.45769625635328,14.05067423038711,14.640497416074911,15.26457329848763,15.915283908821813,15.429587074698585,14.9011644092365,14.420914739302333,14.295197910184958,14.056510692261353,14.427974536425996,14.201722469403391,13.985605685457145,14.023298938378948,14.142217112327284,13.695796454722771,13.645991382978483,14.315357832032593,14.470272827677867,14.422920977083141,15.256392056612711,16.055398375827192,15.979114419146992,16.300162514695657,16.49871683773109,15.659815031613432,15.364358051292808,15.048810107720747,15.162885188133977,15.75954716720338,15.913002677508038,16.013325853262344,16.18822598952211,15.740031384418494,15.470840957904473,14.915666291635059,14.624655919370522,14.019651739452051,13.685048060916156,13.357877436584603,13.177043757019455,13.023874321103031,12.784057651075178,12.867982474246693,12.897982474246692,13.003656197623519,13.10672640925396,13.063277220780806,12.953608663747605
0.0,0.0,0.0,0.0,9.972346353375197,0.0,0.0,0.0,0.0,10.975330219787542,10.731037879850213,10.857913071740128,11.330558453288404,11.718561688680214,12.517891789256183,12.267176166954517,12.452509120051785,12.39400030552531,0.0,0.0,0.0,0.0,14.023532721209204,14.648610062689423,14.584088993180039,14.410352616107176,14.33280956721568,14.545792090980196,14.600904421884856,14.19053386673803,13.938318528293365,13.673617216675659,14.967029943641492,15.545194760132812,16.25118960017195,15.622017307928942,15.464734806966916,14.570365478179784,15.285745084461965,14.506221753202622,14.538869957446835,14.532826819808168,14.098839653217825,13.830675141075101,13.56170898520111,13.477740742169065,13.629622641824914,14.613511990980317,14.739855344707017,14.75775911854888,15.703504815702264,16.404018839777244,16.334422598390606,16.094370699258803,16.75353644472373,16.18539837582719,15.684658621888822,15.3990714201436,15.560118000377855,16.173364850642987,16.857103629354505,16.3095441966276,15.78141750484652,15.517292579396141,15.01616439095162,14.268591279873771,13.959786483229774,13.520855511401185,13.120395819235709,13.033375990418245,12.935083199098443,12.786716405089182,12.76955513436416,12.703765690381791,12.80389975444618,12.934017111483595,13.005648831184565,12.920910061341896,12.949924898946536
0.0,0.0,0.0,0.0,10.283088116993707,11.33908145272897,12.151792421818174,13.304045245309938,11.656612122118617,11.1134586123572,10.782397886845448,11.124458049213029,10.955129334853705,11.985684966629801,12.936339984115254,13.054952637290715,12.14473139084123,11.24921967866893,0.0,0.0,0.0,13.42705259707216,14.554107857572095,14.77821519571943,14.419426541374104,14.542390241593399,14.65983612301412,14.901331313139803,14.268392624808248,13.668535318720888,13.526799626580356,13.83997814993122,14.74325095972705,15.586003754306084,16.452001239338507,16.312291556309745,15.476960776448468,14.964355686650109,14.7373392846506,14.530754759726015,14.104535480352883,14.466749359069276,14.415222916226782,13.713624963032498,13.27921716475676,13.61392177912525,14.205606180425887,15.035119715620784,15.010002055459038,15.309017479084115,15.89260015298394,16.551675020170787,16.611448071589862,16.61841203469922,16.63095563297721,16.640825113741858,16.242643811445078,15.66513807015778,16.06203657984367,17.20730361947153,16.795440643973883,15.939017479084114,15.984488240348545,14.785453012725753,14.142237554218987,13.463588066374479,13.10140723679947,12.885056202800264,12.757640767118755,12.751153596668411,12.644040566935349,12.572166342533729,12.508789544116121,12.62216634253373,12.623645519916003,12.766848235943625,12.918633722803058,12.922677940670132,12.780025545011153
0.0,0.0,0.0,0.0,10.11233528826816,12.47197394926096,13.092636515401605,12.972924103123237,12.35545329802844,11.178505280369007,11.020345359757142,10.912786605255178,10.951513618867502,11.92431953515397,13.014198410193522,13.610026675783004,13.606277857004006,12.423754492127099,0.0,0.0,13.935769832734458,14.149609375645456,15.233038118187554,14.95058795151555,14.618764860649454,14.583888086130429,14.935736070363717,14.882021266430437,14.081247025092939,13.628718063300221,13.433694375001181,13.68511971149783,14.151227820028808,15.155960508007759,16.512092273691017,16.73737230893733,17.073673419496476,15.125691377512535,14.61090491268083,13.946095206861544,13.563215503485754,13.552932379383883,13.815702779173801,13.941844456238607,14.13873373163657,14.467668258834678,14.917233803856211,15.018529913786754,15.134668642797806,16.20119710015591,16.562333331299456,16.812412265644962,16.854938430997812,17.19011440478211,16.77090723068178,16.46064854477903,15.980262407433418,15.766097314552633,16.832332183601917,16.723248493656342,16.35599056566945,15.549783457078107,14.859307921683026,14.241486023750031,13.474303803460336,12.794261916685235,12.577565187683218,12.62274522044171,12.708425932033155,12.571455319259195,12.50709721401738,12.416190380425405,12.357457275881087,12.384040566935349,12.407691500703503,12.681246503496979,12.96473504831648,13.141806849260654,12.967499372627856
0.0,0.0,0.0,0.0,11.254610462747394,12.487434746793575,13.466737453083937,13.546229843727346,13.005776497317056,11.715287301887582,11.175571692623837,11.35508926528959,11.604687499741708,13.141730346276878,13.771537725197888,14.106422347140496,14.188005240575512,14.299026108976848,14.378781958581193,13.662989298195566,15.293315927413595,16.032955136845626,15.883424850299367,15.593348276736016,15.099696911396379,14.994246455763603,14.912473998971354,14.625987219908815,14.293463044486657,14.16729123878494,13.850314717049582,14.205056353749466,15.02241993140629,16.074291259162322,16.009871512915538,16.014659156744507,14.95200729828768,14.472774774862481,14.613257322031679,14.728182259753087,13.652089298818222,13.481622695293776,13.837114814720263,14.068962779250166,14.068392074766622,14.15913121119033,14.448320205814788,14.528225989522108,15.754281398810638,16.027797164931236,16.387722951110526,17.658362658402773,17.179149024744003,17.553829468743924,16.504496068600204,16.575363084666453,15.80838422178008,15.335531079916493,15.56914923958858,15.493601067129273,15.128406874094978,14.919033700612427,14.497012310834183,13.98800512722857,13.399205400034532,13.084973863245626,12.921572193428862,12.828489319605586,12.815186423376666,12.509813684865367,12.365240417075523,12.206400018513223,12.13689275456548,12.18169062747944,12.188185937428308,12.34092381666795,12.65619666618566,12.855048060916157,12.580144286437317
0.0,0.0,0.0,0.0,10.789908686965983,13.477184055375812,14.437777044115027,14.123789429048777,13.46859189102452,11.928343013691984,11.617174769497737,12.490523778328837,12.770431634620786,14.616131659079752,15.631302967302489,15.505177496631841,14.754064026701187,14.406180239593866,15.69776411004278,16.50665531718758,17.050689437623866,17.23062631338096,17.00452918156074,16.236232232281445,15.207389285150448,14.635945058237933,14.44966962612325,14.362979339289108,14.58033222464541,14.20785118990869,14.695035626181939,15.274943870974752,15.633078202242448,15.99387219609245,15.639446255063566,15.068757576351151,14.367196773150948,14.408799842162338,14.754461792671714,14.98202341250574,14.253251603140292,14.050003841202537,13.865719324803319,14.378871515756487,14.530231906084229,14.49123447011997,14.710547048391012,14.999158202832302,16.238223341253324,17.240610007893796,17.015419861152445,18.482043557958995,17.21875547255778,17.293933036477213,16.62593134249227,15.84933928924575,15.029259296151102,14.923812648384654,14.612418767743787,14.714893639015013,14.522584266967435,14.390505313408461,13.952757381620582,13.853138869721171,13.334345159445832,13.049920391196817,12.700780402529935,12.565737717775862,12.730428739806264,12.423374250547912,12.03745682640906,12.035107527606332,12.082673936817844,12.039528414830972,12.05352007367739,12.03498454771886,12.256899877029447,12.519813684865369,12.575136626422157
0.0,0.0,0.0,0.0,13.235200520087755,14.380583886942421,15.844746678476017,15.021144206311389,13.80122856537351,12.738189457729412,12.865231860412296,12.738683661887679,14.275403767686146,15.554437178604609,16.201804513132462,16.545304858373374,15.549654885830925,15.189193498423691,15.914260424512104,16.437291547225286,17.30732367889312,17.318120715331037,17.234658169281577,16.282612820164985,15.406708550265868,14.657122312487928,14.52991021003912,14.576658859503265,14.84259658846116,14.808975168257668,15.408011845270114,15.933965976702654,15.735713415782008,15.523812749332146,15.006408962367956,14.5883141469739,14.146080425603405,14.494332720400953,15.12526807240847,14.503799178163462,14.32781480499289,14.55203902492415,14.35679568425466,14.162648441098396,14.593369519082351,14.541870687494752,14.145117093434848,14.704667626330806,16.322842804415917,17.066380030366936,18.411178749479085,17.153474231027715,17.149741204326745,16.491491252820783,16.0783773552292,15.348513527348466,14.904793680800978,14.434288670550771,14.308133946689427,14.560719935097751,14.685608267791558,14.21728846344007,14.067570005010985,13.739716281910667,13.456692278231657,12.987851435946268,12.634377324915913,12.399310036115377,12.414810562729656,12.17718900855184,11.985534875646024,11.91473504831648,11.867007292579036,11.818784349518012,11.776827825725821,11.752798608236997,11.960395819235709,12.212713639218238,12.117007292579036
0.0,0.0,0.0,0.0,13.514767483479197,15.339173933385101,15.705026565065019,15.30929322852515,14.837990754767276,13.92106075135976,14.006892267088954,13.80661147808711,14.715884192314093,16.079067245053515,16.6900735795088,16.66360839041728,15.684648071557433,14.816709179924565,16.04617707060853,16.265335663907265,17.485945049838534,17.375541981126386,17.301503886799267,16.544182667803256,15.335093506640591,14.696808625032128,15.264472142263894,15.114588911645646,15.53289464146723,15.966951877569304,16.291142749000983,16.099893151932278,16.11737330355323,15.143543626539712,14.7924196397069,14.57351693167906,14.759865784644157,15.145570351053657,15.642832130513113,14.740844107422177,14.461905524560862,14.487898912413014,14.301602943318581,13.990324979144773,13.964791388815396,13.727599413765976,13.786647884749385,15.392814343878477,16.90709948150587,18.05092551855445,19.188300914719882,17.691898814938554,17.83554579626868,16.625008356993035,15.868377355229201,15.121831140865531,14.553002966225995,14.095951058369064,14.00913121119033,14.27071993509775,14.430002055459038,14.112313705827336,14.427360770074689,13.76993399066919,13.459578135998044,13.035252830041022,12.550675828282042,12.296777829484586,12.199324721515321,11.995762982768447,11.772766294657416,11.933764724205073,11.836306506452399,11.707707121212835,11.513427123243467,11.591897478637867,11.737456826409058,11.996483459407795,12.018072313860312
0.0,0.0,0.0,13.522546089192067,13.238659066758668,14.675286523566587,15.296030638515855,15.66967682705464,15.853504674147564,15.160934040490867,14.689451702976644,14.212481834644155,14.707561221646445,15.94639139259236,15.706140511662362,15.34184132670795,14.849579137864476,13.92056878580346,16.131375592182977,16.404067837127155,17.690715553314746,18.329287401942025,17.393594935137585,16.400561136075847,15.511106070700112,15.403899590459456,15.434843305776166,15.487680271008909,16.389114602148382,16.573858937883447,16.40401554970298,16.385417650761887,15.862413215645727,15.27305083855911,14.670121053728597,15.168310558273182,15.638765585312228,15.649081370979008,15.907707916287304,14.831994793903842,14.242910989549898,14.273404351984873,13.590085113491117,13.491351575528618,13.541625428757579,13.522985148280304,14.523580349636656,16.02301145365619,16.815678128744814,17.715778565978155,18.02486709572605,17.382897214476632,17.172659186390064,16.22371818591069,15.590077344233494,14.450484608259648,14.225279470748543,13.856247950986825,13.81501297395096,14.01182244936615,14.333615556095673,14.322601337871056,13.7751933961247,13.662540684368155,13.361345172085752,13.119112587383981,12.811187091324616,12.359144214922342,11.972074587523938,11.844384541393229,11.733879801551485,11.589733101685562,11.681574553652354,11.37450740589375,11.170429389296501,11.144167504065269,11.421590839245958,11.660834976255366,11.432652042770961
0.0,0.0,0.0,12.952135200019608,13.115370334829793,14.205699495298967,14.592794258803105,15.821758133047862,16.668537946803028,16.45118379210841,15.531870665723442,14.999879080607041,15.425996267377165,15.657407443569188,14.566194355562182,13.900788529151686,13.668911377649952,14.049610406707348,16.717752288966363,17.234115041730373,18.266138055806717,18.020326083424095,17.46001458773187,16.719126288212042,15.987634266239471,15.28273183132903,15.404127251659485,15.900934620384046,16.59770353851748,16.668776883423263,16.772109410049772,16.158343439526913,16.016115898274837,15.397207681249384,15.436947413031398,16.094121532301333,16.13596982281226,15.797754297814098,15.120596115846629,14.146789560303517,13.821214059059816,13.389817872243494,13.156523088951161,13.175733195523414,13.546388461538704,13.993034871237155,15.878851827766253,15.554827000021215,16.380035215395267,17.41252203567076,17.105453374622524,17.39267142203979,16.441499007311844,15.332863463152975,14.727310418747965,14.183244685192381,13.880372800486095,13.485025388692938,13.124745797876479,13.393418321889367,13.416159215810842,13.423905799052667,13.57958743388252,13.700399281034082,13.282229607380703,12.983189403652688,12.642246489005142,12.316585935178962,11.904706511716022,11.773755082048137,11.665739088554025,11.319684849128585,11.279428154171509,11.112740861897434,10.96115359666841,11.016854840616638,11.12978844529161,11.14846092230373,11.164740851423202
0.0,0.0,0.0,11.4664103831137,12.593851738711795,14.06371874777037,15.060680765239368,16.100180662492924,16.768525535155526,16.84669964890857,16.483485959578445,16.14211750829471,15.914350215209769,15.925374040471755,14.609960637025498,13.783245415342567,15.750225802180783,16.95698855451969,17.426816118980547,17.525931999249522,18.602429003548302,19.25920612943937,18.125421256558354,17.235640208953747,16.23017236849852,15.613137251988286,15.882411024575815,16.28268879651836,16.03161954839482,16.469966054984333,16.785471014830016,16.574476871781265,16.3764664883407,16.186445388358003,15.739667997261218,15.877492437710151,15.927930488282684,15.471128740286627,14.67590689906282,13.968980888915471,12.822233812389122,12.89049382352102,12.366327585359612,12.805737703720546,13.667390523373399,14.54212488883617,15.385750686742657,15.856311242749438,16.542139855285985,16.636628899812113,17.63569797161174,16.348713489253033,16.186820245800263,15.320340875039651,14.270478720609407,13.658965810657905,13.28371605119862,13.34362454458184,12.958533268803572,12.892947151793326,13.074033286486983,13.366045734651708,13.425577891482442,13.392587914943455,13.269457184714128,12.821425436094575,12.466074964696961,12.198514097950348,11.842978554141855,11.935803050061843,12.255278609279213,11.590020452919113,11.1367271840689,11.040001438990817,10.696290038078807,10.720580038660898,10.753485037440178,10.646428516831659,10.443874321103031
0.0,0.0,9.326092701594275,10.771850575951653,12.563261127209937,13.781261182152697,14.850444084206337,16.035375438203626,16.995505302806244,18.012311032721442,18.13267900787082,16.644990027257474,16.141692209458224,14.802338140247429,13.399116955432206,13.289915117032704,15.089382787521608,16.55557707269115,18.219670923843537,17.67885118962174,17.463275129607617,19.110810350932613,19.182462665417134,17.33537905543574,16.352354332526456,15.516638830821636,15.865204713781035,16.01808957891955,16.000307894712503,16.323911760677376,16.94194641101949,16.90232984964764,17.005830424258964,16.498611721844906,15.696025850439533,15.577688404633964,15.061410360403062,14.489385666385802,14.099494185284264,13.514038987839621,12.634102351297834,12.359581749312659,11.879043002002856,12.985063396989256,14.491526600808701,15.242928505231276,16.215487691901956,16.560373081106384,16.39695929616805,15.85335253393178,16.18101098781215,17.006211113299603,16.104929192853312,15.708145169614836,14.041377399380085,13.370913166798385,12.858886489048365,13.215323875993262,12.854876204351516,12.67024910546099,12.62870102777705,12.655153525885307,12.78490014934372,13.098525766633868,13.009739151940718,12.596050780057372,12.4393547751862,12.18745267621891,11.67184922479636,11.38802452537698,11.124487022562963,10.840402410433065,10.59524366318073,10.48113732636452,10.607280987349286,10.629112867517,10.502129254875952,10.212575455567181,10.173429081362753
0.0,0.0,9.420731943708741,10.760536336431826,11.632199426563268,13.434972502480772,14.406846721697192,15.294473150948917,16.247315413895016,17.686203439899433,18.536035194913328,18.168011185943506,15.464375463636227,13.985417611609046,13.346707277375067,14.755948938801888,15.001588279005814,16.23843148177173,17.839538398169736,18.509710590911006,18.461066476902744,19.563926612905206,18.440046071802268,17.14476334735241,15.621546379026029,15.62571174397484,15.721211936839829,15.258757519566867,15.595733505003643,17.024440704661544,16.91699979480263,17.10231240076142,18.178724676320662,16.49327393609867,15.191959984445521,14.300134228161344,13.591486977810536,13.347503971711681,13.560995383567972,13.105893564793945,12.821858805155767,12.628117020891358,13.01693873082922,13.978360541141228,15.096348782369883,15.882822184492465,16.37498427366517,16.3998517098872,15.74633169063955,15.671731491046698,15.793201392305521,17.235113512640947,17.250561673082075,14.871576066917786,13.638651686894201,13.02331374326732,12.76458771171151,12.713753110964625,12.417956772155748,12.339622210911664,12.187015572198842,12.233317514396969,12.366302904197639,12.781649609112204,12.930391996130595,12.407373543006006,11.913318013067279,11.791606883560483,11.593990186156162,11.182582740820076,10.970765673424827,10.75126016431349,10.651405699574514,10.401102414194261,10.522014027745238,10.276606717613436,10.06638417085586,9.919985829351157,9.794797943801768
0.0,8.729509038179618,9.395166986743822,10.521530550803277,10.601583795268864,12.157700910309735,13.676415947638993,15.00503615311919,15.712392724737484,17.244556960704436,18.89709497951784,18.332134702709677,17.177864253045996,16.298088691385875,15.992736800345824,15.511529721499329,15.965897805088655,16.633916447141896,17.921468906311425,18.378016007419383,18.096524770113078,18.54196510481782,17.78426777787632,17.27256280035479,15.897639132088832,15.671334670736428,15.490664712966257,14.99640202992428,16.072827477030074,17.169730028102204,17.328911446584442,17.334420022882533,17.342521964535056,16.333085978584045,14.727556010004381,13.457439798969787,12.799374616350125,12.52078958806084,12.669792349781634,12.794154857361464,13.240106695291669,13.827992676394395,14.19364429793114,14.63518019370431,15.383292137863846,15.743118464765603,16.1544252337345,16.183226862787276,15.692437111696016,15.503619374185497,15.478586296023309,15.340222425645106,15.320732752396804,14.890232246582807,14.025252019701021,13.272149272710472,12.49506160143001,12.428049428078742,12.171783365473221,11.817000210230796,11.721785390829314,11.810533166556736,12.047690640488188,12.201848073960662,12.254142345191838,11.989919360073117,11.868788692271668,11.638282465077861,11.275301054818726,11.141501704005623,10.68848380123095,10.689852160162728,10.492577825449708,10.344046330395361,10.280881241817509,9.968044468824173,9.897090653588522,9.605976031970258,9.511649977347567
0.0,8.219708999982295,10.209738463515155,11.037818126665861,11.221925191596636,11.979955131815263,13.501092681377532,14.818472065835792,16.06365619136687,17.66735234196681,17.833838278901833,17.71297392654106,18.611368636597867,17.894966619390644,16.607307936112484,16.39970583252856,16.610397250661208,16.721861270690827,17.296835729081057,18.605483071905233,18.279081299675664,18.308364594696425,17.87398459523486,16.962056997455733,16.171190000355665,16.010491412792803,15.239157955799605,15.047030444051144,16.999070124098893,17.35019039593827,16.967253120969872,16.707026663672668,16.276544306784178,15.837911663918575,14.971530123558775,13.625941889378197,12.57054019890643,12.604134437709785,12.362665853195349,12.710656778336325,13.590823894528015,14.178512548843837,14.516190725159886,15.035573273846094,15.464803736397663,16.363098331273367,16.17309554476141,15.772030488734176,15.34902865081396,15.14374158528002,15.12653552115315,15.19251529211227,15.027556433838194,15.18339805807191,14.272203873119789,13.434658665959109,12.839892816788856,12.122122710896853,11.87558348557563,11.340084936355815,11.273929869892179,11.538288050117988,11.582369112183397,11.732570487572936,11.539850511449856,11.940061485969025,11.824415159597628,11.461323557315048,11.50005842223106,11.24086944582206,10.95768793074771,10.555836317178514,10.25838487335162,10.343337484052828,9.946580489347264,9.665454120758517,9.654903077852465,9.569684599530575,9.267689932815902
0.0,0.0,11.689452363368186,12.469587077706953,12.898310563705103,12.63391862342177,13.61694281739883,14.742591020312187,15.513063818520713,17.645200024449046,17.496150925679867,17.45910161866199,18.224949883458923,17.40190729505985,17.78033598709667,17.9002245697073,17.026552742448715,19.103147530348462,17.659861166994737,18.548964812793898,18.8552847632923,18.23525893893104,17.612826426636147,16.467369550426476,16.318295092347043,15.618059384959478,15.51072106008136,16.112608131302057,17.72739960080601,17.424818967284136,16.27811249120032,15.478605008163145,14.690714812832912,15.016752759995597,14.527627483160138,13.821174130150819,13.150057464834806,13.03201161522674,13.248334102607142,13.076619095417088,14.188261753748773,14.131935013796046,14.36691809885992,14.831506248860416,15.237498410243994,15.890660145426143,16.150272984707403,15.184889147872099,15.203168484839928,14.993833655030496,14.793627935341235,15.216667471671492,15.2312068929923,15.365765052183427,15.077470639958236,13.769566485375183,13.087600674037908,12.016153204116844,11.524013996293789,11.086594633085241,10.742345527288636,10.728827999181696,10.805718479329192,10.49196611496038,11.026245139100263,11.644840304136963,11.795072160819466,11.448027289500075,11.159116550969413,10.627067536713573,10.398778940655063,10.18633104022521,10.245500573701905,10.014919213865806,9.945949202938005,9.538083717314375,9.54226910542565,9.26156860153628,9.198453056674184
0.0,0.0,12.857695349242828,13.280372812713356,12.902737877643496,12.003424918773355,12.916269107668981,15.003509564732266,16.719274166435802,18.202936038112007,17.60295755281077,17.4064548425591,17.224392427757962,16.446406777976172,17.205464777992315,16.055810656590317,17.01616549631815,17.819722202748256,18.825325268102013,19.24706134234113,18.83366936191197,18.205431552988884,17.512242644372115,16.82944430277216,16.51768733238912,16.058125132011575,16.06792196838682,17.285710314221802,18.08743848058119,17.007690206341202,15.893768612673604,14.63088135278159,13.916462941305614,13.959686663271196,14.00753440697263,13.589037728765058,13.098487799618738,13.544289937716245,13.67849490385416,13.2798156874843,13.69046847023192,14.126345582086492,14.041798835373447,14.813393937774848,15.005561382565755,15.634873008349835,15.703458034080793,15.36768869562859,14.969803775706325,15.232041463345169,15.535635741388447,15.135136209865863,15.345241722854926,15.24921766043349,14.701079277537596,13.570653348365429,12.909709151089908,12.044266093072668,11.371438512603024,10.83148875791936,10.58411139691267,10.30363699448678,10.314523676189918,10.871834737101292,10.281328149054488,10.148356252411778,10.68632173616515,10.824655161971496,10.879138436713703,10.45858845992051,10.166225118241211,9.903816106847383,9.705585560399278,9.702968918797595,9.64866678608509,9.503456429170113,9.14659831043304,9.187149003231678,8.977209654253052
0.0,0.0,13.970600953043121,15.140422378432042,15.372475908414707,15.411415138574615,16.081319046682644,17.707920815749176,18.493152963218158,19.664160823899365,18.398018994088524,17.546620084107676,16.38944338649311,15.577350551556506,15.310706682979765,15.798051242172232,16.352357357095,17.614037060687856,17.702667321927063,18.715443840117555,19.6679482351891,17.845800061055233,18.128520455130143,17.528176301846276,17.22273164048936,16.73535166602163,16.787824532531012,17.99196073416599,18.153313599565926,17.13441348245867,16.024753861932226,14.340943147953336,13.52796410391445,13.299107101670167,13.637405938578498,13.998075659330219,13.889345452329021,13.983825868661654,13.401273661501595,13.067335559722522,13.256681695334628,13.449678548494456,14.082999099470065,14.331798835373446,15.26778536465174,16.106516699836355,16.22864846822954,15.5606178921921,15.385845370437263,14.408778128187445,15.069054962641744,15.032311574386107,14.966285226966406,14.001970305282791,13.581449951071878,12.948343801291005,12.235871507343964,11.689333305086947,10.922404550511786,10.77774525384531,10.474394634941607,10.238881471318965,10.0367409519702,10.170725443375058,10.036215583583978,9.782238315824648,9.996404547587561,10.350389336217162,10.148338091478369,10.238957762426303,10.043641697602586,9.943254518246988,9.615335921237005,9.556582841982017,9.36286998762478,9.373978068037419,9.110888610104173,8.97892622043583,8.617004260017904
0.0,0.0,14.847654291028162,16.387026719859215,16.525163745387104,16.924582032609173,16.69224982812228,17.89478429032563,18.409772752630058,19.353165330892626,19.727967472441623,17.930182339199778,16.32816573428713,15.537884176118837,15.180483986339718,14.830924907619682,15.116209054190904,16.43872880572189,17.541968164159073,18.457506251326205,18.680694565124814,17.803841127268377,18.08026094014854,17.719650968255646,17.95008155994231,18.144818683171554,17.971165493435212,18.950900010623684,18.680212009351575,17.216669918571327,15.34492149775622,13.97200321458227,13.200443212114008,12.99324004381211,13.255009370492516,13.66694422761233,14.073444582711293,13.96222262457664,13.750838762815954,13.628997842855473,13.190940070765773,13.299236357475746,13.489514595790123,14.293565118849902,15.157382958783082,16.539710494904817,16.56064864369108,15.43029724819824,15.023164182438341,14.762568714017977,14.394576181375804,14.180405595253987,13.426166640090262,13.093822527937682,12.342444004137874,12.191907742112814,11.578091767690513,11.120956852724229,10.752786605255178,10.357860549857591,10.190409903514707,9.97160636876538,9.848126293532705,9.998866086762256,9.692425306636634,9.554214948608303,9.569839831907505,9.488824032192255,9.378582357685865,9.660029177153394,9.461189005485387,9.579839831907504,9.641617218981736,9.442130419552113,9.389012554581662,9.157488401582306,9.103127904976638,9.050436994724727,8.901153760781662
0.0,12.130083151825977,15.675619094561519,16.55414443683085,17.137768116401478,16.84033031240895,17.547549871629585,18.394279257712665,19.96888175205331,19.811907362147654,20.330938518914504,18.48700216048428,16.812839113551714,15.969689932632747,15.596659611748343,15.23795359668921,14.840825378538552,15.323088502065417,16.742037272891466,17.18300208542246,16.56427183851253,17.048735294032237,17.642448796469886,17.919132384138763,18.50029023820266,19.91579855265861,19.724702703077735,19.619841707081186,19.555591704703918,17.286369393221143,15.3293014087714,13.804181412915298,13.228446465137177,13.005561587178306,13.227724335527702,14.237885088178885,14.293930894652565,14.276148647586378,14.100195347884208,13.757159590449834,13.811257873079825,13.622524206326805,13.675992980363809,14.627660130401448,15.382391905057311,15.832567052174628,16.490620316636665,16.140880769184275,14.976378214677146,13.623264986211966,13.264659178149504,13.251660247204352,12.560072671951222,12.079429575289232,11.525362446448147,10.61929505281308,10.36265684834706,9.679154116710036,9.702005715125045,9.750439305224136,9.552106570810972,9.471456198710566,9.157325879204373,9.150416613928659,9.190221727503594,9.18529617558801,9.117906738688085,9.23018890663498,9.284088763084235,9.41383222196863,9.163588063188708,9.242528203943657,9.319602220290996,9.267122475168726,9.311245405900834,9.337309134740847,9.108609987433061,9.100045453710933,8.888756541149721
0.0,13.01358414379999,15.06721232113396,15.891382398542909,16.99343119221665,17.27211199925497,17.664526358252292,18.95990176090033,19.812633361918966,19.583098146112228,19.818001813090646,19.03806452562357,17.820696010127627,17.200037730125143,16.72816191363462,15.97116151455359,15.334127251659485,14.899367068269212,15.23690798851491,15.126482545660398,14.981132361819059,15.452965848330653,16.586492384236386,18.078612386481595,18.969277198003685,20.35423344964795,19.957263755510525,19.9409255375581,19.385471407734336,18.163370356399955,16.24292817770155,14.787049391047212,14.01184939682453,13.902458660461573,14.051258276167879,15.249601948491083,15.094090821809104,14.766465711984917,14.196597436890873,13.964662865897843,13.830110496399804,13.850674993095547,13.639722627969494,13.657906958024324,14.206364291408399,15.063170611657583,16.028988876402636,15.33624116913332,15.026048019690704,13.399811373402677,12.950862633277133,12.706744978000355,11.910560312429364,11.03642344648316,10.294069547918292,9.614599050437814,9.135787111413554,0.0,8.424517113115865,0.0,0.0,8.679725100513453,8.712964796620964,8.201671507042205,0.0,0.0,0.0,8.97961457482377,9.203888730758907,9.558313429892943,9.311779080697464,9.533287709423885,9.309087110874813,8.943108784581803,9.077542449831615,9.253064445383455,9.135510011960934,9.08412373384316,0.0
11.677563462835813,13.539475487589169,15.931001829452526,16.352700629995493,16.497574033248465,16.64453907463734,17.262535048593698,18.399564501117805,19.263401556575605,19.391820958298965,19.992032213522965,19.22454811587188,18.10781414741264,18.027763043610932,17.99032376293737,16.949163688139592,16.353786951980467,15.005337623341974,14.879631578220588,14.35276935571525,13.988826123603282,14.271132992099805,15.356331616548712,16.24947269199704,17.66385137889047,17.705093852653313,18.558834106987565,19.838737724064266,19.325361438429677,18.13666541592935,16.767106265711192,15.577944155900845,15.151864705466458,14.220406761888297,14.70806624524072,15.550080603561298,15.509926255724986,14.831347959381675,14.330799677209148,13.873511226399163,13.430064365399467,12.960942823660208,12.711972734442138,13.145414830340826,13.905206873029393,14.546457905304738,15.04241695735465,14.288967654245154,13.938124016073143,13.373323541386261,12.716215542928214,12.267604713130032,11.327306980671606,10.60620589830565,9.544840898402594,9.050767482661147,8.512579789851031,0.0,0.0,7.749974865218285,7.686485105037264,0.0,0.0,0.0,0.0,0.0,0.0,0.0,0.0,0.0,0.0,0.0,0.0,0.0,0.0,0.0,0.0,0.0,0.0
11.5387214513677,14.607929061900286,16.575519655836345,17.045582382996393,17.256449111574298,17.312810595696497,17.67148254386834,17.66267189772836,18.04721700034255,18.5844245629062,19.09556772543238,18.596469362017192,17.42594373839156,17.82059675703541,18.418404542247682,18.62253028083911,17.516055913544587,15.806453579259305,15.220017479148638,14.20117220165247,13.530612460289156,13.45224217749627,14.61930567947617,15.892139472146468,16.96534500040834,16.726205100393596,17.13269469904202,18.351860872495696,18.57277267580458,17.632803937157004,17.174318759120098,16.02717864732201,15.58843518463589,15.568830816801738,15.65136278904182,16.186109863919754,15.715791834625275,14.90669727330334,14.004331442625551,13.498000724523003,13.536039476559466,12.577324158456772,12.619913087328444,12.781183847705957,13.603146256477647,14.691079277537597,14.811195092833364,14.060039258276749,13.263888176780064,12.49858672380121,12.374814002084598,11.608811078047133,10.897687930747708,9.914345526086581,9.226042511963017,8.706002118178226,8.454615658335404,7.763748980075429,0.0,0.0,0.0,0.0,0.0,0.0,0.0,0.0,0.0,0.0,0.0,0.0,0.0,0.0,0.0,0.0,0.0,0.0,0.0,0.0,0.0
13.11921833537938,13.945470667616046,15.360711419029169,16.725130484099477,17.091143241076225,17.53180075356628,17.61126616545892,17.67982850812777,17.782064897224462,17.283955115076296,17.64753332373755,17.41042897798477,17.360370450286087,17.482681667383826,18.223400407447233,18.84472244415693,18.710185405025385,16.088143644842056,14.662976596177554,14.175287852598547,13.581788027909306,13.798005859591278,14.397256389459681,15.127280296180047,15.737777508494586,15.645251830353715,16.70336991675693,16.99558570011738,18.0180273035932,17.647032884927757,17.607245964642033,16.394207455023945,15.804685578468108,16.221451494933287,15.751319823649972,15.70976932981346,15.788269906875215,15.336810384706778,14.272241696153374,13.56015029437804,13.532988843002132,12.67293218173481,12.275634204744993,12.26825554132623,13.400624749204132,14.128945752130328,14.559178027863869,14.745340567719694,14.122333323291521,12.258630250331292,12.230297558127287,11.287909699455724,10.372282212543876,9.741966634589119,9.143639192861055,8.70463470250712,0.0,0.0,0.0,0.0,0.0,0.0,0.0,0.0,0.0,0.0,0.0,0.0,0.0,0.0,0.0,0.0,0.0,0.0,0.0,0.0,0.0,0.0,0.0
12.333322617106408,13.187115323579636,13.28483010306902,15.620409368588852,17.14751724418354,17.364361515349223,17.39753609419042,17.199612298769942,17.609066399869313,17.179970617683573,17.418636445977786,16.993294017278576,17.656424656491204,17.36499442002114,17.58351566012603,18.11761054093305,17.240471191930975,15.426039183032064,14.482519539459988,13.568030712733472,13.447207166729797,13.415458408659982,13.923343104998484,14.073425398376362,14.929590872617837,15.070387170885429,15.748236641348472,16.326656689125258,16.61866624149437,18.549460801068992,17.29272781567321,16.515111797204,16.21094367864473,15.546474584423903,15.588422163619917,15.248663500422964,15.541612605814658,15.3336193741855,14.892958769268379,13.552284531345585,13.27170827547647,12.801148097532637,12.599545851715991,12.60064708085957,13.842289225169289,14.040836891677044,14.38578554926914,13.422541660602434,12.694562774754958,11.9936417084405,11.312577077874888,10.879496454793777,10.334267742481003,9.823704525972483,9.170808240319364,8.776360670058907,0.0,0.0,0.0,0.0,0.0,0.0,0.0,0.0,0.0,0.0,0.0,0.0,0.0,0.0,0.0,0.0,0.0,0.0,0.0,0.0,0.0,0.0,0.0
12.258812356299488,13.486337484534687,14.262397233380653,16.195643216832927,17.06983273735252,17.425253893183655,16.872620898770133,17.217292011199103,17.81370184522252,17.509263132880292,17.635165434132134,17.122354854928503,17.844878889910625,18.028516264030998,17.603111741320237,17.52272213889889,16.46553897696015,15.081549101827164,14.107894099487023,13.54051820578755,12.718827525006386,12.734459707537052,12.984140116694785,13.039622934989053,13.468182077595927,14.059839779221539,14.975026510392516,16.251587070811325,17.610805057579356,16.915947863108244,17.09234906227789,16.951734044407388,15.99299939727565,15.233955333594892,14.8963507791219,14.927329616305176,14.561900115146061,14.464470479183543,14.897005503158105,14.058314445937476,13.503520052200269,12.899071610020517,13.26425273653789,13.409921610160431,14.082590911725987,14.424202430112498,15.066664504497354,13.748190881555281,13.299236945600034,11.574484292508238,10.90644339939904,10.550162775523285,10.85267947589817,0.0,9.345897939705212,8.759453754484218,0.0,0.0,0.0,0.0,0.0,0.0,0.0,0.0,0.0,0.0,0.0,0.0,0.0,0.0,0.0,0.0,0.0,0.0,0.0,0.0,0.0,0.0,0.0
11.316385138321719,11.359662208294285,13.313213640282203,16.11946605270508,16.926752189821155,18.075935301476044,17.358125173507904,17.721463473397286,17.874385610344454,17.445709583685314,17.27580274968243,17.17192507941229,17.61656437562733,17.937113198686006,17.782957701836047,16.983777773113836,15.711448608952482,14.710345221685513,14.54453647990119,13.664989585419175,12.76629070998547,12.838665428291286,12.771423638537811,12.507078937922024,12.825377759387797,13.754775483883563,14.181828867035545,15.967572199776658,15.33253032923622,16.353610134097885,16.11085631029406,16.101750531992558,15.82121142307573,15.601211471855844,15.24246380589565,15.056908257336067,14.36027685737825,14.305538956611878,14.292153616047438,13.700955945991375,13.013595571409564,12.931123320091558,13.144741258841403,13.862710830469663,14.509439888559427,14.1786205867665,14.323498007642801,13.5027536073324,11.647071918677476,0.0,0.0,0.0,0.0,0.0,0.0,9.029896946126103,8.284316827543286,7.867373949736493,0.0,0.0,0.0,0.0,0.0,0.0,0.0,0.0,0.0,0.0,0.0,0.0,0.0,0.0,0.0,0.0,0.0,0.0,0.0,0.0,0.0
10.18830729988463,0.0,13.362181231276319,15.467270218302641,16.405101286022152,16.55337963806906,17.32605769110842,17.99931339619622,18.204256627132278,17.76368013066027,17.1901610060072,17.195990258895286,17.022930133562312,17.785439259341324,17.63022407159773,16.893793868311036,15.752333566511304,14.745400019097474,14.270790867471174,13.81899002340366,13.313770287326651,13.001790103791533,12.836726064909197,12.675629097571129,12.281662654387253,13.162530021641793,14.778652273715139,14.961045698656251,15.607444012234847,15.828918947071546,15.940220593623433,16.289885381303485,16.21920431189861,15.934822031614935,15.512790143007326,15.576216691436404,14.873459673158573,14.163671129069407,14.082917862744567,13.007899416798928,12.608659475431502,12.560383491544966,12.77954585171599,12.920545506275513,13.490607390746558,13.471010090687187,13.185069825512311,11.786982599783546,0.0,0.0,0.0,0.0,0.0,0.0,0.0,0.0,0.0,0.0,0.0,0.0,0.0,0.0,0.0,0.0,0.0,0.0,0.0,0.0,0.0,0.0,0.0,0.0,0.0,0.0,0.0,0.0,0.0,0.0,0.0
0.0,0.0,12.57935627872639,14.56661893192312,15.72781903185409,16.75447231559491,17.2389023273586,17.54986923864701,18.029248085357697,18.242972317334768,17.907524158022476,17.894579394259615,17.3429200203042,17.30180540531679,17.125354551970688,16.74505601591733,15.30395533359489,14.351462214585627,14.02035242907149,13.977244515447746,13.761148397232635,12.804358599069932,12.928513738632763,12.598320641321964,12.154328409642055,12.425968477995468,12.88669283300355,13.408883325272022,14.214477120442425,14.561664859864612,14.84433165664905,15.254456867015831,16.146683294946737,15.986817550336264,16.29766720435011,15.575333887080724,14.885792534125848,14.447785323449882,13.856639239088667,13.413136715307132,12.938029088415394,12.546916965842048,11.943292224958668,11.806064934165967,12.15834440755437,13.102195751713648,12.137839255754603,12.109856213990076,0.0,9.605170749910325,0.0,0.0,0.0,0.0,0.0,0.0,0.0,0.0,0.0,0.0,0.0,0.0,0.0,0.0,0.0,0.0,0.0,0.0,0.0,0.0,0.0,0.0,0.0,0.0,0.0,0.0,0.0,0.0,0.0
0.0,0.0,0.0,14.696165831162984,16.407433201081513,17.003806729757645,17.334115041730378,17.20546852182872,17.41419454026281,17.887739332162468,18.58256279403595,18.245760855431755,17.490162844197627,17.42864909691404,16.96407662939522,16.103355391842705,14.9528392335538,14.328125958632517,14.162397102459053,13.526981441539345,13.838599676908235,13.909496396471713,13.307906958024322,12.53997240422024,11.866878371300132,11.450372264325274,11.601489756080886,12.201095454523724,12.602593885419097,13.560383278797506,13.938737922840275,14.224495694151118,14.834997080107852,16.29664767756697,14.999598360710426,14.762678519619847,14.643412185278978,14.24979198324778,13.607826063314842,13.392157699621443,13.15999505807413,12.765370323334611,11.949391879051731,11.662610126839667,11.679762454216666,11.280289253276209,12.065053857824214,0.0,0.0,0.0,0.0,0.0,0.0,0.0,0.0,0.0,0.0,0.0,0.0,0.0,0.0,0.0,0.0,0.0,0.0,0.0,0.0,0.0,0.0,0.0,0.0,0.0,0.0,0.0,0.0,0.0,0.0,0.0,0.0
0.0,0.0,0.0,13.805285044132459,16.01805645117621,17.096407701764345,17.61905041195346,17.45086830250116,17.049269032211797,17.529941872482095,18.766134836671313,18.283214685849142,17.71801963657787,16.967024439885435,16.468585588460936,15.677991723022775,15.343292137863845,14.536819208771531,13.683840982731862,13.623957305277791,14.104543549100462,13.995046416303165,13.169981414845958,12.448457498564451,11.358520833719176,10.991972667526014,10.782265266788961,11.195567924115398,11.388282813718533,11.982745339487382,12.481970773451074,12.67090779691576,13.67389144688218,14.61458430581903,15.345914222563529,15.135099172616282,14.976257294387421,13.515541099657206,13.342574268344027,13.42452450523881,13.026919430371354,12.920255413974772,12.446431992064706,12.327121170464201,11.6089478140925,11.185746680576777,11.036167485154346,10.80075268281925,11.00388544065897,10.87823558529078,0.0,0.0,0.0,0.0,0.0,0.0,0.0,0.0,0.0,0.0,0.0,0.0,0.0,0.0,0.0,0.0,0.0,0.0,0.0,0.0,0.0,0.0,0.0,0.0,0.0,0.0,0.0,0.0,0.0
0.0,0.0,0.0,12.478953350276544,14.947556978390342,16.52414443683085,17.372461392928766,17.700835128514793,17.247921755268948,17.776373786166193,18.243214685849143,18.103455022955355,17.356868230741043,16.359159866295613,16.544782502964242,15.943123209196806,14.834613642008808,14.2852044350547,13.85111402413817,14.240643724259012,14.521598691440145,13.804151251943718,13.343397642414248,12.55341415199964,11.54119486062812,10.87039523388559,10.26959939623353,10.640682784022804,10.807393727955718,10.954006983491569,11.12073094410394,11.508998998826055,12.55421152939185,13.242155499968096,14.393098804083586,14.593566480331123,14.021124406691337,13.346968111934594,12.50730958951052,12.606551617476992,12.539545851715989,12.930288645832938,12.447781902869039,12.37650197382082,11.815027696801142,11.280960272996772,11.191701515399611,10.304446339916977,10.325132703655745,10.556116631961672,10.22025303618542,0.0,0.0,0.0,0.0,0.0,0.0,0.0,0.0,0.0,0.0,0.0,0.0,0.0,0.0,0.0,0.0,0.0,0.0,0.0,0.0,0.0,0.0,0.0,0.0,0.0,0.0,0.0,0.0
0.0,0.0,0.0,12.402872522753185,14.403930894652563,15.451822174559961,17.233335247614868,17.58689637064014,18.03628669527491,18.253346258526836,18.041479472552822,17.497987448194138,16.452295441274195,16.274072199242905,15.927783420171266,15.883469218429433,15.580933835908894,14.798480748711821,14.692053386112885,14.936479459152125,16.357559885963166,15.030234835792362,14.051086115153193,12.870074154042065,11.58369809475176,10.73081143975985,10.274889322409337,10.10096650373524,10.138522033181705,10.80970438956906,10.195339258974059,10.938540400657914,11.270592374656331,12.114386327217932,12.340832520635432,12.493494025670698,12.264072480577344,12.611600727833554,11.484641286001022,11.78347541881142,11.545838604234817,11.374912581450822,11.318875779323056,11.494235073205921,11.641866231151003,11.087966701776582,10.608446518213437,10.857829759564183,10.094273536993343,9.360547716907536,0.0,0.0,0.0,0.0,0.0,0.0,0.0,0.0,0.0,0.0,0.0,0.0,0.0,0.0,0.0,0.0,0.0,0.0,0.0,0.0,0.0,0.0,0.0,0.0,0.0,0.0,0.0,0.0,0.0
0.0,0.0,10.567103457002997,13.005200520087755,13.90819258135468,15.385833516019403,16.130303340460916,16.92439674407418,18.09982535004157,18.037401053245063,17.3409430130698,17.34535132569348,16.674683421883692,16.334093970078495,16.04389376467661,15.673218975418818,15.651526755074915,15.314871683408438,15.223042602577571,14.963514143345687,15.412850114486915,14.937896615930303,13.790838762815955,12.675518203528217,11.610099174046999,10.946533354269391,10.316662083403795,10.178623560501752,11.22202704141215,10.58293646642651,10.697966701776583,10.74658964933117,11.361868922842948,11.205966444635063,10.88456608627429,11.023646167071606,10.70185558528296,10.348421193593916,10.460778421011586,10.323337852410818,10.087550244806973,9.919485279440917,10.244827265976674,10.617362985490443,10.354307259074746,10.183267983544368,9.851601141064151,0.0,0.0,0.0,0.0,0.0,0.0,0.0,0.0,0.0,0.0,0.0,0.0,0.0,0.0,0.0,0.0,0.0,0.0,0.0,0.0,0.0,0.0,0.0,0.0,0.0,0.0,0.0,0.0,0.0,0.0,0.0,0.0
0.0,0.0,0.0,12.889071851814002,13.844917090018313,15.383601595745816,15.869109613689082,16.548489157693645,17.055470639922028,17.314516762675623,17.210789893302945,16.704300832506007,17.16778253396689,16.861502212643167,16.841465574227584,16.389227187352887,15.64382000363771,15.336133130126651,15.606476786033426,15.457892923123794,15.504364336328791,15.251002535127476,14.177007222807296,12.72282778643798,12.06322046258482,11.116854384952124,10.765550641566424,10.51618598840077,10.370282346666059,10.488561779858719,11.294644154464507,11.68315935471654,11.27881761210746,11.405245237173432,11.245966444635062,11.011629654016222,10.417506691858915,10.264609507867572,9.613444023969857,9.405106920630386,9.151778453335165,9.100125619987413,9.400302800252366,9.387921756020612,9.272713082419694,9.496509729182966,9.36936726378127,9.227493540399522,0.0,0.0,0.0,0.0,0.0,0.0,0.0,0.0,0.0,0.0,0.0,0.0,0.0,0.0,0.0,0.0,0.0,0.0,0.0,0.0,0.0,0.0,0.0,0.0,0.0,0.0,0.0,0.0,0.0,0.0,0.0
0.0,0.0,0.0,13.730655756605316,13.191784550886544,13.913938932227977,15.084233747011375,15.698003210628627,16.30119155173648,17.045650676819633,16.495918320957514,16.12426714259084,16.531087077626992,16.58018644406854,16.456478659806265,16.5556558614233,16.696386486835575,15.711278920161607,15.292521824478417,14.984598912996827,15.07283053050574,15.288752209603441,14.57574680069292,13.720511787229096,12.651445717908665,11.776880058503387,11.339858092024562,10.473389049649494,10.712991734931212,10.820546857216305,12.702135200019608,12.348263386478765,12.359459477666725,12.082188351656828,11.605330219787543,11.928554968856092,12.597599654086455,11.431683385350627,10.629935054873425,9.82818947533197,9.149882324806761,8.88759589376157,0.0,9.59548044534261,8.84867057930023,0.0,0.0,0.0,0.0,0.0,0.0,0.0,0.0,0.0,0.0,0.0,0.0,0.0,0.0,0.0,0.0,0.0,0.0,0.0,0.0,0.0,0.0,0.0,0.0,0.0,0.0,0.0,0.0,0.0,0.0,0.0,0.0,0.0,0.0
0.0,0.0,0.0,0.0,0.0,13.10958083604499,14.199400196156903,15.219679591384452,15.2630229237368,15.732603795861865,15.726546993855623,15.341185653925344,15.539473901887705,15.069036032347523,15.42576505218343,15.503389363845443,15.180816363772731,16.066252322951925,15.02293386288929,15.328193326360214,15.526517294000723,15.511456202896893,14.983170611657581,14.433618466215144,13.761456811286429,12.912571377085182,12.349787836638212,11.33312280820451,11.321565604480188,11.387965808280132,12.473361086147385,14.147266123090468,13.268113987234546,0.0,12.577397995597522,13.152629925378871,0.0,0.0,11.84184843399959,10.84373226409484,9.909341978736633,9.089368347293746,8.953145313842612,8.531600288135726,0.0,0.0,0.0,0.0,8.223591692817852,8.613479078533123,0.0,0.0,0.0,0.0,0.0,0.0,0.0,0.0,0.0,0.0,0.0,0.0,0.0,0.0,0.0,0.0,0.0,0.0,0.0,0.0,0.0,0.0,0.0,0.0,0.0,0.0,0.0,0.0,0.0
0.0,0.0,0.0,0.0,0.0,0.0,0.0,12.641061263905904,12.699475788159795,13.198614387793562,13.690831257029465,13.638185667839185,13.839033270977787,14.543623212853792,14.33541367969412,14.251332420080338,14.771341102671997,15.507318123309975,15.439562775731353,15.29875131004139,15.423820155397962,16.33331296950372,15.924012623186714,15.556517294000724,14.599588092204197,13.79124279125233,12.995693960314263,12.520904709060918,11.9611927350867,12.040287567681125,11.64019734056756,11.805019948592882,13.093372587150753,13.187962343905529,13.632204692602865,13.353539265837435,13.208568763861358,0.0,0.0,0.0,11.009376924239973,9.922841051481997,9.10449776760476,8.85835332640587,8.5001461718288,8.190620987845998,0.0,0.0,0.0,8.877105264151117,8.808678722136305,8.441987226334742,0.0,0.0,0.0,0.0,0.0,0.0,0.0,0.0,0.0,0.0,0.0,0.0,0.0,0.0,0.0,0.0,0.0,0.0,0.0,0.0,0.0,0.0,0.0,0.0,0.0,0.0,0.0
0.0,0.0,0.0,0.0,0.0,0.0,0.0,11.079832372718545,11.23227535773254,11.465297766460255,11.916507334591534,12.105914092828952,12.64801990212581,12.541445717908665,13.446343505538401,13.672951542333799,14.614552205991963,14.870065449817146,15.16361630235064,15.194013480178853,15.95713277782663,16.101756519445786,15.957968119062397,16.29933690584338,15.359945660124911,14.301395885878325,13.806756685548095,13.291225540673341,12.681949784000672,12.19187936440091,11.612743996184934,11.395412096909501,11.453265430733353,11.479114398605484,11.786366400449868,12.106837693729444,11.950189972161159,12.345484339136117,0.0,0.0,0.0,10.836225407014698,10.017197558836186,0.0,8.92796661859352,0.0,0.0,0.0,0.0,0.0,0.0,0.0,8.79288291517842,0.0,7.93486332352075,0.0,0.0,0.0,0.0,0.0,0.0,0.0,0.0,0.0,0.0,0.0,0.0,0.0,0.0,0.0,0.0,0.0,0.0,0.0,0.0,0.0,0.0,0.0,0.0
0.0,0.0,0.0,0.0,0.0,0.0,0.0,10.463966174082953,10.66354331329079,10.750317904505202,11.428244957431556,11.7821425726104,11.788156226486933,12.005475089252172,12.895217377549416,12.696913393076489,13.275018196394797,13.340880734630414,13.162090568133333,13.67943996159796,14.53631248753026,14.501927663229614,14.550679771094972,14.792152635137434,14.364786347482662,13.40052515546866,13.338986239868175,12.731949784000673,12.211136782942432,11.463445631707856,11.570588714618225,10.325092253095761,10.718365948104271,11.133708856818838,11.144869565947976,11.392822396465949,11.234487996578471,10.651226056887875,10.74027059212516,10.2617301961422,10.58336500622101,0.0,0.0,0.0,0.0,0.0,0.0,0.0,0.0,0.0,0.0,9.363587122432785,8.729892831816905,0.0,0.0,0.0,0.0,0.0,0.0,0.0,0.0,0.0,0.0,0.0,0.0,0.0,0.0,0.0,0.0,0.0,0.0,0.0,0.0,0.0,0.0,0.0,0.0,0.0,0.0
0.0,0.0,0.0,0.0,0.0,0.0,0.0,0.0,0.0,10.176287825313407,11.069872663648532,11.61165163972117,11.682972184500095,11.551483372990797,11.802319778453207,12.026577697491152,12.199160487205774,12.046641430761522,12.314204307815764,12.424380704985564,12.347860135400166,12.564741155722745,12.723930449582122,12.781229061589059,12.02706837603202,12.11560285061974,12.13585128447366,11.461433902416022,11.380197340567559,11.01676947177386,10.046802120111982,9.900876854263352,9.878965096378316,10.312919627271437,10.324927347907217,10.274931547890176,10.163940088926639,0.0,0.0,0.0,0.0,8.820643332895797,0.0,0.0,0.0,0.0,0.0,0.0,0.0,0.0,0.0,0.0,0.0,0.0,8.367673811910393,0.0,0.0,0.0,0.0,0.0,0.0,0.0,0.0,0.0,0.0,0.0,0.0,0.0,0.0,0.0,0.0,0.0,0.0,0.0,0.0,0.0,0.0,0.0,0.0
0.0,0.0,0.0,0.0,0.0,0.0,0.0,0.0,0.0,0.0,12.341480366062234,11.88636807385919,11.786203467845343,11.808977673495821,11.548416905945658,11.835992482916083,11.844882931408893,11.424418027400238,11.38949352274782,11.539910653522298,11.853325639210464,11.822263896368659,11.805306820591472,11.356761157026806,11.081553484036842,10.819033905220223,10.25570603133114,9.975409938596645,9.880057720233761,9.348390477164815,9.403002679071342,9.160453949088433,8.729355592982575,9.455220871196175,0.0,0.0,0.0,0.0,0.0,0.0,0.0,0.0,0.0,0.0,0.0,0.0,0.0,0.0,0.0,0.0,0.0,0.0,0.0,0.0,0.0,0.0,0.0,0.0,0.0,0.0,0.0,0.0,0.0,0.0,0.0,0.0,0.0,0.0,0.0,0.0,0.0,0.0,0.0,0.0,0.0,0.0,0.0,0.0,0.0
0.0,0.0,0.0,0.0,0.0,0.0,0.0,0.0,0.0,0.0,11.732406054414103,12.18946987181311,12.664310386960397,12.573669392451468,12.022236121673187,11.698471981628387,11.032539421618218,10.942677128245393,11.004484043349766,10.895783431606288,10.938751343240648,11.050368286776049,11.000118553099933,10.450446542530996,10.045983435321201,10.077736966392399,9.868866086762257,9.99698257039849,10.213729448333266,9.901076188741586,8.828917925156825,8.779923003559697,0.0,0.0,0.0,0.0,0.0,0.0,0.0,0.0,0.0,0.0,0.0,0.0,0.0,0.0,0.0,0.0,0.0,0.0,0.0,0.0,0.0,0.0,0.0,8.79288291517842,8.29853471872207,0.0,0.0,0.0,0.0,0.0,0.0,0.0,0.0,0.0,0.0,0.0,0.0,0.0,0.0,0.0,0.0,0.0,0.0,0.0,0.0,0.0,0.0
0.0,0.0,0.0,0.0,0.0,0.0,0.0,0.0,0.0,0.0,0.0,9.87330671406375,11.043036614918197,11.320777817819057,11.71694089108344,11.009376924239973,10.716528843743614,9.840099865091904,10.135586489207546,10.385013913291687,10.841786523951573,10.135805084416894,10.539526619875732,10.527744593182408,0.0,0.0,0.0,0.0,0.0,0.0,0.0,0.0,0.0,0.0,0.0,0.0,0.0,0.0,0.0,0.0,0.0,0.0,0.0,0.0,0.0,0.0,0.0,0.0,0.0,0.0,0.0,0.0,0.0,0.0,0.0,0.0,0.0,0.0,0.0,0.0,0.0,0.0,0.0,0.0,0.0,0.0,0.0,0.0,0.0,0.0,0.0,0.0,0.0,0.0,0.0,0.0,0.0,0.0,0.0
