0.0,0.0,0.0,0.0,0.0,0.0,0.0,0.0,0.0,0.0,0.0,0.0,0.0,0.0,0.0,0.0,0.0,0.0,0.0,0.0,0.0,0.0,0.0,0.0,0.0,0.0,0.0,0.0,0.0,0.0,0.0,0.0,0.0,0.0,0.0,0.0,0.0,0.0,0.0,0.0,0.95,0.89,0.78,0.0,0.0,0.0,0.0,0.0,1.51,1.65,1.76,1.86,1.94,1.99,2.03,2.06,2.08,2.1,2.11,2.11,2.11,2.07,2.04,2.03,2.02,1.96,1.88,1.84,1.78,1.85,1.91,2.04,2.16,2.29,2.41,2.5,2.57,2.63,2.69
0.0,0.0,0.0,0.0,0.0,0.0,0.0,0.0,0.0,0.0,0.0,0.0,0.0,0.0,0.0,0.0,0.0,0.0,0.0,0.0,0.0,0.0,0.0,0.0,0.0,0.0,0.0,0.0,0.0,0.0,0.0,0.0,0.0,0.0,0.0,0.0,0.0,0.0,0.0,0.62,0.96,1.01,0.82,0.0,0.0,0.0,0.0,0.95,1.5,1.66,1.77,1.86,1.93,1.98,2.02,2.06,2.08,2.1,2.11,2.12,2.13,2.12,2.09,2.07,2.0,1.98,1.83,1.62,1.67,1.76,2.06,2.19,2.33,2.43,2.51,2.57,2.63,2.7,2.75
0.0,0.0,0.0,0.0,0.0,0.0,0.0,0.0,0.0,0.0,0.0,0.0,0.0,0.0,0.0,0.0,0.0,0.0,0.0,0.0,0.0,0.0,0.0,0.0,0.0,0.0,0.0,0.0,0.0,0.0,0.0,0.0,0.0,0.0,0.0,0.0,0.0,0.0,0.0,0.72,1.0,1.08,0.0,0.0,0.54,0.73,0.82,1.08,1.46,1.64,1.76,1.85,1.92,1.97,2.02,2.05,2.09,2.11,2.13,2.14,2.15,2.15,2.12,2.08,2.05,1.98,1.7,1.74,1.93,2.05,2.23,2.36,2.47,2.55,2.61,2.67,2.72,2.78,2.81
0.0,0.0,0.0,0.0,0.0,0.0,0.0,0.0,0.0,0.0,0.0,0.0,0.0,0.0,0.0,0.0,0.0,0.0,0.0,0.0,0.0,0.0,0.0,0.0,0.0,0.0,0.0,0.0,0.0,0.0,0.0,0.0,0.0,0.0,0.0,0.0,0.0,0.0,0.55,0.87,1.08,1.1,0.78,0.0,0.76,0.98,1.14,1.27,1.54,1.68,1.77,1.85,1.92,1.97,2.01,2.05,2.09,2.12,2.14,2.15,2.17,2.18,2.16,2.14,2.17,2.24,2.13,2.2,2.25,2.34,2.43,2.5,2.57,2.63,2.69,2.74,2.78,2.84,2.87
0.0,0.0,0.0,0.0,0.0,0.0,0.0,0.0,0.0,0.0,0.0,0.0,0.0,0.0,0.0,0.0,0.0,0.0,0.0,0.0,0.0,0.0,0.0,0.0,0.0,0.0,0.0,0.0,0.0,0.0,0.0,0.0,0.0,0.0,0.0,0.0,0.0,0.57,0.83,1.03,1.14,1.12,0.82,0.0,0.83,1.08,1.26,1.4,1.59,1.7,1.78,1.85,1.91,1.96,2.0,2.04,2.08,2.11,2.12,2.14,2.16,2.16,2.09,2.16,2.14,2.3,2.29,2.34,2.42,2.48,2.54,2.59,2.65,2.7,2.75,2.79,2.83,2.88,2.91
0.0,0.0,0.0,0.0,0.0,0.0,0.0,0.0,0.0,0.0,0.0,0.0,0.0,0.0,0.0,0.0,0.0,0.0,0.0,0.0,0.0,0.0,0.0,0.0,0.0,0.0,0.0,0.0,0.0,0.0,0.0,0.0,0.0,0.0,0.0,0.0,0.0,0.79,1.01,1.14,1.17,1.13,0.0,0.0,0.8,1.11,1.32,1.46,1.6,1.7,1.77,1.83,1.89,1.94,1.98,2.01,2.06,2.07,2.07,2.07,2.09,2.04,1.94,2.07,2.02,2.26,2.32,2.43,2.5,2.56,2.61,2.66,2.7,2.75,2.79,2.83,2.87,2.92,2.95
0.0,0.0,0.0,0.0,0.0,0.0,0.0,0.0,0.0,0.0,0.0,0.0,0.0,0.0,0.0,0.0,0.0,0.0,0.0,0.0,0.0,0.0,0.0,0.0,0.0,0.0,0.0,0.0,0.0,0.0,0.0,0.0,0.0,0.0,0.0,0.0,0.73,1.02,1.15,1.21,1.19,1.16,0.0,0.0,0.0,1.08,1.32,1.47,1.6,1.68,1.75,1.81,1.86,1.9,1.94,1.97,2.02,2.02,1.96,2.02,2.13,2.1,2.0,2.05,2.16,2.3,2.41,2.5,2.57,2.62,2.67,2.71,2.75,2.79,2.83,2.87,2.91,2.95,2.98
0.0,0.0,0.0,0.0,0.0,0.0,0.0,0.0,0.0,0.0,0.0,0.0,0.0,0.0,0.0,0.0,0.0,0.0,0.0,0.0,0.0,0.0,0.0,0.0,0.0,0.0,0.0,0.0,0.0,0.0,0.0,0.0,0.0,0.0,0.0,0.74,1.01,1.17,1.24,1.26,1.25,1.19,0.0,0.51,0.63,1.06,1.29,1.46,1.58,1.66,1.72,1.78,1.82,1.85,1.88,1.89,1.96,1.9,1.87,1.9,2.14,2.17,2.1,2.27,2.3,2.42,2.5,2.57,2.62,2.67,2.71,2.75,2.79,2.83,2.87,2.9,2.94,2.98,3.01
0.0,0.0,0.0,0.0,0.0,0.0,0.0,0.0,0.0,0.0,0.0,0.0,0.0,0.0,0.0,0.0,0.0,0.0,0.0,0.0,0.0,0.0,0.0,0.0,0.0,0.0,0.0,0.0,0.0,0.0,0.0,0.0,0.0,0.0,0.76,1.03,1.18,1.27,1.3,1.31,1.26,1.22,0.94,0.81,0.95,1.17,1.36,1.48,1.57,1.63,1.68,1.72,1.74,1.73,1.72,1.78,1.93,1.8,1.67,1.53,2.0,2.17,2.21,2.32,2.4,2.48,2.55,2.61,2.66,2.71,2.75,2.79,2.83,2.86,2.9,2.93,2.97,3.01,3.04
0.0,0.0,0.0,0.0,0.0,0.0,0.0,0.0,0.0,0.0,0.0,0.0,0.0,0.0,0.0,0.0,0.0,0.0,0.0,0.0,0.0,0.0,0.0,0.0,0.0,0.0,0.0,0.0,0.0,0.0,0.0,0.0,0.0,0.77,1.04,1.19,1.28,1.34,1.33,1.38,1.22,1.09,0.87,0.84,0.98,1.2,1.37,1.46,1.52,1.55,1.58,1.6,1.58,1.61,1.59,1.62,1.85,1.78,1.74,1.93,2.16,2.29,2.35,2.43,2.48,2.54,2.6,2.65,2.7,2.74,2.78,2.82,2.86,2.9,2.93,2.96,2.99,3.04,3.06
0.0,0.0,0.0,0.0,0.0,0.0,0.0,0.0,0.0,0.0,0.0,0.0,0.0,0.0,0.0,0.0,0.0,0.0,0.0,0.0,0.0,0.0,0.0,0.0,0.0,0.0,0.0,0.0,0.0,0.0,0.0,0.0,0.78,1.05,1.2,1.29,1.35,1.38,1.35,1.37,1.12,0.73,0.0,0.0,0.79,1.06,1.26,1.38,1.44,1.5,1.52,1.52,1.46,1.66,1.62,1.64,2.0,1.99,1.99,2.1,2.26,2.36,2.43,2.49,2.54,2.59,2.64,2.69,2.73,2.77,2.82,2.85,2.89,2.93,2.96,2.99,3.02,3.06,3.08
0.0,0.0,0.0,0.0,0.0,0.0,0.0,0.0,0.0,0.0,0.0,0.0,0.0,0.0,0.0,0.0,0.0,0.0,0.0,0.0,0.0,0.0,0.0,0.0,0.0,0.0,0.0,0.0,0.0,0.0,0.0,0.77,1.06,1.21,1.3,1.36,1.4,1.41,1.38,1.35,1.21,0.98,0.0,0.0,0.0,0.85,1.06,1.21,1.26,1.3,1.37,1.33,1.47,1.55,1.7,1.83,2.08,2.12,2.17,2.25,2.35,2.42,2.48,2.54,2.59,2.63,2.68,2.72,2.76,2.81,2.85,2.88,2.92,2.95,2.98,3.01,3.04,3.08,3.11
0.0,0.0,0.0,0.0,0.0,0.0,0.0,0.0,0.0,0.0,0.0,0.0,0.0,0.0,0.0,0.0,0.0,0.0,0.0,0.0,0.0,0.0,0.0,0.0,0.0,0.0,0.0,0.0,0.0,0.0,0.76,1.05,1.21,1.3,1.37,1.4,1.43,1.42,1.38,1.3,1.14,0.84,0.0,0.0,0.0,0.0,0.0,0.75,0.84,0.82,1.04,1.23,1.46,1.69,1.87,2.02,2.18,2.23,2.28,2.34,2.41,2.47,2.53,2.58,2.62,2.67,2.71,2.75,2.8,2.84,2.87,2.91,2.94,2.98,3.01,3.04,3.06,3.1,3.12
0.0,0.0,0.0,0.0,0.0,0.0,0.0,0.0,0.0,0.0,0.0,0.0,0.0,0.0,0.0,0.0,0.0,0.0,0.0,0.0,0.0,0.0,0.0,0.0,0.0,0.0,0.0,0.0,0.0,0.75,1.03,1.19,1.29,1.36,1.41,1.43,1.44,1.4,1.37,1.17,0.91,0.0,0.0,0.0,0.0,0.0,0.0,0.0,0.0,0.8,1.23,1.49,1.69,1.87,2.01,2.12,2.24,2.3,2.34,2.4,2.46,2.51,2.56,2.61,2.66,2.7,2.74,2.78,2.82,2.86,2.9,2.94,2.97,3.0,3.03,3.06,3.08,3.12,3.14
0.0,0.0,0.0,0.0,0.0,0.0,0.0,0.0,0.0,0.0,0.0,0.0,0.0,0.0,0.0,0.0,0.0,0.0,0.0,0.0,0.0,0.0,0.58,0.0,0.0,0.0,0.0,0.69,0.88,1.05,1.19,1.28,1.35,1.4,1.43,1.45,1.44,1.37,1.21,0.95,0.0,0.0,0.0,0.0,0.0,0.0,0.0,0.0,1.27,1.51,1.66,1.81,1.88,2.01,2.11,2.2,2.29,2.35,2.4,2.45,2.5,2.55,2.6,2.65,2.69,2.73,2.77,2.81,2.85,2.89,2.92,2.96,2.99,3.02,3.05,3.08,3.1,3.14,3.16
0.0,0.0,0.0,0.0,0.0,0.0,0.0,0.0,0.0,0.0,0.0,0.0,0.0,0.0,0.0,0.0,0.0,0.0,0.0,0.0,0.61,0.79,0.89,0.88,0.86,0.86,0.92,1.03,1.13,1.21,1.28,1.34,1.39,1.43,1.46,1.46,1.43,1.31,0.0,0.22,0.0,0.73,0.74,0.0,0.0,1.04,1.26,1.43,1.59,1.71,1.81,1.91,2.01,2.1,2.18,2.26,2.34,2.39,2.44,2.49,2.54,2.59,2.63,2.68,2.72,2.76,2.8,2.84,2.88,2.91,2.95,2.98,3.01,3.04,3.07,3.09,3.12,3.15,3.18
0.0,0.0,0.0,0.0,0.0,0.0,0.0,0.0,0.0,0.0,0.0,0.0,0.0,0.0,0.0,0.0,0.0,0.0,0.48,0.66,0.84,0.97,1.06,1.08,1.09,1.11,1.15,1.2,1.26,1.31,1.35,1.39,1.43,1.46,1.48,1.46,1.46,1.23,0.35,0.0,0.81,1.03,1.14,1.2,1.31,1.42,1.56,1.69,1.8,1.89,1.96,2.04,2.11,2.18,2.24,2.31,2.38,2.43,2.48,2.53,2.58,2.62,2.66,2.71,2.75,2.79,2.83,2.86,2.9,2.93,2.97,3.0,3.03,3.06,3.08,3.11,3.13,3.17,3.19
0.0,0.0,0.0,0.0,0.0,0.0,0.0,0.0,0.0,0.0,0.0,0.0,0.0,0.0,0.0,0.0,0.0,0.0,0.62,0.86,1.0,1.1,1.17,1.2,1.23,1.25,1.28,1.31,1.35,1.38,1.41,1.44,1.47,1.49,1.5,1.5,1.46,1.37,1.08,0.86,0.97,1.18,1.38,1.55,1.66,1.75,1.82,1.88,1.95,2.01,2.07,2.12,2.18,2.24,2.3,2.36,2.42,2.47,2.52,2.57,2.61,2.65,2.7,2.74,2.78,2.81,2.85,2.89,2.92,2.95,2.98,3.01,3.04,3.07,3.1,3.12,3.15,3.18,3.2
0.0,0.0,0.0,0.0,0.0,0.0,0.0,0.0,0.0,0.0,0.0,0.0,0.0,0.0,0.0,0.0,0.0,0.0,0.78,1.0,1.11,1.18,1.24,1.27,1.3,1.33,1.35,1.38,1.4,1.42,1.44,1.47,1.48,1.5,1.51,1.5,1.45,1.35,1.08,0.87,0.0,0.95,1.32,1.58,1.74,1.84,1.92,1.98,2.04,2.09,2.14,2.19,2.24,2.29,2.35,2.4,2.46,2.51,2.56,2.6,2.65,2.69,2.73,2.77,2.8,2.84,2.87,2.91,2.94,2.97,3.0,3.03,3.06,3.08,3.11,3.13,3.16,3.19,3.21
0.0,0.36,0.2,0.0,0.0,0.0,0.0,0.0,0.0,0.0,0.0,0.0,0.0,0.0,0.0,0.0,0.0,0.71,0.98,1.12,1.19,1.24,1.29,1.32,1.35,1.37,1.39,1.41,1.43,1.45,1.47,1.48,1.5,1.5,1.5,1.49,1.43,1.3,0.0,0.0,0.0,0.0,1.15,1.51,1.73,1.86,1.96,2.04,2.09,2.15,2.2,2.24,2.29,2.34,2.39,2.45,2.5,2.55,2.59,2.64,2.68,2.72,2.75,2.79,2.83,2.86,2.89,2.93,2.96,2.99,3.02,3.04,3.07,3.1,3.12,3.14,3.16,3.2,3.21
0.66,0.56,0.22,0.0,0.0,0.0,0.02,0.06,0.0,0.0,0.0,0.0,0.0,0.0,0.51,0.69,0.84,1.0,1.12,1.2,1.25,1.29,1.32,1.35,1.38,1.4,1.42,1.44,1.45,1.47,1.48,1.49,1.5,1.5,1.5,1.48,1.42,1.31,0.97,0.0,0.0,0.0,1.1,1.47,1.72,1.87,1.98,2.07,2.13,2.19,2.24,2.29,2.34,2.38,2.43,2.48,2.53,2.58,2.62,2.67,2.71,2.74,2.78,2.81,2.85,2.88,2.91,2.94,2.97,3.0,3.03,3.05,3.08,3.1,3.13,3.15,3.17,3.2,3.22
0.75,0.48,0.0,0.0,0.35,0.55,0.56,0.48,0.24,0.0,0.0,0.0,0.0,0.0,0.6,0.83,0.99,1.11,1.19,1.25,1.29,1.32,1.35,1.38,1.4,1.42,1.43,1.45,1.46,1.48,1.49,1.49,1.49,1.49,1.48,1.46,1.39,1.29,1.02,0.0,0.0,0.0,1.11,1.49,1.73,1.88,2.0,2.09,2.16,2.22,2.28,2.33,2.37,2.42,2.47,2.52,2.56,2.61,2.65,2.69,2.73,2.77,2.8,2.83,2.87,2.9,2.93,2.95,2.98,3.01,3.03,3.06,3.08,3.11,3.13,3.15,3.17,3.2,3.22
0.79,0.61,0.52,0.56,0.63,0.7,0.72,0.67,0.45,0.0,0.0,0.0,0.0,0.0,0.56,0.79,0.98,1.12,1.21,1.27,1.31,1.34,1.37,1.39,1.41,1.43,1.45,1.46,1.47,1.48,1.48,1.48,1.47,1.46,1.43,1.38,1.29,1.17,0.0,0.0,0.0,0.0,1.26,1.55,1.76,1.9,2.02,2.11,2.18,2.25,2.31,2.36,2.41,2.45,2.5,2.55,2.59,2.63,2.67,2.71,2.75,2.78,2.82,2.85,2.88,2.91,2.93,2.96,2.99,3.01,3.04,3.06,3.08,3.11,3.13,3.15,3.17,3.19,3.21
0.73,0.66,0.68,0.71,0.77,0.82,0.82,0.79,0.52,0.0,0.0,0.0,0.0,0.0,0.0,0.63,0.87,1.06,1.18,1.25,1.3,1.34,1.38,1.4,1.42,1.44,1.45,1.46,1.47,1.47,1.47,1.46,1.44,1.4,1.4,1.33,1.14,1.01,0.0,0.0,0.0,1.14,1.46,1.65,1.82,1.94,2.05,2.13,2.21,2.28,2.33,2.39,2.43,2.48,2.52,2.57,2.61,2.65,2.69,2.73,2.76,2.8,2.83,2.86,2.89,2.91,2.94,2.97,2.99,3.01,3.04,3.06,3.08,3.1,3.12,3.14,3.16,3.19,3.2
0.64,0.58,0.64,0.74,0.83,0.87,0.89,0.82,0.46,0.0,0.0,0.0,0.0,0.0,0.0,0.0,0.72,0.96,1.12,1.22,1.33,1.33,1.38,1.41,1.42,1.44,1.45,1.45,1.46,1.46,1.44,1.4,1.35,1.26,1.23,0.98,0.63,0.0,0.0,0.0,0.78,1.33,1.56,1.74,1.87,1.99,2.08,2.17,2.24,2.3,2.36,2.41,2.46,2.5,2.55,2.59,2.63,2.67,2.71,2.74,2.78,2.81,2.84,2.87,2.89,2.92,2.94,2.97,2.99,3.01,3.03,3.05,3.07,3.09,3.11,3.13,3.15,3.18,3.19
0.0,0.37,0.52,0.7,0.84,0.92,0.93,0.91,0.76,0.56,0.39,0.21,0.0,0.0,0.0,0.0,0.0,0.81,1.02,1.19,1.28,1.29,1.36,1.39,1.41,1.41,1.42,1.43,1.43,1.42,1.37,1.31,1.13,0.95,0.83,0.52,0.0,0.0,0.0,0.0,0.0,1.41,1.65,1.8,1.93,2.03,2.12,2.2,2.27,2.33,2.38,2.43,2.48,2.52,2.57,2.61,2.65,2.68,2.72,2.75,2.78,2.81,2.84,2.87,2.89,2.92,2.94,2.96,2.98,3.01,3.03,3.05,3.06,3.08,3.1,3.12,3.14,3.16,3.18
0.0,0.0,0.0,0.66,0.87,0.95,0.97,0.95,0.87,0.78,0.62,0.35,0.0,0.0,0.0,0.0,0.0,0.7,0.94,1.13,1.24,1.28,1.35,1.37,1.37,1.43,1.39,1.4,1.39,1.37,1.26,1.12,0.0,0.58,0.0,0.0,0.0,0.0,0.0,0.0,1.16,1.52,1.72,1.86,1.98,2.08,2.16,2.24,2.3,2.36,2.41,2.46,2.5,2.54,2.58,2.62,2.66,2.69,2.73,2.76,2.79,2.82,2.84,2.87,2.89,2.91,2.93,2.95,2.97,2.99,3.01,3.03,3.05,3.07,3.08,3.1,3.12,3.14,3.15
0.0,0.55,0.66,0.8,0.92,0.97,0.99,0.97,0.95,0.83,0.57,0.0,0.0,0.0,0.0,0.0,0.0,0.62,0.92,1.11,1.21,1.27,1.32,1.32,1.34,1.35,1.27,1.29,1.29,1.25,1.11,0.0,0.0,0.0,0.0,0.0,0.0,0.0,0.0,0.0,1.32,1.61,1.79,1.93,2.04,2.13,2.21,2.28,2.34,2.39,2.44,2.48,2.52,2.56,2.59,2.63,2.66,2.7,2.73,2.76,2.79,2.81,2.84,2.86,2.88,2.9,2.92,2.94,2.96,2.98,3.0,3.01,3.03,3.05,3.06,3.08,3.09,3.12,3.13
0.62,0.74,0.83,0.9,0.96,1.0,1.01,1.0,0.96,0.91,0.71,0.36,0.0,0.0,0.0,0.0,0.0,0.66,0.94,1.12,1.2,1.24,1.25,1.24,1.16,1.05,1.06,1.11,1.13,1.07,0.93,0.0,0.0,0.0,0.0,0.0,0.0,0.0,0.0,0.0,1.45,1.7,1.88,2.0,2.1,2.18,2.25,2.31,2.37,2.41,2.46,2.5,2.53,2.57,2.6,2.64,2.67,2.7,2.72,2.75,2.78,2.8,2.82,2.85,2.87,2.89,2.9,2.92,2.94,2.96,2.97,2.99,3.01,3.02,3.04,3.05,3.07,3.09,3.1
0.73,0.83,0.9,0.95,0.99,1.02,1.03,1.02,0.98,0.91,0.68,0.0,0.0,0.0,0.0,0.0,0.0,0.72,0.98,1.11,1.16,1.16,1.1,1.0,0.0,0.0,0.0,0.0,0.0,0.0,0.0,0.0,0.0,0.0,0.0,0.0,0.0,0.0,0.0,0.0,1.58,1.8,1.96,2.07,2.16,2.23,2.29,2.34,2.39,2.43,2.47,2.51,2.54,2.57,2.61,2.64,2.66,2.69,2.72,2.74,2.76,2.79,2.81,2.83,2.85,2.86,2.88,2.9,2.92,2.93,2.95,2.96,2.98,2.99,3.01,3.02,3.03,3.05,3.07
0.8,0.88,0.94,0.99,1.02,1.04,1.05,1.03,1.03,0.98,0.62,0.0,0.0,0.0,0.0,0.0,0.61,0.83,1.01,1.08,1.04,0.97,0.83,0.0,0.0,0.0,0.0,0.0,0.0,0.0,0.0,0.0,0.28,0.0,0.0,0.0,0.39,0.71,1.16,1.47,1.79,1.93,2.05,2.14,2.21,2.27,2.32,2.37,2.41,2.45,2.48,2.52,2.55,2.57,2.6,2.63,2.65,2.68,2.7,2.72,2.75,2.77,2.79,2.8,2.82,2.84,2.85,2.87,2.89,2.9,2.92,2.93,2.94,2.96,2.97,2.98,3.0,3.02,3.03
0.73,0.86,0.95,1.01,1.04,1.06,1.06,1.07,1.02,0.94,0.61,0.33,0.34,0.46,0.54,0.62,0.73,0.79,0.9,0.94,0.82,0.0,0.0,0.0,0.0,0.0,0.0,0.1,0.16,0.0,0.0,0.0,0.88,1.04,1.08,1.12,1.13,1.25,1.54,1.76,1.93,2.04,2.13,2.19,2.25,2.3,2.35,2.39,2.42,2.46,2.49,2.51,2.54,2.57,2.59,2.61,2.64,2.66,2.68,2.7,2.72,2.74,2.76,2.78,2.79,2.81,2.82,2.84,2.85,2.87,2.88,2.89,2.91,2.92,2.93,2.95,2.96,2.98,2.99
0.63,0.77,0.9,1.02,1.06,1.09,1.08,1.12,1.05,0.98,0.78,0.65,0.68,0.79,0.82,0.87,0.85,0.73,0.77,0.69,0.0,0.0,0.18,0.17,0.13,0.0,0.0,0.0,0.66,0.0,0.0,1.04,1.26,1.37,1.43,1.47,1.47,1.53,1.78,1.92,2.04,2.11,2.18,2.23,2.28,2.32,2.36,2.39,2.43,2.45,2.48,2.51,2.53,2.55,2.57,2.6,2.62,2.64,2.66,2.67,2.69,2.71,2.73,2.74,2.76,2.77,2.79,2.8,2.81,2.83,2.84,2.85,2.87,2.88,2.89,2.9,2.91,2.93,2.95
0.52,0.64,0.85,1.01,1.07,1.11,1.12,1.13,1.12,1.08,0.93,0.9,0.91,0.97,1.0,0.98,0.88,0.67,0.0,0.0,0.0,0.0,0.22,0.0,0.0,0.0,0.0,1.02,1.16,1.13,1.21,1.35,1.49,1.61,1.69,1.74,1.82,1.88,2.02,2.03,2.11,2.17,2.22,2.26,2.3,2.33,2.37,2.39,2.42,2.45,2.47,2.49,2.51,2.53,2.55,2.57,2.59,2.61,2.63,2.64,2.66,2.68,2.69,2.71,2.72,2.74,2.75,2.76,2.77,2.79,2.8,2.81,2.82,2.83,2.85,2.86,2.87,2.89,2.9
0.35,0.49,0.82,0.99,1.08,1.13,1.15,1.17,1.16,1.14,1.08,1.01,1.05,1.09,1.08,1.02,0.83,0.56,0.0,0.0,0.0,0.0,0.62,0.67,0.0,1.07,1.24,1.34,1.44,1.49,1.54,1.61,1.68,1.75,1.81,1.85,1.87,1.91,1.99,2.03,2.12,2.18,2.23,2.27,2.3,2.33,2.36,2.39,2.41,2.43,2.45,2.47,2.49,2.51,2.53,2.55,2.56,2.58,2.59,2.61,2.63,2.64,2.65,2.67,2.68,2.69,2.71,2.72,2.73,2.74,2.76,2.77,2.78,2.79,2.8,2.81,2.82,2.84,2.85
0.0,0.37,0.75,0.98,1.08,1.14,1.18,1.21,1.22,1.22,1.19,1.15,1.16,1.17,1.14,1.07,0.91,0.81,0.6,0.0,0.0,0.0,0.97,1.14,1.21,1.33,1.44,1.53,1.6,1.64,1.69,1.74,1.79,1.84,1.9,1.93,1.97,1.96,2.05,2.09,2.16,2.2,2.24,2.27,2.3,2.33,2.35,2.37,2.39,2.41,2.43,2.45,2.47,2.48,2.5,2.51,2.53,2.54,2.56,2.57,2.59,2.6,2.62,2.63,2.64,2.65,2.66,2.68,2.69,2.7,2.71,2.72,2.73,2.74,2.75,2.76,2.77,2.79,2.8
0.0,0.0,0.55,0.92,1.08,1.15,1.21,1.24,1.27,1.28,1.28,1.27,1.27,1.25,1.24,1.12,0.99,0.95,0.72,0.0,0.0,0.0,1.16,1.32,1.42,1.51,1.58,1.64,1.7,1.74,1.78,1.82,1.86,1.91,1.95,1.99,2.02,2.02,2.11,2.12,2.18,2.21,2.24,2.26,2.29,2.31,2.33,2.35,2.37,2.39,2.4,2.42,2.44,2.45,2.47,2.48,2.5,2.51,2.52,2.54,2.55,2.56,2.57,2.59,2.6,2.61,2.62,2.63,2.64,2.65,2.66,2.67,2.69,2.7,2.71,2.72,2.73,2.74,2.75
0.0,0.0,0.43,0.92,1.14,1.17,1.25,1.28,1.31,1.33,1.34,1.34,1.34,1.31,1.27,1.16,1.08,0.97,0.61,0.0,0.0,1.15,1.36,1.47,1.55,1.61,1.67,1.72,1.76,1.8,1.84,1.88,1.91,1.95,1.98,2.01,2.04,2.06,2.13,2.12,2.17,2.2,2.23,2.25,2.27,2.29,2.31,2.33,2.35,2.36,2.38,2.39,2.4,2.42,2.43,2.45,2.46,2.47,2.48,2.5,2.51,2.52,2.53,2.54,2.55,2.56,2.58,2.59,2.6,2.61,2.62,2.63,2.64,2.65,2.66,2.67,2.68,2.69,2.71
0.0,0.0,0.4,0.72,1.11,1.18,1.27,1.31,1.34,1.37,1.38,1.39,1.39,1.38,1.35,1.26,1.22,1.1,0.89,0.77,1.12,1.34,1.47,1.56,1.63,1.68,1.73,1.77,1.81,1.84,1.88,1.91,1.94,1.97,2.0,2.02,2.05,2.06,2.08,2.1,2.14,2.18,2.21,2.23,2.25,2.27,2.29,2.3,2.32,2.33,2.34,2.36,2.37,2.39,2.4,2.41,2.42,2.43,2.44,2.46,2.47,2.48,2.49,2.5,2.51,2.52,2.53,2.54,2.55,2.56,2.57,2.58,2.59,2.6,2.61,2.62,2.63,2.64,2.66
0.0,0.24,0.45,0.68,1.13,1.21,1.31,1.35,1.38,1.4,1.42,1.43,1.44,1.43,1.41,1.35,1.28,1.19,1.01,0.93,1.27,1.44,1.55,1.64,1.69,1.74,1.78,1.81,1.84,1.87,1.9,1.93,1.96,1.98,2.01,2.03,2.05,2.07,2.07,2.15,2.13,2.17,2.19,2.21,2.23,2.24,2.26,2.28,2.29,2.3,2.31,2.33,2.34,2.35,2.36,2.37,2.38,2.4,2.41,2.42,2.43,2.44,2.45,2.46,2.47,2.48,2.49,2.5,2.51,2.52,2.53,2.54,2.55,2.56,2.57,2.58,2.58,2.6,2.61
0.0,0.0,0.46,0.65,1.11,1.23,1.34,1.38,1.42,1.44,1.46,1.47,1.48,1.48,1.47,1.43,1.42,1.36,1.34,1.39,1.52,1.61,1.66,1.71,1.75,1.78,1.81,1.84,1.87,1.89,1.91,1.94,1.96,1.98,2.01,2.03,2.05,2.06,2.07,2.13,2.11,2.15,2.17,2.19,2.2,2.22,2.23,2.25,2.26,2.27,2.28,2.3,2.31,2.32,2.33,2.34,2.35,2.36,2.37,2.38,2.39,2.4,2.4,2.41,2.42,2.43,2.44,2.45,2.46,2.47,2.48,2.49,2.5,2.51,2.52,2.53,2.54,2.55,2.56
0.0,0.0,0.44,0.95,1.24,1.3,1.39,1.42,1.45,1.48,1.5,1.51,1.51,1.51,1.5,1.47,1.51,1.49,1.55,1.57,1.66,1.7,1.73,1.76,1.79,1.82,1.84,1.86,1.88,1.9,1.92,1.94,1.96,1.98,2.0,2.02,2.03,2.05,2.05,2.07,2.09,2.13,2.14,2.16,2.18,2.19,2.21,2.22,2.23,2.24,2.25,2.27,2.28,2.29,2.3,2.31,2.31,2.32,2.33,2.34,2.35,2.36,2.37,2.38,2.38,2.39,2.4,2.41,2.42,2.43,2.44,2.45,2.46,2.47,2.48,2.49,2.5,2.51,2.52
0.0,0.0,0.52,1.02,1.28,1.37,1.43,1.47,1.5,1.52,1.53,1.54,1.54,1.54,1.52,1.53,1.5,1.49,1.63,1.66,1.73,1.76,1.78,1.8,1.82,1.84,1.86,1.88,1.89,1.91,1.93,1.94,1.96,1.98,1.99,2.01,2.02,2.04,2.05,2.07,2.08,2.11,2.12,2.14,2.15,2.17,2.18,2.19,2.21,2.22,2.23,2.24,2.25,2.26,2.27,2.28,2.28,2.29,2.3,2.31,2.32,2.32,2.33,2.34,2.35,2.36,2.37,2.38,2.39,2.4,2.41,2.41,2.42,2.43,2.44,2.45,2.46,2.47,2.48
0.0,0.0,0.89,1.21,1.38,1.43,1.48,1.5,1.53,1.54,1.54,1.54,1.53,1.51,1.47,1.41,1.35,1.4,1.63,1.68,1.76,1.79,1.81,1.83,1.84,1.86,1.87,1.89,1.9,1.91,1.93,1.94,1.95,1.97,1.98,1.99,2.01,2.02,2.03,2.05,2.05,2.06,2.08,2.1,2.13,2.14,2.16,2.17,2.18,2.19,2.2,2.21,2.22,2.23,2.24,2.25,2.26,2.26,2.27,2.28,2.28,2.29,2.3,2.31,2.32,2.32,2.33,2.34,2.35,2.36,2.37,2.38,2.39,2.39,2.4,2.41,2.42,2.43,2.44
0.0,0.81,1.15,1.34,1.44,1.49,1.52,1.54,1.55,1.55,1.55,1.53,1.5,1.45,1.36,1.29,1.22,1.24,1.6,1.68,1.76,1.8,1.82,1.84,1.85,1.87,1.88,1.89,1.91,1.92,1.93,1.94,1.95,1.96,1.97,1.98,1.99,2.0,2.01,2.02,2.02,2.03,2.09,2.07,2.1,2.12,2.13,2.15,2.16,2.17,2.18,2.19,2.2,2.21,2.21,2.22,2.23,2.24,2.24,2.25,2.26,2.26,2.27,2.28,2.28,2.29,2.3,2.31,2.32,2.33,2.34,2.34,2.35,2.36,2.37,2.37,2.38,2.39,2.4
0.0,1.12,1.31,1.43,1.5,1.54,1.55,1.57,1.58,1.57,1.55,1.52,1.46,1.41,1.38,1.36,1.44,1.47,1.63,1.72,1.77,1.81,1.83,1.85,1.86,1.88,1.89,1.9,1.91,1.92,1.93,1.94,1.95,1.96,1.97,1.97,1.98,1.99,1.99,1.99,1.96,2.01,2.0,2.01,2.07,2.09,2.11,2.13,2.14,2.15,2.16,2.17,2.18,2.18,2.19,2.2,2.21,2.21,2.22,2.23,2.23,2.24,2.24,2.25,2.26,2.26,2.27,2.28,2.29,2.3,2.3,2.31,2.32,2.33,2.33,2.34,2.35,2.36,2.37
1.01,1.3,1.43,1.49,1.53,1.56,1.58,1.6,1.6,1.58,1.54,1.48,1.43,1.32,1.28,1.33,1.52,1.59,1.68,1.73,1.76,1.8,1.82,1.85,1.87,1.88,1.9,1.91,1.92,1.93,1.94,1.94,1.95,1.96,1.96,1.97,1.97,1.97,1.96,1.94,1.89,1.92,1.88,1.96,2.04,2.07,2.09,2.11,2.12,2.13,2.14,2.15,2.16,2.16,2.17,2.18,2.19,2.19,2.2,2.2,2.21,2.21,2.22,2.23,2.23,2.24,2.25,2.25,2.26,2.27,2.28,2.28,2.29,2.3,2.3,2.31,2.32,2.33,2.34
1.19,1.36,1.46,1.52,1.55,1.62,1.58,1.62,1.62,1.59,1.54,1.47,1.32,1.17,1.4,1.46,1.59,1.66,1.69,1.73,1.76,1.85,1.81,1.86,1.88,1.89,1.91,1.92,1.93,1.93,1.94,1.95,1.95,1.96,1.96,1.97,1.97,1.96,1.95,1.93,1.87,1.89,1.86,1.95,2.02,2.05,2.07,2.09,2.1,2.11,2.12,2.13,2.14,2.15,2.15,2.16,2.17,2.17,2.18,2.18,2.19,2.19,2.2,2.2,2.21,2.22,2.22,2.23,2.24,2.24,2.25,2.26,2.27,2.27,2.28,2.28,2.29,2.3,2.31
1.33,1.37,1.49,1.49,1.51,1.61,1.57,1.63,1.64,1.63,1.63,1.58,1.46,1.46,1.47,1.61,1.66,1.7,1.71,1.74,1.73,1.81,1.8,1.86,1.88,1.9,1.91,1.92,1.93,1.94,1.95,1.95,1.96,1.96,1.96,1.97,1.97,1.96,1.95,1.94,1.91,1.96,1.95,1.99,2.03,2.05,2.07,2.08,2.09,2.1,2.11,2.12,2.13,2.13,2.14,2.15,2.15,2.16,2.16,2.17,2.17,2.18,2.18,2.18,2.19,2.2,2.2,2.21,2.22,2.22,2.23,2.24,2.24,2.25,2.25,2.26,2.27,2.27,2.28
1.07,1.19,1.33,1.44,1.49,1.58,1.53,1.64,1.72,1.71,1.68,1.68,1.61,1.59,1.59,1.67,1.72,1.74,1.75,1.77,1.77,1.85,1.83,1.88,1.9,1.91,1.92,1.93,1.94,1.95,1.95,1.96,1.96,1.96,1.96,1.96,1.96,1.95,1.93,1.91,1.87,1.93,1.92,2.0,2.03,2.05,2.06,2.07,2.08,2.09,2.1,2.11,2.11,2.12,2.13,2.13,2.14,2.14,2.15,2.15,2.16,2.16,2.16,2.17,2.17,2.18,2.18,2.19,2.2,2.2,2.21,2.22,2.22,2.23,2.23,2.24,2.24,2.25,2.26
0.7,0.0,1.17,1.42,1.51,1.51,1.43,1.52,1.57,1.62,1.71,1.74,1.7,1.71,1.72,1.75,1.77,1.79,1.8,1.81,1.81,1.85,1.86,1.9,1.91,1.92,1.93,1.94,1.95,1.96,1.96,1.96,1.97,1.97,1.97,1.97,1.97,1.96,1.95,1.93,1.94,1.95,1.95,2.02,2.04,2.05,2.06,2.07,2.08,2.09,2.09,2.1,2.11,2.11,2.12,2.12,2.13,2.13,2.14,2.14,2.14,2.15,2.15,2.15,2.16,2.16,2.17,2.18,2.18,2.19,2.19,2.2,2.2,2.21,2.21,2.22,2.23,2.23,2.24
0.0,0.0,1.17,1.41,1.37,1.3,1.06,1.41,1.58,1.65,1.77,1.83,1.81,1.8,1.8,1.81,1.82,1.83,1.84,1.85,1.86,1.89,1.9,1.91,1.92,1.94,1.94,1.95,1.96,1.96,1.97,1.97,1.97,1.97,1.97,1.97,1.97,1.96,1.95,1.93,1.92,1.97,1.97,2.02,2.04,2.05,2.06,2.07,2.08,2.08,2.09,2.09,2.1,2.1,2.11,2.11,2.12,2.12,2.13,2.13,2.13,2.13,2.14,2.14,2.14,2.14,2.14,2.16,2.16,2.17,2.18,2.18,2.19,2.19,2.2,2.2,2.21,2.22,2.23
0.0,0.0,1.35,1.55,1.56,1.55,1.43,1.7,1.74,1.75,1.83,1.87,1.87,1.86,1.85,1.85,1.85,1.86,1.87,1.89,1.89,1.91,1.92,1.93,1.94,1.95,1.96,1.96,1.97,1.97,1.98,1.98,1.98,1.98,1.98,1.98,1.97,1.97,1.96,1.95,1.94,1.96,1.99,2.03,2.05,2.06,2.06,2.07,2.07,2.08,2.09,2.09,2.1,2.1,2.1,2.11,2.11,2.11,2.12,2.12,2.12,2.13,2.13,2.13,2.14,2.14,2.14,2.15,2.15,2.16,2.17,2.17,2.18,2.18,2.19,2.19,2.2,2.2,2.21
0.0,0.0,1.52,1.66,1.67,1.67,1.57,1.77,1.81,1.81,1.87,1.9,1.9,1.9,1.89,1.89,1.89,1.89,1.9,1.91,1.92,1.94,1.94,1.95,1.96,1.96,1.97,1.98,1.98,1.98,1.99,1.99,1.99,1.99,1.99,1.99,1.99,1.99,1.99,1.99,1.99,2.0,2.02,2.04,2.05,2.06,2.07,2.07,2.08,2.08,2.09,2.09,2.09,2.1,2.1,2.1,2.11,2.11,2.11,2.12,2.12,2.12,2.12,2.13,2.13,2.13,2.13,2.14,2.15,2.15,2.16,2.16,2.17,2.17,2.18,2.18,2.19,2.19,2.2
0.0,1.25,1.7,1.77,1.77,1.76,1.73,1.85,1.88,1.88,1.91,1.92,1.93,1.92,1.92,1.92,1.92,1.92,1.93,1.94,1.95,1.96,1.96,1.97,1.97,1.98,1.98,1.99,1.99,1.99,2.0,2.0,2.0,2.0,2.0,2.0,2.0,2.0,2.0,2.0,2.01,2.02,2.04,2.05,2.06,2.07,2.07,2.07,2.08,2.08,2.09,2.09,2.09,2.1,2.1,2.1,2.1,2.11,2.11,2.11,2.11,2.12,2.12,2.12,2.13,2.13,2.13,2.14,2.14,2.14,2.15,2.15,2.16,2.16,2.17,2.17,2.18,2.18,2.19
0.0,1.55,1.83,1.88,1.88,1.87,1.85,1.9,1.92,1.92,1.94,1.94,1.95,1.94,1.94,1.94,1.95,1.95,1.96,1.96,1.97,1.98,1.98,1.98,1.99,1.99,2.0,2.0,2.0,2.0,2.01,2.01,2.01,2.01,2.01,2.01,2.01,2.01,2.01,2.02,2.03,2.04,2.05,2.06,2.06,2.07,2.07,2.08,2.08,2.08,2.09,2.09,2.09,2.1,2.1,2.1,2.1,2.11,2.11,2.11,2.11,2.11,2.12,2.12,2.12,2.13,2.13,2.13,2.14,2.14,2.14,2.15,2.15,2.16,2.16,2.17,2.17,2.18,2.18
1.51,1.7,1.9,1.94,1.93,1.92,1.91,1.94,1.95,1.95,1.96,1.96,1.96,1.96,1.96,1.97,1.97,1.97,1.98,1.98,1.99,1.99,2.0,2.0,2.0,2.0,2.01,2.01,2.01,2.01,2.02,2.02,2.02,2.02,2.02,2.02,2.02,2.02,2.03,2.03,2.04,2.05,2.05,2.06,2.07,2.07,2.08,2.08,2.08,2.08,2.09,2.09,2.09,2.1,2.1,2.1,2.1,2.1,2.11,2.11,2.11,2.11,2.11,2.12,2.12,2.12,2.13,2.13,2.13,2.14,2.14,2.14,2.15,2.15,2.16,2.16,2.16,2.17,2.18
1.68,1.91,2.0,1.96,1.96,1.95,1.95,1.96,1.97,1.97,1.97,1.98,1.98,1.98,1.98,1.98,1.99,1.99,1.99,2.0,2.0,2.01,2.01,2.01,2.01,2.02,2.02,2.02,2.02,2.02,2.02,2.02,2.02,2.02,2.02,2.03,2.03,2.03,2.04,2.04,2.05,2.05,2.06,2.06,2.06,2.06,2.06,2.05,2.06,2.07,2.09,2.09,2.09,2.1,2.1,2.1,2.1,2.11,2.11,2.11,2.11,2.11,2.11,2.11,2.12,2.12,2.12,2.13,2.13,2.13,2.14,2.14,2.15,2.15,2.15,2.16,2.16,2.17,2.17
1.82,1.85,1.87,1.94,1.96,1.96,1.96,1.97,1.98,1.98,1.99,1.99,1.99,1.99,2.0,2.0,2.0,2.0,2.01,2.01,2.02,2.02,2.02,2.02,2.03,2.03,2.03,2.03,2.03,2.03,2.03,2.03,2.03,2.03,2.03,2.03,2.04,2.04,2.04,2.05,2.05,2.06,2.06,2.06,2.07,2.07,2.07,2.07,2.12,2.06,2.09,2.09,2.1,2.1,2.1,2.1,2.11,2.11,2.11,2.11,2.11,2.11,2.11,2.11,2.12,2.12,2.12,2.13,2.13,2.13,2.14,2.14,2.14,2.15,2.15,2.15,2.16,2.16,2.17
1.81,1.67,1.67,1.93,1.96,1.97,1.97,1.98,1.99,1.99,2.0,2.0,2.0,2.0,2.01,2.01,2.01,2.02,2.02,2.02,2.03,2.03,2.03,2.03,2.04,2.04,2.04,2.04,2.04,2.03,2.03,2.04,2.04,2.04,2.04,2.04,2.04,2.05,2.05,2.05,2.06,2.06,2.06,2.06,2.06,2.05,2.04,2.02,2.07,2.02,2.08,2.09,2.1,2.1,2.1,2.11,2.11,2.11,2.11,2.11,2.11,2.11,2.11,2.11,2.12,2.12,2.12,2.13,2.13,2.13,2.14,2.14,2.14,2.14,2.15,2.15,2.16,2.16,2.17
1.8,1.8,1.74,1.93,1.96,1.97,1.98,1.99,1.99,2.0,2.0,2.01,2.01,2.02,2.02,2.02,2.02,2.03,2.03,2.03,2.04,2.04,2.04,2.04,2.04,2.04,2.04,2.04,2.04,2.04,2.04,2.04,2.04,2.04,2.05,2.05,2.05,2.05,2.05,2.06,2.06,2.06,2.06,2.06,2.06,2.05,2.04,2.01,2.08,2.08,2.07,2.1,2.1,2.1,2.11,2.11,2.11,2.11,2.11,2.11,2.11,2.11,2.11,2.12,2.12,2.12,2.12,2.13,2.13,2.13,2.13,2.14,2.14,2.14,2.15,2.15,2.15,2.16,2.16
1.56,1.34,1.55,1.85,1.93,1.95,1.97,1.98,2.0,2.0,2.01,2.02,2.02,2.02,2.03,2.03,2.03,2.04,2.04,2.04,2.04,2.05,2.05,2.05,2.05,2.05,2.05,2.05,2.05,2.05,2.05,2.05,2.05,2.05,2.05,2.05,2.05,2.05,2.06,2.06,2.06,2.06,2.06,2.06,2.05,2.04,2.02,1.99,2.04,2.03,2.04,2.09,2.1,2.1,2.11,2.11,2.11,2.11,2.11,2.11,2.11,2.11,2.12,2.12,2.12,2.12,2.12,2.13,2.13,2.13,2.14,2.14,2.14,2.14,2.15,2.15,2.15,2.16,2.16
1.28,1.08,1.6,1.87,1.89,1.95,1.96,1.98,2.0,2.01,2.01,2.02,2.03,2.03,2.03,2.04,2.04,2.04,2.04,2.05,2.05,2.05,2.05,2.06,2.06,2.06,2.06,2.05,2.05,2.05,2.05,2.05,2.05,2.06,2.06,2.06,2.06,2.06,2.06,2.06,2.06,2.06,2.05,2.05,2.04,2.03,2.0,1.97,2.0,1.96,2.01,2.08,2.1,2.1,2.11,2.11,2.11,2.11,2.11,2.11,2.11,2.12,2.12,2.12,2.12,2.12,2.13,2.13,2.13,2.13,2.14,2.14,2.14,2.14,2.15,2.15,2.15,2.16,2.16
0.0,0.52,1.17,1.66,1.86,1.93,1.96,1.98,2.0,2.01,2.02,2.03,2.03,2.04,2.04,2.04,2.04,2.05,2.05,2.05,2.05,2.05,2.06,2.06,2.06,2.06,2.06,2.06,2.06,2.06,2.06,2.06,2.06,2.06,2.06,2.06,2.06,2.06,2.06,2.06,2.06,2.05,2.05,2.04,2.04,2.02,2.0,1.97,1.97,2.01,2.07,2.07,2.1,2.1,2.11,2.11,2.11,2.11,2.11,2.12,2.12,2.12,2.12,2.12,2.12,2.13,2.13,2.13,2.13,2.13,2.14,2.14,2.14,2.14,2.14,2.15,2.15,2.15,2.16
0.0,0.0,0.0,1.64,1.83,1.92,1.95,1.98,2.0,2.01,2.02,2.03,2.03,2.04,2.04,2.04,2.05,2.05,2.05,2.05,2.05,2.06,2.06,2.06,2.06,2.06,2.06,2.06,2.06,2.06,2.06,2.06,2.06,2.06,2.06,2.06,2.06,2.06,2.06,2.05,2.05,2.05,2.04,2.04,2.03,2.01,1.99,1.95,1.92,1.92,1.99,2.04,2.09,2.1,2.1,2.11,2.11,2.11,2.11,2.12,2.12,2.12,2.12,2.12,2.13,2.13,2.13,2.13,2.13,2.13,2.14,2.14,2.14,2.14,2.14,2.15,2.15,2.15,2.16
0.0,0.0,0.0,1.59,1.81,1.91,1.95,1.98,1.99,2.01,2.02,2.03,2.03,2.04,2.04,2.04,2.05,2.05,2.05,2.05,2.05,2.06,2.06,2.06,2.06,2.06,2.06,2.06,2.06,2.06,2.06,2.06,2.06,2.06,2.06,2.06,2.06,2.05,2.05,2.05,2.05,2.04,2.04,2.03,2.02,2.01,1.99,1.96,1.93,1.95,1.97,2.04,2.09,2.1,2.1,2.11,2.11,2.11,2.11,2.12,2.12,2.12,2.12,2.12,2.13,2.13,2.13,2.13,2.13,2.14,2.14,2.14,2.14,2.14,2.14,2.15,2.15,2.15,2.16
0.0,0.0,0.0,1.53,1.8,1.9,1.94,1.97,1.99,2.0,2.01,2.02,2.03,2.03,2.04,2.04,2.04,2.05,2.05,2.05,2.05,2.05,2.05,2.06,2.06,2.06,2.06,2.06,2.05,2.05,2.05,2.05,2.05,2.05,2.05,2.05,2.05,2.05,2.05,2.04,2.04,2.04,2.03,2.02,2.01,2.0,1.98,1.95,1.94,2.01,2.0,2.03,2.09,2.09,2.1,2.11,2.11,2.11,2.11,2.11,2.12,2.12,2.12,2.12,2.13,2.13,2.13,2.13,2.14,2.14,2.14,2.14,2.14,2.14,2.14,2.15,2.15,2.15,2.16
0.0,0.0,0.0,1.53,1.8,1.89,1.93,1.96,1.98,1.99,2.0,2.01,2.02,2.03,2.03,2.03,2.04,2.04,2.04,2.04,2.05,2.05,2.05,2.05,2.05,2.05,2.05,2.05,2.05,2.05,2.05,2.05,2.05,2.05,2.05,2.04,2.04,2.04,2.04,2.03,2.03,2.02,2.02,2.01,2.0,1.98,1.96,1.94,1.93,1.92,1.98,2.02,2.08,2.09,2.1,2.1,2.11,2.11,2.11,2.11,2.12,2.12,2.12,2.12,2.13,2.13,2.13,2.13,2.14,2.14,2.14,2.14,2.14,2.14,2.14,2.15,2.15,2.15,2.16
0.0,0.0,1.12,1.57,1.79,1.87,1.91,1.94,1.96,1.97,1.99,2.0,2.01,2.01,2.02,2.02,2.03,2.03,2.03,2.04,2.04,2.04,2.04,2.04,2.04,2.04,2.04,2.04,2.04,2.04,2.04,2.04,2.04,2.04,2.04,2.03,2.03,2.03,2.03,2.02,2.02,2.01,2.0,1.99,1.97,1.96,1.93,1.91,1.9,1.94,1.98,2.01,2.08,2.08,2.09,2.1,2.1,2.1,2.11,2.11,2.11,2.12,2.12,2.12,2.13,2.13,2.13,2.13,2.14,2.14,2.14,2.14,2.14,2.14,2.14,2.14,2.14,2.15,2.15
0.0,0.0,1.36,1.65,1.76,1.85,1.88,1.91,1.93,1.95,1.97,1.98,1.99,2.0,2.0,2.01,2.02,2.02,2.02,2.03,2.03,2.03,2.03,2.03,2.03,2.03,2.03,2.03,2.03,2.03,2.03,2.03,2.02,2.02,2.02,2.02,2.02,2.01,2.01,2.01,2.0,1.99,1.98,1.96,1.95,1.93,1.9,1.87,1.86,1.92,1.95,2.0,2.06,2.07,2.08,2.09,2.09,2.1,2.1,2.11,2.11,2.11,2.12,2.12,2.12,2.13,2.13,2.13,2.13,2.14,2.14,2.14,2.14,2.14,2.14,2.14,2.14,2.14,2.15
0.0,0.0,1.33,1.55,1.66,1.75,1.78,1.85,1.9,1.92,1.94,1.96,1.97,1.98,1.99,1.99,2.0,2.01,2.01,2.01,2.01,2.01,2.02,2.02,2.02,2.02,2.02,2.02,2.02,2.02,2.01,2.01,2.01,2.01,2.01,2.0,2.0,2.0,1.99,1.98,1.98,1.96,1.95,1.92,1.89,1.85,1.78,1.66,1.51,1.48,1.79,1.96,2.03,2.05,2.07,2.08,2.09,2.09,2.1,2.1,2.11,2.11,2.11,2.12,2.12,2.12,2.13,2.13,2.13,2.13,2.14,2.14,2.14,2.14,2.14,2.14,2.14,2.14,2.14
0.0,0.0,0.22,0.38,1.41,1.72,1.8,1.85,1.84,1.89,1.91,1.93,1.95,1.96,1.97,1.97,1.98,1.99,1.99,2.0,2.0,2.0,2.0,2.0,2.0,2.0,2.0,2.0,2.0,2.0,2.0,2.0,1.99,1.99,1.99,1.99,1.98,1.98,1.98,1.97,1.96,1.95,1.94,1.92,1.89,1.86,1.81,1.77,1.78,1.8,1.92,2.0,2.04,2.05,2.06,2.07,2.08,2.09,2.09,2.1,2.1,2.1,2.11,2.11,2.12,2.12,2.12,2.12,2.13,2.13,2.13,2.13,2.13,2.13,2.13,2.13,2.13,2.13,2.13
0.0,0.0,0.3,0.0,0.24,0.25,0.56,1.64,1.78,1.85,1.88,1.9,1.92,1.93,1.94,1.95,1.96,1.97,1.97,1.98,1.98,1.98,1.98,1.98,1.98,1.98,1.98,1.98,1.98,1.98,1.98,1.98,1.98,1.97,1.97,1.97,1.97,1.96,1.96,1.95,1.94,1.93,1.92,1.89,1.87,1.83,1.78,1.76,1.73,1.85,1.96,2.01,2.03,2.05,2.06,2.06,2.07,2.08,2.08,2.09,2.09,2.1,2.1,2.1,2.11,2.11,2.11,2.12,2.12,2.12,2.12,2.13,2.13,2.13,2.12,2.12,2.12,2.11,2.11
0.0,0.31,0.26,0.24,0.21,0.0,1.11,1.6,1.68,1.79,1.84,1.86,1.88,1.9,1.91,1.92,1.93,1.94,1.95,1.95,1.96,1.96,1.96,1.96,1.96,1.96,1.96,1.96,1.96,1.96,1.96,1.96,1.95,1.95,1.95,1.95,1.94,1.94,1.93,1.93,1.92,1.9,1.88,1.85,1.8,1.72,1.58,1.42,1.55,1.86,1.95,2.0,2.02,2.03,2.04,2.05,2.06,2.07,2.07,2.08,2.08,2.09,2.09,2.09,2.1,2.1,2.1,2.11,2.11,2.11,2.12,2.12,2.12,2.12,2.12,2.11,2.11,2.11,2.11
0.0,0.42,0.4,0.4,0.34,0.0,1.16,1.6,1.65,1.74,1.77,1.82,1.85,1.87,1.88,1.9,1.91,1.91,1.92,1.93,1.93,1.93,1.94,1.94,1.94,1.94,1.94,1.94,1.94,1.94,1.94,1.93,1.93,1.93,1.93,1.93,1.92,1.92,1.92,1.91,1.9,1.89,1.88,1.86,1.83,1.79,1.74,1.74,1.77,1.92,1.98,2.0,2.02,2.03,2.03,2.04,2.05,2.05,2.06,2.06,2.07,2.07,2.08,2.08,2.08,2.09,2.09,2.09,2.1,2.1,2.1,2.1,2.11,2.11,2.11,2.1,2.1,2.1,2.1
0.0,0.52,0.52,0.44,0.43,0.4,0.61,0.84,0.0,1.53,1.69,1.78,1.81,1.83,1.85,1.86,1.88,1.89,1.89,1.9,1.9,1.91,1.91,1.91,1.91,1.91,1.91,1.91,1.91,1.91,1.91,1.91,1.91,1.9,1.9,1.9,1.9,1.9,1.89,1.89,1.88,1.88,1.86,1.85,1.83,1.8,1.77,1.78,1.82,1.93,1.97,1.99,2.0,2.01,2.02,2.02,2.03,2.04,2.04,2.05,2.05,2.06,2.06,2.06,2.07,2.07,2.07,2.08,2.08,2.08,2.09,2.09,2.09,2.09,2.09,2.09,2.08,2.08,2.07
0.64,0.6,0.45,0.35,0.4,0.31,0.39,0.2,0.0,1.28,1.63,1.73,1.77,1.8,1.82,1.83,1.85,1.85,1.86,1.87,1.87,1.88,1.88,1.88,1.88,1.88,1.88,1.88,1.88,1.88,1.88,1.88,1.88,1.88,1.88,1.87,1.87,1.87,1.87,1.87,1.86,1.86,1.85,1.85,1.84,1.83,1.83,1.85,1.88,1.93,1.96,1.97,1.98,1.99,2.0,2.01,2.01,2.02,2.02,2.03,2.03,2.04,2.04,2.04,2.05,2.05,2.06,2.06,2.06,2.07,2.07,2.07,2.07,2.07,2.07,2.07,2.06,2.05,2.05
0.65,0.59,0.29,0.0,0.1,0.18,0.32,0.15,0.0,0.0,1.58,1.66,1.72,1.75,1.77,1.79,1.81,1.82,1.82,1.83,1.83,1.84,1.84,1.84,1.84,1.84,1.84,1.84,1.84,1.84,1.84,1.84,1.84,1.84,1.84,1.84,1.83,1.84,1.84,1.84,1.84,1.84,1.84,1.84,1.84,1.85,1.86,1.87,1.89,1.92,1.94,1.95,1.96,1.97,1.97,1.98,1.99,1.99,2.0,2.0,2.01,2.01,2.02,2.02,2.02,2.03,2.03,2.04,2.04,2.04,2.04,2.05,2.05,2.05,2.05,2.04,2.04,2.03,2.02
0.64,0.54,0.0,0.0,0.0,0.28,0.31,0.31,0.0,0.99,1.36,1.52,1.65,1.7,1.74,1.76,1.78,1.79,1.79,1.8,1.8,1.81,1.81,1.81,1.81,1.81,1.81,1.8,1.8,1.79,1.78,1.79,1.79,1.83,1.86,1.81,1.76,1.78,1.79,1.8,1.81,1.82,1.82,1.82,1.82,1.83,1.84,1.86,1.87,1.89,1.91,1.93,1.94,1.94,1.95,1.96,1.96,1.97,1.97,1.98,1.99,1.99,1.99,2.0,2.0,2.01,2.01,2.01,2.02,2.02,2.02,2.02,2.02,2.02,2.02,2.02,2.01,2.01,1.99
