0.0,0.0,0.0,0.0,0.0,0.0,0.0,0.0,0.0,0.0,0.0,0.0,0.0,0.0,0.0,0.0,0.0,0.0,0.0,0.0,0.0,0.0,0.0,0.0,0.0,0.0,0.0,0.0,0.0,0.0,0.0,0.0,0.0,0.0,0.0,0.0,0.0,0.0,0.0,0.0,0.0,0.0,0.0,0.0,0.0,0.0,0.0,0.0,9.681818195171987,9.991307698371022,10.66562204436886,10.975622044368858,11.595929563684546,11.723608663747605,12.088692063664892,11.870666857848839,11.83768994449839,11.690538446520044,11.831970129509589,11.68412864990908,11.78412864990908,11.576372724096588,11.58611669101411,11.69982232144878,11.886225701556738,11.3517560017849,10.94714873525366,9.901666105647486,9.447678816468677,9.743824578252145,10.536465532882524,10.792741997959867,11.20384534586186,11.594449998487834,12.09868361623983,12.166725583808057,12.4463965269411,12.425004027033495,12.626725583808057
0.0,0.0,0.0,0.0,0.0,0.0,0.0,0.0,0.0,0.0,0.0,0.0,0.0,0.0,0.0,0.0,0.0,0.0,0.0,0.0,0.0,0.0,0.0,0.0,0.0,0.0,0.0,0.0,0.0,0.0,0.0,0.0,0.0,0.0,0.0,0.0,0.0,0.0,0.0,0.0,0.0,0.0,8.51599883225145,0.0,0.0,0.0,0.0,0.0,9.858962073148193,10.26077948447584,10.814114794846748,11.228575359689199,11.688569532691316,12.011366868559135,12.32846121017022,12.373511273160673,12.200597674312844,12.153839856958918,12.224409170611338,12.156409777067275,12.074142269588092,12.062473539356487,12.122148281168611,11.983446787005615,11.759413518610817,11.803164156819962,11.699400915961373,9.594594397512878,9.4189444949384,11.122415391654759,11.870467183523683,11.802919111699715,12.302099373974217,12.500381629159616,12.732225942953427,12.916809314881263,13.052090756303732,13.137869415510199,13.01420513875129
0.0,0.0,0.0,0.0,0.0,0.0,0.0,0.0,0.0,0.0,0.0,0.0,0.0,0.0,0.0,0.0,0.0,0.0,0.0,0.0,0.0,0.0,0.0,0.0,0.0,0.0,0.0,0.0,0.0,0.0,0.0,0.0,0.0,0.0,0.0,0.0,0.0,0.0,0.0,0.0,0.0,8.066237153324542,0.0,0.0,0.0,0.0,0.0,0.0,9.638552775636295,10.279654365075137,10.79517389301679,11.234810035930947,11.627217402717829,12.00396701430865,12.36219486447048,12.64431263244089,12.734109330191847,12.837402960325889,12.76623379170319,12.746757865348313,12.69501932121941,12.725062598639521,12.509088117366012,12.359088117366012,12.482224312028986,11.664264800787459,9.213586370622288,10.14694555714524,11.393711041588631,11.609904793148829,12.13340283961759,12.52219486447048,12.828236423723908,13.150395819235708,13.434490804143394,13.32556649762988,13.537901308446814,13.717272182186369,13.687272182186367
0.0,0.0,0.0,0.0,0.0,0.0,0.0,0.0,0.0,0.0,0.0,0.0,0.0,0.0,0.0,0.0,0.0,0.0,0.0,0.0,0.0,0.0,0.0,0.0,0.0,0.0,0.0,0.0,0.0,0.0,0.0,0.0,0.0,0.0,0.0,0.0,0.0,0.0,0.0,0.0,8.078816164030208,8.711677041143194,0.0,0.0,0.0,0.0,8.192144659672213,8.687488614773857,9.784430180648831,10.310524213719766,10.799866660983032,11.448569532691316,11.848100664100675,11.906632131374138,12.10977641509086,12.482292352015543,12.695996924422081,12.944367725961486,12.965542614247024,13.169591719826743,13.194587143820105,13.25288483098271,13.197771193271784,12.931220268184749,12.667456662542438,12.382011693211338,11.724266853886826,12.194537906707183,12.292375914543289,12.648633722803059,12.944333018607061,13.218650593197854,13.553004783664974,13.823729006476277,13.824178263970806,13.912240932849693,14.075851814917979,14.404926270437624,14.284440285346966
0.0,0.0,0.0,0.0,0.0,0.0,0.0,0.0,0.0,0.0,0.0,0.0,0.0,0.0,0.0,0.0,0.0,0.0,0.0,0.0,0.0,0.0,0.0,0.0,0.0,0.0,0.0,0.0,0.0,0.0,0.0,0.0,0.0,0.0,0.0,0.0,0.0,0.0,0.0,0.0,8.611407559195271,8.884352146515646,0.0,0.0,0.0,8.304620799232833,8.838082505279369,9.299651995941886,9.843956333027046,10.175319950223637,10.627804116619243,11.31343529294368,11.90275433375026,11.952522853869453,12.102522853869456,12.394266853886826,12.74924351866255,12.957669165722175,13.033750779574664,13.245902089121312,13.383450892253197,13.715318622856216,13.43421534932925,13.504215349329248,12.46014428643732,12.200005364674814,12.5685237383985,12.812351126599843,13.04136920332498,13.357385294935085,13.639841484230248,13.919970336726212,14.221711625440655,14.367070568894732,14.42641707097508,14.59305874186655,14.91048265451575,15.263300254647838,15.268493173880227
0.0,0.0,0.0,0.0,0.0,0.0,0.0,0.0,0.0,0.0,0.0,0.0,0.0,0.0,0.0,0.0,0.0,0.0,0.0,0.0,0.0,0.0,0.0,0.0,0.0,0.0,0.0,0.0,0.0,0.0,0.0,0.0,0.0,0.0,0.0,0.0,0.0,0.0,0.0,8.368851866834708,8.621344223456086,9.142153434393613,0.0,0.0,0.0,8.471497126793254,9.284929801064267,9.714154061293272,9.96373391238539,10.081192088720028,10.466512705235766,11.063115007254503,11.597512308645348,11.91707816634785,12.142997329928633,12.384133010312244,12.661460290162076,12.883750779574665,13.183222896102725,13.189107007539867,13.162317445443728,13.038209872271398,13.341079399684059,12.55722532013873,10.958273207520088,11.519494773278883,12.086751744687732,12.735819445133282,13.259859139879524,13.703367498654774,14.051232195335288,14.426361635746726,14.747745352479171,15.10656948244117,15.201476985136267,15.474001465073506,15.703766078465499,15.957515254014607,15.747288601601149
0.0,0.0,0.0,0.0,0.0,0.0,0.0,0.0,0.0,0.0,0.0,0.0,0.0,0.0,0.0,0.0,0.0,0.0,0.0,0.0,0.0,0.0,0.0,0.0,0.0,0.0,0.0,0.0,0.0,0.0,0.0,0.0,0.0,0.0,0.0,0.0,0.0,0.0,0.0,8.652291965405833,8.839863836765893,9.238349035361681,0.0,0.0,0.0,8.381127695462572,9.234605129834286,9.97120731120431,10.159417834885456,10.361136562596553,10.350348734493267,10.772732810911346,11.235371937476996,11.607564833685306,12.010089092454788,12.226140042386591,12.440707990574804,12.740090932151839,12.777225320138733,13.131711625440655,13.554391178209823,13.851930308107999,11.684046367219038,10.585740663379877,11.5859536202242,11.93629051639541,12.581057716145281,13.012387060133808,13.396061799969807,13.786298608791139,14.217540628226221,14.652995265018868,15.096432610369654,15.288090013159495,15.543570166246788,15.938690364854683,16.30147686161923,16.648063237140118,16.461292079098552
0.0,0.0,0.0,0.0,0.0,0.0,0.0,0.0,0.0,0.0,0.0,0.0,0.0,0.0,0.0,0.0,0.0,0.0,0.0,0.0,0.0,0.0,0.0,0.0,0.0,0.0,0.0,0.0,0.0,0.0,0.0,0.0,0.0,0.0,0.0,0.0,0.0,0.0,8.566107774274041,8.884092741064439,9.270302800252367,9.176636931019893,0.0,0.0,0.0,0.0,9.137475739220246,10.068454403103148,10.304620488576965,10.209676181510213,10.201513762576155,10.484630065788071,10.866688399680458,11.23426851957193,11.645653666723094,11.864700380399455,11.976799123794114,11.97953819100319,12.422381160139492,12.007079142137645,11.813511273160673,11.790294978414892,11.765893457578267,12.265394306948975,12.309440112161635,12.805325569941857,13.217605306246357,13.606219621398296,13.92252646176801,14.175729671645612,14.41473780349371,14.665876569975884,14.976109539333255,15.34506414633306,15.935152056058685,16.2807668815699,16.69806323714012,16.771561343237543,16.4600875869257
0.0,0.0,0.0,0.0,0.0,0.0,0.0,0.0,0.0,0.0,0.0,0.0,0.0,0.0,0.0,0.0,0.0,0.0,0.0,0.0,0.0,0.0,0.0,0.0,0.0,0.0,0.0,0.0,0.0,0.0,0.0,0.0,0.0,0.0,0.0,0.0,0.0,8.365576593462302,8.60966363939571,9.048601790873903,9.109863836765893,8.977661543548265,0.0,0.0,0.0,0.0,9.104856605510353,9.8129876799032,10.293894214555507,10.239619396035728,10.186193211869579,10.475025201885355,10.674686327871942,10.832479844649063,10.896829894215198,11.382148281168613,11.909082269963546,12.277272182186367,10.427478194965602,8.464095448959624,10.558944051065831,10.886484178110749,11.586793666659428,12.078841484786977,12.526342146153073,13.093715091178327,13.430839525001375,13.795802555817097,14.03697948348285,14.279492748775787,14.476260001011529,14.744939896220874,14.99218254293698,15.431563976992784,15.826948685176944,16.298423747282815,16.632109537119227,16.679631960349255,16.62868736026747
0.0,0.0,0.0,0.0,0.0,0.0,0.0,0.0,0.0,0.0,0.0,0.0,0.0,0.0,0.0,0.0,0.0,0.0,0.0,0.0,0.0,0.0,0.0,0.0,0.0,0.0,0.0,0.0,0.0,0.0,0.0,0.0,0.0,0.0,0.0,0.0,8.225917291564706,8.632373583927574,8.689191667121941,9.452030807582915,8.458726157406169,7.661297415443959,0.0,0.0,0.0,8.166728679643718,9.040353785930558,9.626019736004746,10.12853485970788,10.286015275924784,10.182364413104146,10.188000355513681,10.159577008016278,10.67142782411932,11.02255747270323,9.617425751647064,9.091891580200329,8.523236524649738,9.638977810882832,10.81668761705218,11.189082269963546,11.89853088925853,12.41872099831868,12.679801827601294,13.081329493363523,13.467417722833979,13.679755516762668,13.912454845250803,14.126164876234943,14.415740570540986,14.545703322435049,14.776578087939981,15.050918135894664,15.529029423953311,15.867154059497995,16.051389578739553,16.30553237890424,16.440681608681363,16.188241574676027
0.0,0.0,0.0,0.0,0.0,0.0,0.0,0.0,0.0,0.0,0.0,0.0,0.0,0.0,0.0,0.0,0.0,0.0,0.0,0.0,0.0,0.0,0.0,0.0,0.0,0.0,0.0,0.0,0.0,0.0,0.0,0.0,0.0,0.0,0.0,8.213211580872317,8.61234964087339,9.055333425683834,9.067935437936697,9.734145386684297,0.0,0.0,0.0,0.0,0.0,0.0,8.616338418122524,9.233921809836541,9.823835611761199,10.520836061809465,10.692394345987847,10.67600753251103,10.753439037286773,8.989227167866582,8.418710553658393,9.233205143917388,9.600166218350285,10.227262406689494,10.500369445941907,11.187891421926988,11.86419454193529,12.49046959261175,12.824898201503526,13.147417722833978,13.44812694399392,13.59366449108366,13.732718064435163,13.888981111727338,14.128173812420197,14.307142877145232,14.56183572703813,14.722574901657346,15.169533554981676,15.51610497470822,15.716882268314343,16.049133944718015,16.139133944718015,16.28404364014598,16.331742352623937
0.0,0.0,0.0,0.0,0.0,0.0,0.0,0.0,0.0,0.0,0.0,0.0,0.0,0.0,0.0,0.0,0.0,0.0,0.0,0.0,0.0,0.0,0.0,0.0,0.0,0.0,0.0,0.0,0.0,0.0,0.0,0.0,0.0,0.0,0.0,8.538331771251839,9.00793973991918,9.325522246961608,9.496926273482545,9.719631255938554,9.610471009710455,0.0,0.0,0.0,0.0,0.0,0.0,8.833681054536703,9.146292480279586,9.113583702056975,8.791457784770829,8.591703980673433,8.626946914915592,8.880105401651718,9.689185074298557,9.690524313463268,10.191658972808892,10.65731354924815,11.213929970896949,11.729007512855329,12.202216235699622,12.74442390583528,13.150560484436525,13.341369203324978,13.598056717844285,13.623858315300783,13.69902615991034,13.77849158556376,13.939266536533777,14.090503834448525,14.470788211447072,14.933367498654775,15.214149633063524,15.526165637260828,15.753225841479122,15.841187872568414,16.04496750355578,16.09178473105024,15.978345043024833
0.0,0.0,0.0,0.0,0.0,0.0,0.0,0.0,0.0,0.0,0.0,0.0,0.0,0.0,0.0,0.0,0.0,0.0,0.0,0.0,0.0,0.0,0.0,0.0,0.0,0.0,0.0,0.0,0.0,0.0,0.0,0.0,0.0,8.352332713372512,8.69942697189603,9.011189887175028,9.457524338459017,9.591728140628891,9.57569511844019,9.187368918550227,0.0,0.0,0.0,0.0,0.0,0.0,0.0,0.0,0.0,0.0,0.0,0.0,8.350432065260343,9.342163677488509,9.931598390510812,10.375670542137332,10.800271036409761,11.239610518989057,11.669738555866616,12.053011256068665,12.413823558323369,12.94899220895643,13.307499372627856,13.625048060916157,13.623093551181375,13.536383979154031,13.520044924808476,13.51199158056525,13.953158496018471,14.37924351866255,14.654915582006847,14.929813684865369,15.215599749990531,15.353390889342705,15.469821056802243,15.644006823111194,15.773879801551484,15.943522036502904,16.011526733149474
0.0,0.0,0.0,0.0,0.0,0.0,0.0,0.0,0.0,0.0,0.0,0.0,0.0,0.0,0.0,0.0,0.0,0.0,0.0,0.0,0.0,0.0,0.0,0.0,0.0,0.0,0.0,0.0,0.0,0.0,0.0,0.0,8.25719073004045,8.832606022299366,9.304013958489957,9.637185444744047,9.80376821413148,9.832243070918464,9.866355988106536,8.58471209115252,0.0,0.0,0.0,0.0,0.0,0.0,0.0,0.0,0.0,0.0,0.0,9.226626725499347,9.967426318132018,10.329088512784505,10.532800550739903,10.82081910908106,11.135584213457472,11.551918325154999,11.954997171635682,12.204997171635682,12.564617918820147,13.020812738989022,13.492159763505661,13.62064149771665,13.568633722803058,13.440077475381468,13.444074693387506,13.730753588248154,14.251924866041215,14.62427326412929,14.82820452376965,15.217110932613647,15.541775698231723,15.413390889342708,15.302213499343484,15.54443589020994,15.661304799122835,15.799821056802244,15.595514916085062
0.0,0.0,0.0,0.0,0.0,0.0,0.0,0.0,0.0,0.0,0.0,0.0,0.0,0.0,0.0,0.0,0.0,0.0,0.0,0.0,0.0,0.0,0.0,0.0,0.0,0.0,0.0,0.0,0.0,0.0,0.0,8.275188264320315,8.898833399527511,9.326188692679846,9.829114654937978,10.233415576183353,10.262527952690961,10.011086469249797,8.807453163417794,0.0,0.0,0.0,0.0,0.0,0.0,0.0,0.0,0.0,8.338950900660576,9.775571458594307,10.280005615063185,11.049390183273541,10.779585508635178,10.886379581222265,10.966418342254562,11.153442407349761,11.420410759483447,11.752882562657668,12.103594623789505,12.351384037735656,12.894876182616597,13.203093551181375,13.50224970460313,13.533520073677387,13.501177960867286,13.480753588248154,13.632615078289188,14.095996924422082,14.430144286437319,14.830153239187673,15.224085812821981,15.431045408669451,15.477167230875857,15.493879801551483,15.556281942516557,15.669116143827988,15.70663032894014,15.830381417018812,15.616266976862539
0.0,0.0,0.0,0.0,0.0,0.0,0.0,0.0,0.0,0.0,0.0,0.0,0.0,0.0,0.0,0.0,0.0,0.0,0.0,0.0,0.0,0.0,0.0,0.0,0.0,0.0,0.0,0.0,0.0,8.090294744119387,8.83590422404434,9.115529893258811,9.278912393524394,9.798360626820985,10.528524651904895,10.660782714064563,10.836018620849355,9.809256361261234,0.0,0.0,0.0,0.0,0.0,0.0,0.0,0.0,8.898833399527511,9.365771207798309,9.811385708476243,10.243379949440492,10.696282892846513,10.989127885692353,11.174147492854585,11.10889972648911,11.24714873525366,11.56355835200261,11.798508357926192,12.009343957258022,12.430733060061623,12.700859730283108,13.005563688570133,13.295240417075522,13.49754446630056,13.530395819235709,13.5686925811847,13.74308922745238,14.034338424468672,14.263283354815464,14.713448152246247,14.958972521432932,15.160639056029805,15.331883898041617,15.523055457820591,15.512583839879794,15.442937930098758,15.611179845394027,15.705278182866852,15.660855511401186,15.517225320138731
0.0,0.0,0.0,0.0,0.0,0.0,0.0,0.0,0.0,0.0,0.0,0.0,0.0,0.0,0.0,0.0,0.0,0.0,0.0,0.0,0.0,0.0,0.0,0.0,0.0,0.0,0.0,0.0,8.44317928374166,8.87686672788655,9.218000432394998,9.374356425698245,9.555778345144706,10.18815080163343,10.90696446408877,11.225931950663004,11.575878572053501,9.473410235044657,0.0,0.0,0.0,0.0,0.0,0.0,8.733783421481583,9.626833840709885,9.991106891419621,10.261175107603286,10.31332283231053,10.649357183664941,11.26965380538246,11.380395819235709,11.354147492854585,11.376836323464355,11.562508495289709,11.808919045868173,12.086886099153327,12.555424039281636,12.77045722684369,12.969102134005242,13.345971250596403,13.331412680194488,13.47099749214653,13.612720823507303,13.71124650349698,13.970394051391347,14.036702814990152,14.35943511383369,14.612999681783247,14.942417042558052,15.162058892282522,15.372863859884456,15.250147332910306,15.2679872582228,15.335155860184685,15.421860319278524,15.697110932613647,15.74348459407939,15.55722532013873
0.0,0.0,0.0,0.0,0.0,0.0,0.0,0.0,0.0,0.0,0.0,0.0,0.0,0.0,0.0,0.0,0.0,0.0,0.0,0.0,0.0,0.0,0.0,0.0,0.0,0.0,8.26195093122417,8.48075492517368,9.318409515891023,9.444760382159247,9.846534729430234,9.849922839878852,10.204408627333304,10.590652658572546,11.13667483304638,11.60759575270352,11.594997075838803,11.515784276390002,9.232861501284255,0.0,0.0,0.0,0.0,9.192812299027631,9.457674814134386,9.98101779136071,10.378170796280344,10.316462606159247,10.282705832655623,10.723874321103033,11.063135710808599,11.460395819235709,11.73155303731469,11.578588013949144,11.895243603487236,12.178072083102716,12.387551921618092,12.62124650349698,12.868713054834249,13.191525112301845,13.221469937108314,13.432393616236315,13.432897466668754,13.72224970460313,13.959038016736695,14.170205654882658,14.212213499343484,14.54443589020994,14.798972521432932,15.05627602074788,15.324793573910508,15.294085812821981,15.262300317661794,15.223347818956821,15.27417631439267,15.281940841659454,15.49558605916573,15.62558605916573,15.40916392789495
0.0,0.0,0.0,0.0,0.0,0.0,0.0,0.0,0.0,0.0,0.0,0.0,0.0,0.0,0.0,0.0,0.0,0.0,0.0,0.0,0.0,0.0,0.0,0.0,7.810570959025188,8.351305492118762,8.598171218769883,9.190972550423623,9.936060194699026,9.992528629826365,10.225845541711095,10.611215431735479,10.651386703802325,11.040445530473761,11.347254950507619,11.99623183260649,11.99379408026164,11.796897875065794,10.107778468452153,0.0,0.0,0.0,8.123493537968297,8.920210598259866,9.163571779617278,9.48320234036899,9.898293284439825,10.07561884584557,10.218854749312575,10.644524294723151,10.926156397330109,11.503948182487552,11.849619995821698,11.790586411362126,12.232963594628869,12.297326119290812,12.776186057591184,13.060205654882658,13.149038016736696,13.13250218402041,13.22265204277096,13.32757976935297,13.65984578472442,13.805136626422158,13.975155860184683,14.161304799122835,14.301304799122835,14.5139645560923,14.762058892282521,15.171124710062236,15.170737342415165,15.103390889342707,15.075136626422157,15.15612687877253,15.146020789082932,15.136718002328218,15.402249704603129,15.516402662587724,15.486402662587725
0.0,0.0,0.0,0.0,0.0,0.0,0.0,0.0,0.0,0.0,0.0,0.0,0.0,0.0,0.0,0.0,0.0,0.0,0.0,0.0,0.0,0.0,7.836882074659403,8.305325902312179,8.657318542593524,9.10518548746318,9.518290201986739,9.90920864912463,10.402344796928073,10.41719883964124,10.74611969271508,11.04722456189757,11.197360307633689,11.560419124398003,11.801756165393256,11.760979692224705,11.834122161853248,11.282741035929028,0.0,0.0,0.0,0.0,0.0,8.703665927135821,9.123639058281313,9.330050625321519,9.594107523300531,9.964126309354763,10.401824939316889,10.653006853044156,10.968062446404957,11.460586411362126,11.912897466668753,12.233668657758042,12.386934346623736,12.635542879290895,12.874021771313203,13.211179845394028,13.171860319278524,13.187385294935085,13.299861898328697,13.649627743141172,13.721081485987025,13.836027527064225,13.970205654882658,14.083683015356822,14.19443589020994,14.327987258222798,14.597549534862715,14.876744401949649,14.953964556092298,15.087110932613648,15.110802862486352,15.022214371117673,15.184273264129288,15.189654951301328,15.407669165722176,15.520090932151838,15.343908589286675
0.0,0.0,0.0,0.0,0.0,0.0,0.0,0.0,0.0,0.0,0.0,0.0,0.0,0.0,0.0,0.0,0.0,0.0,0.0,0.0,0.0,0.0,8.1050101847462,8.822314156671919,9.197139397703456,9.664409209380839,9.952802797430763,9.986872955887565,10.511997882155228,10.89220932000342,11.26473975607044,12.039441225297526,11.729113822488433,11.802051692920111,11.691128073784775,11.627844385637502,11.480153239187674,10.850938596109547,8.583746797783608,0.0,0.0,0.0,0.0,8.604701257143178,9.294368394558212,9.435850619402741,9.684236955674931,10.109543467629768,10.396016045143043,10.775469906398571,11.069343957258024,11.41159712186727,11.886027366365992,12.182602848974174,12.655997854363747,12.642491108561831,12.871304799122836,12.942766294657414,12.963750779574664,13.321860319278523,13.63373891436461,13.836281942516557,13.713868874156805,13.752213499343485,13.840272516009072,13.882213499343484,14.1579872582228,14.220205654882658,14.560446513902484,14.683390889342707,14.983767671910595,14.920962137701297,14.783750779574664,15.005792522785898,15.178371120460888,15.221039219462757,15.550598014954312,15.573367192150005,15.498916315893883
0.0,0.0,0.0,0.0,0.0,0.0,0.0,0.0,0.0,0.0,0.0,0.0,0.0,0.0,0.0,0.0,0.0,0.0,0.0,0.0,0.0,0.0,8.341566287028373,9.035185580993925,9.486141778642546,9.76775966882538,10.57375299128634,10.64606759578587,10.758186164337086,11.036338963942919,11.478957052977421,11.51053003539148,11.717736246121502,11.722354469387495,11.45901567287573,11.19754446630056,10.882961432394296,10.355041603826976,9.05814024192954,0.0,0.0,0.0,0.0,8.7044945133286,9.291442347737819,9.546411282282385,9.983440347685157,10.45266231320714,10.763594623789505,10.990100287193169,11.301120685942465,11.469468335830001,11.709468335830001,12.272669106478526,12.589641782166485,12.73357389153846,12.901304799122833,12.85817389992943,12.962348875216108,13.273401551758774,13.511304799122833,13.624021771313203,13.630272516009075,13.68144621131729,13.603609136138527,13.628568563981316,13.84450740589375,13.939744558114569,14.217707121212836,14.501025550047203,14.701908715579902,14.766801599529456,14.742214371117672,14.695424039281637,14.921369203324979,15.191388476347544,15.429822517360218,15.341043494086229,15.085056202800263
0.0,0.0,0.0,0.0,0.0,0.0,0.0,0.0,0.0,0.0,0.0,0.0,0.0,0.0,0.0,0.0,0.0,0.0,0.0,0.0,0.0,0.0,8.68117994546057,9.20600134950662,9.561319680236325,10.036335537464597,10.85707093325693,10.911502941595334,11.133013809254393,11.154920190328227,11.37556202760749,11.469654510863917,11.488193697261067,11.344868110902603,10.97740375247974,10.472044856568697,10.027022775376803,9.513235348240267,0.0,0.0,0.0,0.0,7.89049111139425,8.679897852660169,9.395625612714671,9.878962073148193,10.433594623789507,10.7523710990451,11.072145327302026,11.303858345607646,11.631525112301844,11.820933317921568,11.987406031931185,12.470739555641838,12.83693968550844,12.848280872530445,13.10150573821888,13.016680415336882,12.943763848164563,12.946270685806644,13.139579515047974,13.272429255651389,13.455198644801483,13.478784349518014,13.575909205679071,13.614097108225046,13.798713054834248,13.97387071257918,14.134935708960978,14.209619995821697,14.475986930991432,14.592351126599844,14.721530889628646,14.807402960325888,14.83104826655888,15.0004445123148,15.321407236799473,15.350611078356044,14.926799123794114
0.0,0.0,0.0,0.0,0.0,0.0,0.0,0.0,0.0,0.0,0.0,0.0,0.0,0.0,0.0,0.0,0.0,0.0,0.0,0.0,0.0,8.651265843064834,8.89080079697152,9.41042724541603,9.84347938786771,10.308027271146752,11.006007767485734,11.442520836794454,11.23230881899768,11.003038073934174,11.068833036744861,11.123455144146675,11.001194208951965,10.578211789989496,10.519930330722628,9.880511905864527,8.762766149043324,7.852301898843086,0.0,0.0,0.0,0.0,9.05992620415756,9.100584165198054,9.542557800057459,10.189425940274916,10.634119988543803,11.115240417075523,11.243609136138527,11.620923561507404,11.85917003000893,12.091655661111133,12.264913967944297,12.723350714554712,12.970383349864973,13.039774100839438,13.22541202815222,13.041294304237036,12.911430795756369,12.816831601597322,12.994129559119676,13.177353704651772,12.902707029780577,13.140200829434505,13.42437686828176,13.590363314974187,13.68923831420093,13.741247176699314,13.946400018513224,14.09289851226035,14.366138447146529,14.493773944897585,14.651048266558881,14.601332081441765,14.601693090301978,14.612090756303733,15.035647061808476,15.033711041588631,14.640294978414891
0.0,0.0,0.0,0.0,0.0,0.0,0.0,0.0,0.0,0.0,0.0,0.0,0.0,0.0,0.0,0.0,0.0,0.0,0.0,0.0,8.737547400804491,0.0,8.946883681689595,9.502303004363023,9.957712922082887,10.282261835287947,10.857483584172282,10.968034421906054,10.925082870763557,10.774354093453443,10.592172570668296,10.2996152435498,9.832160254569569,9.090576514415442,9.17620574215376,0.0,0.0,0.0,0.0,0.0,0.0,8.613629587596265,9.190114758963094,9.544203508121766,9.968043166896761,10.662471849920008,10.892266577475649,11.288968268938937,11.588874621354792,12.045623596889854,12.236530605679288,12.460383349864973,12.741440568902565,13.068175195331715,13.181460052916005,13.206859774299293,13.403682819715051,13.153683015356822,13.06405838049816,12.752829836376993,13.047353704651771,12.770656784309796,12.71625361435454,13.272766388184447,13.488343204512493,13.629868296982908,13.499468335830002,13.64863549094075,13.703304561766533,13.948997458196587,14.200873849376356,14.261684632515706,14.35815266205546,14.290900170060127,14.279841944983133,14.261839404259828,14.672443043981838,15.024814487819166,14.787995438607473
0.0,0.0,0.0,0.0,0.0,0.0,0.0,0.0,0.0,0.0,0.0,0.0,0.0,0.0,0.0,0.0,0.0,0.0,0.0,0.0,0.0,0.0,0.0,9.221335513046304,9.565629696232493,9.800570167753817,10.159315792642252,10.218300767257954,10.369696425797867,10.321688137394823,9.840799405432683,9.523947042167988,7.915033028490782,0.0,0.0,0.0,0.0,0.0,0.0,0.0,0.0,8.970170179538819,9.769298668552459,10.078029098079023,10.748060777466206,11.445456541430392,11.455182161369258,11.725850704356674,12.098175195331716,12.457856570673641,12.619958342215199,12.917514712929709,13.148980621098962,13.26379728171694,13.499838100143272,14.208235961931571,13.50506595383014,13.411505738218882,13.188769563623381,12.966772848345432,12.775326934740669,12.767040153340602,12.983839939830787,13.366827825725823,13.561278162416981,13.619868296982908,13.563582980740243,13.591969453475937,13.696716405089182,13.996785061456672,14.154887070461584,14.132484332615926,14.137469020297702,14.052517077596614,14.027931118288338,14.145894535853996,14.464750833565338,14.843711041588632,14.60953819100319
0.0,0.0,0.0,0.0,0.0,0.0,0.0,0.0,0.0,0.0,0.0,0.0,0.0,0.0,0.0,0.0,0.0,0.0,0.0,0.0,0.0,0.0,0.0,0.0,9.220243074352089,9.056489667475889,9.439217318938509,9.442718417132387,9.570983298011775,9.449176784044042,8.877415328024366,8.440085811167386,0.0,0.0,0.0,0.0,0.0,0.0,0.0,0.0,9.179050826762396,9.397850036934742,10.151139777626732,10.85545388817741,11.47173878158713,11.802698925856745,12.050442153666303,12.431267838474696,12.818450253365814,13.116269363042225,12.86987042531772,13.196733247906856,13.227382876946354,13.405569797677048,13.729668744292937,13.755434864148562,13.645928129885279,13.696343541850606,13.481505738218882,13.255971250596403,13.14271781637114,13.193060724493192,13.188314989875305,13.379238314200931,13.550967466976656,13.593235216187578,13.422783601642498,13.544017111483596,13.607043757019456,13.874286047460068,14.052894197263916,13.962256958238761,13.962615078289188,13.847088711452617,14.025530146739403,14.209467148301842,14.48990479314883,14.569803860482056,14.493707380358348
0.0,0.0,0.0,0.0,0.0,0.0,0.0,0.0,0.0,0.0,0.0,0.0,0.0,0.0,0.0,0.0,0.0,0.0,0.0,0.0,0.0,0.0,0.0,0.0,0.0,8.443538404746752,0.0,0.0,8.46558288900296,8.407256858254227,7.975178940862918,0.0,0.0,0.0,0.0,0.0,0.0,0.0,0.0,0.0,9.66313093660934,10.057206086911668,10.734252004219512,11.847459586300246,11.691514824872531,12.148662378378173,12.443038337979347,13.126685150814822,13.60252610999878,13.413166469376712,13.349593447796623,13.759243495057243,13.69575770836029,13.640323685192286,13.53987042531772,13.726132033988176,14.059668744292939,13.809443754027857,13.704407649066788,13.307100281735988,13.275542879290896,13.26115045175235,13.299395175412814,13.423093551181374,13.491470331393772,13.370025545011153,13.324812794835745,13.331219279112458,13.503052142469967,13.817785649630652,13.780714333108364,13.810363016835081,13.776518544787093,13.847863330473906,14.019962156622471,14.436153339186983,14.559058257825576,14.614537906707183,14.183983338475315
0.0,0.0,0.0,0.0,0.0,0.0,0.0,0.0,0.0,0.0,0.0,0.0,0.0,0.0,0.0,0.0,0.0,0.0,0.0,0.0,0.0,0.0,0.0,0.0,0.0,0.0,0.0,0.0,0.0,0.0,0.0,0.0,0.0,0.0,0.0,0.0,0.0,0.0,0.0,0.0,9.851243283694771,10.731339042063297,11.617711583695502,12.65519469709588,12.26825069526149,12.709137871222655,12.935559472044922,13.395433732722319,13.59396639470015,13.941068416885003,14.488557886680397,14.08547241977255,13.937285671380755,13.702731428569237,13.446396805708915,13.581813796696986,13.941528749414402,14.089816546336099,13.879492755238644,13.527236715542273,13.203077519599628,13.172249704603129,13.13180598142745,13.144562699131878,12.968049210581437,13.016764755814355,13.04534734310158,13.15882247204368,13.382969388810062,13.539867432153489,13.589728555585104,13.659728555585104,13.74591398102536,13.877065135137244,13.984670279376356,14.219266536533777,14.446800733923475,14.638425932033156,14.377246573281688
0.0,0.0,0.0,0.0,0.0,0.0,0.0,0.0,0.0,0.0,0.0,0.0,0.0,0.0,0.0,0.0,0.0,0.0,0.0,0.0,0.0,0.0,0.0,0.0,0.0,0.0,0.0,0.0,0.0,0.0,0.0,0.0,0.0,0.0,0.0,0.0,0.0,0.0,0.0,0.0,10.811446448168297,11.952190375434684,12.222421220364762,12.836893904988635,13.191643178017195,13.192836685295672,13.252086675487472,13.660611838730448,14.033923221740961,13.881106742136264,14.238488119098255,14.299166896195784,14.24097295589475,13.925559472044924,13.59357514343419,13.842859952265524,14.02578068169364,14.269133947094968,14.011856151458357,13.654793573910505,13.273347818956818,13.182214371117674,13.085647061808476,13.05298092577855,13.007065135137243,12.869690516711769,12.930782721749436,13.325455353606209,13.410536698562202,13.581917443985606,13.596562078570276,13.664137503186467,13.736809314881263,13.791890760627567,13.807574041555174,14.174980475146464,14.331175579042743,14.632351126599843,14.158236423723906
0.0,0.0,0.0,0.0,0.0,0.0,0.0,0.0,0.0,0.0,0.0,0.0,0.0,0.0,0.0,0.0,0.0,0.0,0.0,0.0,0.0,0.0,0.0,0.0,0.0,0.0,0.0,0.0,0.0,0.0,0.0,0.0,0.0,0.0,0.0,0.0,0.0,0.0,11.078983337058823,11.384532755395322,12.281206842662627,12.902821968185313,12.86557836655661,13.395267194056565,13.599027733965233,13.446377255038001,13.619496841554678,14.125406936756836,14.48559574451156,14.240069940731921,14.936991318235634,14.369061133673007,14.234449498107072,13.881396869453695,13.88120785017226,14.007457702323569,13.949058650685208,14.049676809643781,13.830474829766631,13.233390889342708,13.10984578472442,13.053912739863321,13.074898201503526,13.10105771614528,13.024619030952222,12.935614424993533,13.219801827601291,13.692204019012518,13.8606155533701,13.714183902693744,13.557019058760526,13.569600861110587,13.595195940979691,13.555055501351005,13.634205138751291,14.031188575570605,14.285056202800266,14.353935651876672,14.109127885692354
0.0,0.0,0.0,0.0,0.0,0.0,0.0,0.0,0.0,0.0,0.0,0.0,0.0,0.0,0.0,0.0,0.0,0.0,0.0,0.0,0.0,0.0,0.0,0.0,0.0,0.0,0.0,0.0,0.0,0.0,0.0,0.0,0.0,12.443869952250548,13.224693253893307,13.693811870998475,11.605160659109849,0.0,11.738724935461093,12.279987715466913,12.538914376694343,13.11077593148638,13.583469608556278,13.95233809936532,13.982573725991616,13.955090883134776,14.462173109770784,14.995010323013332,14.763891900166183,14.748798252627665,14.723899117106782,14.863504958942517,14.077285671380755,13.78159569961093,13.805796883839282,13.650675828282044,13.493345096118952,13.511390542213489,13.358661107396724,13.002654679079036,12.858425932033155,12.911460290162076,13.083463164701179,13.279859139879523,13.134646080422936,13.508784189377801,13.577891183080494,13.748916315893883,13.76850587731649,13.509717999829613,13.573023221863462,13.443642344439235,13.47820232739861,13.47521268959085,13.585762671636951,13.739600861110587,14.070201283361534,14.342495301544142,13.857093105275647
0.0,0.0,0.0,0.0,0.0,0.0,0.0,0.0,0.0,0.0,0.0,0.0,0.0,0.0,0.0,0.0,0.0,0.0,0.0,0.0,0.0,0.0,0.0,0.0,0.0,0.0,0.0,0.0,0.0,0.0,0.0,11.026565612554684,13.270106695291668,15.032003771079959,15.667833053685436,15.28436285454307,13.993855999990199,11.391317252894325,12.674524414717423,12.647132953376182,13.063780322884398,13.763454560898513,14.005781038987214,14.26716544382635,14.562177872221692,14.8991582028323,16.135939157670673,16.309298712242764,15.69835304545743,15.25289974533655,14.802173109770784,14.474301194870346,13.73116118440607,13.388980621098963,13.547602363750626,13.461859976108626,12.909107007539866,12.829841484230247,12.944755135049618,12.795986930991432,12.78101765409089,12.898425932033156,13.235070365965175,13.700935574291472,13.84361300141615,13.6947186920811,13.538184010867514,13.428173812420198,13.368839547379299,13.607142877145233,13.76025997058526,13.43465716413582,13.437024156239502,13.471643776346895,13.6446527031501,13.77716426919154,14.012248115397504,14.205870470876846,14.007913517722404
0.0,0.0,0.0,0.0,0.0,0.0,0.0,0.0,0.0,0.0,0.0,0.0,0.0,0.0,0.0,0.0,0.0,0.0,0.0,0.0,0.0,0.0,0.0,0.0,0.0,0.0,0.0,11.886656593824394,13.211285001458014,12.969164901036546,12.73852700371437,13.190824684264449,14.8306557699196,16.040534073261803,16.362655767082394,15.816836392790883,15.20659776896786,13.852150839214103,13.009057546589503,12.675219331617686,13.56131640388984,14.382170793549758,14.449023133433109,14.769856205366299,15.235377125468764,15.747359159569726,16.097853399283636,16.512842804415918,16.05299787760144,14.949553943465922,14.540531782858015,13.634319617243463,13.778793261752075,13.227541574596989,13.047846934127364,12.741256060714207,12.272897466668754,12.423093551181376,12.565463815246527,12.612777296036523,12.763812957321456,12.79981687816112,13.259970336726212,13.674255328015557,13.8310724694558,13.307387572847748,12.998325302846052,12.909874257367552,13.31706118560718,13.657396380977136,13.623261736778948,13.485507499002125,13.485555664380222,13.632781974552532,13.866164876234944,14.065740862607264,14.212834618934359,14.17924087105348,13.754702427301929
0.0,0.0,0.0,0.0,0.0,0.0,0.0,0.0,0.0,0.0,0.0,0.0,0.0,14.249569361116972,0.0,10.545360913046139,0.0,0.0,0.0,0.0,0.0,0.0,0.0,0.0,0.0,13.173763578441196,14.63388143526132,14.350313202811485,14.564105253573198,14.617490857104258,14.01723077234093,14.142454343899018,15.501269036556145,16.24343241072242,16.86342045492501,16.362747499545367,15.359886001741389,14.257563979375725,12.801607751572949,13.184490234623397,14.560192743557637,14.976788595057762,15.110224006743348,15.42340647295779,15.176562059120098,15.68426314534004,16.12878974684578,16.38463263392435,15.68187044459104,14.536005757780874,13.909500417132527,13.407264813628242,12.996432482160301,12.662269366086498,12.57965173945205,12.245678261488582,12.044114868386789,12.40796476706224,12.537940354603244,12.635534875646027,13.216777162792201,13.185686463361854,13.35327206209752,13.440962502187162,13.180598014954313,12.773630186007,12.647024156239503,12.867408492135155,13.158505877316491,13.339375086709406,13.304706191512032,13.456494598934844,13.625557925796947,13.884769921641379,14.03376829609718,14.108397467431192,14.225408445461504,14.136176537177363,14.090207208206325
0.0,0.0,0.0,0.0,0.0,0.0,0.0,0.0,0.0,0.0,0.0,0.0,0.0,14.962352278090876,12.277803026263525,10.995433129979808,0.0,11.023961077031235,0.0,0.0,0.0,0.0,12.99807798042955,14.574447684483632,15.02321139554167,15.564560786229066,15.632080967371724,15.314558466254066,15.61382653647425,15.052324724466647,14.665827934225247,14.79244609394275,16.59923687602469,16.63311038200659,16.910669590263446,16.450131395534513,15.548148806448312,14.396299460483487,14.221128256371202,14.060518503080754,14.955225204736742,15.31973769161538,16.813885937861986,15.493094148654762,15.120117815341793,15.485014442861571,15.976164365991362,16.247983284409884,15.568837938406826,14.710464637762794,14.165064361075803,13.203815356516955,12.800962496410065,12.48503600520182,12.225514916085062,12.084180021636225,12.15720392134757,12.214786652622852,12.173498838867507,12.543004763682152,13.02339046407987,13.120737342415165,12.984409040796765,12.698172013334581,12.357764312222473,12.391631955176871,12.772371059054379,12.877325712684923,13.092265332828134,13.077325712684923,12.991917108234764,13.216164876234943,13.873973954635053,14.190654319112747,14.102470048641694,14.10313103489533,14.203635729927585,14.681989548452922,14.350333968372851
0.0,0.0,0.0,0.0,0.0,0.0,0.0,0.0,0.0,0.0,0.0,0.0,16.18630060823309,15.487222540488448,12.972885729787901,11.77052900380618,11.679227960544784,12.118387256661606,9.533450327067213,0.0,0.0,0.0,15.036096708891899,15.283008772509215,15.342720849583419,14.791091097557729,14.869077208027065,15.418363327397195,15.519608686728553,15.571177734714926,15.503887233726765,16.14731769258232,16.461993507113004,16.439532210965886,16.233963080542516,15.571574611302509,16.2135262616047,14.813794457063743,15.66818080384731,14.830088205409456,15.31451123392323,15.513340202401587,15.855675714694428,16.371204095480515,15.546044879421327,15.949471502508297,16.127983284409886,16.454756369667603,16.029660970116296,15.514988030941165,14.148724695462908,13.145085930786278,12.599936843215897,12.127189008551841,12.138485381256277,12.07355550485726,12.013004783664975,12.251080349764909,12.311080349764907,12.430691092884528,12.705686463361854,12.6882098722714,12.547461196302734,12.383849993924276,12.312452833735861,12.541039219462757,12.739395683435356,12.876902959962976,12.938097608364227,12.962265332828135,12.921407236799471,13.323084548925461,13.990045616778374,14.368063513685883,14.188948695992426,14.265767767861753,14.804939235003904,15.161611709523193,14.772186405341643
0.0,0.0,0.0,0.0,0.0,0.0,0.0,0.0,0.0,0.0,17.018632068596347,15.889531543042615,14.997900588826816,14.033596812860036,12.975272279318979,12.591949784000672,12.755191885677343,11.880048680100675,0.0,0.0,0.0,15.07620007689123,15.308809960083117,16.043649836305846,15.077029158255904,14.733210519655103,14.29049441874675,14.267188023637505,14.877644464135674,15.355514456436843,16.156569729983712,16.819292196616168,17.32802161882447,16.756243144978686,15.796892277515896,16.153153902067906,14.808041599288346,15.89541562105005,15.736459514032198,15.316814204267017,15.326427257180399,15.166209054190906,15.300199825117321,15.625312617304346,15.584643360190029,15.488609042946567,15.770085842091454,15.245770436282205,15.359156419253218,14.671729584646256,13.949440737880508,13.040571265532083,12.410654539091796,11.998457217280592,11.857515392737975,11.973063171946329,12.084785182528403,12.233065046832,12.429324721515322,12.353879801551484,12.431652329331584,12.342160631880766,12.078622453968144,12.069654951301331,12.221098455598437,12.471976852505598,12.645762982768446,12.645961419819354,12.864286898659174,12.848751047247525,13.016477690571262,13.430098859772741,13.915942109568345,14.32267923739543,14.300521967112452,14.716805380439837,15.216195244619488,15.382399685113366,14.618054456345213
0.0,0.0,0.0,0.0,0.0,0.0,0.0,0.0,0.0,16.33356749986405,16.595060717967147,15.337617851334507,14.490582473793358,13.80579131554024,13.746765186457793,13.522531443354865,13.509509928028377,12.788204510746215,0.0,0.0,15.44835813341076,15.59581421289101,16.18705738447904,16.01726707677171,15.425966920998563,14.908386518795991,13.95028544757431,13.931790229252268,14.162141650484102,14.58916921899482,16.389880879032916,17.10142954601707,16.878809373220065,16.346317580256034,16.617356200484597,16.308319792378114,16.30057762661334,15.841479645629171,15.541554654368731,15.108733484982755,14.776197157240865,15.033327877110908,15.20184613284558,14.934974174433732,15.296395391910064,14.980784895230197,14.971647677053674,14.584317975798086,14.117259423115435,13.719440737880507,13.390517025344991,13.071248521467531,12.599144214922344,12.399523293698724,12.334322778352218,12.208129619199745,12.00208348505885,12.431257041408646,12.400328317600337,12.287167230875857,12.003596352243026,11.950547436785559,11.775143031566676,11.81754446630056,12.01626697686254,12.327410525870988,12.490737342415166,12.51965724979806,12.573065046832,12.920429353454887,13.253086730886405,13.782559511485523,13.794345159445832,14.196525434557136,14.346768340339004,14.599473761771275,15.225340579683031,15.280419167856103,14.863190969505354
0.0,0.0,0.0,0.0,0.0,0.0,13.826985622683779,0.0,0.0,16.563727735119205,16.255189032429435,14.82239391047083,14.708110799503583,14.456642069827286,13.947117765684819,14.411258890560113,13.856414741982753,11.958767290271707,11.003430965194799,12.683285839577731,18.063487691335144,16.977983675451974,16.71709588694544,15.82007154311513,15.177145177814534,14.361387632753429,13.765398085896642,13.92200794826271,14.539882792502464,14.636512239839728,15.910023650128249,16.602821922736698,16.558858584302605,15.911355354251128,15.9115653149635,15.945070405576862,16.192018517845383,15.696813956359096,15.221106979620458,14.852781456256373,14.338839128037854,15.087840482835777,15.059738074283574,14.955305706582298,15.018980105399786,14.652493013215082,14.255425260859974,14.17222779579243,13.312002763896075,13.128075442996288,13.07061691451225,12.923563383316754,12.979713316047803,12.831879277017453,12.764878999965287,12.543253145759781,12.530575992700696,12.553719563013944,12.412702763058101,12.123839086761876,11.843390889342707,11.609813684865369,11.617707121212835,11.703108673792798,11.913738914364611,12.307047098063464,12.234967644722055,12.324810562729656,12.543029905944344,13.111827415031666,13.58084336315313,14.09840270221683,14.13883851916702,14.003817477276481,14.440173669745796,14.278929388722496,14.48050968158762,14.506770554542907,13.99680958610411
0.0,0.0,0.0,0.0,0.0,0.0,14.535753173676518,15.170157071687314,15.86702825023892,16.743727735119204,16.806513435757328,15.449683055291635,15.298923279111456,15.336830897236005,14.634380868829329,14.795921100421996,14.629576920567942,12.478767290271707,14.717095371412405,17.422041259979345,18.350359743303976,17.77534762053,16.5866638325751,15.86437822102014,14.795656721169843,13.748119553932547,14.25733844637434,14.527999187392108,14.367939592539763,15.228901228879177,15.55939396534153,15.51318136968392,14.73155899080014,14.300861009096609,15.277598471428695,15.597503613268659,15.862344925469966,15.665238418981819,15.114433985121545,14.925590052034185,14.691943518922843,14.791202801195034,14.683122142091397,14.300824418946224,14.603001884488915,14.568875843900553,14.219744990475892,13.7654228367662,13.40224998417725,12.831172750600844,12.809615928381843,13.147602175134367,12.873175543478842,12.737701640634853,13.076673593478414,12.884814012906356,13.010942320552365,12.621479886815255,12.139755450590336,11.762100860641178,11.600757631407735,11.418072313860312,11.555660863108297,11.593208894734616,11.805251788587036,12.186663813691222,12.152941840438384,12.108570546966707,12.571272133234284,13.422416583028763,13.741867890969164,14.228528863340323,14.08493891567476,13.932311222047352,13.942522321613517,13.843610911524664,13.824418985088894,13.66661630242543,13.344934984321537
0.0,0.0,0.0,0.0,0.0,0.0,14.311826689412674,15.411101301693943,15.9294628130456,15.195986676065449,16.874742366037655,16.650015181769092,15.960052049886329,15.703756406500194,15.371414165431531,15.048502974029779,15.44280924365582,13.689978998611682,16.64750862420814,18.112109509606228,18.91340509611213,18.343242707749543,16.82434799484562,15.470324833154564,14.640236938793976,13.913435570504399,14.519516848383383,15.077946859649384,15.046303745231246,15.23112797464984,15.067702548650866,14.466663104720325,14.146349306944987,13.977672660437491,15.14906106351215,15.575452737315274,15.829367319832464,15.830950054043655,15.586472033886364,15.994733562731138,15.242548294414938,15.07169088102983,14.583545463250516,13.837100482493923,13.927203498668291,14.268699303085668,13.950011806151768,13.485869820340023,13.11318912381385,12.934717301637416,12.377853949260867,12.04924383921476,12.30502180815363,12.772094761119185,12.65519469709588,12.996908810129096,12.578855060074776,12.445886045046741,11.862874504006495,11.648816465106233,11.622260062132195,11.62486481633935,11.69277227327834,11.711778336520503,11.781145468962244,11.832233790066052,12.039205337922317,12.17610288960695,12.705507108750208,13.255784935985375,13.427638273142271,13.657904496761144,13.824865034841206,13.745799290365397,13.388278264664844,13.200176201057896,13.013125580421232,12.713880068179616,12.61231865896843
0.0,0.0,0.0,0.0,0.0,0.0,14.561975647957354,15.1766958734779,15.692163474628355,16.520015181769093,17.985253563129824,16.930309089384924,16.153155605867653,15.86637559923424,15.153693208641215,14.933382463423133,13.926338032608946,14.476153486239278,18.02007870749779,19.14546111816402,19.217086032920154,18.332905202938033,16.757510442469496,15.509044918159418,14.928175503765171,14.26170249328336,14.417676765032692,15.023609060395867,15.673317338612021,14.822256762232296,14.35465043685294,13.8793106916992,13.92635336058954,14.553804171958319,14.838307873208624,14.63420305851658,14.658090925465821,15.905116201946027,15.976903077908506,16.468242743253924,15.768634719437522,15.077667724782707,14.477358903052572,13.866745897932173,13.912577291400632,14.225118270425636,14.060846166587687,13.541093218438675,12.90421871257978,14.9437484967142,12.507417403739886,12.294404073411178,12.610201670854064,12.154296477384467,12.126978347963536,12.297325436919184,12.191991764710508,11.980316868262392,11.909403670502165,11.87497515303049,11.690660680464774,11.847821577535335,11.977513181074059,12.223845692288865,12.225018875565947,12.001788418357503,12.26180070602696,12.61194199592996,12.810594278302256,13.126726786218988,13.315947880341401,13.405799290365398,13.551672639915209,13.468236024182609,13.08272820062804,12.769121772740124,12.346679527189046,12.224973990080198,12.06497632475017
0.0,0.0,0.0,0.0,0.0,13.39657105339375,14.041285519814206,14.62441854572047,15.411042939711308,17.082165675592886,17.349109277414204,17.01102296433468,16.08666904409385,15.940619306890863,14.759852941242844,14.226046550781412,15.04751146646678,15.100343642452886,18.20387071902426,19.289510978166685,18.80147365270132,17.991800401558145,16.9691105698444,15.638347172718216,14.937900676400892,14.321635024928245,14.402038823762643,15.134749356250538,15.340361886713168,14.448979728915397,14.189149605618093,13.738035802776963,14.249186430343984,14.706273906342048,15.280127048732727,15.017197208885896,14.784392164615111,15.846294225362774,16.23393283204439,16.039159724737807,15.609278615562516,15.126228980082015,14.413475767511095,14.419027101058507,13.566231722087652,13.600853574379808,13.48225382751029,13.437497946454759,13.73447508385981,12.786629959288252,12.056818247493823,11.749558258692383,12.027527470663545,11.739243197767195,11.987797548161042,12.145947309664512,12.030127356267421,11.74565216067861,11.749137785759274,11.706529377331016,11.764581891125722,11.857576232252782,12.01798578158659,12.335436586676565,12.429432378848885,12.22464131610731,12.365371760683434,12.602642386140513,12.77130812949018,12.869062601386497,12.9828104570893,13.131807092374837,13.136324685203752,13.034408087751036,12.612820735557257,12.20780379596722,11.90987439943197,11.542884830982711,11.50239072300057
0.0,0.0,0.0,0.0,13.331310167094836,14.168753396430336,13.755294752197845,14.44136706260309,15.733069059015612,17.821071529969927,17.236696627330375,16.596009090350428,16.39024447763054,15.354624657785362,13.919971788024448,13.672989298195564,15.515753173676519,15.744596814162579,19.09298402663775,19.031950413838793,17.819652271810945,17.687097427482556,16.545271552634702,15.84969435553635,14.826308455349107,14.630464914153205,14.631354509831569,15.256179903776061,14.953914463480334,14.514168604757998,14.39267945270747,14.425665182496243,14.974268786327226,15.04169088102983,15.730971339460933,15.812626939947624,15.51070191865679,15.560267127271334,15.676743179256466,14.920514201504908,14.944165086037888,14.776323054282125,14.749752782205185,13.87197030528279,13.488022866759692,13.496176001207498,13.568378775201303,13.44704038600196,13.05647680932361,12.740774302074273,12.187374081204037,11.881383970121648,11.5943139889079,11.597971767734062,11.69384388677862,11.850883181970696,12.374088178487135,12.110880451000009,12.219750442351863,11.70640322046546,12.013983667308265,12.179404910488728,12.42231072339392,12.487339036974872,12.623335463158828,12.599461764441706,12.400488819848732,12.864337616551312,13.122213561975808,13.170327427016543,12.844577961261905,12.766736434307184,12.816134227272101,12.615721927232524,12.257251694326442,11.715407246084485,11.311879351020446,11.134293916205234,11.090700380397628
0.0,0.0,0.0,14.086792292334735,13.270503988900268,12.856401680999596,13.618519383276068,14.332897585336234,16.056393288451645,16.696226775136573,17.46669662733037,17.119233441401914,16.44927552489115,14.918276667854165,13.739052684789216,13.819565607954662,18.120300381930285,19.455981403590823,18.58393331898156,18.63272603786051,17.383931781010972,16.758537946803024,15.69711801242686,15.157329616305177,14.623599026382863,14.878736757282816,15.266649236249268,15.498143673519074,15.006810452267258,14.501756504046618,14.309032803317109,14.97666379287017,16.01265348116648,15.700971339460935,16.04490512311692,15.701864403491687,15.118619455482477,15.11880985720206,14.84215046948313,14.476211788905838,13.881905330855712,13.874999995277669,13.666329589584473,13.361225540673342,13.424757039839156,13.329808566831703,13.692649281498026,13.78835855392407,13.31709658306818,12.453311166124625,12.052357410530746,11.896901348002206,11.923363863151042,11.771676300447513,11.902621960390835,11.952089660509868,11.623154907648447,12.254088178487136,12.491487244532241,12.533896469481295,12.493254990082612,12.562728863194302,12.330795841160624,12.377661908735801,12.34746639553238,13.040190081978743,12.966654297389457,13.043775365463631,13.298501223893357,13.1411329195545,12.929195739437937,12.583465520705051,12.295187733830293,12.449705194999602,11.853701249531207,11.296726587363754,11.047972443012084,10.841094885326902,10.829504535248887
0.0,0.0,0.0,14.131749851047106,12.749507028893701,13.394495989883058,13.664484576425107,14.598184860211205,14.57421134056905,15.831678989650156,16.670280001816376,16.193760271935517,16.677110187309736,14.235277966568965,13.46728569801092,16.137382249764528,18.118523963605153,19.218692455086245,19.603568058534513,19.00931151153956,17.41333707229959,16.768752878108366,15.784241028853272,15.60543615754408,15.170350539597436,15.553859293368767,15.899622217535317,16.038757268457413,15.24381400961947,14.804868339110136,14.62933707145175,15.758634719437522,16.72738456440579,16.188253726729517,16.100180662492924,15.870138749719086,14.704870195025968,14.420400911012562,13.843044304938445,13.471521375367221,12.790820623084173,13.009444671176139,12.584231044678832,12.313298936330037,12.508298231652404,12.996475493848124,13.76303325461689,13.52800123563716,13.389820682730917,12.754652849081609,12.188139033392478,12.331033383086158,12.596401680999596,14.1244538376691,12.54652435359846,12.078974102884617,12.135111400896315,12.205059974758193,12.226745972189953,12.318402814220061,12.862880512414376,12.636870557835733,12.476006657645119,11.960893658277097,11.863668140056717,12.425866646909487,13.28613208634401,12.95277322895841,13.151105685175963,13.142879126088001,13.074880149518261,12.547185468840262,12.650129440290048,12.482039434985325,12.070829743664643,11.760242402865012,11.391645264634024,11.097691314523349,10.766622816192898
0.0,0.0,0.0,13.588543910284235,13.0473401116919,13.302021898385899,14.115294752197844,14.60195066485222,14.054284688235903,14.668414362203293,15.783160026483056,15.965937920212635,15.240995816222217,14.127359370959812,16.058148738895138,18.46712886256169,18.66468575686817,18.982218068620792,18.790880463549964,18.19534773462856,17.287867693312016,16.908804206320717,15.450447548654216,15.764411373185261,15.597941717450198,16.239821223869985,16.942777718148626,17.038845144820026,15.80598980893339,15.446575514373468,15.494849090668634,16.406271374225565,16.718173315440332,16.068767549598117,15.197537688468334,14.799945077761969,14.18650891484048,13.407826064221723,12.897808470129895,12.372729430427782,12.140150010014697,12.403287755465563,12.092456606944163,12.13758600413615,12.999136297212974,13.517317381190493,13.200598759293825,14.030058395281959,13.57062386011611,13.387693752610964,13.27989591253423,12.776313512500778,12.552808938861574,12.474220682085608,12.898602687145678,13.028186240083805,12.606482898115093,12.54085839590431,12.758532105375734,12.583280795154536,12.128094628510922,11.936096656436689,12.064335233456722,11.839919163394912,11.800947444462471,11.689186392912642,12.211385015433905,12.220978657991552,12.641797837057391,12.717206940002367,12.735851349762978,12.452340128891102,12.59918599227645,12.663500146196833,12.137040934449317,11.884959269273914,11.852332220246112,11.491508839715802,10.809664946436584
0.0,0.0,0.0,13.805732134548816,12.716732374124767,12.786127651297907,13.080431388634477,13.966194355562187,14.183689638987534,14.354721089277088,15.41673923006519,15.518066539830425,15.447799853013723,16.437836278503795,17.84428001079192,18.093910687570556,17.0667699949853,17.823692367426354,18.149173417533255,17.800558039489367,16.717536023830906,16.852208179392093,15.400747544120854,15.847844323367461,16.149274595825297,16.770765503146983,16.939382256796186,17.558366569493735,16.814236989975186,16.221230098429267,16.46487661511535,17.287671277151688,16.856115234366463,15.562376383073676,14.690649659631546,13.739791890605161,13.021434596937027,12.874892683686712,12.01010336559181,11.938654089091848,11.515175239571045,12.312696917385907,11.695206073805268,12.157888997055123,12.810774302074273,13.336196139153788,13.32211420756473,13.939602659702205,13.952749800495319,15.307304076602762,15.131101301693942,13.935251699815044,13.02527227931898,13.238788694751934,13.417145255966942,13.117319972752394,13.168450873336333,13.06571510141509,13.48798693925498,13.238001235637158,12.625918675376415,11.668006074320765,11.989540413520746,11.425182241456179,11.603283959212398,11.94218807855211,11.7215141482733,11.839329513791299,12.111108620491429,12.816323521484678,12.965074169961023,12.32892649314568,12.236361513693915,12.214559047685187,12.224162952355584,11.968637509016977,11.918808988263962,11.688084047918517,11.041696328553922
0.0,0.0,0.0,14.545204312083971,11.477133028019995,12.207784468358437,12.1121718726621,13.000708666814436,13.722023685129376,14.202579595997648,15.29046654542477,16.379166354606475,16.862884434525196,18.473872325066672,18.5641158563227,17.293945986710195,17.183374855161464,17.84628197598041,17.969879293659922,17.50871642814057,17.129343817138466,17.254012951868383,16.247112632810804,16.368610808320497,16.51573551645934,17.212614504708895,17.49204619878683,17.547380058835138,18.07753932545574,17.385924579198278,17.02506824347398,17.053584630107316,16.236154340718294,15.025018318731844,14.087390072737628,13.338970311650824,12.829921283751963,12.120060229541373,11.670959787810625,11.361557769396864,11.036176591492334,11.561822819595328,11.15245566348208,11.893977650534179,12.13524260466881,12.55947713639798,12.867207453314712,13.425395501839308,16.313727735119205,16.75156730324485,17.58947367037227,16.247521013856975,14.861023131287137,13.437938550680412,13.776076327489545,13.234545568114385,12.69168677401084,12.737573728878797,12.999949948122225,13.698709202622489,13.095359150290463,12.323298936330037,11.910337812706512,11.803973971347329,11.412428299464516,11.39825560870715,11.667777754124304,11.884095123405862,12.358133665861587,12.311976714747628,12.181912937120705,12.0546016630629,11.597037942245834,11.665447722921591,11.831521120157912,11.726634347588593,11.554215174225792,11.518029618692477,10.457195843606293
0.0,0.0,0.0,12.86162919553454,11.499894650535321,11.572902654714227,11.127139047702876,12.801097709302748,13.51445606838682,14.446958177155732,16.077050923452948,16.68875419794978,16.927241188479012,17.87099227441595,18.743259931220933,17.596905501964617,16.81689313247133,17.26974572610916,18.50998103027476,18.03237127709768,17.475720469049385,17.75853092071105,17.48064201267342,17.402284711916206,17.244046275436247,18.01540719259698,18.100318264898572,17.219416808109504,17.292027238850096,16.757163786936253,16.85400602299927,16.435902790118753,16.0881528412108,15.054038720524733,14.064219348701048,13.434431461219752,12.978834184083627,12.34133704363209,11.682320014956804,11.435118007293825,11.426162913423305,11.238540194362136,11.150314997017308,11.527874366414729,11.831752856504654,12.375246349239461,12.864894853160608,13.900823089280593,14.118709997151107,16.985495949463868,18.02096922826101,17.927292404607872,16.148995344327524,14.909288376546431,14.372783404901789,13.954371039734639,13.825251699815043,13.313047907373885,12.913236619898324,12.71504348900167,12.344357601651947,12.327859842057059,12.408072068684664,12.465587302771569,11.9898215894379,11.517722960212234,11.819689222647447,11.775014710450035,11.904330494733934,11.878572161130538,11.67023574663304,11.45299233385952,10.988153410332151,10.88693903250452,10.92268905401407,10.864478454661223,10.987987305343582,10.804668657594245,10.421093433524995
0.0,0.0,0.0,11.047343230101228,11.656999028056841,11.10856752264041,0.0,13.139004475878131,14.804374053219464,15.859436297816483,16.822041500953652,17.16681350005542,17.46459550580199,18.176319010882274,18.01208747368434,17.506386388572338,16.825976505303593,17.889084667085257,18.664103829385333,18.884103829385325,18.71469503500351,18.23261764144294,18.34029040200057,18.256921468996552,18.48338529502039,19.231548136722505,17.903323117843122,16.289677096010976,16.186125263553727,16.053286977543216,15.917623026267709,16.242993354199506,15.941282430025845,15.548309661561113,14.730263971568807,14.061557653226963,13.536415947638991,13.009966532892339,12.16973458422811,11.700518098596913,11.77805623578382,11.456294943110073,11.330956852724228,11.388030074404519,11.380956852724228,11.789221741713853,12.680090303083176,13.999460651714132,14.054855474404885,15.465914641822788,17.427417763552967,18.260969228261008,17.86505810852658,15.21012057776911,15.039767256540578,15.262427577618439,14.27269382950559,14.05774682492002,13.008659066758668,12.530145861395358,12.30882559255172,11.795124240207851,12.041033086722447,12.407301546641406,11.831431571505853,12.061929116549052,12.022636184024375,11.467563462835813,11.082849962533544,11.461601814666398,11.34803007440452,10.747646544606567,10.257438559579118,10.092619995150695,10.286452008706231,10.03824312998361,10.066391946758008,9.964583980484901,9.779669764926325
0.0,0.0,11.943243487365251,13.759985991115144,14.28916615288715,14.413608808504012,15.228215889783797,15.273279449629456,16.513282854848484,16.46929360388701,16.546581468381206,17.66906857686557,18.30293050130164,18.50791679460974,18.32163438569381,17.454210071962986,17.11239944619656,17.443346897990757,18.619143426660983,19.23802326637474,19.597461652441,19.10859135075361,19.12126402503226,19.417562224100397,19.35225370544653,19.624218539764,17.391289754335045,15.825235884170485,15.255429887830099,14.906611495819464,15.048337366683349,15.66807250945373,15.804033824276875,15.742512868477785,15.465547798783794,14.78204302431806,14.287488717459077,13.714339863567194,13.160511483170705,12.661695724832459,11.788716734260715,11.576947350089803,11.617299993904597,11.425553828489967,11.633806846528882,12.03192566802555,12.200308146128283,13.61316362064963,14.047664866477557,15.702758351567283,15.3754587374158,17.90251611624037,17.674758289917463,17.42311055631773,18.368434736586075,16.195206051855564,14.44269382950559,13.875542868805432,13.05310759110152,12.23039646335771,11.883186899002197,11.922607182149331,11.775553381102739,11.836852628260289,11.229454937153964,11.430588714618224,11.625384719916887,11.595686159261122,11.1504061755202,10.920078832193253,10.742786605255178,10.360409903514707,9.838871113829784,9.403668143438852,9.455960162029346,9.268313176883282,9.400133020199245,9.238474293796342,9.114658337242075
0.0,0.0,13.61591205950316,13.968102008499006,14.89884047829354,15.406576792398587,15.048692607009325,15.246508019642032,16.03333595196194,16.738220044830964,17.42592615075612,17.96526407596362,18.843006003850626,19.38734716413286,19.245977023802915,17.78894943808986,17.0904500968545,17.57359257617713,18.403455171322086,18.814577370038677,19.808961354540926,19.820061686234823,20.208844592017186,19.820785581534768,20.189484867804488,19.44641987774422,18.238091985172304,16.50674266119624,15.360154787277846,14.728567669073634,14.69329953190151,14.813019918554428,15.49143271134392,16.206067330606952,17.028498608897813,15.4514562028969,14.819585935082756,14.27810783984687,14.248636294104402,13.727849863534729,12.82811446853033,12.33082529810269,12.102853021420866,11.220334615607925,11.567042321896064,11.62135130496742,11.754445477564838,12.048630309316444,12.832708263492123,14.37990034487478,15.02665484448245,17.229141626694016,19.024533369368278,18.575309391793304,17.797727684808187,18.510409481760924,14.984927048852025,13.537662135344746,13.232173317876107,11.981726561905877,11.801722617733933,11.862089238702769,11.623265430733351,11.925684966629802,11.514484292508238,10.978629512242941,10.891874152208892,10.77708146069298,10.723324446895015,10.812260467943112,10.615284300589703,10.030083188793737,9.498252678088548,9.060839163383424,8.724648731803281,8.701024438956683,8.864591977918916,8.864170823538263,8.621375549533319
0.0,0.0,15.284531602107197,15.844883685804579,15.303964629379177,15.078218615803275,15.362928325216135,15.566335251373484,15.619050924974156,16.415168105348187,17.860589270453495,18.57617285729134,19.26165415213631,19.89811439070433,19.778214934141207,18.41039258395325,17.710758516518943,18.020130619124732,18.382496437182088,18.98964366251305,19.973589844205794,20.443936743996073,20.205547816925087,20.710599301124827,20.00221946625657,19.437321582345902,18.894757240909954,17.366066466880817,16.190591547744827,14.924898720465638,15.101368080132293,14.878024396181132,15.044667492082745,16.025001115762095,15.782954783707563,15.092372277181575,15.285759795769874,15.001531677011359,14.60144219956019,13.945130586700861,13.463806916644675,12.621674151365367,12.356484725626407,11.877105823987602,11.835713164134495,11.859769474678975,11.770756933250116,12.278178842803966,12.905314997687228,13.383513224555578,13.412301824445702,15.364927048852026,17.671347476743236,17.332979259174113,17.478831071964983,16.570553685675584,15.083847564732288,14.015395541823505,12.983851149886494,12.225132048004946,12.019595174459178,11.850052695710204,11.282743996184934,11.051722769818248,10.942243804490232,10.968500017010568,11.403047184459659,12.427371300558045,11.621739987267684,10.909308643190041,10.256129819503304,9.453444261796207,9.13394666825941,8.952280188938762,8.471347739611828,8.355578513303806,8.41905559061536,8.70754740080449,8.38053582730787
0.0,0.0,15.964583274222687,15.975184364987475,15.461444589128881,15.127919529880318,15.605230256976263,15.058112493201554,14.91362260610543,15.299992224610584,17.229738167136503,18.565129165250575,19.35165415213631,19.86501392147877,20.037526505860775,19.682142890819275,18.382221300077713,17.70867220889184,18.118726251130234,18.78623914603957,19.269372158084803,19.600575654106855,20.05544742133324,20.067240302600432,18.42797342133026,18.194348756962626,18.77071848862078,17.26608388743179,15.99946987239175,15.285357837953878,15.120236970788769,14.965539979643012,14.793647853771962,15.572270950452268,15.8930872192229,15.057446890226192,14.486239642840454,14.469329536292673,13.60118837694284,13.444545568114384,13.478875499701747,13.186675224398265,12.333737039949767,12.161825935441263,12.577679640720426,12.431152092252347,11.841351304967421,12.299327875670473,12.784044085166464,13.413831179847218,13.707917805060703,13.816660802420369,15.264210815144157,15.450172400035072,15.472764626576819,15.529846811749543,14.340287788576134,14.018456496903294,14.177200109927911,13.123822522113176,12.166668787828709,11.278841429456634,10.400374562860172,11.329162217485194,11.935077994617153,11.795447312182112,11.10691770056055,0.0,0.0,0.0,0.0,0.0,9.851735252186185,9.284418434920369,8.450345560976144,8.399095620380717,0.0,0.0,0.0
0.0,0.0,13.326660802420369,15.803833256918953,15.016330911250595,14.562256354324887,15.527216291671008,15.432173087531098,14.698488983422969,14.622041575642758,16.087067721541345,17.530805026482167,18.179626590857765,19.44852659512886,19.49767646837265,19.7965962030547,18.56950395770763,17.01999669093372,16.90208737051909,16.560928190336586,17.23507182450608,18.12402083717198,18.10319019397923,18.615478841209793,17.04483772393996,16.73186204936076,16.79590279011875,16.32751208744634,15.249621382875619,14.193025353938504,14.1646720180023,14.243017706132052,14.496041405671583,14.598477663196903,14.745961145284848,14.086413115622603,13.324211912431084,13.03961449979455,12.360973195212143,12.276213916206842,12.182612000172375,12.313737039949766,12.217975692963929,12.263893764745628,12.032498450977787,12.990291912346269,11.97425411870109,12.119073991971703,13.046713383087043,13.12422959084451,13.515200520087754,13.769039539780099,14.557148099953,14.28570309835152,14.032389866289515,13.5426154987607,13.314589992809806,12.525405325570688,13.932476700903273,12.84661885432337,11.864566365608418,12.320559334919281,11.509694140927156,11.44359610494796,0.0,10.836225407014698,0.0,0.0,0.0,0.0,11.214563052061735,10.378371338732997,10.380520010701233,0.0,0.0,0.0,0.0,8.036441761973792,0.0
0.0,11.397803839744089,11.651769413307527,13.486802571321398,14.044601669946976,15.235411724389255,15.599463641025345,16.867124397529466,14.654373026877515,14.000254721163728,15.296696935523617,16.426694831127136,17.055107912155492,17.767523503168686,18.8524562262801,19.52203038583844,18.039893532237194,16.694412157869905,15.732788649069967,15.7780804310269,16.44967709601098,16.563932832044387,17.16794072674055,16.95523665545379,16.69018513238099,16.1290720725505,15.593195267239764,15.89218667719065,14.868117989573925,14.049706770022802,14.019040149572012,13.458847605600425,13.282238147306042,13.506553337665533,13.003719258722022,12.739158577867645,12.131540674796941,11.726525320775512,11.705504948463052,11.028589278263658,10.805241798441916,10.897946092235765,11.145033655165982,11.23919594404178,11.233036614918198,11.737202951525589,11.924777667844705,12.236033888255507,12.192544679562214,13.274327613475705,12.964569616108633,13.36054156311214,13.945884100215576,13.898369956628443,13.118145825339349,13.436254424369467,16.562432733577115,14.165153524713002,13.190817206255465,11.951744171813916,0.0,12.127040320640809,11.495245237173432,11.1149070011303,11.777495728987413,0.0,0.0,0.0,0.0,0.0,0.0,0.0,0.0,0.0,0.0,0.0,0.0,0.0,0.0
10.184273536993343,10.732881254066122,10.78658964933117,12.043209384394169,13.00477876527167,13.675907063530195,14.750967550064221,15.108467939668515,15.766030152425941,14.223962841190675,15.010821544186404,15.8040249568771,16.47898531911525,17.368953726342202,18.799974365273467,18.86829758356243,18.313578482986436,16.683935433973843,15.767632127952098,15.66716500368117,16.070694404301168,16.171123149022947,15.986459195501745,15.914993304726288,16.02172311585882,15.367736364310712,15.793207156251107,16.268952170908193,15.318845006691953,14.506617127499261,13.53193650843882,13.33507201985434,13.314349946622196,12.642399537877134,12.317894592532017,11.694610022120868,11.280843549384901,11.030957619132765,10.672524334707886,10.20037384262372,9.95256133255456,10.285230189904173,10.489945796279935,10.056659682000731,10.151694185868301,10.71608243759859,11.434818036098626,10.840199998279314,12.798823216667692,12.313775417862345,12.606969469660072,12.7736110773677,12.849140765238044,12.911205340990282,12.811275523783035,13.378795837188328,14.628972711747902,15.536411711633583,13.363539265837435,12.794500244741608,0.0,0.0,12.19704032064081,11.249708130165676,11.498058680745528,0.0,0.0,0.0,0.0,0.0,0.0,0.0,0.0,0.0,0.0,0.0,0.0,0.0,0.0
9.445148225536482,9.372916593969014,9.480576488159128,11.27410981603741,11.694891071174322,12.989128017980832,13.989299928605828,14.27682706409291,14.629332274885652,14.730764462741,15.058336462010107,15.262963577240583,16.121077271948685,16.729283741627047,19.23730007171005,18.796766380300156,17.713070219661645,17.320142624862008,15.996695129204767,15.479427461485248,15.63985724436511,15.63539629092709,15.086893843540588,14.938106365402962,15.24757194637617,15.039257423696522,15.907112224876785,16.346516699836354,15.800772015847553,14.600711296485969,13.784952681405379,12.897674899858508,12.607623153035492,11.821634782080041,11.480017052834231,11.11556301875359,10.622798418578036,10.271649726385018,10.016723236709163,9.579798242824229,9.385660933631709,9.152231004845936,9.191229733968807,10.012792380979345,0.0,10.247764061865576,10.627829759564182,10.15391820979458,11.808172497211913,11.936066951030682,12.315204480020306,12.163559548746042,12.083559548746042,12.395204480020306,11.975004279985647,12.043991636868078,12.96887939533953,13.412582140090617,13.366748630386297,12.698297602681034,12.932170688714578,0.0,0.0,0.0,12.021240045139294,0.0,0.0,0.0,0.0,0.0,0.0,0.0,0.0,9.578943135204028,0.0,0.0,0.0,0.0,0.0
8.929516249102369,8.832226158271716,9.55885473832956,10.696420143625835,11.43294777115447,12.432435425352296,12.945120333418313,13.006601711719776,13.620018922029699,14.609653444514478,15.033401447644584,14.82188626411043,15.403835547492942,15.91908892277331,16.492868887883553,16.8708487263542,16.25053926438989,16.675685052948193,15.958678542647515,15.369223289023342,15.03486891192399,14.716820169599412,14.551876180228874,14.167981775654592,14.449562128577714,15.118710346160523,15.54260002031074,16.550061730495514,15.892434464457894,15.49406003008354,14.49514559933791,13.227652818221145,12.471067329010296,12.69015948119274,12.455316752732315,11.342743996184932,11.006654886690654,10.971480878776,9.565831000441273,9.060949360034316,8.919953110300213,8.742873484862049,8.751501829826369,8.926113297694956,9.077752884822587,0.0,0.0,0.0,0.0,0.0,0.0,12.332121340896375,11.456974659122864,10.806205673281895,11.202531831874467,11.367121881542012,11.45198342912424,12.333567698852871,12.90328583957773,12.630598170604785,12.538761764838863,12.96651623096308,0.0,0.0,0.0,0.0,0.0,0.0,0.0,0.0,0.0,0.0,0.0,0.0,0.0,0.0,0.0,0.0,0.0
0.0,0.0,0.0,10.311707706783341,10.987560247178244,11.574027919419937,12.084800167821715,12.38057208779573,12.633753643571568,13.448339517493679,14.42654714876763,14.517778924036953,15.351307074221396,15.703184414447913,15.743300171253082,16.264783299670775,15.948891702693267,15.82612131589978,15.097460706657962,14.958210048225293,14.685711787763083,14.33530354513319,13.397556180530566,13.725478280069815,13.793324303513891,14.518757290079758,15.704329701482777,15.734507386957013,16.18663851003977,15.314111794128522,14.336123837569572,13.60282534680719,12.66859614320315,12.620927863446049,12.340863642587532,11.832041660180629,11.16787610693125,10.9352820620575,10.436483936099085,9.416095329209405,9.00719700391049,8.838206856233514,8.523638133023095,8.746113297694956,8.432272763634979,0.0,0.0,0.0,0.0,0.0,0.0,10.816549830851066,0.0,0.0,10.223507484434382,10.547180689226446,10.496373811625087,10.560605798220966,11.330202235659193,11.700221318554776,11.81166013041816,0.0,0.0,0.0,0.0,0.0,0.0,0.0,0.0,0.0,0.0,0.0,0.0,0.0,0.0,0.0,0.0,0.0,0.0
0.0,0.0,0.0,10.419018048258307,10.409612496419648,11.189611470145554,11.361652700526047,11.864782382699312,12.249905973678086,12.663159065606614,13.373741077166416,13.900171003462598,14.436620994181055,14.691088544762469,15.433481214879134,16.05098845520736,15.689116115403818,15.977456440206147,14.826419433494383,15.013441353998136,14.261541202813875,13.783245853343367,13.483346156485553,13.106179596996494,13.399389744703557,14.208150267112767,15.329364692231042,15.386538986761293,15.875353762222188,15.29025376347378,14.080501942634758,13.762867672990371,12.72105779890443,12.145648948338007,11.72797957629916,11.514055054927844,11.255445401885748,10.814339779592089,10.374958584971045,9.426921899945926,9.145446709318287,8.988488952905547,8.745938341980155,8.917366391641108,0.0,0.0,0.0,0.0,0.0,0.0,0.0,0.0,0.0,0.0,0.0,9.289385258630018,10.024681478529008,10.007842022783615,11.259692148498043,11.18192914442814,11.629199595113992,0.0,0.0,0.0,0.0,0.0,0.0,0.0,0.0,0.0,0.0,0.0,0.0,0.0,0.0,0.0,0.0,0.0,0.0
0.0,0.0,0.0,9.26018890663498,10.530882142596576,10.832854778749498,11.232205946030888,11.653304937572534,11.974353838451059,11.942790759368068,12.54108513872967,13.375827740699519,13.736469696544848,14.033936518865197,14.903080189953684,15.138071413713325,15.416203399284504,15.35943184752314,14.869636875329334,14.326082976862306,13.506986963597518,12.889542940657707,13.162627720004984,13.334747388359947,13.260572590189305,14.087667505141553,15.113258405676635,15.354323571654017,15.565064547158189,14.582425577694188,13.427520673322597,13.278573438509085,12.804961406389129,12.041100068597931,11.390924659062748,11.45739346916002,11.017263630882805,10.395013913291685,9.999674858656338,9.517142370058288,9.23236621676317,9.02500813107103,8.77481019805728,0.0,0.0,0.0,0.0,0.0,0.0,0.0,0.0,0.0,0.0,0.0,0.0,0.0,9.500070235322314,9.681611534630523,9.4587498056261,9.824609091355399,10.60037252010502,0.0,0.0,0.0,0.0,0.0,0.0,0.0,0.0,0.0,0.0,0.0,0.0,0.0,0.0,0.0,0.0,0.0,0.0
0.0,0.0,0.0,10.00113713689585,10.852207207689082,10.949546137249522,10.938090810289568,11.750924598135487,11.618171657252734,11.558929690310762,12.125102376629165,12.586768562773972,12.829893463305556,13.357117646593498,14.157359893881944,14.513203726511831,15.092664376656666,15.078137662528547,14.37098563336798,13.376362843391624,12.418916921971807,11.831633658471212,12.135237383115538,12.403853553993894,12.839783007578454,13.569944454375923,14.736630044346002,15.28702693609236,15.079913345489828,14.28169394938271,13.85625923730862,13.38406017170502,13.224693253893307,12.535316752732314,11.455141487369199,11.110413560815395,11.05644339939904,10.178891583294062,9.376556560063957,9.05365153489295,8.95854627138281,9.455503931214196,0.0,0.0,0.0,0.0,0.0,0.0,0.0,0.0,0.0,0.0,0.0,0.0,0.0,0.0,0.0,0.0,0.0,0.0,0.0,10.400520010701232,0.0,0.0,0.0,0.0,0.0,0.0,0.0,0.0,0.0,0.0,0.0,0.0,0.0,0.0,0.0,0.0,0.0
0.0,0.0,0.0,0.0,10.899866015890137,10.784360218356674,10.987759550420888,11.77847551790001,11.606821828667993,11.33031131034331,11.263443146084924,11.542122559579516,11.906319328130227,12.18466668782246,12.719065235644699,13.876830408741464,14.209607347099785,14.541864396994235,14.06822249232167,13.429948635178832,12.487111426559066,11.508382258397894,11.15031131034331,11.272866799201571,11.713734264201014,12.793401667245675,13.964800834661956,14.40685798075727,14.83324168062675,14.513718828031626,14.345663339206991,13.707666035627188,13.212301824445703,11.94279883932682,11.277359146875833,11.029621410686334,10.375706031331141,9.859266913587028,9.396574726661918,9.676140818508006,9.48591577412464,9.159058782580752,8.919642065620012,0.0,0.0,0.0,0.0,0.0,0.0,0.0,0.0,0.0,0.0,0.0,0.0,0.0,0.0,0.0,0.0,0.0,0.0,0.0,0.0,0.0,0.0,0.0,0.0,0.0,0.0,0.0,0.0,0.0,0.0,0.0,0.0,0.0,0.0,0.0,0.0
0.0,0.0,0.0,0.0,10.827989765947663,10.449175608570279,10.784245076206194,11.359286823025183,11.59330358244599,11.17338555216416,10.608141923893893,10.870767856133778,10.989312838633312,11.528096370728637,11.902952647903314,12.703130751189684,13.640811239655601,13.507096382514762,13.15214832139861,12.670138153215703,11.411285167010986,10.892172979177655,10.556058932187389,10.560882142596576,10.919887653245576,11.769252022488505,12.286424454007888,13.415905252481831,14.267440940884212,14.399642340270606,14.355387042914947,14.61027641194674,13.345919079766418,12.90621544290683,11.867902499055958,11.466996807256706,10.983041987825318,10.243906905269576,9.66326298155192,9.47462065435817,10.241535011812736,9.454890643251932,9.313642618514645,9.240996508147953,0.0,0.0,0.0,0.0,0.0,0.0,0.0,0.0,0.0,0.0,0.0,0.0,0.0,0.0,0.0,0.0,0.0,0.0,0.0,0.0,0.0,0.0,0.0,0.0,0.0,0.0,0.0,0.0,0.0,0.0,0.0,0.0,0.0,0.0,0.0
0.0,0.0,0.0,0.0,9.910875319438144,10.591107720879966,10.999540054879372,11.494542633444645,11.410425681139923,11.201114705128722,11.14633519608523,11.056995303626291,10.762867332907348,10.749325418946103,11.57131217050135,11.692587104346124,12.604131309116392,12.344059725255171,12.224755684175896,11.914919258311333,11.223922872972835,10.659251592542308,10.10436781043341,10.007847719115372,10.662014102750167,11.310244075315353,11.77933603833881,12.743757703670564,13.041196787017835,13.34487080683858,13.608220877441038,14.487443656908916,15.112770293894407,12.647915700183223,12.738928398716343,12.523828537665574,11.807348895922866,11.245693468287943,9.997448418719943,9.48090978473408,9.68379295838555,9.880673200161601,0.0,0.0,0.0,0.0,0.0,0.0,0.0,0.0,0.0,0.0,0.0,0.0,0.0,0.0,0.0,0.0,0.0,0.0,0.0,0.0,0.0,0.0,0.0,0.0,0.0,0.0,0.0,0.0,0.0,0.0,0.0,0.0,0.0,0.0,0.0,0.0,0.0
0.0,0.0,0.0,0.0,9.310312435798703,10.428470322759567,10.763962111193875,11.255336611574096,11.64975191522284,11.62077818731496,12.017778254446206,11.48154928369912,11.315836456971159,11.128107079767142,11.180910100524805,11.5224247353195,12.131042485536025,12.249866865191018,12.552130687151763,12.178609627701933,11.349493522747819,10.570502727693789,10.182592895100848,10.0772131397908,10.411843709171405,11.136797519784716,11.50231114673118,11.901726561905875,12.528427021944813,13.898205102141759,13.414794951814782,12.922413501741726,12.928206151529167,12.255950227581907,12.339013916365882,11.891619094376116,11.598058680745527,11.14797957629916,10.317351534086203,9.557758384338012,9.781641497015904,0.0,0.0,0.0,9.521215013900097,9.082979599692312,0.0,0.0,0.0,0.0,0.0,0.0,0.0,0.0,0.0,0.0,0.0,0.0,0.0,0.0,0.0,0.0,0.0,0.0,0.0,0.0,0.0,0.0,0.0,0.0,0.0,0.0,0.0,0.0,0.0,0.0,0.0,0.0,0.0
0.0,0.0,0.0,0.0,9.328245134150565,9.785806272314739,10.405334437270682,10.856928383880792,11.0427164388836,11.35045976452486,11.832385681804848,11.746791917352619,11.370843549384901,11.283001268350393,11.171580976784117,11.395711743321712,11.759284903970638,11.84194255095254,12.246583146130916,12.149689559865305,11.193280998956105,10.714676990926495,10.325631229114403,10.404598382241934,10.827691793041684,11.039063474881434,11.529114398605484,11.501711514510095,11.465609753422873,12.079462759997927,11.646051174901482,11.413492522280514,11.577323666638822,10.599966684829159,0.0,0.0,0.0,11.645524454721066,10.79331733639573,9.75216490883406,9.984869879800065,9.859983903173116,0.0,0.0,0.0,0.0,0.0,0.0,0.0,0.0,0.0,0.0,0.0,0.0,0.0,0.0,0.0,0.0,0.0,0.0,0.0,0.0,0.0,0.0,0.0,0.0,0.0,0.0,0.0,0.0,0.0,0.0,0.0,0.0,0.0,0.0,0.0,0.0,0.0
0.0,0.0,0.0,0.0,0.0,9.5613756772092,9.712005715125045,10.465549306269647,11.035027696801142,10.93253942161822,11.50946378987955,11.534343232797406,11.145967897151905,10.974299840513101,11.367826567948605,11.339092560087288,11.788979900566524,11.53023574663304,12.30398258329875,11.965504948463053,11.192031098686416,11.18405706557934,10.930856021680098,10.939993457639975,11.416615709983203,11.314404939368291,13.482143445698721,11.723974124119362,11.480924659062747,11.408861902359973,11.009890833697405,10.50028553697715,0.0,0.0,0.0,0.0,0.0,0.0,0.0,10.771072171101046,0.0,0.0,0.0,0.0,0.0,0.0,0.0,0.0,0.0,0.0,0.0,0.0,0.0,0.0,0.0,0.0,0.0,0.0,0.0,0.0,0.0,0.0,0.0,0.0,0.0,0.0,0.0,0.0,0.0,0.0,0.0,0.0,0.0,0.0,0.0,0.0,0.0,0.0,0.0
0.0,0.0,0.0,0.0,0.0,9.216911359541314,9.581242873946742,10.141300658748563,10.249488189167733,10.521584354386544,10.55713486065137,10.949457608065675,10.331824704230666,10.317993621078434,10.83939216153761,11.151678250637977,11.376458048105103,11.18095685272423,11.561626090637692,11.926769725189523,11.657080903909371,11.198486932280751,11.257165775532444,11.538294254767777,11.290459764524861,11.495285569518025,12.16669495176279,12.010863642587534,11.480353158067459,10.767024004759545,10.424365787833592,10.474873923228813,10.345790005802574,9.692395366724721,9.653520609398722,0.0,0.0,0.0,0.0,0.0,0.0,0.0,0.0,0.0,0.0,0.0,0.0,0.0,0.0,0.0,0.0,0.0,0.0,0.0,0.0,0.0,0.0,0.0,0.0,0.0,0.0,0.0,0.0,0.0,0.0,0.0,0.0,0.0,0.0,0.0,0.0,0.0,0.0,0.0,0.0,0.0,0.0,0.0,0.0
0.0,0.0,0.0,0.0,0.0,0.0,0.0,9.069728519208311,9.740817973160206,10.604230661560655,9.884311785170361,10.407995133330473,9.62030894673864,9.696118881628108,10.401056412431911,10.419763414500126,10.483654401418557,10.939457608065673,11.157608936134075,11.782903813960747,11.832362882582913,11.759777823447635,11.722533991079134,11.898160338482956,11.48426598548971,11.40207411136705,12.122824738499185,12.102402845870962,11.04990323739101,10.849238048456856,10.450230270357782,10.410230270357783,10.610993858634155,9.84755130438624,9.369105567021965,9.390846622764544,9.445234052137417,9.906328496233598,10.379644610913594,0.0,0.0,0.0,0.0,0.0,0.0,0.0,0.0,0.0,0.0,0.0,0.0,0.0,0.0,0.0,0.0,0.0,0.0,0.0,0.0,0.0,0.0,0.0,0.0,0.0,0.0,0.0,0.0,0.0,0.0,0.0,0.0,0.0,0.0,0.0,0.0,0.0,0.0,0.0,0.0
0.0,0.0,0.0,0.0,0.0,0.0,0.0,0.0,9.480749444571588,10.413725400939075,10.15698257039849,10.069073564682252,9.125502095609239,9.592624738761788,9.78134153198771,10.098232007881832,10.430552826471027,10.184036738329072,11.079103170855388,11.54045193067311,11.396244844871612,12.097975692963928,11.574688931809728,12.217510728291721,12.03130547938927,11.622714530202131,11.92736607655185,11.173296498326302,10.519111509622427,10.22746085147146,10.273336898308965,10.242786776975056,10.202003446388362,10.19378293333601,9.81828742053588,9.586030134411184,9.148175402996623,0.0,9.587333068131333,0.0,0.0,0.0,0.0,0.0,0.0,0.0,0.0,0.0,0.0,0.0,0.0,0.0,0.0,0.0,0.0,0.0,0.0,0.0,0.0,0.0,0.0,0.0,0.0,0.0,0.0,0.0,0.0,0.0,0.0,0.0,0.0,0.0,0.0,0.0,0.0,0.0,0.0,0.0,0.0
0.0,0.0,0.0,0.0,0.0,0.0,0.0,0.0,9.245198068063901,9.881338884948399,10.361763261463324,10.768231450491575,9.78961457482377,10.445638130806389,10.154459827885706,9.555566202598317,10.005230691846137,9.867897381247658,10.309012107963932,10.520233514625088,10.835181806910155,11.736431682861715,12.972683020701492,13.328499145888902,13.521873374873579,12.703467355527648,11.916263280378484,11.200222294964687,10.556990315541292,10.048871113829783,9.988871113829784,10.14304090199165,10.54177593301405,10.200523668087634,10.037129235923237,9.489102930298536,9.579097899460937,9.414953535499965,9.695580858521343,9.91819924535719,0.0,0.0,0.0,0.0,0.0,0.0,0.0,0.0,0.0,0.0,0.0,0.0,0.0,0.0,0.0,0.0,0.0,0.0,0.0,0.0,0.0,0.0,0.0,0.0,0.0,0.0,0.0,0.0,0.0,0.0,0.0,0.0,0.0,0.0,0.0,0.0,0.0,0.0,0.0
0.0,0.0,0.0,0.0,0.0,0.0,0.0,0.0,0.0,0.0,10.05857268907577,0.0,10.683732264094841,10.08385556886627,9.705873959468914,9.814519545950517,9.790994281385515,0.0,0.0,11.567826702930967,10.885039010045718,11.489307966854202,14.116792292334733,14.156792292334734,0.0,14.074596047097351,14.075636435125071,12.996939244562407,11.850067094183572,10.450400694133576,10.552423557072334,11.531981949211616,10.718487889360349,10.762233944707749,10.820513576884501,10.372536501190142,10.282829384111185,10.591762733838145,10.594255431219064,10.184800808967811,10.317310821853907,0.0,0.0,0.0,0.0,0.0,0.0,0.0,0.0,0.0,0.0,0.0,0.0,0.0,0.0,0.0,0.0,0.0,0.0,0.0,0.0,0.0,0.0,0.0,0.0,0.0,0.0,0.0,0.0,0.0,0.0,0.0,0.0,0.0,0.0,0.0,0.0,0.0,0.0
0.0,0.0,0.0,0.0,0.0,0.0,0.0,0.0,0.0,0.0,0.0,0.0,0.0,10.52336500622101,0.0,0.0,0.0,0.0,0.0,0.0,13.936792292334733,10.81541140654293,13.867665810911596,0.0,0.0,12.836005281368767,12.753249046431302,12.219574322638286,11.463294198574964,11.000525887315117,0.0,0.0,0.0,11.348554968856092,10.600942357360017,10.445140752648335,10.140536978411147,10.32941404357337,10.557950496091319,10.026864378590787,10.22178105623381,0.0,0.0,0.0,0.0,0.0,0.0,0.0,0.0,0.0,0.0,0.0,0.0,0.0,0.0,0.0,0.0,0.0,0.0,0.0,0.0,0.0,0.0,0.0,0.0,0.0,0.0,0.0,0.0,0.0,0.0,0.0,0.0,0.0,0.0,0.0,0.0,0.0,0.0
0.0,0.0,0.0,0.0,0.0,0.0,0.0,0.0,0.0,0.0,0.0,0.0,0.0,0.0,0.0,0.0,0.0,0.0,0.0,0.0,0.0,0.0,0.0,0.0,0.0,0.0,0.0,0.0,0.0,0.0,0.0,0.0,0.0,0.0,0.0,12.144794486178164,0.0,0.0,0.0,0.0,0.0,0.0,0.0,0.0,0.0,0.0,0.0,0.0,0.0,0.0,0.0,0.0,0.0,0.0,0.0,0.0,0.0,0.0,0.0,0.0,0.0,0.0,0.0,0.0,0.0,0.0,0.0,0.0,0.0,0.0,0.0,0.0,0.0,0.0,0.0,0.0,0.0,0.0,0.0
0.0,0.0,0.0,0.0,0.0,0.0,0.0,0.0,0.0,0.0,0.0,0.0,0.0,0.0,0.0,0.0,0.0,0.0,0.0,0.0,0.0,0.0,0.0,0.0,0.0,0.0,0.0,0.0,0.0,0.0,0.0,0.0,0.0,0.0,0.0,0.0,0.0,0.0,0.0,0.0,0.0,0.0,0.0,0.0,0.0,0.0,0.0,0.0,0.0,0.0,0.0,0.0,0.0,0.0,0.0,0.0,0.0,0.0,0.0,0.0,0.0,0.0,0.0,0.0,0.0,0.0,0.0,0.0,0.0,0.0,0.0,0.0,0.0,0.0,0.0,0.0,0.0,0.0,0.0
