0.0,0.0,0.0,0.0,0.0,0.0,0.0,0.0,0.0,0.0,0.0,0.0,0.0,0.0,0.0,0.0,0.0,0.0,0.0,0.0,0.0,0.0,0.0,0.0,0.0,0.0,0.0,0.0,0.0,0.0,0.0,0.0,0.0,0.0,0.0,0.0,0.0,0.0,0.0,0.0,0.0,0.0,0.0,0.0,0.0,0.0,0.0,0.0,0.0,0.0,10.634983196266052,10.827496139167287,11.227878554435433,11.389661747933438,11.664448162299026,11.695361124451708,11.91616813543762,11.72158770164462,11.886339727956457,11.744278306234296,11.886226830065068,11.776500202234644,11.578453083994535,11.678481874649604,12.07645071304914,11.479193636932168,11.012313517030197,0.0,0.0,0.0,10.367238092256233,10.885678937346187,11.295734700191607,11.759770738950843,12.250063391133564,12.459733248356416,12.808142936056381,13.037870291608266,13.344758072707256
0.0,0.0,0.0,0.0,0.0,0.0,0.0,0.0,0.0,0.0,0.0,0.0,0.0,0.0,0.0,0.0,0.0,0.0,0.0,0.0,0.0,0.0,0.0,0.0,0.0,0.0,0.0,0.0,0.0,0.0,0.0,0.0,0.0,0.0,0.0,0.0,0.0,0.0,0.0,0.0,0.0,0.0,0.0,0.0,0.0,0.0,0.0,0.0,0.0,10.198879704265503,10.935797079019245,11.052563136308562,11.307195300545034,11.545815325252407,11.817073406256647,11.907381374766274,11.965993738495733,11.968273545757198,11.896208851792554,11.827316313096357,11.688279783367424,11.794965693003807,11.817316313096358,11.789561783264315,11.762229125896662,11.941034949792183,11.786486706098147,0.0,0.0,11.349499633683383,12.176665662052615,12.196182247043117,12.502728273678763,12.656588531249962,12.972894934670647,13.257553996956252,13.548180602625822,13.678549790240627,13.809479654323997
0.0,0.0,0.0,0.0,0.0,0.0,0.0,0.0,0.0,0.0,0.0,0.0,0.0,0.0,0.0,0.0,0.0,0.0,0.0,0.0,0.0,0.0,0.0,0.0,0.0,0.0,0.0,0.0,0.0,0.0,0.0,0.0,0.0,0.0,0.0,0.0,0.0,0.0,0.0,0.0,0.0,0.0,0.0,0.0,0.0,0.0,0.0,0.0,0.0,10.310511057485122,11.025828807799634,11.253183474220027,11.581994989382483,11.724990634276054,11.965410879719693,11.873452929817192,11.722485782941051,11.732832972309645,11.647955986246535,11.573535736243743,11.406590463595375,11.380193443797506,11.503973830763755,11.37617188311625,11.700954760702443,11.038657903547339,0.0,0.0,11.932714749022622,12.23999622898154,12.793421614067874,12.996490620687732,13.199861979178252,13.599265652242725,14.03727352902295,14.279807238969461,14.482151506110782,14.594710793759106,14.447325712684922
0.0,0.0,0.0,0.0,0.0,0.0,0.0,0.0,0.0,0.0,0.0,0.0,0.0,0.0,0.0,0.0,0.0,0.0,0.0,0.0,0.0,0.0,0.0,0.0,0.0,0.0,0.0,0.0,0.0,0.0,0.0,0.0,0.0,0.0,0.0,0.0,0.0,0.0,0.0,0.0,0.0,0.0,0.0,0.0,0.0,0.0,0.0,0.0,0.0,10.422568313441747,11.083852549734887,11.505264427953197,11.792427924042016,11.864515933402444,11.886284472922819,11.754651266134928,11.67895603696596,11.665991869137017,11.697063847221246,11.520214568098089,11.403153066376742,11.389840584424787,11.340737217785572,11.310298372597185,11.201735672215845,11.559344869790444,11.521530607462154,12.504833381653103,12.67173785727821,13.130624388325145,13.327762615970958,13.573147078671507,13.958172432741076,14.28687608643741,14.607307778620076,14.815039989176697,14.910331589570509,15.039299992081482,14.784800547161279
0.0,0.0,0.0,0.0,0.0,0.0,0.0,0.0,0.0,0.0,0.0,0.0,0.0,0.0,0.0,0.0,0.0,0.0,0.0,0.0,0.0,0.0,0.0,0.0,0.0,0.0,0.0,0.0,0.0,0.0,0.0,0.0,0.0,0.0,0.0,0.0,0.0,0.0,0.0,0.0,0.0,0.0,0.0,0.0,0.0,0.0,0.0,0.0,9.838987763848207,10.623179522009531,11.159489136474724,11.628801101382837,11.834227818161667,11.822570115449192,11.75967393598548,11.544017373212059,11.452106354342792,11.468112772680968,11.542500184155264,11.477728357531255,11.408174819981136,11.35495322118615,11.10868603356764,11.254817183871072,10.990860966711502,12.154056272673358,12.550028561910445,12.727839108614504,13.248692795047187,13.513486048050797,13.81009273887703,14.092930956712152,14.485832915788992,14.710245074658733,14.932857480943468,15.1036592799652,15.36631629465548,15.268739105030168,15.163702815137079
0.0,0.0,0.0,0.0,0.0,0.0,0.0,0.0,0.0,0.0,0.0,0.0,0.0,0.0,0.0,0.0,0.0,0.0,0.0,0.0,0.0,0.0,0.0,0.0,0.0,0.0,0.0,0.0,0.0,0.0,0.0,0.0,0.0,0.0,0.0,0.0,0.0,0.0,0.0,0.0,0.0,0.0,0.0,0.0,0.0,0.0,0.0,0.0,9.935087507994798,10.705886624005704,11.269287913213411,11.781016041114029,11.891135184045147,11.865982130721978,11.861802534633048,11.512993072216076,11.282197803556551,11.179972834173618,11.433281217356537,11.330316220245177,11.232272142764462,10.901268498194266,10.789412098073578,10.610589479946503,11.111778453335164,12.714016546052484,12.721281914538551,13.324799768854486,13.571931480129676,14.120728001142517,14.37468493362283,14.39017907588115,14.6300450432122,14.926401721827943,15.244967503555781,15.343345096118952,15.60623072940392,15.511187872568414,15.009107007539868
0.0,0.0,0.0,0.0,0.0,0.0,0.0,0.0,0.0,0.0,0.0,0.0,0.0,0.0,0.0,0.0,0.0,0.0,0.0,0.0,0.0,0.0,0.0,0.0,0.0,0.0,0.0,0.0,0.0,0.0,0.0,0.0,0.0,0.0,0.0,0.0,0.0,0.0,0.0,0.0,0.0,0.0,0.0,0.0,0.0,0.0,0.0,0.0,10.0187390149821,10.730962797369417,11.181216015426251,11.658762937676137,11.920877405846305,12.040538384262234,11.923489382774598,11.761083065753768,11.26735717499523,11.097203751233673,10.925594593195003,11.171336877079876,11.463870861639965,11.398721227580571,10.405882924924594,11.962822693736584,12.74131656560476,12.925421730917302,13.323213282281202,13.744256161543372,14.099786483229774,14.371163598286484,14.565701451659724,14.601045408669451,14.901829039050465,15.277532944515777,15.433625256016427,15.583769935311675,15.56989344866657,15.614967644722054,15.352300317661793
0.0,0.0,0.0,0.0,0.0,0.0,0.0,0.0,0.0,0.0,0.0,0.0,0.0,0.0,0.0,0.0,0.0,0.0,0.0,0.0,0.0,0.0,0.0,0.0,0.0,0.0,0.0,0.0,0.0,0.0,0.0,0.0,0.0,0.0,0.0,0.0,0.0,0.0,0.0,0.0,0.0,0.0,0.0,0.0,0.0,0.0,0.0,0.0,10.105005516532785,10.791122401065804,11.337048944393658,11.767140547631099,11.841701838391366,12.04517846205454,12.091880218452868,11.97216927168995,11.431102774830318,10.842654516416864,10.79794186748831,10.402744448476447,11.244512083442089,11.603356096869229,12.1327812421202,13.053242791965442,12.98158814701562,13.422802898645028,13.895251788587036,14.248654999284518,14.498754705925116,14.694636375554152,14.744187080522899,15.002118535472409,15.253625256016427,15.648493804206097,15.800995480022262,15.840806360858743,15.677688091196208,15.795121411082764,15.374409040796763
0.0,0.0,0.0,0.0,0.0,0.0,0.0,0.0,0.0,0.0,0.0,0.0,0.0,0.0,0.0,0.0,0.0,0.0,0.0,0.0,0.0,0.0,0.0,0.0,0.0,0.0,0.0,0.0,0.0,0.0,0.0,0.0,0.0,0.0,0.0,0.0,0.0,0.0,0.0,0.0,0.0,0.0,0.0,0.0,0.0,0.0,0.0,0.0,10.391566287028374,10.705225743694331,11.283631354519256,11.613819912090804,11.89734660637083,11.972392037871158,11.786491900908164,12.004700485922386,11.876624156236238,11.630564119979368,0.0,0.0,11.248441968934785,11.93344793277394,12.480914962836692,13.047740953169168,13.57884148605164,14.048654999284517,14.305253839933883,14.582118535472407,14.718754705925116,14.883550336930142,15.125473471487243,15.346935438682205,15.600896354213408,15.729499050268174,15.917598751118177,15.884874977361466,16.068472368900853,16.107562093892216,15.729230891464193
0.0,0.0,0.0,0.0,0.0,0.0,0.0,0.0,0.0,0.0,0.0,0.0,0.0,0.0,0.0,0.0,0.0,0.0,0.0,0.0,0.0,0.0,0.0,0.0,0.0,0.0,0.0,0.0,0.0,0.0,0.0,0.0,0.0,0.0,0.0,0.0,0.0,0.0,0.0,0.0,0.0,0.0,0.0,0.0,0.0,0.0,0.0,0.0,10.523745865564534,11.022126564991696,11.084459335064672,11.381516865493222,11.409998193824777,11.853988819689082,12.003059882192053,10.491066014888327,0.0,0.0,10.82279289724606,11.87282769244795,12.048438063884005,12.795787560654682,13.03231086302057,13.380648764874817,13.555629432249766,14.027896699806302,14.427696271638386,14.805473471487243,15.163199754389467,15.410995480022265,15.5527027630581,15.826109394645773,15.975765964139725,16.042783114140967,15.975878937050432,16.07706199485925,16.291557456884206,16.176432610369652,15.635790875838174
0.0,0.0,0.0,0.0,0.0,0.0,0.0,0.0,0.0,0.0,0.0,0.0,0.0,0.0,0.0,0.0,0.0,0.0,0.0,0.0,0.0,0.0,0.0,0.0,0.0,0.0,0.0,0.0,0.0,0.0,0.0,0.0,0.0,0.0,0.0,0.0,0.0,0.0,0.0,0.0,0.0,0.0,0.0,0.0,0.0,0.0,0.0,0.0,0.0,10.753783421481584,11.262948861920798,11.597133433532829,11.788773798003403,0.0,0.0,0.0,10.899225811177859,11.298478780866233,11.628285563057066,12.138912482031264,12.725341742259836,13.12477259047269,13.385416777455468,13.748723004687271,13.952108276684395,14.406865408450615,14.786343541850606,15.193862270964502,15.659670815420352,15.924629061685664,16.188561863156778,16.274024381129216,16.273790504548614,16.282156830991156,16.353488779699816,16.522539561528966,16.226759592553254,16.18209428478832,15.921884954895653
0.0,0.0,0.0,0.0,0.0,0.0,0.0,0.0,0.0,0.0,0.0,0.0,0.0,0.0,0.0,0.0,0.0,0.0,0.0,0.0,0.0,0.0,0.0,0.0,0.0,0.0,0.0,0.0,0.0,0.0,0.0,0.0,0.0,0.0,0.0,0.0,0.0,0.0,0.0,0.0,0.0,0.0,0.0,0.0,0.0,0.0,0.0,0.0,0.0,0.0,0.0,0.0,0.0,0.0,0.0,10.808701051609408,11.217296594803608,11.711534349298695,12.256164402240378,12.707659489624167,13.053649027882829,13.422249704603129,13.715416777455468,14.13342105875136,14.489230262322069,14.800893347840795,15.3076972547032,15.718244680637005,16.133150679288818,16.46718830728794,16.750896449254718,16.49391990494515,16.71104553413996,16.64400871738192,16.295147768780666,16.15459179356664,16.121714320336643,16.15389002035519,15.726057496768515
0.0,0.0,0.0,0.0,0.0,0.0,0.0,0.0,0.0,0.0,0.0,0.0,0.0,0.0,0.0,0.0,0.0,0.0,0.0,0.0,0.0,0.0,0.0,0.0,0.0,0.0,0.0,0.0,0.0,0.0,0.0,0.0,0.0,0.0,0.0,0.0,0.0,0.0,0.0,0.0,0.0,0.0,0.0,0.0,0.0,0.0,0.0,0.0,0.0,0.0,0.0,0.0,0.0,0.0,11.334642153106099,11.39284603084618,12.009834503892666,12.428508931005958,12.756425004967905,13.271660915392635,13.444915582006846,13.786483459407794,14.064021771313204,14.590855097214774,14.954335411288607,15.2738622709645,15.72907033596432,16.1213881752683,16.445010267790902,16.605010267790902,16.659309510254054,16.6913881752683,16.63786829965538,16.446650604982597,16.39705156203698,16.315020275532657,16.21230682596869,16.184825672643562,15.92927987330577
0.0,0.0,0.0,0.0,0.0,0.0,0.0,0.0,0.0,0.0,0.0,0.0,0.0,0.0,0.0,0.0,0.0,0.0,0.0,0.0,0.0,0.0,0.0,0.0,0.0,0.0,0.0,0.0,0.0,0.0,0.0,0.0,0.0,0.0,0.0,0.0,0.0,0.0,0.0,0.0,0.0,0.0,0.0,0.0,0.0,0.0,0.0,0.0,0.0,0.0,0.0,0.0,0.0,10.869111799478503,11.491288884268217,12.020961679915157,12.524628277209017,12.76550263586594,13.075647061808475,13.594098151203784,13.952487527204402,14.173390889342707,14.45674440194965,15.010196021604807,15.471745748510262,15.772583114396612,16.20431813131557,16.33971573808021,16.659910403760684,16.79991040376068,16.653300533308254,16.677868299655383,16.69224893154259,16.647288601601147,16.527386997386703,16.399965212367555,16.375121411082766,16.23093726576785,15.779375086709404
0.0,0.0,0.0,0.0,0.0,0.0,0.0,0.0,0.0,0.0,0.0,0.0,0.0,0.0,0.0,0.0,0.0,0.0,0.0,0.0,0.0,0.0,0.0,0.0,0.0,0.0,0.0,0.0,0.0,0.0,0.0,0.0,0.0,0.0,0.0,0.0,0.0,0.0,0.0,0.0,0.0,0.0,0.0,0.0,0.0,0.0,0.0,0.0,0.0,0.0,0.0,10.885586765855313,11.121110562876762,11.607270707894727,12.07095461480862,12.328250021903003,12.671977650671163,13.1237565219241,13.362777296036523,14.002317445443728,14.266938896384186,14.529430940911872,14.908997731925865,15.149298364618684,15.650565247632848,16.021258377762923,16.12404532097888,16.4100875869257,16.591915366479576,16.706525434557133,16.77568743494733,16.885234406212042,16.81404532097887,16.758085233663635,16.664550406088146,16.539067699056794,16.567102254484137,16.31132262718328,16.082265332828136
0.0,0.0,0.0,0.0,0.0,0.0,0.0,0.0,0.0,0.0,0.0,0.0,0.0,0.0,0.0,0.0,0.0,0.0,0.0,0.0,0.0,0.0,0.0,0.0,0.0,0.0,0.0,0.0,0.0,0.0,0.0,0.0,0.0,0.0,0.0,0.0,0.0,0.0,0.0,0.0,0.0,0.0,0.0,0.0,0.0,0.0,0.0,0.0,0.0,10.539466288186222,11.393697739103596,11.207980279387613,11.682897410185463,12.154507531333618,12.375661071752912,12.643600638490694,13.015939933418048,13.416952027144628,13.993176574097596,14.431329688527317,14.695519956748178,14.881057416217203,15.156675689740648,15.478665448589863,15.771745748510263,15.99911681906296,16.074209382017383,16.36118976668721,16.57755554595952,16.861292079098554,16.94800512722857,17.01148602375003,16.961244169380937,16.79728860160115,16.8986068137797,16.785937987877023,16.7257467494884,16.404319050989052,15.888371152230174
0.0,0.0,0.0,0.0,0.0,0.0,0.0,0.0,0.0,0.0,0.0,0.0,0.0,0.0,0.0,0.0,0.0,0.0,0.0,0.0,0.0,0.0,0.0,0.0,0.0,0.0,0.0,0.0,0.0,0.0,0.0,0.0,10.288684363717833,10.038107144623265,0.0,0.0,0.0,0.0,0.0,0.0,0.0,0.0,0.0,0.0,0.0,0.0,0.0,10.920352214263563,11.333183549602674,11.587101869222934,11.711845877085233,11.969086488225482,12.179268158181387,12.520760113029162,12.920627577893725,13.061077794780346,13.547409779906005,13.950582203318342,14.477427313201417,14.657062799851673,14.829298364618683,14.977567136484257,15.249903291509817,15.561827415031665,15.90907033596432,16.111871437714253,16.016701425366946,16.2686068137797,16.81031665564828,17.03281203930137,17.170080275068866,16.991244169380938,17.037868299655383,17.00112794017048,16.9303913710778,16.851389578739553,16.634449276661982,16.496837391967162,16.14891631589388
0.0,0.0,0.0,0.0,0.0,0.0,0.0,0.0,0.0,0.0,0.0,0.0,0.0,0.0,0.0,0.0,0.0,0.0,0.0,0.0,0.0,0.0,0.0,0.0,0.0,0.0,0.0,0.0,0.0,0.0,0.0,10.489699196699554,10.31175394269093,10.140220572218949,0.0,0.0,0.0,0.0,0.0,0.0,0.0,0.0,0.0,0.0,0.0,0.0,11.090686684945116,11.461634305300501,11.608656172893042,11.575528969633972,11.959035371844823,12.317258491757748,12.617030059849416,12.789143143766015,13.214360998511406,13.529626355840247,14.059196218840569,14.597404435954342,14.754357184160114,14.877514712929708,14.823256144497481,14.98590241060666,15.13325614449748,15.50440788819343,15.769144214922342,15.89020128011135,16.151418933985063,16.384114606447003,16.970434411981422,17.15281610104738,17.33537462117048,17.252960125617676,17.187569479430653,17.022271846072396,17.095328515985692,16.871964034539076,16.83677782948459,16.6160925225104,16.128629908133473
0.0,0.0,0.0,0.0,0.0,0.0,0.0,0.0,0.0,0.0,0.0,0.0,0.0,0.0,0.0,0.0,0.0,0.0,0.0,0.0,0.0,0.0,0.0,0.0,0.0,0.0,0.0,0.0,10.922258161303985,0.0,10.389424521713288,10.46959653506656,10.601419503734645,10.423766431595372,0.0,0.0,0.0,0.0,0.0,0.0,0.0,0.0,0.0,0.0,0.0,0.0,11.446307104731213,11.53997672049354,11.556052804699037,11.479247044602173,12.055332219426571,12.599889172363813,12.876147985954892,13.165148768204453,13.717972159409438,14.029812510002198,14.28818223450801,14.488032225123632,14.668032225123635,14.93245894269928,14.953044314030066,15.039611937062421,15.111814197297702,15.477985995541658,15.720316947886946,15.88589307232687,16.215058678625603,16.670070115246673,17.070080275068868,17.309910403760682,17.55717076985584,17.480080275068868,17.35210953711923,17.175645371504295,17.261127940170482,17.187288601601146,17.22903310132468,17.11849317388023,16.65358806637448
0.0,0.0,0.0,0.0,0.0,0.0,0.0,0.0,0.0,0.0,0.0,0.0,0.0,0.0,0.0,0.0,0.0,0.0,0.0,0.0,0.0,0.0,0.0,0.0,0.0,0.0,0.0,11.176289954468922,10.721873029221543,10.64661459453803,10.652884971083449,10.527154319519099,10.551950931224171,10.693282697755746,0.0,0.0,0.0,0.0,0.0,0.0,0.0,0.0,0.0,0.0,0.0,0.0,11.856329804996788,11.733721356611174,11.66521023652163,11.790562961539937,12.468913578140748,13.025086079440204,13.385461213315711,13.760103828712662,14.28007190213674,14.392242718041977,14.436935438682205,14.615387322744702,14.826429869332266,14.906597681882438,14.947567136484256,15.049611937062423,15.298182234508012,15.680453717938306,15.851138567964027,16.254838777856136,16.47537392381102,16.838610255650448,17.393220446968698,17.727162813747533,17.747504592503706,17.758810107720745,17.66579645472277,17.501915366479576,17.609728817372215,17.58833351066412,17.64096194582021,17.383733685334157,16.576903700203115
0.0,0.0,0.0,0.0,0.0,0.0,0.0,0.0,0.0,0.0,0.0,0.0,0.0,0.0,0.0,0.0,0.0,0.0,0.0,0.0,0.0,0.0,0.0,0.0,0.0,0.0,11.08840041990627,10.852175003283445,10.89799143786681,10.680386372925994,10.652674350801803,10.442206620259581,10.412293222893766,0.0,0.0,0.0,0.0,0.0,0.0,0.0,0.0,0.0,0.0,0.0,0.0,11.495528758762285,12.04106585944874,11.828026038080395,11.699948148554288,12.347618599179071,12.993283842434831,13.47400618190045,13.820822054360566,14.331973148690192,14.68874473906481,14.921341426281721,14.908089330902465,14.9636352515307,14.838665448589865,14.891479629643023,15.147404435954343,15.087062799851672,15.292496116108149,15.723625256016426,16.13373694997567,16.435245479714013,16.759423132416664,17.18698402004678,17.61473778996896,17.92011528244215,17.974905317431205,18.336722790312034,18.565997890215336,17.87235056702538,17.77246642060632,17.76971573808021,17.713300533308256,17.694813965099293,17.01204715831905
0.0,0.0,0.0,0.0,0.0,0.0,0.0,0.0,0.0,0.0,0.0,0.0,0.0,0.0,0.0,0.0,0.0,0.0,0.0,0.0,0.0,0.0,0.0,0.0,0.0,0.0,10.475846619249898,11.13670565285587,10.932535027270461,11.040045453710935,10.386455925722597,10.136486198455616,0.0,0.0,10.20853471872207,0.0,0.0,0.0,0.0,0.0,0.0,0.0,0.0,0.0,0.0,11.61441843492037,11.913663724185792,11.664672925060227,12.179205105345073,12.695369424937137,13.313889302042185,13.958177132143444,14.40940652012046,14.958943310965246,15.17736558514364,15.430040972248449,15.483427143238174,15.623427143238175,15.214458180951365,15.304186084371823,15.151856151458357,15.22984032193698,15.598551538032005,15.991849639113951,16.521832063042545,16.82470126547414,16.91129207909855,17.215028233649953,17.91873373163655,18.206961722161044,18.47141750484652,18.554073438709885,18.330505313408462,18.00470503824149,17.757758846925412,17.807758846925413,17.720877251570695,17.374295325869458,16.594973863245627
0.0,0.0,0.0,0.0,0.0,0.0,0.0,0.0,0.0,0.0,0.0,0.0,0.0,0.0,0.0,0.0,0.0,0.0,0.0,0.0,0.0,0.0,0.0,0.0,0.0,0.0,0.0,10.802866237328715,10.723000878512291,10.673282697755745,10.05765197223993,0.0,0.0,0.0,0.0,0.0,0.0,0.0,0.0,0.0,0.0,0.0,0.0,0.0,0.0,11.686373106380152,11.595880146920516,11.879328010369019,12.395865542391281,13.167604137355426,13.77644900746715,14.284043759354049,14.624983061566958,15.441043275798368,15.46197414540977,15.90286985945723,15.915093535853025,15.89846278155122,15.682522321613519,15.542169803888829,15.557497216152324,15.586701425366947,15.909494492305935,16.49652557782602,16.85743472833079,17.23117858329688,17.409295212025995,18.060564007985214,18.371072743891816,18.611384717522586,18.79560668936216,18.669009894439544,18.25451807817187,17.907329054558687,17.694414320846704,17.517868299655383,17.36051619177092,16.910535111516346,16.40751103409659
0.0,0.0,0.0,0.0,0.0,0.0,0.0,0.0,0.0,0.0,0.0,0.0,0.0,0.0,0.0,0.0,0.0,0.0,0.0,0.0,0.0,0.0,0.0,0.0,0.0,0.0,10.70126571711034,10.568036357532131,10.807998703249487,0.0,0.0,0.0,0.0,0.0,0.0,0.0,0.0,0.0,0.0,0.0,0.0,0.0,0.0,0.0,0.0,11.638801457795806,12.024288894608215,12.45486044317158,12.65158097409072,13.385281658448875,14.048488124141873,14.636191364897702,15.267112617061372,15.30519129165844,15.557867022711239,15.820106299629966,16.068079218096692,16.193038648288827,15.970248418830097,15.954600841898571,16.009368867508606,16.151292079098553,16.50806323714012,16.942227289513973,17.222136883722523,17.718099460650034,18.10737002306953,18.731823320363276,19.255466133304132,19.212497570388663,18.922432395842627,18.72822598952211,18.05801762510681,17.707721709701858,17.5274850966549,17.3686068137797,17.124001465073505,16.582173034201343,16.02252229003345
0.0,0.0,0.0,0.0,0.0,0.0,0.0,0.0,0.0,0.0,0.0,0.0,0.0,0.0,0.0,0.0,0.0,0.0,0.0,0.0,0.0,0.0,0.0,0.0,0.0,0.0,0.0,0.0,0.0,0.0,0.0,0.0,0.0,0.0,0.0,0.0,0.0,0.0,0.0,0.0,0.0,0.0,0.0,0.0,11.980556335698104,11.986709225847475,12.62093707716752,12.792524334707887,13.25198376228855,13.653180172070215,14.316368254381402,14.942562394942602,15.276478928139177,15.73819685289049,16.119537006110995,16.171094662116282,16.38216131482038,16.573748430717252,16.37333326443656,16.67641450840002,16.87795583735712,16.753554090044197,17.15947692527869,17.457563289006472,17.73909992908029,18.208542277280905,18.666258044048924,19.21031624664213,19.490971726734344,19.3892686200588,18.89389443740705,18.538480780538283,18.16721787488751,17.677927779183563,17.364172022635753,17.214084933970124,16.984473031632845,16.328715618501068,15.84971079429118
0.0,0.0,0.0,0.0,0.0,0.0,0.0,0.0,0.0,0.0,0.0,0.0,0.0,0.0,0.0,0.0,0.0,0.0,0.0,0.0,0.0,0.0,0.0,0.0,0.0,0.0,0.0,0.0,0.0,0.0,0.0,0.0,0.0,0.0,0.0,0.0,0.0,0.0,0.0,0.0,0.0,0.0,11.721913373980456,12.090828448320824,12.439750149173804,12.594608847407907,13.08133530130295,13.2583774086552,13.508622454250172,14.26262915240494,14.858802802217575,15.554357133316191,16.375217751886158,16.61264655889918,16.746774095066247,16.85981307583078,16.978486232377094,16.98917322818989,17.235233558980568,17.277154606550468,17.36025420472516,17.369605724120174,17.720758074720884,17.96323261273975,18.319205964762382,18.556258044048924,18.833832279655425,19.451577953592313,19.708913819093436,19.306341508890547,18.863168624992596,18.319393267556595,17.779765286805812,17.50156134323754,17.1613816898697,16.78493292775842,16.704736804024854,16.188046866775366,15.529287933083086
0.0,0.0,0.0,0.0,0.0,0.0,0.0,0.0,0.0,0.0,0.0,0.0,0.0,0.0,0.0,0.0,0.0,0.0,0.0,0.0,0.0,0.0,0.0,0.0,0.0,0.0,0.0,0.0,0.0,0.0,0.0,0.0,0.0,0.0,0.0,0.0,0.0,0.0,0.0,0.0,0.0,0.0,12.14171091283119,13.092155815239257,12.990585578515676,13.05319395444527,13.432132747852624,13.830939351487356,14.244507158774278,15.132037074659038,15.616353409362032,16.20316155320327,17.017977930399546,17.28065160483912,17.62479829207097,17.49502566427867,17.498800446104067,17.326687867184503,17.450428068905836,17.474009998306656,17.784696358057698,17.848532503112637,17.78412596297208,18.235905684277498,18.663832279655423,19.079357232347498,19.039028576345196,19.372888495267727,19.329718388645762,19.061816620007495,18.497034561649144,18.10275777869772,17.576535918134034,17.143527839259534,16.738847295778292,16.580008802016152,16.466599999412566,16.06461128391203,15.407770976140656
0.0,0.0,0.0,0.0,0.0,0.0,0.0,0.0,0.0,0.0,0.0,0.0,0.0,0.0,0.0,0.0,0.0,0.0,0.0,0.0,0.0,0.0,0.0,0.0,0.0,0.0,0.0,0.0,0.0,0.0,0.0,0.0,0.0,0.0,0.0,0.0,0.0,0.0,0.0,0.0,10.95166720775218,11.50466269719082,12.400556335698104,12.842982503786939,13.323737619167787,13.724128965005425,14.178443210232086,14.344322664493097,15.13964314693766,16.231895948729694,17.03506254710075,17.27903989556994,17.73712699930422,17.68975272969368,17.829944112383913,17.719573534682162,17.724090345625758,17.4130486418045,17.240461433779817,17.50975885976904,17.77104755568719,17.648480780538282,17.70009531256708,18.082556140250333,18.878685950127917,19.449445618266125,19.532374132105787,19.53629183604839,19.323416854093324,18.626687867184504,18.049099929080292,17.564789857606733,17.156259200453086,16.757450342781542,16.38264784788575,16.151496416993886,16.069232152639827,15.546416152063653,15.02492734839537
0.0,0.0,0.0,0.0,0.0,0.0,0.0,0.0,0.0,0.0,0.0,0.0,0.0,0.0,0.0,0.0,0.0,0.0,0.0,0.0,0.0,0.0,0.0,0.0,0.0,0.0,0.0,0.0,0.0,0.0,0.0,0.0,0.0,0.0,0.0,0.0,0.0,0.0,0.0,0.0,11.210484621626499,12.729870051231934,13.294747676104471,13.595171767696499,13.938924215616396,14.469369273969704,14.569080367053068,15.048732673689674,15.66694342840761,16.767958438817214,17.756675594771643,18.71172930344585,18.40768351783428,17.86394960244582,17.562690525962537,17.578385834832066,17.413608084680654,17.319205964762382,17.256097730548984,17.403679263283824,17.37138700130381,17.659760766966613,17.77848078053828,18.07151097074611,19.069632003037224,19.639345274264166,19.362075888326043,19.07716235592116,18.59541438591493,17.952608200660922,17.45741452086307,17.110575542805098,16.651506850109318,16.403706467317928,16.130474793901676,15.799072168159771,15.604592132259352,15.002668378871942,14.730065061906998
0.0,0.0,0.0,0.0,0.0,0.0,0.0,0.0,0.0,0.0,0.0,0.0,0.0,0.0,0.0,0.0,0.0,0.0,0.0,0.0,0.0,0.0,0.0,0.0,0.0,0.0,0.0,0.0,0.0,0.0,0.0,0.0,0.0,0.0,0.0,0.0,0.0,0.0,0.0,0.0,13.073961077031234,13.192984127092611,13.854346626781215,14.091561692823177,14.192888506419841,14.923233218111237,15.007915381870838,15.757124191224829,16.26107457437319,17.501865103050704,18.579512702106214,18.93330948908771,18.56582698550057,18.10548865045514,17.39026240743342,17.18731242841193,16.82446226852031,16.78345226332723,16.95469757591765,17.285249155719676,17.521384717522587,17.67072494058638,17.84955145635135,18.52026240743342,18.954199157854354,19.492567758071544,19.30821749611499,18.667787567118356,18.115683781996992,17.530325301321998,17.008810107720745,16.631292079098554,16.37990138828465,16.29659209823007,16.079796561204745,15.676833163587897,15.254852881368285,14.801897840112623,14.400892131427181
0.0,0.0,0.0,0.0,0.0,0.0,0.0,0.0,0.0,0.0,0.0,0.0,0.0,0.0,0.0,0.0,0.0,0.0,0.0,0.0,0.0,0.0,0.0,0.0,0.0,0.0,0.0,0.0,0.0,0.0,0.0,0.0,0.0,0.0,0.0,0.0,0.0,0.0,0.0,13.648142621376298,14.404291647853249,14.204905909848755,13.957753452283445,14.225312988589353,14.682644290040606,15.325755389517859,16.208646673780052,16.733252069935553,17.43270073535286,18.601330171236143,19.55593840800927,19.069744162367456,18.521769563427405,17.672220937826914,17.25430493186476,16.855018329463256,16.857931012416998,16.92028394199042,16.802994952577144,16.98327927898291,17.224483291209996,17.529804615772314,18.20055370753017,18.627857981749678,19.251440667086193,19.169445618266124,18.77322955856125,18.183751818751013,17.720080210172316,17.04990817207923,16.670902113863395,16.30617118477711,16.040037979684435,16.2274850966549,16.100169346222053,15.535642092096984,15.168715618501068,14.797103485074137,14.592565381787441
0.0,0.0,0.0,0.0,0.0,0.0,0.0,0.0,0.0,0.0,0.0,0.0,0.0,0.0,0.0,0.0,0.0,0.0,0.0,0.0,0.0,0.0,0.0,0.0,0.0,0.0,0.0,0.0,0.0,0.0,0.0,0.0,0.0,14.936494646088875,15.37674789197874,15.287493964613144,13.067660009248364,0.0,15.108939083828169,14.495201479899066,15.171070654924574,14.872365609070119,14.263916359760758,14.511631856355223,14.957301264621409,16.301885789229914,17.540747544120855,18.04117677746032,18.82401057520004,19.374799365554917,19.114664163366108,18.52955132580693,18.924662293293714,17.19188426567881,16.88956846742576,17.075414385914925,16.993936189069892,16.536832606930616,16.701548859226218,17.049410873633366,17.66664565242757,18.31896439112132,18.354162402315517,18.620915095868448,18.784495822578442,19.110578428225487,18.96004530919913,18.045076327538435,17.498112326304668,16.88526641500205,16.371992185288647,15.942478753021614,15.7703913710778,16.126262162716873,15.732348713463903,15.310200311712284,14.856416152063654,14.61322574350961,14.34626906949459
0.0,0.0,0.0,0.0,0.0,0.0,0.0,0.0,0.0,0.0,0.0,0.0,0.0,12.521659560460542,14.378342722622634,14.09592661410976,12.133297603894727,0.0,0.0,0.0,0.0,0.0,0.0,0.0,0.0,0.0,0.0,0.0,12.036857839889763,0.0,0.0,15.194318571637588,17.02802655469401,17.941311393193203,17.72153290064977,17.373787191444656,16.278123432687895,14.410039350927246,15.807247574245007,15.613214860074258,15.966092816143737,15.15245864501145,15.096085435016601,14.869317879256268,15.925898650908515,16.792437783202416,18.08920368268766,18.84363779089384,19.15156712594722,18.879754787533546,18.513066742515157,17.614805279058054,16.93462504521122,16.527555201491424,16.687012555203843,17.229504704911832,17.311350110085705,17.10604069124488,17.05000205545904,17.72539837582719,18.30931098844846,18.701054476618715,18.66821749611499,19.028417014700075,18.785798654961766,18.9165791021246,18.326989063533354,17.7298486713432,16.800325301321998,16.318072270107507,15.846746878302197,15.51553113788679,15.614698195384806,15.584698195384805,15.233354105945772,14.915946807272423,14.715740570540987,14.429888071804985,14.44950634700971
0.0,0.0,0.0,0.0,0.0,0.0,0.0,0.0,0.0,0.0,0.0,0.0,14.524605088794509,15.297312899024666,15.537530586515828,14.478273034016006,11.4033608578488,0.0,0.0,0.0,0.0,0.0,0.0,0.0,0.0,0.0,0.0,16.083394679151475,17.562937195416442,17.418922028666493,16.78395094000122,17.29019930949012,18.67003373934094,18.87695085152542,19.03399840796662,18.33720672373239,17.379047417732043,16.454037116578363,16.859036918997315,15.62434346352508,15.468546246680342,15.384552606386055,15.759794141223544,16.071509578532783,17.063980520886624,17.740777596117432,18.625510999514777,19.05233868419666,19.489799607660295,18.71134039764327,18.024312376140664,17.189813962847833,16.46285298255598,15.950737207088645,16.488038130618115,17.22248176067675,17.789310988448463,17.975440643973883,18.08082511374186,18.46234779822206,18.492567758071544,18.93848612074352,19.092543644120237,19.20933757607883,18.87234779822206,18.32999501934075,17.82539837582719,16.964893639015013,16.48754439530898,15.84568743494733,15.452250826337,15.644899900050017,15.320393100388724,15.025273835490118,14.71755732927361,14.560281029066514,14.581613586520618,14.471941523390413,14.36626000101153
0.0,0.0,0.0,0.0,0.0,0.0,0.0,12.967929394011833,0.0,16.486107127296787,17.051690109200944,17.34084305347665,17.844624574267378,16.718731090843896,15.860877636694541,13.861998891697755,0.0,0.0,0.0,0.0,0.0,0.0,14.948358110330343,16.79646571198492,0.0,16.97277060927041,17.83798606921898,17.967361185154235,18.477583366029997,18.665514886724335,18.4841881977206,18.687836084867488,18.838940011468733,19.128753373194773,19.28770711369565,18.717371442211686,17.604794471374962,17.138156936537044,16.92067097945906,15.358842059326648,15.26576606445646,15.729152102221153,16.649819478235194,17.07683198659776,17.946467131246976,18.99089081728752,19.57937862814265,19.284688069680247,19.028431347718943,18.096665932731007,17.31109064650806,16.53793523462312,15.96464413366317,16.016728826655832,16.807243299877417,17.8249000435128,18.424938430997813,18.427038145119127,18.58357785890469,18.65036323556559,18.836322732262392,18.98116485295576,19.346622451069457,19.13431772030005,18.101959906815278,17.54311026744501,16.783762873996324,16.47378150298571,15.875845132218856,15.47432351585875,15.61956404571528,15.717076952092956,15.015819800442824,14.567828020947097,14.388933826723147,14.62570739864941,14.601689606538931,14.7000450432122,14.615039989176697
0.0,0.0,0.0,0.0,0.0,0.0,0.0,14.03400271436314,15.18806560360111,16.256167075298208,17.523574271566748,17.597924377725658,17.553805515144816,18.09649079938069,17.858877728464385,14.988005048425363,14.216466350167345,15.443745612411337,0.0,0.0,0.0,0.0,20.37230910936613,20.371487706502712,19.135179605623463,18.989813714407816,19.327955713932894,18.917964975167827,19.07224103184022,19.419075326804652,19.106855595174395,19.14705205430356,18.88336209246257,18.97935567430943,18.91935567430943,18.64670109441656,18.211216559973202,17.688151806916416,17.491048087634248,15.592631495474038,15.94305854683795,16.312197258895832,17.406554383800202,17.80331411192318,18.47286866570257,19.307065782280105,20.334084487539315,18.992823794329038,17.97699649490537,17.35607601911803,16.518147345208984,16.241132992099804,15.9572512831489,16.562764696385948,17.295960847559137,18.354425132406767,19.758292807257373,18.55895290385059,18.449270249916857,18.597079097053356,18.846369165780303,18.908084745848594,18.638819041230697,18.377584019376606,17.554565588139077,17.078447074904,16.345684652264787,16.011980083169064,15.510434411981421,15.210243714391419,15.184899900050018,15.276142832010581,14.973631126331204,14.327555921806614,14.48285748094347,14.684377324915912,14.727767262831744,14.894698195384805,14.620595773103984
0.0,0.0,0.0,0.0,0.0,0.0,0.0,13.853329020118931,15.017073433902487,16.506707461076743,18.425527099461984,18.044158754336294,18.699993550397025,18.24541875706634,18.355080513902315,17.452745833540963,17.755286556994932,15.993825021295713,12.370825428655673,0.0,0.0,0.0,21.3076837965396,21.656106017047627,20.73058872207475,19.953331486206565,19.694310984098824,19.82047284430259,19.91245488384336,19.698137237143236,19.15253678042931,18.503156742559685,18.206571439814184,18.451584133820553,19.001801105233163,18.59867682466133,18.03483403700607,17.861408766812982,17.23933234924437,16.63943599544454,16.798086283261156,17.258498489171878,17.88717451676282,18.399349698486773,19.368244003135743,21.014244309237384,19.391039937372977,18.029910689718783,17.70160317679717,17.025721390275436,16.44741817978391,16.074001585306068,16.686048732738286,17.610845176471024,17.94955175029103,19.510619594793027,19.738078190819166,19.011688330291413,18.573354998780992,18.78600072105167,18.918363757270562,18.768084745848597,18.369517275979206,17.963976319942482,17.20834605360486,16.81370162471677,16.022415529875992,15.896414508400019,15.315796454722772,15.34948451720437,15.160434411981422,15.1725472018974,14.64798182196546,14.363757167558884,14.525392399560308,14.744475276788945,14.924774043648888,15.34515158270182,15.052807355013742
0.0,0.0,0.0,0.0,0.0,0.0,12.716585731898249,14.163409356500036,15.235535907228133,16.950617227818075,18.43242855242611,18.504363219401153,18.29311937036307,18.700945678359776,18.81307292979111,18.990474205069276,18.170649143872893,16.65764225544939,12.911974181966123,0.0,0.0,20.96274550818762,21.45024871229758,22.01082462538401,21.410996961895005,20.275001884925153,20.29964813480153,20.317973421596047,20.187206254446313,19.73872552488617,18.672283297941696,17.76369041840249,17.582531959256087,17.66675013747694,18.31913612521594,18.245857063170334,18.069479538918493,17.61510884562582,17.754502913974452,17.143352112099823,17.134962612006422,17.62857514633196,18.016785677105187,18.89446303959214,19.902933092024497,19.670336769967683,18.802659522782157,18.014513722177103,17.513672300626826,16.69416986539022,16.52286050150534,17.18889943902932,17.82941949860456,18.56725119058452,18.97178382559776,19.472355334474592,19.406183688213716,19.12706407415745,18.780249057875423,18.90405037052158,18.8906211611434,18.65877061353447,18.12662102752803,17.482029672405865,16.910206959777152,16.37053756028495,15.661718577304427,15.650105467555889,15.69574934258835,15.419168935578863,15.088082424778287,14.472335025600138,14.119438554537227,14.110652346146669,14.233592916504627,14.503892429661725,14.726866645419808,15.169823247266965,14.83401963530828
0.0,0.0,0.0,0.0,0.0,12.903180241082733,13.493951705032234,14.308466214620669,15.277278482825995,16.986664504497355,19.1434746017406,18.468018604765813,18.094607833030523,19.292001129140065,19.38307292979111,20.0268031239428,19.408943165847248,17.66098117872148,16.273922557978132,13.377161101485992,20.64040274963274,21.839258926429217,22.491497978468534,22.118053081485108,21.181080933486452,20.58582847688616,20.951051307507264,20.452237031557846,19.996214561392176,19.338055077654133,18.41328230846554,17.295480983255892,17.214791510859193,17.023921530668993,17.77101315512749,17.950605389786894,17.63137059380027,17.562521886514553,17.412755900178915,17.472918514149157,16.942733805032343,17.356730207638215,18.077067122196922,18.512956777122156,18.998205825162763,18.30791817318012,18.518877375503948,18.082069489569193,17.196148001278765,16.497985987817636,17.04553291089905,17.89837576548799,19.299134379219595,19.14234856206771,19.379039312810132,19.589281280919785,19.570321381465206,19.40597488391921,19.00899908946192,18.962977929145282,18.658501647988068,18.2550151685468,17.6728159293758,16.99879484546691,16.285078563962262,15.73025513261916,15.49751748806487,15.242623809658195,15.308676432907848,15.432697933347256,14.945233432356929,14.308097029767051,13.81583348120867,13.800317146643899,13.909828871379272,14.064141936863457,14.399460648099396,14.704339666478052,14.828407103159101
0.0,0.0,0.0,0.0,13.225294186140697,13.274458049213028,14.017155798629947,14.164386327217933,14.67295556690273,16.598478691593897,18.348625832781437,17.967682234312814,17.87280870369056,19.803228119015344,20.8428496181511,19.843011486538124,19.78830412990974,18.39151112859502,18.08977997344091,18.547008552303517,21.503808283659296,22.948656543029664,22.897004566205506,22.258091353494216,21.73504857035611,21.292338626894754,20.951760145694617,20.10455129633278,19.708641511624208,19.32915977294039,18.471007646070305,17.6016986422283,17.290617345481518,16.883897219693615,17.72170134484547,17.564713123594686,17.496636061743487,17.090144176058452,16.869580036392783,17.37229466623218,17.075621371171476,18.121206141380554,18.184788611862707,18.655020941727507,18.922897461621098,18.424898845124645,18.112108623833365,17.4821015995633,16.73389446475012,16.281590462913467,17.456322979854917,18.724923442441142,19.666955367041,19.77028619269703,19.448196494990764,19.568128125397234,19.534673989368446,19.0774794077739,18.61511766311093,18.323182715383926,18.15975572012606,17.87842712223526,17.274588911645644,16.494463450798396,15.994804649334267,15.275090641064127,15.186313481870357,14.995978515807455,15.09722684352611,14.897509815669487,14.677263829113564,14.117446198153996,13.560766969046815,13.474953594656267,13.585776790781448,13.673485876998459,14.020810803618515,14.304641330852021,13.997671533515678
0.0,0.0,0.0,0.0,0.0,14.003778343236114,14.226340653983234,14.424370512819669,14.69194978400067,15.96350728956769,18.045148613200357,17.674175682133367,18.699624430942087,19.994549342243886,20.18336859253538,19.430661932112514,19.47937181584457,19.526625333873795,21.789480285003116,21.484879475627473,22.77797693151083,23.87333332709354,23.577403081683634,22.794467157885578,21.687051016354694,21.087683286386905,20.470742733793017,19.843696209598036,19.699521693769753,19.32830705491729,18.129819305774305,17.49895315187939,16.932575021907343,17.043661935356123,17.319245202014034,17.65492350658737,17.285481320954407,17.048560028081937,16.24276687346705,16.886743685921775,17.531330683506546,18.346554784055954,18.62683191701921,18.873994022768684,18.745391604930624,18.414628058114456,17.72305879371553,17.295839246513488,16.96166851319252,17.51936345141155,18.365911002861502,19.57563401271066,20.30878390404127,20.159608271550866,19.714486762262524,19.594936572197863,19.476476797492012,18.743989186359173,18.03666018993412,17.919602919200273,18.031529717985194,17.663087477811203,17.041394660911337,16.408818013463918,15.939582401066774,15.369643654396215,14.844554190170285,14.59282908303775,14.562091723355955,14.320560604687413,14.182378102075166,13.642724499953959,12.832847209542013,12.995896545567286,13.102207919433447,13.376522448701486,13.756037339553263,13.755333313410617,13.740709497708137
0.0,0.0,0.0,0.0,0.0,15.747738639997934,15.430101349114636,15.363089771167335,15.605272279318978,16.435453506189294,17.580829175562926,17.78817621217467,18.739600903538857,18.779584012787268,18.498470376277396,18.033046380339844,19.106318690108093,20.12683585875427,22.879500931926003,20.769037429954672,22.87631217240652,24.050081450223693,23.91501726381091,22.987627500791085,21.546825202196388,20.541787597534984,20.13722472517193,19.93335253107437,19.690291816427404,19.197775303697465,18.007815308125622,17.073861311265034,16.766046611528097,16.684971457880316,17.250879815955685,17.239039895569938,17.382079623119786,16.734242601632417,15.777591812163266,16.514221653367485,18.05107774219426,18.241564805257923,18.561233803627605,18.83401801305026,18.31213241363033,18.200223984418834,17.822807671212015,17.587548724229087,17.69793056017867,19.149855346225934,20.054072809006563,20.991572180304523,20.664865238608513,20.156568206077594,19.706269829782485,19.519239416649327,18.4454658936267,18.197953854767732,17.85595133184724,17.983938999384506,17.94995533323425,17.57035576320566,17.109222326363962,16.363561722596227,15.830225024025022,15.424837211892292,14.63005069899279,14.26362676364358,14.194749421789083,13.877876744442258,13.359627826177931,12.756204561578006,12.115189395686224,12.279232424780897,12.741076949676575,12.990242998668528,13.215613855524982,13.350278627806741,13.04638388662421
0.0,0.0,0.0,0.0,15.755636435125071,16.15034364245289,17.676082638265914,17.26657679239859,17.11159945570271,18.6180785903798,18.498782687218252,18.553425396695786,18.20986238119044,18.511481135509417,18.33894860577334,18.449340551747305,17.985317918926864,18.66404618769336,22.62827081863947,21.654688191827564,23.230787062202868,23.89538052374207,23.75077271239241,23.225427172632344,21.83730375033929,20.651297697703583,19.918171710114763,19.882189508296516,19.87904833443776,19.025843616836084,17.47136271094898,16.92275784550675,16.568723686214614,16.66026497227753,17.291880151428714,17.248444419945894,16.850714447147134,16.78700908872458,16.338701969359104,17.005667152066316,18.136128184830014,18.109322783339046,18.335985971071086,18.478284015600266,18.282322779843042,18.409536378842724,18.31499317954567,17.904359422552638,19.23117522709302,20.858050141434553,20.86140825058894,21.07242284591824,20.420714677298314,19.8113594443493,19.259390388810125,18.564432521229158,17.862787760360057,17.50172322257498,18.040086843505918,18.49305369891352,18.320322491711377,17.63402615169509,16.94004533348921,16.602847011267517,16.066970710781924,14.711554461708971,13.88194524356999,13.669918956896751,13.790759650893015,13.228415507829151,12.686142196539382,12.139484074685587,12.206453157570044,12.177998820413496,12.649496075808827,12.66481710007773,12.850255569581474,12.752319637265616,12.398780126763128
0.0,0.0,0.0,15.442173317876108,16.733880673625094,16.772406782185847,16.664447684483633,17.336330911250595,18.566788023141036,19.111653610476402,19.33235031805919,18.62857030377718,18.219855355797527,18.716682466769335,17.87417870290244,17.797976262030765,17.688334863799234,18.888617400217257,23.51835404495265,22.63594299418358,23.828545760344376,23.771283852564164,23.56715416456804,23.26207928688725,22.064139176320122,20.361051441408048,19.655538245482234,20.08211520807313,19.815062555526538,18.472287463769476,17.153151694599313,16.460054687064925,16.332268219135372,16.980218091935864,17.104961716400496,17.35419964474233,17.420747544120854,17.385267085802177,17.616302794364547,17.314303444242043,17.556056113020492,17.297298205808133,17.81080826680752,18.458949641821228,18.9751885120019,19.213710977366837,18.4861011455556,19.47317581357499,20.78327453658601,21.193713750388085,21.19825789671387,20.84171987609604,20.48316638041943,19.552476485101558,18.311455260230836,17.96236108240339,17.215756252788303,16.5184633147747,17.59053997733161,18.857229880696877,18.6219413350226,18.269294204499424,17.627783096024878,17.01289244364139,15.815034416925606,14.285026108136396,13.578430609718497,13.014557011861816,12.935613562578698,12.622903973701273,12.42035854468374,12.673678362780928,12.57932087368231,12.954687404479014,12.580869634036702,12.921703600972446,12.856442753009183,12.495651687605934,12.084147705066655
0.0,0.0,15.420309350748472,15.583409356500038,16.6800927250122,17.3529914805211,17.60340219880859,18.164134551019302,18.742263860326887,19.668238258123687,19.59378625415586,19.04317722338562,18.370476556843826,18.217162432012742,18.006479140823995,18.377008552303515,18.747234442115534,21.73717346011655,24.646503632856785,23.79163476824127,23.88168102638482,23.723532982012987,23.17533617727829,22.78260466670848,21.933084653380973,20.687170393426083,19.365519995028095,19.356058999874143,19.51811131156423,18.331117791565354,17.381101289655824,16.778968673405018,16.49553345901854,17.447038446204566,17.383118674485914,17.501341817659288,17.649325860029485,18.070014291616236,17.79638958808887,16.761981416306945,15.85666304493711,16.288351585332425,17.287163777509036,18.15513761249215,20.37974491740468,20.643302344542278,19.19575334484398,20.501387236611016,21.3763650247276,21.739493930936945,21.39886873898689,20.628942875698385,19.915027548465577,18.841427837235592,17.54880160964439,17.610866357331602,16.842642303230868,16.543915588003774,17.453179680155074,18.970203751979895,19.16430796439586,18.654756989003722,17.6441370649532,16.566319289749664,15.055796403633664,14.017312587559829,13.314394904534794,12.715608547153758,12.503388284921542,12.586924928045612,12.226779397149366,12.919374054718826,13.45130751489842,13.92858650230613,13.588818331342885,13.133326185994196,12.78943391905116,12.374205949976433,11.883829829435747
0.0,0.0,15.162195751713647,15.84016529170609,17.942468350667554,18.34113722825563,18.20633344816997,18.8504238028978,19.693434907222876,20.23606664486718,20.26593652980454,18.839528003608578,17.48846586526034,16.931658821934665,17.811328310894233,18.214274982262232,22.871987388289547,25.528235336504924,24.500679215050244,24.197362593191826,24.158060151009142,23.740919579613255,22.956413127075216,22.64752679681809,22.179460756941115,20.55189524520131,19.657052288240177,19.328212321144623,19.49673932097394,18.584775109788872,17.61186463484928,16.947686982743754,17.155744768019556,17.452751011316902,17.894737864975156,17.802361339989716,17.838770734440903,18.194771293387916,17.61704771823232,16.461285025883676,15.657414721962809,16.621605541119127,16.790058898006144,18.98345593443176,20.927939422353834,21.31487947562747,20.123139269409112,21.900593058142174,22.057845168371827,22.103602469374955,21.123182517523986,20.11644604006462,19.14314235287506,17.981592017366772,17.096353039752962,17.271653214654812,17.132978219075873,16.693653194345035,17.600525759883205,18.87193703994208,19.625664241547486,18.742823102549966,17.550239934748138,16.10664846622238,14.883179262940374,13.622729695896698,12.728172887207478,12.293428415646543,12.428718549054286,12.43432012145477,12.367988592173655,13.611382652031594,14.257585448452398,14.52340935650004,13.87694089108344,13.551071134547932,13.005926614109761,12.072712296485099,0.0
0.0,14.848159956113166,15.911987062720566,17.075952203910795,18.511809644214054,18.79258420779734,18.236830760003635,19.01997374083387,20.013435364210167,20.75471210187836,22.01955209210707,19.681103513104325,17.520623344705378,17.269281096476654,17.423045424164492,18.701743649368463,22.644184653275598,25.200406308250024,25.25715766482798,24.78638420715923,24.212708003442746,23.793688633796478,22.545852106704288,22.272268776538603,21.804229262761982,20.95000685442202,20.264426172104173,19.29746292622534,19.352712243993146,19.00184172816146,17.88426321645199,17.950698937441654,17.735865905148017,18.00733755587139,18.106384508974426,18.58719512315283,18.214939333176304,18.143561443261888,17.45119761049636,16.82525458349816,16.21941446212148,16.644782884843647,16.913402031267054,19.61984717813483,21.634725070778003,21.592451933364675,22.7601532040742,22.528424875397313,22.176757620370104,21.52983217748735,20.343934959731882,19.00749554040982,17.991431486577067,17.37725935098727,16.321185171277985,17.276679886986457,17.434565297565378,17.386577842760794,18.389665583787142,18.817883930380724,18.591055712677253,17.761839252025695,16.84750451682512,15.4562192524887,14.361599708541899,13.245271480868952,12.467870574903113,12.544906308832818,12.777181692831697,13.476329203190382,13.45198895274798,13.923329020118931,14.31684030854704,14.259574322638287,14.124794486178164,13.10666233413065,12.558288209112368,11.22578680848376,0.0
0.0,15.982152075715291,17.818492146156387,17.886285817023534,18.525320781980554,19.336520527801554,18.892189412246893,19.334497030233237,19.934259350721863,20.808959893622376,21.427531099775806,19.946036882584465,17.217663967091188,16.47136982503269,17.271580813438852,21.125663335338942,23.507545764342602,25.066278692236104,25.03445791488982,24.384262053174254,23.653887456526462,23.235485413723268,21.45052075657977,21.530307774577796,21.485950001196258,20.651689941786216,20.422568361315825,19.472863986383285,19.60116532720006,19.05266770764547,18.91855641721288,18.624728303125195,18.469717580409355,18.559739277174405,18.627727101691615,19.16066261501947,18.200748096399217,17.619036796505426,17.16881971283125,16.872593069501335,16.47658154155956,16.492468947706328,17.481894661501066,19.759111490941724,21.179520109308086,21.74657587344803,23.519055546496936,22.812280428476036,22.32847412536072,20.841161135150664,19.109211269109935,17.799792583223592,16.62117733797307,15.874721884350288,15.695886704453256,17.11471068531034,17.978957150345487,17.961782811927037,18.673606293039953,18.452825871439412,18.035108083166755,16.914009616527572,16.311432485452478,14.894931870162875,14.19342723505888,13.32424398983203,12.91895939325167,12.889883738203764,13.49988156166036,13.706106320692417,13.913413837926285,15.094862425536563,14.445721475361186,13.487564249066548,12.700106224803479,12.131928463988377,11.525954133503319,10.207086255917535,0.0
13.53315935471654,15.614253854415262,18.007110187309735,18.324332155036892,18.616005311245736,19.27054110961833,19.54800406885053,19.651380879227673,19.952872454446528,20.997414616958046,21.43351033155571,21.61622447324212,20.900430675523122,20.11436826227365,20.4363861606533,21.945039383209078,23.14422501582662,24.074147345278625,24.9737532853255,24.705551039615973,23.39711970551697,22.94358390678915,21.148105414644927,20.81312216792019,20.72216121747278,20.43764731154569,20.107973074205127,19.891330136065424,19.708469931339003,19.62997238314162,19.45614750291647,19.012471597884165,18.778901907156797,18.702274096021014,18.66014341668675,19.07293270206582,17.998969763856113,17.62333515155359,17.074728178342834,16.747254153879393,16.34389241702231,17.348671881540856,18.471226087282083,19.43970301207206,21.107642493596433,22.445128960784242,23.485390622346834,22.473784794605713,21.863141603616317,19.96838211343392,18.14104110327132,16.82005903913737,15.813429186615164,15.608471609894064,15.499297220822815,17.32746426271825,18.252006510026064,18.615752326200735,18.27783505684223,17.979434706638493,17.525211807249846,17.012918223664077,16.527159744297464,14.928018725698994,14.759376803744725,13.881991923445065,13.774426597157717,13.48621255683795,13.410333055521068,13.862111150081807,14.274813999839093,13.92156635113012,12.700602472137245,11.71166094127419,11.461597532074853,11.033922239125362,10.814370650514114,0.0,0.0
0.0,0.0,16.29245194019963,18.059799614057226,19.331784349184595,19.50077840423346,19.473637875718254,19.426510977513566,20.45479594375741,20.818758170426456,21.123386391495515,21.84337980050784,22.95972070349093,22.73344691214524,21.716459238876347,22.205704186289434,23.003446220234068,23.862047989179615,25.33522728846048,25.40147949240549,23.6388229262691,23.290278823736767,21.541417951426364,20.39926347014702,19.973380364080413,19.741416586056353,19.78167113260949,19.44235055900616,19.395226028816246,19.488323310151674,19.128814921043734,18.713696823032983,18.420902691609143,18.171394741716327,18.47354066825401,18.63685381981955,17.882194823603307,17.393916230594968,17.06296254139983,17.071662400800985,16.741668513192522,17.52707094008551,17.881031084381792,19.166683877686467,21.869350493467152,22.84155541881035,22.64513407284506,22.450922107646754,21.324410263757677,19.409971905701234,17.4613808193747,15.957380563120537,15.371937801167796,15.667228756117304,15.903474714087666,17.03618471532467,18.155438728672443,18.424478696156143,17.503766043660995,17.610709517711722,16.26511230537404,16.424194698352984,16.004398232831065,15.528175959073717,15.238150290392156,15.717871679509352,14.615637716915163,13.73463729790763,13.50227444436685,13.171476553160472,12.979247894687319,12.59933417539382,12.017990745692229,0.0,0.0,0.0,0.0,0.0,0.0
0.0,0.0,17.11661471900877,17.708060938875544,18.382393314137516,18.761434085270103,18.577008552303518,19.125101239057656,19.17230341174143,19.823233253007963,21.737431160186333,21.89038126051625,22.867543579556298,23.115084808313718,22.34153418976681,21.986129719545684,22.87328573536682,24.103406988149903,25.663147752479006,25.918813866209945,24.53052787913977,22.73470147146464,21.98911966840354,20.204042957482734,19.2897839092571,18.978153506371367,19.22073876125807,18.862858385108048,18.82886025739203,18.674589640593602,18.771128105185046,18.78429453634422,18.41132050492461,17.92814477299231,18.16047896415188,18.51731328688564,17.562580480582184,17.047098705087645,16.642879390964104,16.72573944783858,17.7432268542862,18.314868166650278,18.26381776000543,20.207686673985783,21.899404120949193,22.311254815513074,22.49541230142473,22.14637865105378,20.381183531941332,18.804660467090248,17.11537869379929,15.556329195706073,15.41796410391445,15.83901668163599,16.502326639992376,16.897619469273906,17.813310481995078,17.882117828793003,16.99614256693427,16.315197801789648,15.871276312845456,15.417325891278953,15.402170641880124,15.973079303534877,16.354489275671884,15.870683469487856,15.47858249953741,14.097666078877767,13.306371295300941,12.847444632555948,12.210083665495304,11.47909166897782,10.970101677734162,0.0,0.0,0.0,0.0,0.0,0.0
0.0,0.0,17.355628679507866,17.706759581521922,17.12589179431305,17.501195031914285,15.45885386449893,19.035700776096277,20.992707975864185,20.996425340655502,21.699501743342516,21.796940442551637,22.403556758906316,22.951743180203792,22.196442987875358,21.6978880049057,22.887138099091025,24.260621048500006,25.479184832170276,26.505962675453716,26.386576669075062,23.053102138579508,21.87413112398977,20.471880714358008,18.532166627919864,18.360067687510025,18.317326680516793,18.2970735234833,18.79279965915368,18.437457108913428,19.141238335123866,18.82191590374387,18.140810443969755,18.442427120920215,18.0912403600908,17.588797124135812,17.094416648572505,17.201443082545527,16.75422817221119,16.61121146173699,17.69346386708244,18.752258067608444,19.281243960052144,20.4159472522768,21.3444883500729,21.61884556882509,21.807857677438776,22.035883941824743,20.191421653326984,18.79295184347758,17.641662910908895,16.26057319653342,16.021061567084637,16.315498021577834,16.39881801346392,17.10179734221935,17.586274732504926,17.000732227814623,16.224145625982487,15.647497311931835,15.474676912911422,15.019914120718742,14.822118433399293,14.981475035385127,15.708693067739766,16.145809592198333,15.441170123498217,14.158157571853371,13.242155815239258,12.73628092769032,12.086641821209756,11.320113196660222,0.0,0.0,0.0,0.0,0.0,0.0,0.0
0.0,0.0,17.45292483879731,19.337233656019517,19.5267985819501,20.003267124928964,19.837658559424007,22.616137246604744,23.26299731500876,23.169620869505408,23.029926576399394,22.24113892616348,22.025574950965336,22.328478435881244,21.871513852055177,21.201091746119012,22.05590923555994,23.90695556871152,25.213402555476357,26.7577155470066,25.51047282032573,23.52347110869582,21.924921925653138,20.447027406539576,19.165131417556594,17.9742470293298,17.83765407938184,18.0368312711428,18.07752878615501,18.346084771368076,18.59591280781854,18.445251970773704,18.312612820164986,18.425296740632337,18.250995622696564,17.98153057145216,17.092122346251916,17.280585883084928,16.942031987995747,16.667155752430006,17.95572240705851,18.530246230826954,19.52100770465026,20.672696620830656,20.65896125143741,21.018884566634853,21.411507901677204,21.84740164079734,20.087986623257642,19.509473405391077,18.28813986489432,17.78309689149242,16.85196710652315,16.569728033657405,16.992388613616864,16.974899201193924,17.017759745830705,16.434270927642643,15.64737696243308,15.326441888761167,15.24990775234191,15.037725164859198,15.191609085199318,15.513971639774937,16.082853890895557,15.259948209524499,15.33485942613542,15.09485942613542,14.339489698740557,13.749170993097787,0.0,0.0,0.0,0.0,0.0,0.0,0.0,0.0,0.0
0.0,0.0,18.268651919414673,20.125171095397775,20.94350947159625,21.712327412474274,21.92907736325772,22.301522292750008,23.55148249915159,23.34769106156657,23.94472305685125,22.49134963897383,21.434216409560314,21.983218703117714,21.497338470535613,20.896535390312135,21.763160955252932,23.039409702022347,24.864466714486866,25.996941203968078,26.429752390270536,24.519896771612565,22.265297836202826,20.648082045952556,19.530249001729786,18.446795182970156,17.573374306862025,17.470795752305797,17.700455484064257,18.059240357334957,17.980407474020573,18.371657059313655,18.188124139212036,18.333585328692507,18.59568858461163,18.202678831832756,17.503386440796675,17.09213586271433,17.037119600848897,17.646283648020358,18.16703791271848,18.899043104236895,19.755295718832464,20.539544665683046,19.8250957939036,19.93948749804546,20.37132106924036,20.993555741513607,20.035424130884433,19.469307897671595,19.176896564663934,18.308063126168992,17.80246074998107,17.651265891606144,16.76683782293158,17.11662763333065,16.142130586568143,15.25113482860642,15.135956658693203,14.646931732952066,14.410407125594563,14.662840744961436,15.075445742483502,15.408232921312614,15.940957746714568,15.147118235180756,15.01756011982436,0.0,0.0,0.0,0.0,0.0,0.0,0.0,0.0,0.0,0.0,0.0,0.0
0.0,15.265586488394728,18.654218909278548,19.831035032663074,21.51858365108925,22.08287451287515,22.41996504127095,22.877485878870456,23.30035227503717,23.496326406913063,24.052623697450862,22.74753810538425,21.429451126969482,21.15877312372772,21.599792977562345,21.331758451071423,21.38174682038789,22.45218999778701,23.617427963978827,25.543555031805916,29.23372547833522,25.02738833199284,22.280830263756446,21.061602837070442,19.674433131000526,18.470894276646142,17.07852421748612,17.076198996651254,17.183864312668334,17.22730538743386,17.848834866462607,18.229246453244805,17.871482070448394,18.371344505282686,18.846903613878716,18.179018088159523,17.58876858996906,17.60876858996906,17.452888264861325,17.961745060451044,18.109550214784747,19.258853374684925,20.326465381042944,20.301563859297534,19.03351755442916,18.568905118138886,19.433819128907892,20.047480399395575,19.58382398331006,19.357787922311605,19.018628936054313,18.32412842592114,17.963793456368485,18.00416703507939,17.767237201078743,17.260742702132227,16.06008486661811,15.021614525320388,14.778496629215354,14.433976960907497,13.857727402680139,13.904293852922667,14.103556983990316,13.853063593405611,14.836760828831316,14.09400271436314,13.403118933151271,0.0,0.0,0.0,0.0,0.0,0.0,0.0,0.0,0.0,0.0,0.0,0.0
0.0,14.961252302499627,17.952503666623954,19.080643953613976,20.983808283659293,21.854086781877612,22.137360786525726,22.53177196854903,23.17887562895234,23.057422056566253,24.114011137894735,23.015672798041408,22.204602396027163,21.57967925726802,21.177543392673954,21.29356365147669,20.90144830561202,21.64702824140502,23.093077361167445,25.933813157899834,26.001110251322714,24.5353978502377,22.871860421661303,21.47740226999534,20.07248461094031,18.773178252732144,17.75166713744995,17.55298589521063,16.849263532264086,16.65982944174517,17.272288047062645,17.516551260686498,17.732275050053296,18.09331469703786,18.599211894190383,18.11997083820326,17.546478547465618,17.44724082879945,18.747090971694526,18.46930737608475,18.72808112943489,20.006283735558895,20.505241029578386,19.678572502763913,18.42888302019887,18.158700493808894,18.88410749531701,19.572297029524385,18.849383989743817,18.86183441368137,18.151851886128455,17.74960662156479,18.005543117586953,18.246096674518135,18.041043280184653,17.919614441805265,16.45639150482308,15.163926771709338,14.637690924403554,14.031899337992662,13.702880637680675,13.67629782568578,13.305830546068062,13.131983573325154,13.473862526785691,12.604873923228812,11.899345717463111,0.0,0.0,0.0,0.0,0.0,0.0,0.0,0.0,0.0,0.0,0.0,0.0
13.69694089108344,15.030685488706453,17.414148231574828,18.91697380419172,20.339918397830274,20.7126567080216,21.261087495951376,21.8232007913498,22.068117785562066,22.665597518430523,22.77398916168091,22.128844502303483,21.85246385206308,21.710867134623676,21.222060392013756,21.003519939123294,20.841449205524988,21.39472442992146,22.484682540969793,24.080061948345822,24.949240157338167,24.391950710841233,23.182048016752827,22.202069461786365,20.323674516315034,19.667009319646557,18.37821101762362,17.6694779337014,16.668590918331876,16.351314744936612,16.297368737838966,16.533420455667848,17.251947388830423,17.004770085148074,17.65165559143808,18.181077271948684,17.702796033097602,18.081005380909826,18.752517425172925,19.447987448194144,19.836558284081327,20.780138731485124,20.860414264542626,19.615563245817334,18.141141874963832,17.564228830854518,18.062193274638258,19.057280065207053,18.423472233738963,17.793762863660422,17.268007332109693,16.94034018162577,17.99912279317593,18.134040795091586,18.07663242056599,17.16610412729662,16.1890157504744,15.378277681491689,14.772558001516002,14.068963592588783,13.609057190615118,13.404306620663078,12.939269670291907,12.436714612673695,12.595356662938785,12.923180241082733,0.0,0.0,0.0,0.0,0.0,0.0,0.0,0.0,0.0,0.0,0.0,0.0,0.0
13.483829168460883,15.449184341896412,17.061506248860415,18.73570471129475,19.03682893832154,20.052527677719123,20.983303220776797,21.3744883500729,21.542070676093882,21.661099151140036,22.121810362445032,21.341874516728325,21.161208321985022,21.150787302052187,21.098882206629128,21.023807278118497,20.851259839729956,21.290585484069386,21.943438953857704,23.230603032231816,24.21082548467399,24.295227665612668,23.17518495025557,22.334875054409494,21.499275739225997,20.519003991315834,19.040305637980694,18.563939478161533,16.863371572418785,16.791935447480288,15.798839474325359,15.91724351790593,16.268986390705976,16.498217430831616,17.05593904839618,17.61010668394976,17.57870500981584,18.11700923569333,18.994529041746567,19.31720311299234,19.806243470416604,20.951183827147364,20.44578113123896,19.492707712029166,18.83784928758279,17.69901458811063,17.887510311885755,18.977242500245353,18.062967170948916,16.77295650255475,16.814326113457852,16.85547638967885,17.217200999087595,17.781621729751052,17.78006292679253,16.21410449948187,15.470448993769958,15.67165409729078,15.592476361948197,14.8610414981795,14.602196011431108,14.033982711845844,13.718289401359137,12.93110619325814,12.577389111480507,12.847179655154351,12.697103457002996,0.0,0.0,0.0,0.0,0.0,0.0,0.0,0.0,0.0,0.0,0.0,0.0
14.146007541074166,14.967030310884116,16.39683539087233,17.548722838794234,18.09407913416611,18.83469717805191,19.945701955432845,21.193883751076662,21.29189677249753,21.329310323861165,21.647796912648964,20.852928413726417,20.614602476728866,20.16490060169418,20.369194185908917,20.956573536836665,20.707032051595355,21.00062701998288,21.77738981404648,23.391492729482664,23.757716377079447,23.660389501765636,23.128879717038885,22.120794671202233,22.034675403618838,21.416749098723642,19.773327156566367,19.064615600532292,17.351233519909037,17.050528700576436,16.52104781855613,15.89538259730042,15.856280135603171,15.961169409381057,16.684942225713417,16.462432821039727,16.84957767907946,18.014402776229247,18.975579373607985,19.234090453828102,19.54215896670501,19.661057813202618,19.990654913359506,19.989822129205507,19.15643435838905,18.539014773513244,17.593395317663237,17.89899091299063,17.95837968960263,16.276964527863658,16.040469353665593,16.35879974091724,16.559898848246576,17.698937722225317,17.92418885332627,16.827200036175906,16.04487999859711,15.526009362154097,15.642628950655313,15.174598020244545,14.799075378535617,13.958818331342886,13.677897699359564,13.35373226409484,12.637450802054662,12.357612914428595,12.408797123027126,11.640605187627479,0.0,0.0,0.0,0.0,0.0,0.0,0.0,0.0,0.0,0.0,0.0
14.160919681133727,15.136291243040528,16.09735993531669,17.488965070784175,18.20767239169347,18.35610893039978,18.765240014366835,19.93299291269419,20.784683988965547,21.144545502348276,21.570857038975845,20.337181979610857,20.154930722493475,19.77821995944356,19.63991036162526,19.566393136673398,19.48008901476489,20.451609358807154,21.754027275755462,22.644920899463887,23.662974328694045,23.29520785782037,22.40739014052013,21.72409348608757,21.84739252232572,20.62699688374084,20.052071215598346,19.118647973795383,18.076420726766656,17.61319439885033,16.856813249770653,16.56854792688413,15.978855715545702,15.837294751965402,15.955895497870454,16.3514500864205,16.640336162358544,17.096268320759485,17.64119234167741,17.576401594700005,18.0776368461245,18.526869141167985,19.23833366363339,19.516396913042257,18.768379628024828,18.988546898593558,18.379199957081962,17.21828300544626,17.09936251293528,16.641332199613238,16.198860375976004,16.76502059456209,17.271900279226607,17.630471892514805,18.705418285395833,16.82444612144064,16.608213009866986,16.020569907105497,15.683253335733127,14.192797593176884,14.06858650230613,15.141877589062375,14.129574322638284,12.858146824274717,12.411354666084232,12.787838380052976,12.492087740597285,11.716716839865667,0.0,0.0,0.0,0.0,0.0,0.0,0.0,0.0,0.0,0.0,0.0
14.56140932214122,16.23573894186516,16.775738941865164,18.241289513047214,18.907975352200477,19.278240759666502,18.97612888443549,19.210951809907804,19.86067481970568,20.858675386644315,21.742762841887533,20.689329089861246,20.1687348143751,19.933144299892437,20.106990869262077,19.65183246282225,18.85508347004489,19.236020784384767,20.87113583332114,21.537225974918258,23.142189867241175,23.11293560651582,22.383193173524084,21.505267077753885,21.29115302261033,20.602516704970114,20.37852841120177,19.63376240292891,18.699499654849884,18.019674160167412,17.286574036629304,16.8325246441579,16.34392746390121,15.776776208593702,15.905575330915138,15.968047203649292,16.4245862200296,16.51695088816802,16.594592071594423,16.406484059973153,16.548973367800357,17.401209491657482,17.900382728393183,18.249676168460418,18.89294707369089,18.53478250296424,18.24655819732586,16.980068605645776,17.22486414353458,17.59675594004171,17.00782865061054,17.829642381682483,17.70009649747731,19.449934628557266,19.699115983747102,18.328749730461354,17.463712604096084,17.091394042083888,16.41242276762073,14.470299241818074,14.007495728987411,13.327112949931031,13.21318729795138,0.0,12.661089871449569,12.540520010701231,0.0,0.0,11.75755027955017,0.0,0.0,0.0,0.0,0.0,0.0,0.0,0.0,0.0,0.0
15.00632719512517,13.05459693416858,16.456926300649364,18.438881026047945,19.22315579361645,19.775472794103692,19.890293059124453,19.295371136922945,19.93719077248759,20.202905518605725,21.32877014985123,20.597045219218046,19.91819485611495,19.765356504319875,20.22729872940066,19.55554976515932,19.305710314221802,18.84068099027182,18.878196332680318,19.978808562892986,21.219198176787476,21.99296846525973,22.045060249685115,21.913288714072323,21.35379802321705,20.414270067629054,20.0123514928297,19.544976054866723,19.520173348150568,18.794008451506674,18.104011214263895,17.628176261767692,17.0783898549073,16.668537049751556,16.118076247358015,15.980194767390202,16.080826181217194,15.919562050740911,16.02338724150921,15.577055940181445,15.53350417967328,16.28719455589431,17.125995650641098,17.78220453810001,18.313898149183238,18.23869749785348,17.801385053571927,16.800173289436703,16.32339519038686,16.39344222416573,17.084116390032676,16.925217443187254,17.14881433403128,19.949520821789953,18.8146770818766,17.061980618957342,16.60441854572047,16.075569471791635,16.141631093637933,0.0,0.0,0.0,11.827539818881522,0.0,0.0,0.0,0.0,0.0,11.959113660562682,0.0,0.0,0.0,0.0,0.0,0.0,0.0,0.0,0.0,0.0
0.0,0.0,17.6377136341084,19.17483772393996,19.327507083383274,20.249706805147145,20.00836470122771,19.756275232222055,20.09543279515581,20.391373823362343,20.56616567177779,21.293495464306964,19.849569028445636,19.504331646427055,19.993858899347032,19.592659800853017,19.367636852082875,19.146584282783785,18.84758094922756,18.476591034873717,19.13830376713877,19.764181678507875,20.70620232875816,21.362809277781793,21.461289078393293,20.875232175718907,20.116169325398143,19.894215005915733,19.559630411751662,18.895768108840066,18.53257863369017,18.587303278748283,17.811203585326012,18.23180451313246,16.99782899063397,16.573588602734294,15.773346156485553,15.925973716703762,16.129697719277857,15.243229626425379,14.849609120231007,15.343741077166417,16.494670679747635,16.683953081852053,17.236524049501732,17.68992668378479,17.238147455162903,16.33725607736492,15.361943771520778,16.136132883626818,16.627585596393466,16.583988324458282,17.427055965376773,18.076304648440875,17.659121948627618,16.442294510212264,14.861674151365367,15.49728569801092,15.46187235713614,13.742168628159375,0.0,0.0,0.0,0.0,0.0,0.0,0.0,0.0,0.0,0.0,0.0,0.0,0.0,0.0,0.0,0.0,0.0,0.0,0.0
0.0,0.0,14.054881143828663,16.4177793302463,18.181750471748046,19.13780077039452,19.89473360988056,20.455587943873116,20.647644633286703,21.087937081602625,20.829436327831083,20.66154089880756,20.43144943312401,19.75407071489773,19.49417608205905,19.433282486452846,19.304063323905464,19.042861001815403,19.083501366395943,18.65876934453567,18.622727976473058,18.46832715255447,19.35803105521382,19.94829935200358,21.10360985952525,20.924644305928577,20.674790488977067,19.97885046592959,19.114237608166917,18.875138650379267,18.73806360973486,18.840486706881517,18.901528900736793,17.69822315332814,17.50138505357193,17.536030027221425,16.461710486234747,16.549309118544052,16.2678697596194,15.244569361627303,15.155164909878232,15.373358302101785,16.82231537888359,16.08207501690498,16.765047106627893,17.174459848827276,16.808879418904926,16.003903309243157,15.604904854905898,15.894330120171103,16.614564076194693,15.980621866114966,15.715793795697447,16.26162287346711,16.070823089280594,15.210101349114638,15.469789871329134,14.831479712145143,13.536805752984577,12.587273078663536,0.0,0.0,0.0,0.0,0.0,0.0,0.0,0.0,0.0,0.0,0.0,0.0,0.0,0.0,0.0,0.0,0.0,0.0,0.0
0.0,0.0,0.0,16.63398758824054,17.962625843774855,18.84149226890029,19.136874019067516,19.800013622200083,20.575426642254943,20.87263234182509,21.33861347421471,21.106337284025223,21.044057884191382,20.657907324379202,20.01232713239316,19.280301198200483,18.849554604668775,18.359944903285744,18.556184434759004,18.891827867026343,19.094019812234983,18.444499060512577,18.51525962747902,19.070466353010442,19.9580942061563,20.445947252276802,20.22203010518021,20.05212731467563,19.603228751855692,19.078328135617202,19.193987117660562,18.986306839895924,18.629586938347135,18.83734039451018,17.860647735979256,18.24563912641222,17.37734264552017,17.429486924244795,17.584652811082567,16.626103039103064,16.018961735969743,15.698836435103102,15.859640025370254,15.695290888896462,15.930568785803462,16.4644985346767,16.39337185624859,16.411324282122738,15.553096044551108,15.039831694072063,14.472668654414772,14.806545912518514,14.758005146455353,15.526506062100815,15.051401047153822,14.514856183973645,15.235553700935625,14.877841939363801,15.284392770648882,0.0,0.0,0.0,0.0,0.0,0.0,0.0,0.0,0.0,0.0,0.0,0.0,0.0,0.0,0.0,0.0,0.0,0.0,0.0,0.0
0.0,0.0,0.0,15.701463221905119,17.491873372155247,18.243586095529302,18.28647302925615,18.714180086310932,19.69939303039674,20.171320404002387,20.933252283579424,21.50255029893452,21.34913780254334,20.91973703725405,20.410127099236355,19.68783434150867,19.2281738403947,18.49277201421255,18.276845487341287,18.100564588030565,18.53210816537321,18.362072034213817,18.216022833890314,18.4557419908015,18.664976345461675,19.039658198576053,19.05716600676336,19.152607456423766,19.040521654256995,18.668335042083662,18.713403191421847,19.467836033249274,19.374856402505266,18.89319208707809,18.935569741228655,18.33152812419911,17.52993495941002,18.12014241575192,17.973301673123586,18.217386476286904,17.46382015539796,17.439644850806946,15.909672784070418,15.626870407110731,15.331085230459138,15.074253073791898,15.762628950655314,15.474864906775037,15.652636515401603,14.74140133343381,14.474887938613307,13.682261435798814,13.72841671252649,14.424044085166464,16.0653652709911,14.729071851814002,15.333668870417991,15.079707882327467,15.29796234390553,14.606684503911428,12.993458612357198,0.0,0.0,0.0,0.0,0.0,0.0,0.0,0.0,0.0,0.0,0.0,0.0,0.0,0.0,0.0,0.0,0.0,0.0
0.0,0.0,0.0,14.621787841054527,16.97592224072674,18.049199540208633,18.12398804682821,18.145018526386,19.036096613764578,19.210781134676154,20.428775265226065,20.86363182426369,20.8181999204966,21.019786321194385,20.52784088781104,20.83806750018981,19.911093557091267,19.667297963932636,18.876755728247048,18.196484143986694,17.58071114707535,17.78658704244277,18.032544531556482,18.077521106761587,17.657005330844562,17.37976320383852,17.987207463461218,18.319244039574325,17.644967003656724,17.194035539055555,17.717503681958544,17.97992625572499,18.589196912625894,19.022776550090377,18.52273369488042,18.775821861302326,17.52987921983327,17.54999075697632,17.645658496266694,18.165867723575346,18.41478342599808,18.318914400921905,16.571385254323477,15.5961760012075,14.700585680507807,14.220585680507806,13.733163694352779,13.88057690902118,13.467999349669132,13.783775417862344,13.261687127262071,12.707256464768516,15.025787870131307,14.061882959470637,0.0,15.839675573890423,15.140571647826043,0.0,0.0,0.0,13.44964877523887,0.0,0.0,0.0,0.0,0.0,0.0,0.0,0.0,0.0,0.0,0.0,0.0,0.0,0.0,0.0,0.0,0.0,0.0
0.0,0.0,0.0,13.738762214195447,15.850733648061286,16.53068788650282,17.53490552581721,17.954440252761543,17.812987279587666,18.123487988702486,19.1091619597087,20.102653953763223,20.296978663436796,20.20762903357995,20.323745275985114,20.463457748416836,20.773609670090067,20.32663875841077,20.000816633681367,19.388031055213823,18.53768733238912,17.96749035246131,17.98301469144921,17.98628491608384,17.3169189647895,16.556528845866293,16.744503925568456,16.327801978948713,16.615821978940254,16.304775972635984,16.245749610335174,16.575251945427393,17.003979644679934,17.618164994091554,17.678808595636312,18.379072107016434,18.35680613536725,17.660282083413513,16.875921861739336,17.54594849420517,18.198706104891038,18.286701922719615,17.07582705660141,15.749910309340674,15.145843728433464,14.12519523434695,13.255982989673988,12.668440880323839,12.745330219787542,0.0,12.043276863011833,12.148442278223845,12.617450802054663,12.54899889559653,13.564887938613307,0.0,14.010852264983388,14.086422154891393,0.0,0.0,0.0,0.0,0.0,0.0,0.0,0.0,0.0,0.0,0.0,0.0,0.0,0.0,0.0,0.0,0.0,0.0,0.0,0.0,0.0
0.0,0.0,0.0,12.589691055704549,13.926977331514118,15.150930069780756,16.368295458559317,16.82933725492327,17.08413176655954,17.58273880887306,17.551370593800268,18.940961995922414,19.01348312602283,18.913368382620426,18.81537367867425,19.18372710200843,20.461469113172406,20.79362496251988,20.853720711309936,20.105957700253672,19.544983795476405,19.185213474925106,18.645835795916916,18.11132735579583,17.33932502348855,16.943609484642685,16.170734371848475,15.656601134988,15.729521359549826,15.335804783673431,15.714087064839745,15.994934243667291,16.262124694432025,16.489674938010204,16.914524999705606,17.43581421289101,18.22863068152681,17.29631465085672,17.389694217823962,17.504057405879188,17.774596814162578,18.17414459609587,17.642785239095076,16.55894346099135,15.48144282108025,14.634720561881341,13.295324242225355,12.857349820587883,0.0,0.0,11.782802791262505,11.983318326209037,12.154373366286237,12.208307299884629,12.566279041983723,13.105926781470322,12.709268435130724,12.644873923228811,12.664815000819363,0.0,0.0,0.0,0.0,0.0,0.0,0.0,0.0,0.0,0.0,0.0,0.0,0.0,0.0,0.0,0.0,0.0,0.0,0.0,0.0
0.0,0.0,0.0,11.585497300667818,12.779346313496147,13.82408314170851,14.522486684446118,15.583129716234367,16.416511167217813,16.93334613142058,16.757406714941652,17.9052714088836,17.76651208776673,17.635624159212625,17.507627812817237,17.51652278277721,18.944453934852312,20.08474229141139,20.768669137182048,20.43548348237261,19.713909819799813,19.374408021261296,19.07278411914737,18.862620898770132,18.800717816703205,18.113540409172245,16.76497912715832,15.860167735374814,15.354784280051675,14.866505760037107,14.845936004083516,15.085295593030057,15.677610814289817,15.180762745803998,15.397347304622194,15.725050018319084,16.478194682010393,18.22045572371588,16.430869136743656,16.873890963864255,18.18541273888291,17.991976385395283,17.93136580092459,17.328577348065622,16.11233332329152,15.231945858407254,14.327606680616466,12.418824786951518,0.0,11.581215013900097,12.03133450841897,12.903458612357198,0.0,12.098011016456262,12.148891583294063,12.45907222341179,12.430252001212875,11.844141087946758,11.93679303336997,12.00121306327642,0.0,0.0,0.0,0.0,0.0,0.0,0.0,0.0,0.0,0.0,0.0,0.0,0.0,0.0,0.0,0.0,0.0,0.0,0.0
0.0,0.0,0.0,0.0,11.103409706436747,12.622325324739355,13.294732751898138,14.389567024541059,15.751782661353804,16.591083316656924,16.66371096049447,17.20875868606737,17.417011541301246,17.128498059455673,17.04296254139983,17.044180669108492,18.149534110459157,18.903236891586396,19.58367574099232,19.914532854243603,19.570672461711872,19.127383605535037,19.45719767186689,19.321963103828754,19.184186802327297,18.80999128609775,17.75700068012729,17.072836718698824,16.25728126226836,14.762270512175085,14.625611242199197,15.15182010921669,14.644043304030237,15.028865617270483,15.064551128257877,14.556422489068165,14.517101061413369,14.649592125255015,14.751401047153822,15.790836891677044,16.592678519619845,16.95839208665307,17.42424312359367,17.503964629379176,16.431845853260146,17.263051210561343,0.0,0.0,0.0,0.0,12.567829759564184,13.515693468287942,0.0,0.0,0.0,12.409171931039817,0.0,11.332563646758114,11.700347465124322,11.96885473832956,0.0,0.0,0.0,0.0,0.0,0.0,0.0,0.0,0.0,0.0,0.0,0.0,0.0,0.0,0.0,0.0,0.0,0.0,0.0
0.0,0.0,0.0,0.0,0.0,11.573449163738042,12.348132589416778,13.373600883084976,14.58151773850124,15.581656543479816,16.036427192382913,16.279588969801658,16.285373256901305,16.516805232758596,16.884641156561276,16.922449849321065,17.502079082715973,18.09829069801409,18.926226846672733,19.237866560638587,18.871623213246014,18.45026647408892,18.43737352082848,18.806829004416922,18.536844998790954,18.402773355395457,18.136110192257597,17.489433574934004,17.38179001019484,16.018956754348373,15.036619095417088,14.96638578257306,15.313513224555578,15.168659066758668,14.93183730865477,14.791047478298864,14.895187412006187,14.449607658500632,14.58525144844263,14.671253378996159,15.154921440853332,15.459870324798013,16.388194682010393,17.122327998037914,17.075898118782153,0.0,16.027129814184164,0.0,0.0,14.17400271436314,14.12187289925042,14.13175373443648,13.959151499706419,13.997551361009648,0.0,0.0,0.0,0.0,0.0,12.28484273493655,0.0,0.0,0.0,0.0,0.0,0.0,0.0,0.0,0.0,0.0,0.0,0.0,0.0,0.0,0.0,0.0,0.0,0.0,0.0
0.0,0.0,0.0,0.0,0.0,0.0,0.0,0.0,12.71751733909679,14.368092199968885,14.491748567794287,15.254171756216843,14.621193312074947,15.369833870444197,15.639662328506372,15.99886727957637,16.690989153404377,17.25247590841471,17.68023715664203,17.95856516979377,17.53026746809873,17.16030977607607,17.245064836057857,17.605744653852767,18.335504953586078,17.915426923464914,17.670108846126787,16.819107271646345,16.26354632568835,15.898950423267578,15.272934343717186,15.197024558418901,14.555924227887031,14.605297563623251,15.778190881555282,15.556005950405119,14.350351074763484,14.847629526573089,14.964327613475707,14.195114773824834,14.698266982401769,15.375257531360614,16.303841078810674,16.78666957803208,16.708305561918895,0.0,0.0,0.0,0.0,13.970852264983387,15.333668870417991,15.240248761845201,14.011553371479788,14.36340935650004,13.954329332301786,13.280179975870123,0.0,0.0,0.0,0.0,0.0,0.0,0.0,0.0,0.0,0.0,0.0,0.0,0.0,0.0,0.0,0.0,0.0,0.0,0.0,0.0,0.0,0.0,0.0
0.0,0.0,0.0,0.0,0.0,0.0,0.0,0.0,0.0,13.07010742975774,13.89858650230613,13.981033086722448,13.931033086722447,13.715889885918244,13.828431666942155,14.330007140837665,15.056715750596515,15.472780982662414,16.193532721209206,16.57355123033232,17.173569149008667,16.60148667891515,16.58986784242594,16.414051043866255,16.847430552301333,17.3917280635578,17.08457242167015,16.29036474646794,15.987424784908141,15.29468994519798,14.925784751377039,14.416284560270089,13.644482700589577,14.062856208397948,14.38397770293393,14.375797765436811,14.945200520087754,14.200832520635432,14.39574833571993,14.1311927350867,14.1037544921271,13.882456606944164,13.876148206276216,14.168804331667756,14.249574322638285,0.0,0.0,0.0,0.0,0.0,0.0,15.275636935332114,14.523294198574963,15.012923728037336,14.163676054660456,13.649627251868075,0.0,0.0,0.0,0.0,0.0,0.0,0.0,0.0,0.0,0.0,0.0,0.0,0.0,0.0,0.0,0.0,0.0,0.0,0.0,0.0,0.0,0.0,0.0
0.0,0.0,0.0,0.0,0.0,0.0,0.0,0.0,12.053624572253348,11.471739433680568,12.269085717962456,13.197433198631629,13.290292548001798,12.71056340574891,13.182867305745518,13.82963794476187,13.634026083333502,13.931838031292433,14.317860135400167,14.967741316059495,15.731938423197434,15.955795249982529,16.29525446679775,16.551738395906945,15.808867279576372,16.10318775846485,16.074219348701046,15.684292515718937,15.503717063666354,15.195615537274206,14.454800827126853,14.15156911595971,13.343196359001032,13.176336981276004,12.769431830880249,13.055448058410887,13.265342628224928,13.645287622219325,14.404761584860193,14.18369548859107,13.744630056908434,13.12512113885511,13.307139047702876,13.177139047702875,12.447415055510024,12.267390459983286,0.0,0.0,0.0,0.0,0.0,0.0,14.785484339136117,14.388554968856091,14.278761879244644,14.438342722622636,0.0,0.0,0.0,0.0,0.0,0.0,0.0,0.0,0.0,0.0,0.0,0.0,0.0,0.0,0.0,0.0,0.0,0.0,0.0,0.0,0.0,0.0,0.0
0.0,0.0,0.0,0.0,0.0,0.0,0.0,0.0,0.0,11.357936406483237,13.021629654016222,13.049496454793776,12.814696693113241,12.290100926064595,12.66243174988196,12.888903700885525,13.23919594404178,13.374897401570607,13.371192031631491,13.487275432538029,13.97982733171573,14.657340446589801,15.03026132492781,15.089559400701065,15.30114447024544,16.438469192316266,16.897962638563442,16.33725984953173,15.627412879836777,14.854524363646945,14.688037852879193,14.137651035972521,13.441335993767169,12.996608772739696,12.642944978478006,12.519766494669204,12.568845842188011,12.422955964760332,12.603636652645864,13.32125153581073,13.327477443559967,13.507613013701377,13.531117500550538,12.964347169340572,12.606217253901399,11.808124417713923,0.0,0.0,0.0,0.0,0.0,0.0,0.0,0.0,14.125634685645627,13.594933524282496,0.0,0.0,0.0,0.0,0.0,0.0,0.0,0.0,0.0,0.0,0.0,0.0,0.0,0.0,0.0,0.0,0.0,0.0,0.0,0.0,0.0,0.0,0.0
0.0,0.0,0.0,0.0,0.0,0.0,0.0,0.0,0.0,0.0,12.900019132670522,13.247270374253585,13.169866015890138,12.941303270369952,12.501905090214695,12.832284854503989,13.01752579227786,12.482936466426509,12.132830481448321,11.928026038080395,12.462913728224382,13.662766133329388,13.546645332620463,14.009873256916674,14.780134961373022,15.741442821080248,16.014421779976338,16.546016800773643,16.179681538591154,16.250411627465642,15.72648194291888,15.480532315606066,14.804937462141616,14.03100150990306,13.796047141120255,13.710090791701422,12.80215402471243,12.165131453753375,12.64422040364552,12.923028861047003,12.809654889046111,12.909924257741752,13.349905811744588,13.298524212881325,13.173114179603754,12.426808971578886,0.0,0.0,0.0,0.0,0.0,0.0,0.0,0.0,0.0,0.0,0.0,0.0,0.0,0.0,0.0,0.0,0.0,0.0,0.0,0.0,0.0,0.0,0.0,0.0,0.0,0.0,0.0,0.0,0.0,0.0,0.0,0.0,0.0
0.0,0.0,0.0,0.0,0.0,0.0,0.0,0.0,0.0,0.0,12.996778668974793,12.972677128245394,13.528293004688056,13.696398090571233,13.055324085226413,13.225304653538089,12.416287825313407,0.0,12.999438684428608,12.02560548702221,12.00754200525893,12.910886225312677,13.307384475987464,13.127799280157522,14.895936538020415,15.088823216667691,16.003340930142087,16.108194682010392,16.190594795441076,16.446137887869845,15.458880115862213,15.759321505624383,14.766647116128176,14.182924724760497,14.442184783986354,14.874015383709022,14.194794486178164,13.982509120051784,13.551071134547932,13.994794486178165,13.479736394151246,13.604197844220138,14.150210418795211,13.089504473761911,12.816777004714517,12.545013913291685,12.087471065546314,0.0,0.0,0.0,0.0,0.0,0.0,0.0,0.0,0.0,0.0,0.0,0.0,0.0,0.0,0.0,0.0,0.0,0.0,0.0,0.0,0.0,0.0,0.0,0.0,0.0,0.0,0.0,0.0,0.0,0.0,0.0,0.0
0.0,0.0,0.0,0.0,0.0,0.0,0.0,0.0,0.0,0.0,0.0,0.0,12.704267742481003,12.450778421011584,13.089207412362537,12.930546857216305,13.019508407090129,10.84845508977843,11.526273979908645,0.0,0.0,11.11642647370357,11.60943752481374,12.270006887946398,13.04907193135061,13.262873150503538,13.390952405059524,13.72447635549985,14.153893764745625,13.978561688680212,13.72619429715958,13.257951676150094,14.007650613894523,13.380116854133199,14.082668030363891,12.623357204362417,12.22896856548773,0.0,0.0,0.0,0.0,0.0,0.0,0.0,14.403448730849783,0.0,0.0,10.487670123560722,0.0,0.0,0.0,0.0,0.0,0.0,0.0,0.0,0.0,0.0,0.0,0.0,0.0,0.0,0.0,0.0,0.0,0.0,0.0,0.0,0.0,0.0,0.0,0.0,0.0,0.0,0.0,0.0,0.0,0.0,0.0
