0.0,0.0,0.0,0.0,0.0,0.0,0.0,0.0,0.0,0.0,0.0,0.0,0.0,0.0,0.0,0.0,0.0,0.0,0.0,0.0,0.0,0.0,0.0,0.0,0.0,0.0,0.0,0.0,0.0,0.0,0.0,0.0,0.0,0.0,0.0,0.0,0.0,0.0,0.0,0.0,0.0,11.232562916245923,0.0,0.0,0.0,0.0,0.0,0.0,21.417996341936277,19.591739105421652,27.206704119117738,21.848911712566032,34.328828528335535,22.450750773800074,40.89490517037775,42.05886956089479,24.039466942654776,15.135435994760618,19.74024209972613,26.072155064296858,21.20881823456423,17.917410597477776,22.50470793644056,21.50607417529389,19.593856835614414,20.753800769705702,24.306468103373412,16.271953593876535,33.897567293744196,27.331013002926454,34.24506143384153,20.215031344331912,26.076676467171094,27.929269511457477,26.96786285715404,20.413230709398242,25.238298950433766,29.290907077119126,26.56881758616953
0.0,0.0,0.0,0.0,0.0,0.0,0.0,0.0,0.0,0.0,0.0,0.0,0.0,0.0,0.0,0.0,0.0,0.0,0.0,0.0,0.0,0.0,0.0,0.0,0.0,0.0,0.0,0.0,0.0,0.0,0.0,0.0,0.0,0.0,0.0,0.0,0.0,0.0,0.0,0.0,0.0,11.347667514046755,11.513891653997092,0.0,0.0,0.0,0.0,79.82285397812609,36.24103728934773,18.23628910311317,24.518759170953274,20.902985037236277,21.087388208255028,22.656843972583335,19.155535842640685,26.021105665491724,35.118128695743394,22.20891171256603,23.4310835369648,30.11663342273483,28.24110561468609,24.604172373624927,25.13960681705195,23.53859459965572,34.4698779294693,23.444180659474675,20.121891550598196,21.964671626397546,25.534612009817565,28.58112130701182,24.92962382484341,30.451348500662505,33.608068951758945,27.598533851364465,26.639352569748162,35.253186871387,31.542826186593153,22.129700715953945,19.826402720213792
0.0,0.0,0.0,0.0,0.0,0.0,0.0,0.0,0.0,0.0,0.0,0.0,0.0,0.0,0.0,0.0,0.0,0.0,0.0,0.0,0.0,0.0,0.0,0.0,0.0,0.0,0.0,0.0,0.0,0.0,0.0,0.0,0.0,0.0,0.0,0.0,0.0,0.0,0.0,0.0,12.451736314604842,11.536335135777678,0.0,0.0,0.0,0.0,46.39135720985568,49.81922633913099,29.845753305293023,24.599641964761226,28.76641197627575,20.390439098868285,27.13069989472202,25.378622040241172,31.311103618522225,21.31927305021666,32.00135309417267,32.26554667342798,23.22323674984785,29.262079928811083,42.83755700117146,39.75679869940476,20.09589734081034,28.74602182867853,22.586590930007,21.877821941735593,30.348959450703404,61.719034528170454,20.90188465053194,21.390597960985076,27.864015809281074,48.768308408160934,31.147164852909984,24.300750773800075,43.46685458996517,28.46718566605569,26.87000609906024,25.58068902472795,18.77443631118185
0.0,0.0,0.0,0.0,0.0,0.0,0.0,0.0,0.0,0.0,0.0,0.0,0.0,0.0,0.0,0.0,0.0,0.0,0.0,0.0,0.0,0.0,0.0,0.0,0.0,0.0,0.0,0.0,0.0,0.0,0.0,0.0,0.0,0.0,0.0,0.0,0.0,0.0,0.0,12.520977863287575,12.133064443535273,12.144218634992534,12.009172461075414,0.0,20.300895050324005,38.069368710932565,29.088521535739922,19.27624922303327,21.291587738444996,26.729827614059108,20.08900810046866,27.850226042713317,20.840696019488504,17.354767354656175,16.788445132739184,22.844231992473937,18.420313563491934,21.399952362335306,19.242629503723794,22.20486363782551,28.283070597732653,26.180231490216162,30.341227256444757,23.798694215489228,17.531471434409735,32.40214859805536,39.032307893760034,23.678393003956707,20.08290429687599,27.526358509855086,27.945092652163524,27.92509265216352,23.62996814430509,36.318291967694236,25.058298950433766,33.22231385393887,31.183986202850974,19.160539593394297,23.34412891631456
0.0,0.0,0.0,0.0,0.0,0.0,0.0,0.0,0.0,0.0,0.0,0.0,0.0,0.0,0.0,0.0,0.0,0.0,0.0,0.0,0.0,0.0,0.0,0.0,0.0,0.0,0.0,0.0,0.0,0.0,0.0,0.0,0.0,0.0,0.0,0.0,0.0,0.0,12.86113985993778,12.304456010733649,12.172282168404609,12.298419594877124,11.864590747648924,0.0,17.057928574276623,19.526103700501693,20.04453793653451,23.190057760765534,19.015356490165853,28.365657472349476,22.51408828475811,21.729117221364547,27.913070597732656,19.579681850114053,18.344207793966206,21.145655895915702,20.576930229252667,17.714559304120748,24.30372741839247,30.311431605814313,32.227319885975604,28.24160274412615,29.643937618416377,31.775466524342196,24.28462457191847,26.323441413143016,31.703348164419502,23.886953980343975,111.36020171126661,22.1741635616904,24.433527416944884,29.670349573184154,33.36135309417267,22.421961052814815,29.727048430611134,25.480941047441423,21.01584541072784,17.321492962619494,25.342804910127818
0.0,0.0,0.0,0.0,0.0,0.0,0.0,0.0,0.0,0.0,0.0,0.0,0.0,0.0,0.0,0.0,0.0,0.0,0.0,0.0,0.0,0.0,0.0,0.0,0.0,0.0,0.0,0.0,0.0,0.0,0.0,0.0,0.0,0.0,0.0,0.0,0.0,13.539038161604154,13.046897192792903,12.154124032948246,12.08542768885256,12.366513168605707,0.0,0.0,19.751726121487685,21.76346388271038,23.910415128208527,19.283945905261234,41.34100973876938,32.96212064204479,24.989783297342335,23.8327318017044,38.894340629857744,24.971400338595835,23.561608333160734,41.81661656548195,27.66977715205207,18.11318227309315,27.77977715205207,29.17103412945609,27.330530014322296,23.90660669925169,23.273427857238218,35.064678072309185,24.501608333160735,27.002699855553224,30.942786815177072,28.09974994999128,23.54470793644056,19.86771706796297,23.68470793644056,24.188371426323044,24.935829666408726,19.84426925332041,19.373204593514863,27.160310553774625,20.588335593406832,19.239591159925173,26.159709141403813
0.0,0.0,0.0,0.0,0.0,0.0,0.0,0.0,0.0,0.0,0.0,0.0,0.0,0.0,0.0,0.0,0.0,0.0,0.0,0.0,0.0,0.0,0.0,0.0,0.0,0.0,0.0,0.0,0.0,0.0,0.0,0.0,0.0,0.0,0.0,0.0,13.442816462627095,13.354796071420987,12.56609133831012,12.172980971540898,12.143323508988704,12.449149095789146,0.0,0.0,0.0,23.713576433535998,27.243912334662525,22.4617154385938,20.63919541110137,25.743305729409713,24.53361275191856,16.320871546367268,22.078689636733632,27.238526158775,37.06540104628859,18.296550940324387,22.499008091477297,28.641369159404523,30.773583024677208,23.541877158009896,22.96654950683177,23.617079438806115,29.956330253422355,21.917074805233078,18.12653745551094,17.048061589355694,31.83130695879281,37.15088946938172,29.79544541755298,29.865066658931788,20.04815836425157,18.476794230431146,17.19166829023176,20.10128695570651,20.416735124895,18.805160403600016,20.95918909557899,27.507020702428072,17.461315826922753
0.0,0.0,0.0,0.0,0.0,0.0,0.0,0.0,0.0,0.0,0.0,0.0,0.0,0.0,0.0,0.0,0.0,0.0,0.0,0.0,0.0,0.0,0.0,0.0,0.0,0.0,0.0,0.0,0.0,0.0,0.0,0.0,0.0,0.0,0.0,15.041972639576318,13.273674060665622,13.138291672074505,12.274553837673906,12.19957554682809,12.187397915109884,12.487215442281158,0.0,0.0,0.0,14.912216574030829,26.10404085403385,20.221889290861682,17.46154027907669,20.993412416824192,39.95397410040347,23.56869219567899,25.631490869559904,20.802134887902564,33.24820360204632,32.73938134837337,20.960985794679594,28.193897656536386,34.417518545244604,24.37969692240399,26.60958870820528,28.67242524592509,22.545494011295624,19.9379119972017,20.511553490061132,26.956097049557997,18.46165013830614,18.403926655631388,21.824961393209293,16.144889913138655,21.956530937998668,21.612010463974304,19.71568637413164,25.22182635240489,18.470190900982544,18.36306774284896,23.949968449480885,26.194955193972817,17.5074821998279
0.0,0.0,0.0,0.0,0.0,0.0,0.0,0.0,0.0,0.0,0.0,0.0,0.0,0.0,0.0,0.0,0.0,0.0,0.0,0.0,0.0,0.0,0.0,0.0,0.0,0.0,0.0,0.0,0.0,0.0,0.0,0.0,0.0,0.0,16.420937752997148,13.340013760918133,13.857961027171445,13.59164509649515,12.261870671700347,14.701606756415172,13.169161486467647,15.010932202078784,15.349061414315326,24.473943634832295,16.91345572592126,18.70760905794225,20.257248345158764,14.958207398077564,23.214119580517988,17.210617014998384,18.843415157533705,18.368092801679126,18.548640052173315,22.25247972961332,29.118673064636546,28.69062419099454,33.367165237307916,36.701057886575825,20.654062188275756,29.907261999591046,22.61825926891275,26.18820382981101,29.06323807563765,40.30727541638543,25.45107199238936,48.77747382117299,22.45510547176241,21.844961393209296,19.905949485251682,22.45131653692843,20.392234778310744,16.54225546151483,20.396481194230333,17.325307006165048,20.350680120774083,18.356590040769426,23.30806362563301,20.664020370987675,20.04905168485427
0.0,0.0,0.0,0.0,0.0,0.0,0.0,0.0,0.0,0.0,0.0,0.0,0.0,0.0,0.0,0.0,0.0,0.0,0.0,0.0,0.0,0.0,0.0,0.0,0.0,0.0,0.0,0.0,0.0,0.0,0.0,0.0,0.0,14.982680263424804,13.146644419540799,13.313790086525344,13.117917984170523,12.61605298633556,12.540566324715003,15.971034548742274,15.567417902535546,15.258897843642572,15.071465861494548,18.12391189569221,17.996655505804355,17.803795844933067,15.589434026810702,21.060722710707118,13.613377813154571,15.893454183210732,17.504687608828252,13.792865784728132,20.266051599398764,22.036884827186505,29.030465530335114,35.53124267084532,56.18590159698718,26.100537574332254,27.14714520655311,23.034931436825417,16.430032336857472,18.825101000212968,19.870355881430054,18.660362335784367,19.12597232986503,19.247595340550106,17.964942977476426,20.00047562038178,16.41189418710355,23.218689636733632,20.412234778310747,19.35474786014295,18.237704069510954,17.25772446486899,20.446417134446612,21.838580113489606,17.43426448842197,21.754059684034914,18.66306774284896
0.0,0.0,0.0,0.0,0.0,0.0,0.0,0.0,0.0,0.0,0.0,0.0,0.0,0.0,0.0,0.0,0.0,0.0,0.0,0.0,0.0,0.0,0.0,0.0,0.0,0.0,0.0,0.0,0.0,0.0,0.0,0.0,13.674596913304494,14.185765316872235,12.272676755025937,13.473900822581395,12.820114033128121,12.537335369954672,12.7267729738987,12.878588478752242,14.151364635206923,13.25566083214057,0.0,0.0,15.73069929012274,17.007912866515923,18.147119719280838,16.38218940895394,16.27436425592044,15.932889990939143,13.823352552412107,13.695011043331741,14.620127827067273,38.87471333946142,24.822953696391195,21.401707544351794,16.351668356619115,20.253845901174103,17.64181863898837,24.341015584089014,18.213337773294555,19.562072250575582,17.982456562052313,16.29563716015425,20.717603281567953,18.79236912959243,22.05937350781317,19.493898646280755,20.284024422365373,40.10690896695928,25.903952544368806,23.631851002200044,17.261601993757495,18.12458943595912,19.05092973126738,17.082103618306782,17.561017307758586,18.3424088622239,21.329681850114053
0.0,0.0,0.0,0.0,0.0,0.0,0.0,0.0,0.0,0.0,0.0,0.0,0.0,0.0,0.0,0.0,0.0,0.0,0.0,0.0,0.0,0.0,0.0,0.0,0.0,0.0,0.0,0.0,0.0,0.0,0.0,13.230931644255195,14.22464571999381,12.23796872913738,13.543231853428015,11.762819391720212,12.658717865196287,14.895561859002237,12.347804991490674,12.434162316934769,12.590242647468319,12.518846628865564,0.0,0.0,0.0,17.65828465135141,26.821228971292477,17.97979275625288,22.988442230658286,28.953442364134695,18.29176363213096,20.87369845090763,31.495111467510114,27.5847854935872,26.482381689587037,21.086789685351178,22.105527965531135,30.754466209544468,17.10642434681704,16.55819765053405,19.093010821463437,19.29866331667957,16.434254170018008,16.722580747471643,23.643820096477487,20.124156915043077,23.91434968065856,21.493902931803195,20.334156915043078,20.770513027671072,18.325315927038453,23.898911712566033,19.223794583202373,18.670378632629046,21.962920138307105,19.269883709311816,17.1998012043538,17.057230732861512,16.972033617248055
0.0,0.0,0.0,0.0,0.0,0.0,0.0,0.0,0.0,0.0,0.0,0.0,0.0,0.0,0.0,0.0,0.0,0.0,0.0,0.0,0.0,0.0,0.0,0.0,0.0,0.0,0.0,0.0,0.0,0.0,13.329692092636833,12.116592939550731,13.146220558025401,11.751042076822015,12.049766084457836,12.156433819216556,12.829366311120413,12.563410558655598,12.404839550692806,12.515149849545748,12.418249322720634,12.381184871287738,0.0,0.0,0.0,0.0,0.0,13.629165272663384,16.010435880360852,28.773599470217775,24.58083671124105,19.296476430788502,15.19798448496864,22.589634106757753,24.856504413728835,21.842490895554988,23.978172042200498,15.145438423087414,20.030304736904405,16.274375896731993,18.704362586003406,20.414546510368368,16.634424159395536,20.098568530826498,19.457767373100467,18.93754552256197,22.344054824783527,19.161665986424694,19.34890641760142,22.29531324582834,24.337824143523598,20.581831343381655,16.73202489629227,24.345699166335248,25.667232155584426,19.71360577625377,18.157138777978414,19.613652009408572,16.519558943746734
0.0,0.0,0.0,0.0,0.0,0.0,0.0,0.0,0.0,0.0,0.0,0.0,0.0,0.0,0.0,0.0,0.0,0.0,0.0,0.0,0.0,0.0,0.0,0.0,0.0,0.0,0.0,0.0,0.0,12.049855931595257,11.983183882617745,12.64082516949894,11.613078448912153,12.71181586861584,12.19512889552165,12.215976381975253,12.371159224614733,12.583410253479816,13.05187276771521,12.397528085287197,12.37810062076245,0.0,0.0,0.0,0.0,0.0,0.0,0.0,0.0,20.41720311773089,33.271896328416204,15.075118474034209,26.902366514971064,20.675081784476067,21.639378615588498,23.970973343047838,24.07104208997656,16.684964622510496,24.908146600352428,19.906151389708654,37.03865582206815,27.060690593984802,16.674216378482836,16.85081976238817,22.759318239857826,19.542863634020076,19.737964676285756,21.181407382793438,18.352079574493047,17.57211838161168,22.695310842903258,21.118217607221062,18.485519723776136,18.47753465323258,18.116427626710422,18.809447190783043,16.55671708133186,17.497104037266386,18.870054937279114
0.0,0.0,0.0,0.0,0.0,0.0,0.0,0.0,0.0,0.0,0.0,0.0,0.0,0.0,0.0,0.0,0.0,0.0,0.0,0.0,0.0,0.0,0.0,0.0,0.0,0.0,0.0,14.068677957177767,13.061278714674897,13.607997568293236,12.797314724630828,11.931460574042797,13.385989909382173,12.25626412407834,12.224474280885769,12.290812680338316,12.40411386276166,12.45411386276166,13.18813870879124,12.385933738427862,0.0,0.0,0.0,0.0,0.0,0.0,0.0,0.0,22.888258230808162,16.412902682838308,20.028246993401115,21.217501884714345,21.07615484164389,19.91559388269124,19.759447157790277,18.90033755823019,19.51240087112268,15.325353547858562,21.040912801932258,22.57486363782551,19.140648078145777,24.942832221922707,26.597106668833906,18.683387651412954,21.70084262306919,17.70158011030755,20.10641682927083,16.033382297328625,18.326035349463268,18.590383801875003,18.198578490527954,16.07478975187076,21.654906317708193,16.844268765770714,19.323297840175396,17.473133110294718,16.76326724367798,16.627029037799247,16.588777462663558
0.0,0.0,0.0,0.0,0.0,0.0,0.0,0.0,0.0,0.0,0.0,0.0,0.0,0.0,0.0,0.0,0.0,0.0,0.0,0.0,0.0,0.0,0.0,0.0,0.0,0.0,0.0,13.587339472790546,12.501165317766194,12.364229848438372,12.31070630338499,12.516423834480292,12.677482537046625,12.667696182825418,12.580923848201868,12.493393099240038,12.413207660578486,12.643619819240085,0.0,0.0,0.0,26.548506500152527,26.43296553379764,0.0,0.0,25.79301101235556,21.890088213487225,18.430201309173977,14.485687404978744,16.652629532189614,20.13559613270483,26.952566791222246,21.424649338900245,17.760208645212803,24.718576485389413,16.583057072191256,17.50701356032669,19.025358558586426,15.59540063048506,23.531323478699566,21.856073870118106,21.704365337306875,20.521043795376382,20.927312509280313,15.516603212918698,25.371678349434575,19.00789341228216,19.437218261508676,22.065081032003558,21.161300274506587,16.29314423692818,18.411649301773554,20.893835448289423,26.471175000400002,16.84855979112733,16.84227309068333,16.65082516949894,18.104410741196936,16.56601307536737
0.0,0.0,0.0,0.0,0.0,0.0,0.0,0.0,0.0,0.0,0.0,0.0,0.0,0.0,0.0,0.0,0.0,0.0,0.0,0.0,0.0,0.0,0.0,0.0,0.0,0.0,13.804148559272974,12.503692863127622,13.893407646612335,12.338965101066869,12.33698473227794,12.779281098379936,13.859129439621558,14.012982239964028,13.947190615280483,12.407267230473142,12.416554357987415,13.411647250658465,0.0,0.0,27.031007326852567,24.76170713932762,41.00528013616446,43.67957688340325,20.909628527409843,23.974822785083756,21.312666701087842,19.096499233360333,20.2758232782776,24.305305780274338,21.459154442591853,18.6063667128407,18.119398904635247,22.75909768826886,23.40261948872658,24.169373697843827,20.019441101997437,15.4211334953497,24.342548912955557,22.354431834125542,16.826258090721662,16.841458366496184,18.327234177718296,22.336315386829007,20.940242099726134,19.183723924757665,20.0065259167887,19.585822948606125,16.061973072355254,17.401252592172803,18.327294981110384,17.64911664250461,16.94208452221069,21.755059902942136,21.394769962656373,16.703622522609407,16.587344759433105,16.593552746428585,16.589602876887962
0.0,0.0,0.0,0.0,0.0,0.0,0.0,0.0,0.0,0.0,0.0,0.0,0.0,0.0,0.0,0.0,0.0,0.0,0.0,0.0,0.0,0.0,0.0,0.0,0.0,11.767704068337995,11.914414117832372,12.923138359442333,12.440127521891492,12.353890702360356,12.406681473135157,15.949119020054138,15.97896257038039,15.360378632629043,12.744041486914266,13.746387642443086,14.157559334263672,12.626554052811635,24.817210125746684,25.065721902771436,50.69927020509232,27.024050903848703,30.106362909924908,20.14248896303345,25.872805494833653,23.933455216283445,20.6180471398447,19.813067640834973,19.348789652697185,23.891548526966098,22.440940743443143,18.683043137032755,19.98954383205585,20.78710604804258,23.089556235901608,27.967856111621032,21.086205228146966,21.90043093196512,21.6392723465812,20.81589522726141,16.553491951483874,16.748573535659343,17.29364450440694,15.5135756204739,15.482582016985454,17.838984097410666,22.818259268912755,15.686426969187716,17.05580750123133,19.34911902005414,18.453920740021914,17.891028316943455,17.199811099942366,17.636861957710366,16.98443527352246,17.39851699415543,16.693551607640007,16.64336259434058,16.65875873468514
0.0,0.0,0.0,0.0,0.0,0.0,0.0,0.0,0.0,0.0,0.0,0.0,0.0,0.0,0.0,0.0,0.0,0.0,0.0,0.0,0.0,0.0,0.0,0.0,12.64692473700854,11.559843099883071,11.771638338093888,12.526490732159656,12.47071436356805,12.422370706512051,12.912421558582107,17.475558890631575,16.542109027019965,13.775190761524513,12.730285866119704,12.959109951215732,12.937481452355117,13.338777462663558,19.945313245828338,14.267327610632599,0.0,26.014877062110465,36.49848515502656,19.012286642493258,20.86008196535135,30.523171682383953,26.78422406621153,20.304093505492062,19.30442816197347,18.056197161849717,21.18592782017218,19.27970198276194,18.136160954590796,17.608968024427156,18.239758805385414,19.981888596895754,20.84997664018119,23.2060771257621,16.579433801461956,16.663321730410154,16.62897529521727,19.940690495223684,19.03301858262858,18.976534194997885,17.550470594410296,18.028102955623694,15.312866137725905,15.652142136630967,18.567697079314097,17.088262357071592,16.2874193957012,20.934889562460466,24.145883251216834,19.07682789732631,19.83389876477351,17.651844056693832,18.319407057736985,18.173933550796434,16.75811133900483
0.0,0.0,0.0,0.0,0.0,0.0,0.0,0.0,0.0,0.0,0.0,0.0,0.0,0.0,0.0,0.0,0.0,0.0,0.0,0.0,0.0,0.0,0.0,11.35630230812191,12.168558522764236,11.709877783330569,12.357314724630829,12.556281807772445,12.530075033123335,12.71230223714287,13.38825277266257,13.596355867148024,13.779917389536156,12.872869387529562,12.843370717725467,12.646233494641871,12.762433756245482,13.234816785671319,0.0,0.0,0.0,0.0,23.309855710512103,25.647904772091017,20.09274261419523,22.329094114314998,31.91184359036751,22.90701010536512,15.527798025391654,20.12232454510935,20.386463727996635,17.618275111228364,18.890892938778205,17.901787322996416,15.716753161558104,19.62514937193024,17.424645414818027,18.21668953754751,18.044988424340243,19.409444858173565,16.47638249605543,20.00431591276988,16.613900822581396,18.365919841175927,20.650312519253966,21.07884611276143,18.367859496741545,16.71852811839436,18.652816551302134,15.66014225765813,24.826867766044458,17.5366519624528,24.158367852782366,21.855142191965122,25.074246359512983,20.96478116824542,16.79343253474363,19.87885477999983,16.728992668655046
0.0,0.0,0.0,0.0,0.0,0.0,0.0,0.0,0.0,0.0,0.0,0.0,0.0,0.0,0.0,0.0,0.0,0.0,0.0,0.0,0.0,13.255214812562505,14.18645455723944,17.666225430937082,12.939368194338211,12.214916295618739,12.577278272736544,12.67181638864452,12.88174900857652,13.294618752130198,13.229851277506611,13.795163579263736,13.467132702723863,12.830156190427385,12.642712532080733,12.546802731311459,13.171391349047076,14.017172009066659,12.564637331864901,0.0,0.0,0.0,34.57760541887104,26.908306478625867,18.37279033467548,19.179733339876286,21.781285684391566,22.534971773601818,18.04851396702598,19.894450818824193,22.934376406157355,20.897458962163917,20.98725059382331,16.333598771549234,21.0039675506912,19.17096963168401,20.071432109339028,20.293403935172783,17.547310922053672,19.622532282088173,16.439483655196675,19.949506965220877,25.823605417233896,18.02096680480032,20.320680120774085,16.516536597311223,16.51323531237097,16.74343295553139,17.09161106725157,21.093318148764467,19.319591159925174,24.151426411646447,18.94826838906856,22.379700715953945,21.019347067419872,18.987954037543204,22.304664878594146,19.12658647806777,18.616560745268753
0.0,0.0,0.0,0.0,0.0,0.0,0.0,0.0,0.0,0.0,0.0,0.0,0.0,0.0,0.0,0.0,0.0,0.0,0.0,0.0,14.304843403009187,15.690201285942287,15.54881022688448,14.00140124841074,13.473244337015156,14.323511950713169,12.681505592926934,13.298710849843571,12.924504916590664,14.344599752258002,13.638144121529407,13.872717673392337,13.452716028836429,13.130640495551413,12.694900205863368,12.83711635523606,13.211577204918289,14.078491949976792,12.714277827745997,0.0,0.0,0.0,23.739123493532436,24.189010164137933,16.044308173673627,17.74861862763438,18.00451351434166,20.018412350917046,18.206726150312157,19.23060069735996,18.2049936632766,16.539211749874745,17.374722005272357,21.490211108054524,19.265648476323985,20.001192611326854,21.011919334184743,20.061192611326856,19.22332491266353,18.857283177030563,19.300961987468064,20.87947033740128,20.91051302767107,18.301663141451996,18.06971982023424,17.34298193478825,19.211034548742276,20.359911694932567,17.690297056694206,31.599296951952553,19.429313271420696,21.466158990357602,17.473983369396528,19.193014179178594,18.100632191159644,18.054964622510496,19.075904453469484,19.002130463157435,18.00236933262462
0.0,0.0,0.0,0.0,0.0,0.0,0.0,0.0,0.0,0.0,0.0,0.0,0.0,0.0,0.0,0.0,0.0,0.0,0.0,13.757397716242435,14.25616899283468,16.505771216924863,13.663149582276613,13.464333452590353,12.834992234372598,12.85504989217521,12.808255518338173,12.910388210000466,12.988689896303322,13.390386267383029,13.942111535093279,13.765340884047173,14.7135762005496,13.51907611187334,13.170770788018524,12.989822803919283,12.988889252394669,13.012005690989803,0.0,0.0,0.0,0.0,20.621768182753996,17.561581006490556,16.46710220321364,18.19791718680208,18.93547615231885,21.369857537810944,18.045443917784596,17.95917240382494,15.6723825122184,16.89737249129779,16.526833068042574,22.741054021500954,18.981096954564443,17.374447376607407,16.572947292255293,16.376102994262236,22.546818026877833,21.712407393004092,20.6527728467335,23.084000483760285,21.341668182234773,16.509120295734466,18.25747550003376,16.63093891288321,21.14884611276143,27.828533851364462,17.395096082945134,21.25068195600561,19.5064271202136,24.868153893669607,23.930704432773794,19.07342797802271,18.34242041387985,18.19596678357375,19.748221723675677,17.978975295217268,18.45879566795586
0.0,0.0,0.0,0.0,0.0,0.0,0.0,0.0,0.0,0.0,0.0,0.0,0.0,0.0,0.0,0.0,0.0,0.0,11.813263328523927,14.238425833233137,15.173817821374795,13.902537086871353,13.918072533888909,13.270231680535371,13.106497648492216,13.089290358918621,14.316877505662399,13.653928631828316,13.623639654070367,13.75861454048604,14.36147646098025,13.651471049675791,13.871584533119083,13.373622827785189,13.434673318488281,13.290433137362434,13.208813105601376,13.037867348661392,0.0,0.0,0.0,22.10105292093167,17.878324012577306,16.68606241858858,19.214721382519556,15.591252566315465,15.727682671508719,23.59762535314122,21.038149932697497,18.26451351434166,16.76017506570376,20.776220537857615,20.569383611213233,17.002683265469862,19.177033644817726,20.21597424412425,16.079429809273606,19.797665662797215,21.975350279813682,19.874246965824916,15.425695971647986,16.59508687566283,17.473933550796435,16.839855864471595,18.417332202381107,18.399598836021326,21.842986640667654,21.59359044228516,17.630112395089316,18.36518529808412,18.96617755423251,19.252926733452476,18.583636313631015,18.2559842164067,19.405952482939814,19.17845931154575,18.155214812562505,18.560508743787437,17.954424159395536
0.0,0.0,0.0,0.0,0.0,0.0,0.0,0.0,0.0,0.0,0.0,0.0,0.0,0.0,0.0,0.0,0.0,0.0,14.367714442896638,12.80235682143008,13.536842943817636,13.030264834242468,13.009759016773003,13.64901080884814,13.931390940273577,13.72720554668103,14.877294981110381,14.516303409030037,13.694805941449934,13.54210924256059,13.404965439739293,13.761529681913144,13.325184276115738,13.314655967948454,13.29080058729387,13.3337945315964,13.987732264773516,0.0,0.0,0.0,23.142912359568726,23.006764414028527,29.181756248517516,21.93288232375034,15.065932830463492,20.956442581080392,21.2092723465812,18.894485701721564,17.681932652514014,16.83263599275764,16.647887321746992,21.334968371604948,16.78904337690417,18.757375543232403,20.303945905261234,15.992216574030829,15.77645534665148,21.466034840637157,19.684102997128555,17.634568370535874,20.00950696522088,16.01539393851404,16.19574051198051,18.688976667549476,26.80952453595344,20.09840394202533,17.066765153051257,20.89918909557899,19.42269975929016,18.54526117651485,18.696619155398093,18.968352548619,20.614526030350213,19.565624406215484,20.756736502383088,19.171831966330707,18.692100782072526,17.897100446409404,17.940855031791394
0.0,0.0,0.0,0.0,0.0,0.0,0.0,0.0,0.0,0.0,0.0,0.0,0.0,0.0,0.0,0.0,0.0,0.0,19.76398032631917,12.677911071250398,15.981527630834538,13.26646734959483,13.631601688581714,19.506002740243957,19.259134450736155,14.487158871797286,14.44376102780152,14.941374267608783,14.073952620075648,13.327908716797014,13.245262387547807,13.334545637637525,13.10173361642134,13.130760331399998,13.259253913413625,13.669454457761617,0.0,0.0,0.0,0.0,0.0,21.288017707084794,16.21961653268318,19.494995309601627,19.962375306058604,17.610551714738406,19.417093291827115,21.183836957393822,24.811261469853775,17.192271600851683,18.987454622996648,19.874160936902314,16.958019397019505,17.334233825153365,18.069415068193543,19.749786995399255,22.74014460326442,21.952828225968375,19.367556474811682,16.01946333269836,20.486912557760974,19.234760907636023,18.742664553448545,16.985741147790094,17.55906329755348,19.252394734438035,21.145789000291636,23.83185100220004,25.50182635240489,23.33395763478839,27.747991675030526,18.699987387797922,18.52957042852031,18.741615720209403,21.317590684278617,22.01054551450398,20.71205784193426,18.03212470865663,17.973935736811136
0.0,0.0,0.0,0.0,0.0,0.0,0.0,0.0,0.0,0.0,0.0,0.0,0.0,0.0,0.0,0.0,0.0,0.0,13.756670345032187,13.680479425195443,12.996497648492216,13.015280694622772,13.596007160368844,13.345989909382174,13.87484452630808,14.278251616827959,14.638542235101434,14.12120232079481,14.233553977098385,13.611702469642047,13.294951710306744,13.224817376211588,0.0,13.602345691674753,0.0,0.0,0.0,0.0,0.0,0.0,19.605966729686145,24.547671987793727,22.547035330184222,16.91016725227206,17.37633027501929,21.060439098868287,16.525093318308993,18.85636056036588,15.76492454833576,18.216529953256483,17.111416490256477,17.007060728445133,17.46374279253376,15.884662869041327,19.536593624934458,16.95281708123817,22.627478949940237,21.379938282220223,16.25976593170379,16.610285865567374,17.74441040654512,16.852152443665084,16.439372904989206,17.375955104880898,17.885424126305153,16.99726488354418,19.592449814009647,26.819352569748162,19.335720453373497,22.699895572942957,18.13575105684066,17.56240349163702,20.671367365181883,17.721142767901505,17.611082120792698,17.99360738744528,17.920855031791394,20.091580492946317,19.75457458642726
0.0,0.0,0.0,0.0,0.0,0.0,0.0,0.0,0.0,0.0,0.0,0.0,0.0,0.0,0.0,0.0,0.0,0.0,13.525391790922495,13.581040605176584,12.900551082724729,12.986436374784217,13.538873954498701,13.5487089264661,13.743813354911499,14.285781464238719,13.959129134445776,13.578270561070148,13.952415505596814,14.003029012879866,13.819236621089306,0.0,0.0,0.0,0.0,0.0,0.0,0.0,0.0,0.0,21.502299390911922,20.334093505492064,21.6123483648321,22.913011447534707,16.583876408793795,27.49778266307912,17.417469547344247,21.261152273215735,20.217224299571566,23.676417476236463,18.84752101653148,19.877290499956192,17.14731180517904,17.274233825153367,16.767447645096446,16.670069328102002,22.53372815117489,18.966409063464404,18.180286984034375,18.429249582435652,16.21886747140872,18.835708128974037,17.757060184438682,16.39330334685173,16.62233719678725,16.790377706214215,19.432477091032883,19.052664553448544,19.821650757210023,22.11181228411285,18.611239395642265,23.89076049190939,18.821074881718488,18.936339914375335,19.213448892195743,19.098504599236986,19.535442537288578,23.254365337306872,20.606951494893856
0.0,0.0,0.0,0.0,0.0,0.0,0.0,0.0,0.0,0.0,0.0,0.0,0.0,0.0,0.0,0.0,0.0,0.0,14.207704069510951,13.441668290231762,13.155938313334916,13.346991531864044,13.340211834782611,13.37231400210472,15.19220158497323,13.686897004547642,14.230068344761406,13.928445705145426,14.05176316652161,13.869801204353799,13.975084563901598,0.0,0.0,0.0,0.0,0.0,0.0,0.0,0.0,0.0,17.823025858002218,21.396579537798125,16.356401587580397,20.138160493983253,16.726580204909517,19.4906764650514,17.574782021828238,19.36161843654117,17.55865772822244,28.903198516792685,19.131265365771238,18.40358915449817,18.332377851430078,17.79709166393866,18.59837505587179,19.497093291827117,21.12405330642156,17.498401569898057,16.610278361188566,16.399267861215133,16.309483655196672,16.106217047541005,16.60595276448572,16.823388754299163,16.393231599294765,19.372477091032884,16.640220051714948,17.58530700616505,22.45749620946976,29.78001330359683,22.208230200246085,17.80337910553224,17.166234551404163,17.0499303214767,16.934259001216375,16.95418626630951,20.476951494893857,20.601296642911585,20.784165574857624
0.0,0.0,0.0,0.0,0.0,0.0,0.0,0.0,0.0,0.0,0.0,0.0,0.0,0.0,0.0,0.0,0.0,13.154048921155567,13.009022808062582,14.162487683246102,13.756848438710774,13.396033780430814,13.616007465544625,13.334531833993513,0.0,0.0,0.0,0.0,0.0,0.0,0.0,0.0,0.0,0.0,0.0,0.0,0.0,0.0,0.0,0.0,16.83610533717722,21.75692330459563,16.444206194380293,27.767210990077956,16.397042485217682,22.766549506831772,16.86535456170602,21.62515173013957,18.982138793789606,20.51220095793675,23.586612989281615,18.668356409620245,17.70513966344767,18.544140571780332,17.200268097195874,17.78865803339822,17.893931013100122,18.16459631578973,22.351355674266564,20.0668559547561,19.658316242930326,19.413105784135652,16.205674533622975,16.679855864471595,16.392246001493625,17.032415505596813,16.855572832478167,17.031423856339167,17.62530731134083,25.124500295228597,22.558667446024643,20.05640272021379,20.65567006214514,23.127442406085585,18.265765316872233,18.2621474481886,19.92043869108121,17.284584301191707,17.27069327507253
0.0,0.0,0.0,0.0,0.0,0.0,0.0,0.0,0.0,0.0,0.0,0.0,0.0,0.0,0.0,0.0,0.0,12.621338446798308,13.228445399969644,13.969317227507604,13.532883494268514,13.029855864471594,12.926636850630326,0.0,0.0,0.0,0.0,0.0,0.0,0.0,0.0,0.0,0.0,0.0,0.0,0.0,0.0,20.161866211292637,21.121470168425603,18.90644940814406,20.274871923271427,19.108754408964746,21.910280652068842,18.12047430418334,16.25359678370879,17.257135310957953,17.7544343167353,25.61840025048635,24.335769961616812,20.03532150879318,18.558624582698087,22.772895014813557,20.528332422858416,19.804113647550867,17.066475992579555,16.924513829620164,16.564382330345037,20.50683152308261,23.78806366454151,20.117609057942254,16.018621870490836,15.96273085006989,16.008200556526006,17.58423363220494,16.219732874302508,16.31561965907353,16.861094198950624,16.815868639269347,18.900627836386725,16.585646122912973,17.697801094025714,19.604983310719398,17.571241842875402,20.507887314897623,18.42563526553489,20.744485701721562,16.809405670605184,18.33030968316537,19.21442158717008
0.0,0.0,0.0,0.0,0.0,0.0,0.0,0.0,0.0,0.0,0.0,0.0,0.0,0.0,0.0,0.0,0.0,12.996556750066349,12.556120588125683,13.461239784499773,12.784841171637241,0.0,0.0,0.0,0.0,0.0,0.0,0.0,0.0,0.0,0.0,0.0,27.005786826933054,28.52615206875947,26.853086777388675,16.76763680593499,22.63012121244286,20.170389533225595,25.11098824218049,19.407093291827117,24.297867138161592,18.399335640356856,28.657499310026843,28.782090201692846,21.24115227321574,26.08702070242807,29.108226499097213,17.208677957177766,18.98259678582466,21.14058379291409,18.343221956820056,19.282709570258067,23.416843972583337,18.287456783004963,16.911012914625587,17.378597491329472,16.885765316872234,17.53019066294723,16.489226025812435,17.773546180008097,15.66484525367079,15.774450597570914,15.833870751859656,18.547297643434057,16.133514684898127,16.04047835865237,19.01770094219757,16.92782546066142,16.867639861833165,17.501423855433025,17.090626251547405,17.26462209432229,17.750343672845677,19.954220675144974,16.749085009321163,18.0614439175249,16.978444735802647,17.003870751859658,17.52591476985315
0.0,0.0,0.0,0.0,0.0,0.0,0.0,0.0,0.0,0.0,0.0,0.0,0.0,0.0,0.0,0.0,0.0,12.199987095179242,13.587041429210583,14.629628626377247,0.0,0.0,0.0,0.0,0.0,0.0,0.0,0.0,16.893945905261234,0.0,0.0,23.77068182141963,32.23600749603297,40.051016380184365,39.40055320294726,29.370510512031284,23.98738464362047,21.994767788448065,20.817362096586958,22.119946840025015,19.128778745947344,21.371136982873338,19.749581231068202,16.635391782726977,19.925789000291637,15.899359401721192,18.3125982417898,15.969942226248222,19.86790389359947,18.247221828417647,19.08039245538905,17.396249192418683,17.25180602159726,20.637312509280314,23.015916378525873,17.41939134537274,17.453508011771746,16.599034157886255,15.940164808439828,15.616251876156442,15.64928513215202,17.850794818658635,15.577874262967887,15.83609133831012,15.979558943746733,21.26663643933817,22.016058080906014,16.23298694465544,25.18659700491135,20.83495679109043,20.021180342553713,17.683914119702052,17.952718602501786,21.212814105887993,18.228549667628968,16.88899266865505,16.935136150394577,17.18091152142574,18.053960749991443
0.0,0.0,0.0,0.0,0.0,0.0,0.0,0.0,0.0,0.0,0.0,0.0,0.0,0.0,0.0,0.0,0.0,0.0,0.0,0.0,0.0,0.0,0.0,0.0,0.0,0.0,0.0,21.344106057514225,18.524138637533273,20.32407341085353,23.691765409343418,23.72660449238201,18.30417026038585,24.027953597242977,17.941315533154313,15.037853320577817,16.017887321746993,16.09761356401611,18.047804796914996,24.103576433536,16.746971477222328,19.737904198775247,21.808021417981927,17.432579550019206,17.588722076944435,17.189667342475133,18.457865317483304,15.731223072373432,22.35433339091599,18.438814500404916,21.061179882154683,17.815118180702783,18.18328610795423,21.36924405817073,17.793129640078828,16.830171561232465,16.20113985993778,15.990885159222836,17.980551714738407,17.678087298797806,17.948076043140926,15.50296240830996,15.606614729065601,15.87681960719247,15.998536218840172,16.09343253474363,16.320127827067274,23.080287768190132,25.567232155584428,17.573398573147514,21.864062188275756,18.033099216493362,20.19234993085013,17.277476999757628,17.03445236008965,17.013299846984967,17.29176759415552,20.753887081132312,18.127469468015924
0.0,0.0,0.0,0.0,0.0,0.0,0.0,0.0,0.0,0.0,0.0,0.0,0.0,0.0,0.0,0.0,0.0,0.0,0.0,0.0,0.0,0.0,24.232795521140304,15.70788334267245,0.0,21.804667943685256,23.516286399798872,19.187994394049802,17.535778909888982,18.72831300691591,24.437410356529938,23.2334493323835,25.82866060142253,18.342785794593425,16.44334204482329,16.614851089360506,15.336333821568616,18.33277138245935,19.935047141527082,20.208103232117697,25.509391415321687,31.442391336505068,24.52362937468307,22.5717154385938,22.493217529622346,22.894980017289974,19.605872964777223,17.976174245511128,19.000692907261016,16.957143431454195,17.15111687784487,22.683217529622347,19.44673650238309,18.163025858002218,16.704964622510495,16.348698725531676,17.787455927275197,15.910885159222836,20.118256397604803,15.479885108162259,16.784249467777574,15.569380758478056,15.7540910833764,19.979072985081913,17.60618317742054,16.639418270700627,19.90048391350169,21.58353382513321,22.30092156853626,17.656981151673545,18.961196424592654,23.115088737405614,17.04948092470486,19.820426966165385,16.8811334953497,16.797097643978795,21.260690495223685,16.672068753268785,20.474600213430307
0.0,0.0,0.0,0.0,0.0,0.0,0.0,0.0,0.0,0.0,0.0,0.0,0.0,0.0,0.0,0.0,0.0,0.0,0.0,0.0,0.0,0.0,37.67900381247743,28.988589379631453,20.970744233037795,20.969503690148823,18.3828426305161,18.85170349672687,15.556005857822349,23.145604441078923,19.405763117334487,20.68134866135101,16.33987926700439,21.02741718462142,18.102936830456954,15.52011039925262,17.539218466715493,15.987556140946417,21.53579573370748,32.70199501477078,27.47112130701182,26.562686779203204,25.413278420644637,22.26254344103654,20.720912801932258,24.167824645426663,21.813117134842376,18.616687787811824,17.962777217655788,18.632166255389723,19.362629503723795,17.582809600502316,20.194282090127498,18.968848320468272,16.582718602501785,16.317100446409402,16.012266892475125,15.822484057330543,17.479378801746577,20.24559388269124,15.550083998961599,18.335689003097713,19.68048391350169,19.427590869908798,19.736556340094836,19.673898646280755,19.308859189633573,20.2065259167887,20.3365259167887,19.58392205851304,21.337650348753726,20.93931931400363,20.99723632262893,16.73114635998781,18.535972790621862,19.994712737787204,18.66316440908954,17.40929093631436,16.92964163382847
0.0,0.0,0.0,0.0,0.0,0.0,0.0,0.0,0.0,0.0,0.0,0.0,0.0,0.0,0.0,0.0,0.0,0.0,0.0,0.0,0.0,0.0,25.78520156359562,26.874705112050407,24.31058160359068,21.65457416509546,23.782755008770593,25.166944215864824,24.525539194845244,20.376332667360302,29.52538922619431,16.75915269270817,21.156196968383483,17.723142338610693,22.318063664541512,23.392578138646087,20.014234958074205,19.169395182728977,23.565193952416084,17.143013182353844,21.565146372290044,24.300139326768356,16.945736251576314,15.661793003136097,26.855516518472918,29.6605288498342,26.602199893969114,19.376899752480533,17.178504599236987,19.136888279233386,15.458477629284815,18.154464791880752,18.28122991860353,16.922639630709355,17.336684453853596,17.102699600207476,15.939303173194052,16.741458366496182,16.632369332624624,16.612701012771115,16.712369332624622,17.01680565629679,16.52194955207502,18.647609906575514,16.958873954498703,19.99307292868578,21.590497973072786,17.113158310264655,20.28128695570651,16.78404776447047,18.69712917514392,16.794259001216375,16.864259001216375,20.108091563696725,17.500103873708007,23.144365337306873,20.3429344424434,18.662639630709354,17.9966758581016
0.0,0.0,0.0,0.0,0.0,0.0,0.0,0.0,0.0,0.0,17.717176420557326,25.859003749329602,0.0,12.61077110738558,14.860720288875356,0.0,13.4201420637657,0.0,0.0,0.0,0.0,21.801181367070843,21.742190857805394,20.433197712673817,20.72784128135065,17.51000650475418,18.036246997350595,18.10766349393426,17.459380216463288,14.586540191363923,18.682026122752077,18.954141100477102,14.846450274100064,21.54775807996331,22.03277061777434,20.885027716814598,21.00367178906089,14.726190088739648,18.610657002997385,17.285437042816366,19.55615637500788,17.940521392599113,18.836888279233385,20.001466376515005,17.707755304580665,16.83171130706647,17.16484099449253,17.453766960835893,16.46595992723411,16.5978192278534,14.654285813267462,17.957563019252508,17.16647925312672,17.039308200932343,15.548127755624531,16.066411885240885,18.756166161212864,15.910885159222836,17.079559284041192,15.920978168463357,17.337308240353565,16.866578011788295,21.581812284112853,19.90240228426492,19.035406296316676,17.198848284945697,16.754719638296454,16.579181827825423,17.334269965778592,19.976926181596518,23.102817089272342,17.126891895880263,20.0022604966147,20.949976918500482,18.686823600947413,18.182816462627095,17.774796071420987,19.77825922321135,18.024424159395537
0.0,0.0,0.0,0.0,0.0,0.0,0.0,0.0,0.0,20.664628934043066,37.39359969236874,26.674578332883303,27.384376507908286,14.303072192638098,16.710319931134656,36.543728407249404,14.280164524995484,18.32040667252526,20.910058273369735,25.12456219441303,20.872977293542057,17.306509410081556,24.18315674022373,18.143945905261234,17.106629479124862,16.12739496788099,15.41701356032669,16.817290585812508,21.951398020234425,18.849998571454847,17.812744569134658,16.26675166174417,20.809317051026795,20.681770665344608,20.286034840637157,15.243516365151589,15.181162094334688,18.72124687683944,14.05118632439508,19.383205607984756,16.781062618584503,17.153042996208885,16.10101291462559,15.45351636515159,15.34593551795744,15.121455511887996,17.962473357437325,19.450032946130523,15.374992234372598,17.2271385939671,17.324964766570957,20.82015418928802,19.957128157465938,19.402057366353468,17.648075737965144,17.290456426206113,19.535482727742338,17.993672989243514,16.79755614094642,18.83903163467172,17.549885527394256,17.13171230806909,17.32970819424503,17.859160795170368,17.28530731134083,19.80942966180098,16.631138916126815,16.74074532896492,19.216115739732093,19.807534172503637,23.329335605453075,22.62967520699941,18.110171561232466,18.248795667955864,18.158578483090555,17.428291672074504,19.440551714738408,17.723163022344274,18.252428739691723
0.0,0.0,0.0,0.0,0.0,0.0,0.0,0.0,0.0,14.747810567381542,14.731212285969367,17.966530937998662,13.66047942519544,17.02686300176384,22.769089464706347,17.14550554675402,16.45510118897749,14.044514134795946,21.786740255179385,21.292871533390446,20.810997665367672,20.831186328071993,17.141077379154186,17.643123776576473,30.265858533248732,20.949039451452883,18.25028249279881,15.702573714699147,14.876873659977246,15.886330580195068,15.379750636860171,15.824025900931332,15.359211749874744,16.49250424975388,15.154150413907761,15.273516365151588,16.336560745268756,18.43462941895403,16.856934920109993,26.80982761405911,21.644000483760284,15.109792536308092,16.126258090721663,14.925478223866008,16.840488731807618,17.065987115776586,17.0379530606875,15.48006491094165,15.315693716360075,19.515988997566055,16.07626199355237,14.788577519728904,15.159732569126728,16.63073478650964,18.606654383391685,17.16276835846866,18.951368527999733,17.831541573414412,17.599573051555552,18.09467266715439,19.89339262841995,18.139987262210703,18.69269721420622,21.414005332372234,16.995976981170315,16.809855281853064,16.84402811469142,16.38916148646765,19.62886257669608,19.03722071621565,21.86353382513321,19.33006118840835,22.620842623069187,20.454653202118056,22.787813374919608,20.90711971928084,23.33281130945251,18.83772040946064,17.81359831761028
0.0,0.0,0.0,0.0,0.0,0.0,0.0,0.0,16.76236704030497,13.830895149817282,13.958825662114995,15.017447515468518,15.271149304791848,17.608577591465114,22.456974360828397,18.037454657694738,17.464473801044146,18.95171161925254,14.412541707766998,15.744986437455402,26.307210990077955,22.323028039987324,17.198416484619344,18.21384620634988,15.224793210579104,17.660006504754183,19.704537936534507,17.60451026817575,15.95599225041768,14.456718162037285,16.97537913580178,16.303865307305834,16.796958245928167,15.450110399252619,16.523540013186505,16.44214080394939,15.961990753536345,16.377339472790545,21.126074175293887,15.456507536933074,16.88514008367336,18.91017649621349,18.552255824073157,20.59781337491961,19.453247776651736,17.30558840561099,17.10090753372115,19.093763026160982,21.77574710306807,20.51653412787958,15.961279019850677,15.143658115130254,15.159284826976238,14.830079388280753,14.817215442281157,14.979382168607453,18.25571586391122,18.44885477999983,16.202194672997084,16.540533268996086,16.612883494268516,17.967332202381108,17.03135290337753,18.84843041123406,16.777773643297188,18.579361688658075,16.9813439277112,16.62547621953788,16.846915756672963,25.7329536963912,25.31037566859745,19.432382856753545,18.996492787841124,20.474653202118056,16.88323001312592,17.081059363052823,20.55276276969053,18.36145836649618,20.640535682694704
0.0,0.0,14.521780244387765,0.0,0.0,0.0,13.877566548696066,14.848740730504517,14.799587574334694,14.399112588303346,14.876824681752304,13.428175370996135,17.408784478484954,18.70725838421861,15.517917896604667,19.379272346581203,18.578805888046634,16.55905699085617,18.182008470237786,16.99019671188092,16.121067687673154,17.357887314897624,18.293247776651732,21.639267075013095,16.866915572657845,14.809697334281218,15.103107718429941,16.86036740752573,15.417486679440259,15.392429384259582,15.672070993491939,17.796682791950303,16.821713875682462,17.546950822060882,16.989832038010043,15.213403923108364,22.84084820005662,21.03105913939354,30.336160827234764,16.056620007706915,17.73122991860353,16.654986437455403,18.254252159243826,15.71685266384997,18.91320551743111,17.61352503457116,19.876410164572505,19.751891550598195,18.7738555220379,17.00939134537274,17.36090753372115,17.543042996208886,17.237119032546403,17.82361101976246,17.218897843642573,15.23454507988161,16.766977473452556,17.160039327927226,16.97134974694583,16.743822284950753,16.769020025420126,17.208893859922142,17.54025933328515,19.206654383391683,16.565323943406835,17.23053058612914,20.594595939391624,16.634596802905378,16.57097816846336,16.58105404419179,19.40822172367568,20.145243678649074,16.63885528741395,17.038252895571336,16.839967879363773,16.949537921051594,20.83912507441297,17.520791420490976,18.461012914625588
0.0,0.0,0.0,0.0,0.0,12.70109517406456,15.500448337628676,18.11688420397162,16.48291994820952,23.096443854630166,22.73252500537985,14.88049426287014,17.269503282750645,14.390923304341282,15.972919368854193,19.564769804475645,16.48646648283186,19.85673424853645,17.134905101757035,16.337358978403675,17.13257428167732,17.94376302616098,17.39428655100263,15.149038161604153,14.078856243513716,14.070858041123074,14.502541707766998,19.13262350154765,16.638486905553524,17.53182947655112,17.704654195587857,15.39976841699394,16.542097505929412,15.382326309182169,14.56743548266245,15.464908646581488,16.412699600207475,21.80252222035731,19.485135728615006,18.626421941481567,16.627032740086683,17.704939694269633,19.20541200014153,16.2378192278534,17.657563019252507,16.938222035655006,19.964418631133412,17.142908667587612,17.289061414315327,16.489744065879187,16.428191112796554,17.21822173047922,14.911098882280633,16.42365598617795,15.490738395699765,15.968420536538975,15.98091622158767,16.573655986177947,16.640992621686504,22.39502345923102,16.750819762388172,16.263880728052527,16.46771381292873,17.259963546668704,20.48379204105185,21.752398218460478,19.355590691255813,18.299112588303345,16.503794673595543,17.817332000867772,22.357139124783046,16.659145097835626,16.207469059374695,16.603030591224886,18.0150865995711,16.510007885689408,19.57408066046648,16.6676677963151,16.644663711003563
0.0,0.0,0.0,13.888102955623692,18.890449832477017,15.966024017479949,17.776985588185795,15.482934442443401,17.77803853206386,16.35904269975751,17.011284977114112,15.857500856371969,12.984758563743197,17.819380900501884,20.667519148975792,15.728518705497354,23.624244146721484,23.79964196476123,20.99676893531816,13.479869016833877,13.461602718127182,13.894259001216376,15.158486558205134,13.4040094324879,19.320289966895228,16.152738772623824,22.95466794368526,15.300730379700486,18.763846206349886,15.872977539242843,18.27274456913466,15.584585881341045,16.312241984193193,15.10121256005316,16.81082172605783,14.54248232548631,17.585324822982894,16.43316440908954,16.51598391123092,16.786146760620824,29.065782065727895,27.550739151144818,31.287250193667944,25.796350313667133,19.159347067419873,17.068081029032008,17.431776976774486,18.440475873577874,17.72491704498701,17.558722076944434,18.41414057178033,17.01595322111868,17.23785072003551,16.896492920828454,16.364216378482837,15.845782221977672,14.812113521744367,15.099335620384558,15.973537403420972,16.782942742590468,16.242053089802802,18.417234482894077,16.40026811778602,16.509956736873846,17.261359523010334,18.888618649699982,16.951026547726883,16.77786361526953,16.935410678600974,16.061984028623407,16.219246389385454,16.296761855541288,16.362629647059578,20.622565886433506,16.91913311723756,16.779470163873942,16.800714189493693,16.72854077810463,18.42682360094741
0.0,15.966888279233387,13.833726601137524,15.580808213930439,14.303994195275617,13.691359523010336,13.187280540774614,15.386598718730507,16.784044515611207,14.449145739535854,15.845200472770859,17.711722017691535,16.559516480561626,14.995140083673359,20.58408828475811,19.689335605453074,16.66646604490264,16.328532336798528,15.770821726057834,17.468458914096768,13.592121987497173,14.733547620976323,20.692263882048977,17.5238555220379,16.971792916627248,20.6648760843318,16.182220634891944,14.548300275281369,18.50868465824293,16.47641705766911,19.178216710012027,15.296901119362756,15.19228400688939,18.012900043462693,14.82052902505845,14.85645534665148,19.495867189970497,17.099706963507828,17.348314552572973,22.49654950683177,16.606088116372746,26.41036959267702,22.37138401584484,17.999812965028053,17.77087696074902,19.023123776576476,18.145829255299432,17.31893716440626,17.404625062021335,16.995953221118675,17.079495513118772,16.918701592324254,16.87848946780629,18.99734985607875,16.31628633977178,14.756434887698255,14.89223316527221,15.136442069057535,15.886601438327041,15.951092943921704,15.973747201752651,16.484369286079694,15.826455346651478,15.88418626630951,15.83384856668093,16.650328868138686,15.961298068610652,18.89277721765579,18.026017871915165,18.25939104019696,16.16854077810463,16.39449730180673,18.12295468990131,18.168069939836094,16.741375758577863,19.088803425557202,21.020109743975326,16.8764464599088,18.220640825699643
0.0,25.868226499097215,16.534044515611207,16.47774211000972,16.652317583032826,13.321129761719977,14.459073858717147,14.870334836359916,14.366218041993488,14.265784613248474,16.346968359314523,13.21580719605555,16.179121604977524,43.245042770326464,17.17320551743111,18.753800769705702,18.54253166450834,16.87756026202935,14.642369332624622,17.132498877045098,13.854259001216377,21.133923884988725,16.345637249494285,15.394513829620166,17.10827247227023,27.02022604271332,14.944559760408069,17.25597764617268,16.49254288480018,17.82697988671501,17.142258016978555,15.241162399510468,14.302930247467964,15.22007818283638,14.916455346651478,20.123533825133208,18.574880903442782,17.14693492010999,16.961116407000297,18.83828327305666,24.698912841885992,23.328594599655723,17.203763275999123,18.64284296933119,17.049073858717147,16.672420413879852,16.308492452585526,16.03162861225958,15.575681560872296,15.147596098460621,17.28284967666471,16.55411291330391,16.452261525315304,14.882429282701823,15.12724008294344,14.80170659700386,14.94772672551016,18.262473357437326,19.411423184177657,17.593546180008097,17.62567462695562,16.51163171531516,17.770287190686503,15.855088343297364,15.884886569592938,15.937401667054726,15.867712748490007,15.957281943917282,19.174220675144973,16.629429809273603,16.151298068610654,16.259537921051596,18.11595322111868,17.903502307844402,17.832520954124593,21.437178747794523,23.597841281350647,21.325945034081627,20.38835775413448
14.48027289866879,25.895445417552978,18.39118176681592,17.076863001763837,16.391573976032426,15.185619426801601,14.4877398035524,13.350156868870554,14.110508743787438,13.397728390717907,13.835048422637321,15.288740730504514,13.55821951228101,17.004024422365372,16.10273201615915,16.377551841688142,16.393737505389606,14.055167010089328,14.086897192792904,15.68088034127625,22.65858431826243,25.178533851364463,18.027460309570408,21.495355714642923,23.444338622822542,18.234067756501886,17.278624582698086,16.916787821841655,21.90873869000866,16.433348530526892,17.079430265836898,20.21562567031195,20.690842623069187,22.036663127178656,20.072024451447632,18.178431927285445,16.112210652913568,20.562398218460473,16.398592375839993,16.210923304341282,22.27981767556488,21.70250758494209,16.699649825863986,24.95620083474914,17.79611573973209,16.607284844738267,15.970605110904822,15.90388398985275,19.19630816083552,15.63285363341565,14.836580628825665,14.888099571485458,14.881006917075254,14.890530225539697,14.899512179829145,16.95606241858858,17.736917770944707,15.07316364335848,17.27723234145146,15.134994336677641,15.7964464599088,15.870775424992395,15.923309775451557,15.962514693241632,18.89371604360149,18.80454086027673,22.7063326673603,19.902948938197575,16.00996787936377,17.734645414818026,16.103035826589092,16.408628602975476,20.64288381106328,16.43155594694409,18.270421852266775,16.80732334538567,17.409313939055924,21.9294634192017,18.596867924344334
15.159020755187228,17.874372710882437,16.31331341129369,17.373554132165335,20.18029271030956,29.417928305667644,29.56188642842746,16.91558642819471,41.705859185672274,25.980226042713312,14.313407646612335,17.86943183018303,20.520576806134716,14.442487683246101,14.892834549216559,20.555146372290043,18.957413204607604,14.237828757907268,14.466937131073891,14.909394292928727,16.742394734438037,15.278388286777124,16.914673352158786,19.328580113489604,19.07480519605538,17.4128486008724,16.30588781794809,16.394038736550794,15.931138049948538,19.099075652948294,14.592475559391573,18.093565300143105,15.711680489469895,18.172771077283567,15.935598288828,15.484443494018102,15.128694097459856,22.79109404776053,22.41162533362281,22.90084820005662,17.729056990856172,18.641976377736853,18.736421941481566,21.845402346823242,20.33782304135552,16.324365686534843,16.2122450814703,15.522005269023786,17.03731180517904,15.141826111275659,14.991236936610877,15.040649037477717,17.753931013100125,20.134041683869675,15.022918667715413,16.594191410344372,14.969974280841306,15.187521467214346,17.531572331751228,15.100863576502768,15.105556207244748,17.49578461324847,16.763655986177948,15.94215107207032,17.927667613154323,16.0340491852897,16.77791122319353,16.23489307807704,18.946225491374122,16.83263274732638,18.47641705766911,17.03359444026658,16.87121256005316,16.74850290691129,16.672005269023785,20.231265365771236,24.50409887605155,21.8694634192017,16.514032894233104
14.726982813715539,15.454662045001342,17.208551943202774,23.886253101010418,19.72044983247702,21.80706066476735,19.000538887085867,23.02069435382182,24.408533851364464,22.591295907129243,14.851732174547845,16.539219248507266,17.01092469335719,16.12023547126846,14.798944285201,16.61352503457116,16.424693448339685,14.342857881508293,18.417904198775247,19.205048163133466,16.68922914856005,19.138541958517614,17.49480310973296,22.203236749847854,20.692816082358895,18.879905665010316,16.037568433963074,16.225053292237824,14.679030991765973,14.690715642341122,16.27835671977724,15.479661031185772,16.040472846308525,16.8749350758183,18.00425357631439,16.925101242927017,20.979373507813172,21.288818539740014,20.658078682678518,19.090069644222254,16.313149582276612,17.052669987464846,16.88650010288308,19.79559942584899,19.133123776576475,18.841976377736856,19.475764949552023,16.931789530109427,15.314090305536999,16.487677242981423,15.502982146971766,15.384730409637486,15.142839850603842,15.311146560915414,16.734514134795948,16.418592857383743,17.337311805179038,17.498222035655004,15.206788467261106,15.298578005913217,15.839770301715948,15.230640900352192,17.548705925591953,16.068049970151026,21.39239868744421,20.272240017603988,16.136536597311224,16.134744059983404,18.791034548742275,16.532017893695865,16.860156868870554,16.53940477349759,20.727722940777916,16.83937927737573,17.002633052502162,16.72109009753121,17.187278447401987,17.4422450814703,16.82613020909781
16.95411364755087,13.217049596221106,20.60189686354885,14.596626600491476,23.767079061679397,17.829608270157863,14.578826554854956,19.530126585645007,20.307967623398575,16.438413100348164,15.349667342475135,15.341719090884748,15.385972790621862,18.886018516534264,14.669701421540207,14.016536597311223,15.417167912204324,17.269818505700453,15.84498488894053,16.15681760597468,18.50712815746594,15.974935075818301,20.07861937807516,23.120689024727955,22.926945715287758,18.40131553315431,16.969015165400755,15.628038720215791,14.930486255874946,16.468069939836095,15.39116239951047,15.048141682725987,19.222203208521748,19.042629198548013,22.411602521410693,23.35859459965572,18.83225261214558,16.91715979265298,20.655992348992566,16.812338111964653,17.120907533721148,16.555972790621862,16.7659842164067,18.776692352069347,16.77242041387985,16.672533205356583,16.296583019265604,15.901680489469895,15.18459465960884,17.383763275999122,15.456961099764301,16.261946528085765,15.668048000442777,14.986458153665296,16.87091741070043,16.333655331055272,15.14333056926034,14.888263189728487,14.958057735161502,14.883860872730658,15.76061620634577,15.784375488962967,19.722919948209523,15.143543282308624,17.578708472269394,16.439990936369192,15.950196401809595,16.359868117682034,16.669855281853064,16.760170117619136,17.728037269022703,17.43047942519544,17.12797990000669,16.876518248201492,20.34464286460225,17.233655331055274,17.804335990827642,17.553031827573975,16.963465405915784
14.884010984579806,0.0,18.409661489428288,23.730633754707018,24.28570291171144,15.283032142020103,19.82350888300853,14.765424126305152,15.235101242927016,17.641192611326854,18.822905830370793,15.420456426206115,14.834274076400973,16.397609906575514,14.594167314376879,14.102345691674753,15.643695051706274,16.704983310719395,17.572535440946385,16.500958952941218,24.396882445466865,17.052477091032884,18.403856835614416,20.732816082358895,17.406433634498473,16.73816773757314,15.890767451629408,16.64607098359183,15.243639389107601,17.14676955638221,18.24062511116189,15.270769083138852,15.390876994339028,16.784793210579103,21.868159258616203,23.042065335996192,18.994096068008407,18.324905101757032,16.299336846524895,16.00179096981278,15.36821203677751,17.58294230857807,17.52569855141585,19.532405476270668,18.408624582698085,16.140693104018354,15.38865964282422,18.79064807814578,16.040014396736915,16.050093866780802,17.54909616565621,16.52387959545619,18.666466350078423,17.268572836700322,15.176701962110812,18.20605862893882,16.575712958639702,14.92180823647107,15.088191101325178,15.04379761041611,19.117556474811682,16.492707585912623,15.902499494341477,15.934375488962967,16.068620735212498,17.042114331245397,16.345217689573527,17.143108040177168,18.04290596978169,17.523592442453825,17.809446401212618,17.984792820719782,19.353779333870115,17.672533205356583,17.949975394085087,17.714335990827642,17.76316440908954,18.11001002927204,17.248573535659343
0.0,0.0,33.52111304087556,15.471030586401069,17.08772087096679,14.691605168483225,13.095989909382174,21.3848990098954,19.316477994105053,13.663065339125083,16.335284836440877,13.911087499609426,17.90427538803869,16.426868007052132,15.139173737267006,16.601083444181786,14.863415908238853,14.790954522437794,16.315160403600018,18.357875763599164,20.65810352794368,15.234472644115622,16.535856384745458,17.234806885043092,17.038615666716545,16.236529669001587,16.10204619938277,16.47149099068919,15.29858879349134,15.393994320799536,16.654618488520608,18.03991998317637,16.949667037299356,16.183057072191254,16.175735383927517,19.052137548442794,18.624252159243824,16.32012784011535,15.671680489469896,16.94262532904156,16.42101291462559,16.566274302735685,16.20226425901675,17.25939134537274,16.84050874378744,15.901420512163114,15.368386480332557,15.13854077810463,15.160087413794857,19.920849848533052,16.42097236709897,14.94459679040926,16.851846509996403,15.16950849000451,14.975381659386198,16.274796071420987,16.312830910145102,14.96459679040926,15.058290547404411,15.12191594642513,15.209598201689403,16.38652134498379,17.370932202078784,17.7624895164038,16.11516659443337,16.328857910502737,16.57013736586811,17.92733220238111,17.512652257054405,19.792402284264917,18.802350567676644,18.14600244458829,18.772661902261504,17.90054373871523,18.110635535669957,20.424044515611207,18.119170733738883,18.164935075818303,18.723540906689074
0.0,0.0,27.817164852909983,13.873547402008628,16.626946648145072,18.02200847023779,21.572099279915598,13.816753984669038,15.14955958921697,13.79824207937931,18.184595939391624,16.854673046983006,20.15540197169564,15.618825662114995,18.236591260735985,19.293789225571402,16.295247949012044,16.34569855141585,15.399576352634043,16.182625329041564,18.271272579437042,15.192155215126299,15.667302028007937,17.04869945024184,16.551922157423178,16.528981638518125,16.370594316842656,15.683595662041329,15.853694260815129,15.36731660920908,17.092132765614224,15.350689144039396,19.178122604839196,19.487290805131973,15.71928832304872,16.586734922929914,16.201458366496183,15.422857881508293,15.78535206535018,15.419500319776162,15.264032894233104,15.214497606982512,16.038130228976133,15.919483655196672,15.584660563615149,15.684350503561829,16.283491951483875,15.099568705341792,15.200494973198175,15.664897587128758,15.530120375464183,14.959633557450132,17.37621804199349,17.443546180008095,15.051494935669995,16.19367406066562,16.317100446409402,15.106592939550731,15.126375058151506,16.407104334064968,15.231319630509795,15.57755656059603,15.651699612507876,15.274225301448945,16.554287178928327,16.374796071420988,16.529226330988216,16.65759301758135,18.64519151711909,18.973760628536844,19.444220039420475,19.74113781209156,19.100816336267034,18.47859988775256,18.415890139173108,18.020880341276253,19.17781440674103,19.346402720213792,18.421831966330707
0.0,0.0,17.827982370391787,18.748254706999482,15.381043932970474,23.94652405981612,19.33435222512461,15.218592375839993,19.667712957705202,17.166805812482778,19.305857080954624,17.11185757514315,20.093573582427886,21.04642454816443,22.06728174391749,16.438314552572972,15.676492920828455,17.53463501410856,15.709416869178643,16.572923937027376,16.053771426761347,17.1204478692635,17.065647824524778,16.496122077207218,16.806992760195858,16.617885743548037,16.556151330575425,16.376787430465534,15.60524065240731,15.401396679436974,20.2886910973085,19.510891857606644,19.529108697766674,16.744804566534256,19.517663493934258,17.916529953256486,16.329493110110754,15.16385748707927,16.590359114725313,18.662523581944587,16.62281708123817,16.345432400624738,15.10468301699963,15.870556058045736,17.780325062489894,15.791764218683307,15.768681346839552,15.813492099398445,15.205506933556045,18.434104374611405,17.25849091695903,17.467013560326688,15.05459679040926,15.055977499544667,14.995695971647987,16.26624058699231,16.161789432364124,15.092076680380462,15.165556207244748,15.191235219755608,16.353385257866083,19.551969018171118,15.568811821649176,16.027531905180666,16.061585425512423,16.478010861668952,16.39316302234427,16.339792536308092,16.66646734959483,17.01233654886616,17.163678293168044,18.842350567676643,17.63293987610914,18.75660089978544,18.158081029032008,19.16781440674103,21.348580113489604,31.092430530894937,18.98122991860353
0.0,17.496469795688284,20.304767788448068,15.911083139006003,16.341083444181784,17.96709329182712,18.006698591849464,15.308072533888907,19.32965090230033,18.733550250278782,19.379650902300327,17.326805812482778,23.164204103183046,21.185735688976948,23.005128046764277,17.973308190428696,16.59558840561099,15.615706168131979,17.577681949553504,16.12355786071004,15.654627854425286,17.51284952208861,17.666067873853848,17.307740689566387,20.25111611699343,17.438615666716544,16.785873210508353,16.730644731879316,16.368826860030737,16.377977518731093,15.66639303638262,15.702263024237947,17.269061414315324,19.94017248960607,16.492170596307496,16.33032499377024,15.130669864435424,18.058218925221393,25.02028017833463,21.879179744106885,15.216730208209098,15.030392570506859,14.9972654648579,14.955695971647987,15.895782527153452,15.735782527153452,15.702484057330542,15.893057381608857,17.401901669218926,15.476251876156441,15.04062614658921,15.027525406809964,15.125992226935134,15.056194740096085,15.444456010733647,16.390729237104757,15.171178193020962,15.227446955723684,15.137241031182976,15.265284745023425,15.325075521024917,15.485107067885176,15.477188324187724,16.000702096379886,16.12054346955222,16.16735152497494,19.710640666328025,17.4914738271098,17.67158041548333,16.425989909382174,17.42000007589297,16.61404119166648,16.644041496842263,17.75659158435793,18.138394530315903,17.038054648112034,21.56919541110137,26.349352569748163,19.447401724634148
0.0,15.752070993491937,14.956783959016239,14.906620007706914,17.095915986735,16.80139858276849,16.783469764164977,18.364101284037947,17.916100926462402,18.791963732481143,17.781976377736854,22.237281743917492,20.64001700379919,23.361281470330052,18.515477304407565,20.682816082358897,15.746583380509614,16.44791129322686,15.620730379700486,15.539692092636832,15.071166063376436,18.187660415942236,17.316116833939635,21.204242348671116,17.876926984219246,19.527318677952564,24.536220226616386,20.914657806074615,17.25203744493653,16.933747954075002,17.38342797802271,15.719403611033833,18.38920310056458,17.123763275999124,20.424138332357494,15.482853633415651,15.454625597225714,16.302632528699387,16.400730379700484,19.081693778774856,18.7087196245467,18.631770234964,14.95039335109083,14.831521763103385,15.721059363052822,14.741530315208482,17.642874915242782,17.45009709672605,17.409145739535855,15.249282876321612,17.341471434409733,17.217232646627238,17.355784613248474,17.169308200932342,17.232768358468658,17.334183313077318,15.225075521024918,15.241961291143856,15.304450597570915,15.373036131764874,16.201668356619113,15.503722915505305,15.58273085006989,15.817557714121607,16.17941806025305,19.738344593156206,17.27089886278543,16.28330711143055,16.147252541707264,17.159416869178642,17.370514621021815,17.17011239508932,19.10781440674103,16.260327512407557,16.435989909382176,16.329868117682032,17.49895730224036,17.029556637169375,20.635535842640685
14.936333821568617,16.082491174366602,15.342717362497085,16.409298071610472,14.933655331055274,16.746117162243017,19.15441863113341,18.633775884711966,19.11547729180802,19.71072216785054,18.515302420447647,19.190860063278727,19.750912801932245,18.262742167992,18.143123776576473,17.43469200441947,18.169093413122315,18.19910870553026,20.806612442684568,16.55887115876032,15.443129124117615,15.922974080852391,16.92075160501212,16.912996534283423,16.72683874414601,16.999438227994165,16.8784517258359,17.156024696045186,18.671925176640794,17.360189459170876,16.605413134334306,16.218060422860198,16.6775556935646,16.706736705923287,17.769249582435652,15.504371165172804,15.689668623514365,16.003902346184564,16.191015579296405,20.082026122752076,16.233503086647683,16.106921147562893,17.460664923011272,17.303193986297746,17.724640122492648,17.318358389074447,17.602569320531153,17.868518705497355,17.31341096581926,17.41727782180697,17.38696877272663,17.239416638152008,17.344454956699277,17.505674932131402,17.20381729403421,15.436190088739647,15.387596098460621,15.301384215467888,15.381298068610654,16.393491951483874,16.28479607142099,15.662484057330543,15.880363100254687,15.851815046643708,15.722954704518967,15.884209369039654,15.9580489001849,16.14502736143664,16.23643224838684,16.29789008855852,19.600535498484263,18.11661915539809,18.01733220238111,18.22772932737443,16.46746372638765,16.360253600852293,16.98595092284086,17.362769634723318,16.94295710223601
16.4002871906865,17.256755857925242,16.5494421380587,16.121074881718492,17.50820942991904,21.81064499866663,18.453856835614417,17.79644940814406,18.63766318875848,19.40220095793675,18.182346088815052,17.2631985704519,17.32775615783408,17.56017211967759,17.01663601334111,17.647467721646628,15.821270647282097,20.29233951450246,19.894372710882436,18.966246997350595,21.014656826167474,18.61577890988898,18.74255119880941,18.13153320057233,18.57051093355048,16.731089233466076,16.732355770607995,16.46748667944026,17.75679918691907,16.948107454876627,16.732867489138535,16.41008310677652,16.28995815200086,17.90273201615915,15.82455976040807,15.489999445737345,15.582990325504477,16.169847898863374,16.21954716065398,17.812515769964904,17.815326321589616,17.58091714814705,18.702642483278243,17.73038989693265,17.528677957177766,17.642569320531152,17.503546180008094,17.54066492301127,17.595185695178547,17.468677957177768,17.79649278784112,17.283193681121965,17.292490869190818,18.78616616121286,17.388968024427154,17.13055506029823,15.344185037210883,15.363041982503189,15.492865956373699,16.278625332954114,16.58242873969172,15.686217047541005,15.85330582057183,16.016333821568615,16.563499944827097,15.742670707921384,15.897505646672862,16.048906856841437,16.231212560053162,16.209833979397462,16.25789008855852,16.122484057330542,16.328941930585632,16.404862492657735,16.549004436170076,16.433516289180467,16.671665820161344,18.691083444181785,17.147617735102436
16.769398904635246,16.428803425557206,15.695327713745456,14.075721063545545,16.78825922321135,16.71739466270521,17.600127602682413,20.85813194876718,17.405590691255814,17.516466350078424,17.389219248507267,17.736346181701343,18.095635345490336,16.43605963855851,15.996560745268752,17.365788135422054,16.49157233175123,18.020127602682415,18.721192611326856,21.66886023133454,19.355391294674746,18.236503244141858,18.433232359893715,19.14891878241769,18.041488402899212,18.629181575411234,18.282350140433074,18.202193605072893,18.9202686721018,17.854552261609246,16.817185167926056,17.22528937689044,16.08634469485188,15.693121159885832,17.98590222113223,15.662182473253793,17.936529953256485,17.87924958243565,18.666483030489072,18.01978106025714,18.050650912982373,17.696404685353503,18.741770234964,18.53662885742606,20.472642784067574,17.523545874832315,17.661932957689793,17.40437091637591,17.493546180008096,17.36418331307732,17.331850360856222,17.352768053292877,17.244020641721498,17.257077548392278,17.09661254748664,15.9777410221337,15.916897192792904,15.648746886518062,16.62898658373353,16.47314141117054,15.83868134683955,15.973331050340088,15.943057076433076,16.433535135821817,15.731143350032598,15.9770608884504,16.020363100254688,15.894234239093695,16.09007818283638,16.217960382333978,16.2959991343554,16.148555402813763,16.960865893399543,16.54026811778602,18.819964146108283,17.038578483090554,16.763485677448543,17.55472231044814,19.191964230334158
16.710286984034376,16.285442537288578,14.185230503104892,17.135683515453188,17.243325593469827,16.897879968525334,19.819708841557436,17.061180458430005,17.274220675144974,16.979372114999975,17.022462785650486,16.445904453469485,16.388148112750176,16.534673422521728,16.106400796093123,17.399964146108285,17.329341330822523,17.364662045001342,17.968719624546697,19.18783848664604,19.275904288043257,18.216503244141855,18.19462750746667,18.57396974564955,18.875477500175098,18.40648303048907,18.45648303048907,18.016529953256484,18.57107912253438,18.161157097092186,18.35675066001673,18.208255155635275,18.70089071597816,19.295829813721607,17.926539502363678,18.11675555274946,17.936529953256485,19.324351136272124,19.883067640834973,17.938581916200206,18.074607133370307,17.74633680557268,18.67153289539655,18.475788135422054,18.97861088386705,19.06432889129519,18.0370058598167,17.288148112750175,17.382130463157434,17.38406426233798,17.525845070228687,18.02858222137599,17.32707785356806,16.101521296942487,16.0466444195408,15.976076117682235,15.571123861935707,15.602078678249766,16.572145834253206,15.744175849526606,15.938256940648271,15.893309775451556,15.6716982623884,15.726649342271013,17.834640122492647,15.650447879162428,15.837080851470645,16.013740072037482,16.185644135409294,16.3359991343554,18.99723284920811,16.255693109118145,16.64229831101746,16.711846837992873,16.745447165754893,16.40640615372449,16.917087091151007,17.429822794181163,18.777375543232402
14.053480769973762,15.124936248467616,16.282625329041565,18.11711971928084,17.190431625300626,17.175629175426636,17.452350140433076,17.423789879394416,17.256236754745345,17.49309276868968,18.034485701721565,17.24756026202935,17.045246618631825,16.246017871915164,16.42867795717777,18.714101284037945,17.325391442164477,18.025648476323987,17.40481236049122,17.871844031792374,18.467349856078748,18.115348589771425,18.13979275625288,17.85675066001673,18.460992718594085,18.240368920282446,19.14229255378667,17.919172403824938,18.165521233106784,18.240079134329953,18.40260874766726,18.200079439505735,18.060463591103375,18.096529953256486,17.84253849720798,17.846043541947765,17.893643065756397,17.721091354788914,17.79361210016171,17.89872111408149,18.050391305419822,17.68385210915713,17.751034492809563,17.51066492301127,18.65662885742606,17.541901669218927,17.463546180008095,17.617616073247753,17.54157233175123,17.560287190686502,17.830086246576762,16.185822602947596,16.131369813319246,16.071521602118267,15.828489562364465,15.594378042508056,15.669075378693892,15.760233233395493,15.864604713305344,15.767557408945825,15.852002253059624,15.783648746038947,15.3263938666869,16.816783959016238,15.721067856169029,15.848489562364465,15.952487790990594,16.71904337690417,16.114913267239366,16.461395099612616,16.550608749866974,17.038338295698637,17.32214080394939,17.287185167926054,16.43976593170379,16.56700960684098,16.738386503502454,17.609391345372742,16.573535135821814
13.745930815219973,16.01090753372115,17.43569253054385,17.359219248507266,22.299976653028203,16.99043869108121,17.090438691081207,17.22921846671549,17.030384745612967,17.103940727329558,16.928115986756968,17.304104374611406,17.638431927285446,17.269964146108283,21.275146372290045,17.98116536110906,17.93116536110906,17.932456511566187,18.977609057942253,17.86309276868968,17.84073600686552,17.74861862763438,18.11309276868968,17.776175261528557,17.699398904635245,17.576917770944707,18.035443917784598,18.182193605072893,18.094993663276597,18.244513514341662,18.35219360507289,18.510224574584974,18.017548510440513,17.9349936632766,17.84396622879533,17.9036430657564,18.330755102648055,17.81854504326589,18.21363707733263,17.939784893645736,17.763852109157128,17.603202758210983,17.57316720931348,17.521901669218927,17.520664923011267,17.411262234169705,16.666258090721662,16.463971358449562,16.492261830491085,16.31700050143223,16.224369286079693,15.94207939333679,15.864063619297664,15.314168623720855,15.419347896011711,15.515160616985083,15.772990325504479,15.838791274961125,15.80920944978213,15.843740072037484,16.012326332712213,15.800801377458555,15.4669111744799,15.633296473588995,15.60882489100171,15.574378042508057,16.18198244436024,15.645160616985082,16.09976593170379,18.91915193638333,16.19941806025305,16.38461157057592,16.942520954124593,16.83283454921656,16.805966783573748,17.32859749132947,20.245904288043256,15.905279444874001,15.511741137058435
14.828975295217267,16.059112588303346,16.885745923500423,17.4121635333017,17.442934442443402,18.99099958155223,18.1161009264624,17.5864090634644,17.73227695462339,17.2459446446091,17.344812360491222,17.217560262029348,17.334362586003405,17.810846598388164,17.641770234964,17.44934133082252,17.816166161212863,17.404661739825563,17.103940727329558,17.230312725952913,17.607364448374113,17.248266029442107,17.285270452043783,17.359949475053817,17.52700616499248,17.809100833266353,19.051291077995607,18.671605127078912,18.54822348229456,18.91087475375309,18.836733106015725,18.3616636812598,18.236915572657843,18.158255155635274,19.132346088815055,18.05378614022888,18.160807976145826,18.440368615106664,18.6328486008724,17.633852109157125,17.63316720931348,17.497540084177345,16.426833068042576,16.473456239127916,16.40655603091689,16.39314141117054,16.511458366496182,17.289112588303347,16.78040178127202,16.506098829741127,15.31349602476538,15.264352908026735,15.237359558154468,15.2920219600329,15.478631216998599,15.663520119337381,15.81660143832704,17.872555142448178,16.21256772733482,15.871092943921704,15.891072182187937,15.858791274961124,15.333274829536135,18.823752093587423,15.591675194740292,15.7592029876749,16.328634590894445,19.084469818412092,15.946305035979215,16.244769939923536,16.444344914963448,20.942697087439505,16.882261830491085,17.017515769411773,17.580847116967092,17.188701592324254,16.353194664277193,15.96629924112896,15.334699325530716
0.0,14.254785702090745,14.419085694184654,26.427741090483813,18.58049755257716,18.193123776576478,17.61648303048907,17.61195185859288,18.561192611326856,19.396463727996633,16.983711169366774,17.3059446446091,16.938343497352676,17.405788135422053,17.04925564548012,17.494812360491224,17.951766926774553,17.485346582943748,17.698743415252803,17.47886620497097,17.440312725952914,17.345199548379977,17.195666307770693,17.661211512538557,17.736529953256486,18.016404918082365,18.83975600169927,19.89821535795085,18.71782574938537,18.943285764939674,18.742893164772497,18.628984251086635,18.32271210348941,18.262711798313628,18.680890715978162,18.156262293691043,18.58697988671501,18.524936421845354,18.26179291662725,17.61385210915713,17.63401933247145,16.455432400624737,16.528254355692297,16.587447645096447,16.62040178127202,16.57281708123817,17.001350689008746,17.20519795784075,16.94388124512746,16.78247510664145,16.252567727334824,16.4405286270492,15.475487377032685,15.333529953902127,15.614396917570723,15.772801119098045,16.009267861215136,16.07893055955444,15.999841624469624,16.070593652168064,15.894244505700993,15.89665336500369,15.578453134838522,18.879259893114483,16.509721608515846,15.581521234660155,16.369372239476633,16.281337757548826,16.08034604785777,15.839285017812017,17.116216172978728,15.947511321037386,17.391806732920475,15.773296473588996,16.84086589339954,16.04200225305962,15.31123243581694,16.338806501060784,15.444003655812185
0.0,0.0,0.0,14.654843456274392,22.710463867607547,18.077299147608155,17.200348261611516,18.573511633802447,20.600255394433518,17.257364801092365,17.180384440437184,17.254013478869545,17.24016673205713,17.12394042215378,16.97070632197663,17.85636640766492,17.249845369453535,17.198866204970972,17.405356979105726,17.44101092002615,17.392743532007266,17.48394072732956,17.70253548860789,17.57408066046648,17.690936343850275,17.749189863122396,18.64396974564955,17.99675066001673,18.979897802171728,18.484725232473448,18.4317767962793,18.333953303190263,18.18782576762068,18.156915572657844,18.045443917784596,18.87451026817575,18.858206310168576,18.742192602778797,17.787394967880992,17.47822007498608,16.396286339771777,16.277009606840977,16.47493624846762,16.569581708195805,16.475204225325637,17.044233825153363,17.280466186557668,16.85214080394939,16.661270647282095,16.60660552317492,16.729826465468157,16.53310771842994,16.298874984601728,16.07849071988584,15.971166063376437,15.841072182187936,15.916807142297055,15.8951135630669,15.980814672383422,15.948443805671,15.938443805671,15.94679606564712,15.717080851470644,15.324274878109426,19.84709274956395,20.301743522870304,16.594518310497683,16.01671587532357,15.825418450714373,15.848572174916589,16.074653779786427,16.661100732577637,15.482715166579224,15.902002253059623,16.658734637943144,16.375291907725163,15.477142830998329,15.373529953902128,15.224135799878526
0.0,0.0,0.0,13.765419085034354,21.26680237886832,18.633856835614417,17.445146570910516,17.846687787811824,18.426683170843816,17.454362586003406,17.50414057178033,17.692166255389722,17.245629175426636,17.293206618745174,18.21395775417294,17.210312725952914,17.05670799982945,16.93749233370538,17.05670799982945,17.473711169366776,17.40408066046648,17.50623217943906,17.399293253949317,17.706115228926258,17.779189863122397,18.523232359893715,17.996581995900836,17.93502940745544,17.77234830440692,18.25079780150545,18.55160512707891,18.518875805440565,18.26780703289474,18.291895126939867,18.12451351434166,18.893313411293693,18.501079122534378,19.25817252973167,17.9560589341146,17.95536937515009,16.96171909088475,16.642520954124592,16.411264274842587,16.535204225325636,16.614030065101495,17.342655261313055,17.648314552572973,17.230466186557667,16.970268097195873,16.658892549392604,16.649786817977485,16.57748667944026,16.375974668351525,16.359486020470086,16.295910907991228,16.251038371002227,16.088429529227856,15.93665336500369,15.961248944999864,15.968691139056183,15.935001340235484,15.96665336500369,16.000371305181872,15.579030686590194,15.391771753251124,17.776520014839786,17.87076538113339,17.918444376168388,15.850737886642062,16.29837120876235,20.598523613373686,17.42683874414601,17.512336100816313,15.798771312414956,15.929483041363932,15.865595125758116,15.682851463865095,15.302233936703953,15.930918422390512
0.0,0.0,0.0,13.334443374873395,19.261293447277318,18.163825172234468,18.79766349393426,18.43577890988898,17.160438691081207,17.626111724464387,17.55414057178033,17.274535293081815,17.225356979105726,17.217855608459843,17.250312725952913,17.37534658294375,17.25886620497097,17.13188438512151,17.195356979105725,17.27910083326635,17.506235418679758,17.757364448374112,16.915220804797244,16.74528913276939,17.702901467399677,17.964975722302494,17.77238598499246,17.92533646058929,17.816726150312157,17.72290146739968,18.389656611328064,21.380447274052166,18.437454622996647,18.296682791950303,18.687454622996647,18.461079122534375,18.614890092036305,18.046529953256485,18.053158488889316,18.200003926017985,16.940421852266773,16.593151861117992,16.813502307844402,17.08595322111868,17.633766960835892,17.529458352241825,16.889455639303993,16.781482439728094,16.371606283051726,16.639786817977484,16.442429384259583,16.417065717478327,16.390650771981214,16.25796499301891,16.263102823230813,16.301038371002228,16.138429529227857,15.949482719407722,15.968691139056183,15.985822171512885,15.952777177187626,15.980253344778005,16.64901766107721,16.027853320577815,15.774506296321904,19.285880274221505,16.418663205155575,15.93047285686109,16.055426971724245,17.8419891011272,16.497904565323743,16.484771931774585,15.51511271340302,14.996415319456942,14.930805314489726,15.965580972247446,15.043774250754474,15.010530225539698,15.541064511933357
0.0,0.0,0.0,17.120816336267033,18.093342436704283,16.021068361033,18.618284346175628,17.86873129236443,17.172535488607892,17.202535488607893,17.603139978958986,17.58512548329515,17.76375209358742,17.46582948340285,17.280312725952914,17.320905672473458,17.315346582943747,17.438618627634376,18.041580795718623,17.536235418679755,17.711419418276982,17.661419418276985,17.481338810633126,17.749663950849747,17.889143710774007,18.06457462371506,18.164340911574264,17.973199194524362,17.86536453854244,18.023988576309197,18.629139666231172,18.525249151587925,18.249569806347708,17.99565596012227,18.687057954004523,18.750107980897695,18.371964230334157,17.80253849720798,17.872435883214532,17.857879663349554,16.680829255325285,17.06559762274929,18.810107980897694,18.62019505760423,17.598163614357663,17.182609981165726,16.585181487535415,15.615008417589344,16.44894553321185,16.38706571747833,16.373833273674375,16.366098829741127,16.368789238288695,16.327173214483157,16.33591090799123,16.33591090799123,16.334771931774586,16.34212239484179,15.336275969711684,15.97778894404928,15.898748734432266,16.057526384382136,16.03763229642248,16.00359566204133,16.485496569587195,15.763637440021418,16.068078216255852,16.627453466391636,15.96679606564712,16.035502789015876,16.025017749880988,16.10463107625054,15.077141672673664,15.080300455016644,15.024058434796894,16.357173214483158,15.063043360230894,15.026536984537799,15.672399196963372
0.0,0.0,14.81458916154779,20.133480632766215,15.820082291551893,16.40982811217143,15.839416869178644,18.461700437664955,17.42644948921711,17.321180458430007,17.188855733155638,17.436235418679757,18.243319799762226,17.586043552895248,17.53060590095817,17.359684989037934,17.349100833266352,17.68126463312566,17.55368505935744,18.74194410143847,18.135773729136524,17.59272413930597,20.246590211971036,18.362744995574886,18.153448290676476,18.173455725921258,18.76727671615506,17.934975722302493,17.97788334267245,18.04700150163313,18.145897174657197,17.78544287440033,18.075897174657197,17.894967849485816,17.92773042535264,18.441079122534376,19.31421005178786,17.787879968525335,17.88043193047641,17.837879968525332,17.994179237987485,18.336682791950306,17.354448539660815,17.92273201615915,17.874470235742844,17.56865258523494,16.30705360199703,16.339918598196927,16.16609882974113,16.648482968550688,16.408038720215792,16.43921129499099,16.508692242233057,16.286958478480706,16.32591090799123,16.348060422860197,16.429691787461053,16.290054592631662,16.34528535970224,15.498812826662189,15.774551944373766,15.302975567340576,15.993466553981502,15.858588793491341,15.857741966983218,15.820640551362889,16.069319616420866,16.659211749874743,16.113795582317127,16.12379558231713,15.195329564795887,16.026807142297056,17.7019891011272,15.012567058690383,14.961642044224625,19.86790973820183,15.031931899569113,15.189427170483185,15.178246213162756
0.0,0.0,17.33019671188092,15.689570764338496,16.698232880547565,16.069260403430487,17.960692907261016,18.142876397448436,17.7430924635139,17.281180458430004,17.974654195587856,17.743241298386554,18.273319799762223,17.48626229369104,17.523102625700794,17.671834482022362,17.50948577419112,16.463948838441333,16.473348530526895,16.542336100816314,17.002122311185232,18.09423886613935,18.92194410143847,17.98316089304384,18.200448338167213,18.252744995574886,18.103448290676475,17.95345572592126,18.91523106494016,18.065897174657195,18.226600030733387,18.68809619508161,18.349139666231174,18.143455420745475,18.3225994721428,17.66395308762111,18.05219360507289,17.81917240382494,16.838994530202957,16.930313303073017,17.360189459170876,17.59002136685465,17.93446993056706,17.39518917472893,16.912336100816315,17.116324989264115,16.715857552263742,16.333441737336006,16.240106066003477,16.841404731842992,16.40457059686073,16.41566452649924,16.300941570984136,16.463742950904795,16.37102993521875,17.962258016978556,16.380069328102003,16.77632122910245,16.288814144947118,16.350650771981215,16.331651602003056,16.01600282008138,15.857411294057236,15.827741966983218,18.065704452680706,16.559635553388418,16.068183584781032,18.59915193638333,16.116921147562895,16.121358145437117,19.736325344505865,19.794796026599254,15.107247905397642,15.88345890336894,15.11558063800192,15.085205649620741,17.829322997357973,15.442174437414394,15.583607799388277
0.0,0.0,17.944286551002627,16.473742792533763,17.76692377031865,23.843693501771376,17.776409063464403,18.071580795718624,18.062537748171266,18.187182502696512,17.48512548329515,17.56512548329515,17.793752093587422,17.535125178119372,17.68060590095817,17.662202157961204,16.335786807946235,16.621471032401747,16.533387453569475,16.70323351430747,16.709434591433478,16.990642773986597,17.99128338992116,18.173455725921258,18.139569806347705,17.98700180680891,18.183227665739512,18.598475842205154,18.389139666231173,18.222744995574885,18.032235993611746,18.31432158743938,18.138629545767568,18.394368276136035,17.900706115002823,17.808700106466894,18.82577372913653,17.78357589872192,17.085125879100353,19.181687781925238,18.50697988671501,16.893578079764772,18.110697901405143,17.186609292740624,17.226609292740623,17.01289132624574,17.007680964195302,16.33112473141908,16.283514078834312,16.32671831406981,16.38009076990219,16.364766157905912,16.32225658001787,16.319188122519908,16.376835920551358,18.115443917784596,16.55315186111799,16.538338295698637,16.4488910841558,16.324308173673625,16.351124731419077,16.614462970044144,16.820286723467376,16.119073784877262,16.750737950839074,16.860138395840444,15.991248639824084,16.005502789015875,15.00761949647541,15.779980734704926,15.000878103300371,15.032875659663382,15.847209960697286,16.301095779712846,15.110301293859,15.041977190799328,15.327516935446873,15.376328258741125,16.093375350824125
0.0,0.0,20.360457110861972,21.400630898837285,17.821946957029137,18.890349725313598,18.054965880827357,17.76317689745533,18.763536954527414,19.65845252864275,17.309100833266353,17.58414057178033,18.21970198276194,17.97565227690325,16.911303565421942,16.39242101591923,16.36723547055544,16.861929301992305,16.549169337978704,16.636050397020963,16.58873326432945,16.771947064756354,17.509179697765425,18.01434060639848,18.255249151587925,18.988380077596617,18.62199773569776,18.089935305789652,18.365249151587925,18.246207776112293,18.165577584041408,18.054574623715062,17.804977687277535,18.53007315894924,18.122223723989258,17.952892404145224,18.08700180680891,17.975443917784595,16.927942591176958,17.014303065899618,16.76843918359445,16.536511899575025,16.776838744146012,17.252849586957574,17.587364744455794,17.431298700625426,18.088556003672377,16.260671907145912,15.996460944527282,16.256996374694243,16.56299428425175,16.426283271963698,16.35152382613078,16.328559559878478,16.531267385142783,16.362633661079435,16.458891084155802,16.34457059686073,16.584238268118554,16.638350150572542,16.690286723467377,16.825960033778227,16.699918598196927,16.88059974271411,16.729918598196928,16.87551843532912,15.875073440895612,15.694706582726486,15.836384641777137,15.796384641777138,16.45881414494712,15.790233233395492,18.8887196245467,19.12644940814406,15.119032320014302,15.053150845673311,15.427620308046928,15.557740184489735,15.936423006775955
0.0,0.0,0.0,0.0,19.614825890293254,20.087917896604665,19.5612308971009,17.0504478692635,17.22561290640502,16.508352473764454,17.258734916174937,16.276910836377773,16.21145936735153,16.233052634798273,16.27764851933439,16.326873124386744,16.416070983591833,16.193379256718842,16.341291045520943,16.372504249753877,16.555220804797244,16.791176449067116,17.35554218465076,17.885897174657195,18.024340911574264,18.296112798585796,18.33331949458644,18.10112299946372,18.276600030733384,18.47670099869457,17.109588811765327,16.632815449191796,18.99355024665113,17.84788334267245,18.073455725921256,18.10700180680891,17.9665020244614,18.198882346020355,18.050974658107993,16.90381465293012,16.635786807946236,17.122996534283423,17.198912014251746,17.59564782452478,17.967401116989215,16.89745471087899,16.963867151823795,16.822814693047267,16.555493508938856,16.34636879730409,16.89037201144582,16.522352266230087,16.383542616198913,16.39010578250814,16.345638433910096,16.284308173673626,16.371933850987435,16.73896768057156,16.624240622701066,16.74440219233226,16.860117061676355,16.97494055813287,16.636232122990585,16.761606283051723,16.694833704366047,16.497549867902613,16.48880746466698,16.151248944999868,15.97135907457823,16.294799072871875,18.024459044989154,14.928541887797337,14.983709486136775,14.958412516640799,15.124542320913907,17.80391987294298,15.435112713403022,15.635958449663926,15.6670608884504
0.0,0.0,0.0,0.0,0.0,0.0,16.589426366424505,16.7908274011898,16.90841947120507,17.871964230334157,17.256529953256486,17.065326321589616,16.298104429607932,16.234355899557258,16.28960628525914,16.337942591176954,16.136873124386746,16.44356035537013,16.87653980753946,16.428261962667822,16.68872111408149,17.01295708300054,18.107781456770155,18.056600030733385,18.414770961206187,18.453559029755233,18.229733260177156,18.143748778929865,17.019721311225716,16.961339418181414,16.51943459143348,16.54499566764122,16.4538466770142,16.932822971391555,17.31558658846285,17.9787578961786,17.8241300877605,18.490233390572804,18.26993530578965,16.887839297726632,16.997839297726635,16.938402850348474,16.802914406610775,18.116915572657845,18.025443917784596,18.082310250308957,18.627825749385366,16.416460944527284,16.198556628067077,16.723357282974483,16.63959059312513,16.55504703902323,16.533105653622364,16.380693814683863,16.334177116715434,16.545791818643224,16.570752951694725,16.728623583847636,16.76267819752515,17.00423449096442,17.070671907145915,17.401554587447368,16.464462970044142,16.684474311381646,20.330641891777574,16.686232122990585,16.32319631048599,16.71691965153147,14.874933812474822,14.866418476804085,15.99034604785777,15.195996109161234,15.30136489994139,15.169262092144088,15.472078678249765,15.469470163873945,15.558121414371179,15.5018981732522,15.488631216998598
0.0,0.0,0.0,0.0,0.0,0.0,18.10816332452614,20.949117221364546,17.71662947912486,17.201247512446592,16.30374279253376,16.413353865591475,16.302902682838305,16.51371622223457,16.282629532189613,17.952182626527595,16.466521220220596,16.26233579564053,16.463428470055565,16.394448539660814,16.764552261609246,17.183708881080683,16.97446620363226,18.35510947674568,18.25530409469417,18.03243627189201,18.232938879225472,18.298531662653577,17.933227665739512,17.528440607784354,16.723867151823796,16.834890188278678,16.743357282974483,16.531687115559734,16.923971161242783,18.107831357351895,18.01785422945315,17.17117644906712,16.61565710619134,16.837266943717157,16.859585091325613,18.26594512368174,16.7266521726656,16.911750782546285,16.3781911563197,18.083455725921258,15.1997645833608,15.564783151335535,15.479908897782344,16.684389243482062,16.62072178971069,16.69103688816617,16.640001679657306,16.60822133853063,16.65936765708187,16.351029935218747,16.269850076096684,16.63790096850733,16.682236356859235,17.34036759107245,16.940180792581604,18.00037860726528,16.91105405773192,16.062492779874862,16.80249460761535,16.239633239427196,16.657105967057987,18.063427424336602,17.910025974410864,15.137960032230446,16.033491132192655,15.296958072733606,19.04734985607875,16.3068011607193,16.520544193133706,16.15179096981278,21.01678999052696,16.057280540774613,15.756807142297054
0.0,0.0,0.0,0.0,0.0,0.0,18.179934577414556,15.062845707256159,0.0,15.478081029032008,19.747258384218608,16.52693492010999,17.382642483278232,17.65657735307113,18.36213122843379,16.788615666716545,16.547083724479748,16.312546393663077,16.40126276329283,16.47120526668202,16.576958245928168,17.181669069414397,17.47594512368174,19.816739684092013,18.557210933340357,20.646583030389234,21.12612824058895,18.432056216958095,17.011955589926522,17.192948109766146,16.773371928022733,17.487011339497244,16.873911388999204,16.861176449067116,17.25558658846285,18.485594101561873,17.17396622879533,16.79418238195728,16.88117644906712,17.123042340929807,17.091233783204984,17.31103707828371,17.709425757902412,17.226441291891764,19.22389417307434,16.082504249753875,17.52733215629473,17.64947830424039,16.62414767610172,16.487272207356302,16.44179040952075,17.809311746874194,17.995222185964984,16.642859217653978,16.93218564470967,16.730293730027128,16.627204634215666,16.64646094452728,16.786368797304092,17.106877892358355,17.513143277668984,16.459320655416576,16.47457806929726,15.940948142456522,17.669439098844112,17.46036759107245,16.68952794698931,16.219568662726598,15.443184238659732,16.080966364053065,17.694448539660815,16.552429384259582,16.542251428333543,16.65263252869939,17.146646381865033,21.520158146867765,16.916393147259793,17.0671190325464,17.028104429607932
0.0,0.0,0.0,0.0,0.0,0.0,0.0,0.0,0.0,15.870713458838374,16.368518705497355,17.145615808958595,18.220467292250326,17.232908571085577,17.06401802222139,16.900447869263502,16.60581934658244,16.618735034867214,16.780391305419823,16.770190332336043,17.161669069414398,17.2745810325227,17.774548926745968,17.022948109766148,17.46457462371506,18.374431201397712,18.803537904706566,18.838743513338482,18.87874351333848,18.6638038017161,17.03807897710178,16.754329385339425,16.653911388999205,19.419100921057307,18.688459376682445,16.98469836187151,16.834359753376987,17.03807897710178,17.08375492599653,16.909408597091126,17.23357257497007,16.94879242624445,16.976628902677362,17.022892404145225,17.40472523247345,17.916706506420073,15.3168202642514,19.252592365032484,16.879008759252017,16.466368797304092,16.404878582617968,16.51703250690757,16.496460944527282,16.761758151376192,16.75103688816617,16.89726694371716,16.759705365187287,16.843538831369216,16.788693647598024,19.514456423220523,16.284469085505233,16.032602602140017,16.264735459120754,15.933581306091488,15.63624294857689,17.340015175253264,17.57428768034857,16.786512204750807,16.471132627257404,16.505775583209353,16.543700871309213,16.572632528699387,16.407005257857175,20.05947505200356,23.89456462824222,18.196936010744515,16.061015579296406,16.535699085772183,15.791124898484243
0.0,0.0,0.0,0.0,0.0,0.0,0.0,0.0,0.0,0.0,16.216417057669112,16.09399389009984,16.643507022264775,17.05077795998804,16.66491704498701,15.099302262264796,16.23100361561294,16.735647824524776,14.747237516360205,15.961089233466076,16.62597019742764,16.049649279076274,16.399430265836898,17.19650453281031,17.575718553543517,16.537720047215075,18.53918507822124,16.59558628328707,19.33713284904885,16.731184432118464,19.362226803226974,16.837056724396202,16.418486905553525,16.961037078283717,17.142883755965432,18.512487537979325,17.026825407099935,16.84464457184982,16.831233783204983,16.85304418632719,16.878282965313936,16.888282965313937,16.600646923942023,16.697399292699018,15.755889360434235,16.787399292699018,17.390981440375064,16.889072921945115,16.616237097433498,16.60766393934739,16.63183924063177,16.67699467910958,16.59285624819042,16.572855943014638,16.61232561866384,16.5982305476969,16.35646094452728,16.89864496173741,17.013203885080465,17.096751309887736,16.321158033388496,17.313387148393694,15.879248350079095,16.049583351032084,16.63051137408512,15.981429516830845,16.869599578649993,17.574537592910726,16.846118142536245,16.550571374217768,16.412665195932753,19.178789652697183,15.25261150794132,15.329420069389533,15.645872293623823,19.865391294674744,19.79535408453444,16.481024134755902,16.076306249696458
0.0,0.0,0.0,0.0,0.0,0.0,0.0,0.0,0.0,15.36374279253376,17.593825172234467,18.49226197417161,14.904365686534842,17.898139436854017,16.794253576314393,16.546100799416724,18.970545514503982,15.178191112796554,18.314352533783225,17.406687787811823,17.873733028090435,16.871445416583306,17.260706115002826,16.79739929269902,16.76662890267736,15.228960336174811,16.965839664985417,17.177883342672448,16.603911388999204,16.632122311185235,18.34248784315511,18.268459376682443,18.517798384549742,16.213830416429808,16.189434591433482,16.245220804797246,18.068227807380094,17.73947830424039,16.41632312279088,16.357840860564288,16.769164600553786,16.63747531489873,16.56234797587213,16.58720951726286,16.633490014821252,16.838299678570696,16.863774708098312,16.68840761532206,17.986748891065673,16.665230971118138,16.714320413199026,16.663747707769215,16.588623583847635,16.980429876248756,16.307479029590517,16.34902237324019,16.39822133853063,16.423477862872172,16.946489143470735,17.403382877953362,17.32675951287969,17.463830416429804,17.363844812288153,17.297368796388927,17.27939259808189,17.392504249753877,17.503678059849324,17.132629532189615,16.748266085773956,16.613564627136274,16.50483400954183,15.282356455982061,15.28003832701343,15.285607290689228,19.41954383205585,20.288528612945875,21.793146161304747,21.12531514002355,20.910439098868284
