0.0,0.0,0.0,0.0,0.0,0.0,0.0,0.0,0.0,0.0,0.0,0.0,0.0,0.0,0.0,0.0,0.0,0.0,0.0,0.0,0.0,0.0,0.0,0.0,0.0,0.0,0.0,0.0,0.0,0.0,0.0,0.0,0.0,0.0,0.0,0.0,0.0,0.0,0.0,0.0,0.0,0.0,0.0,0.0,0.0,0.0,0.0,0.0,0.0,0.0,9.921550990298416,10.655231000135327,11.35309982579653,11.949084773600228,12.22574887628941,12.184090099757032,12.941150665542803,13.044915216173713,14.048335402056697,14.738208697611341,19.34813540205702,16.305882584465245,15.8480832195615,14.819682130135206,15.52049966932038,14.766822649054323,13.070519202951742,11.145096975396267,0.0,10.655393806381111,11.683347101533341,12.312225748240234,14.171446029422388,15.029032666520115,15.545419697206746,16.12709244438817,17.984657500898834,17.223620051673777,17.220641586601793
0.0,0.0,0.0,0.0,0.0,0.0,0.0,0.0,0.0,0.0,0.0,0.0,0.0,0.0,0.0,0.0,0.0,0.0,0.0,0.0,0.0,0.0,0.0,0.0,0.0,0.0,0.0,0.0,0.0,0.0,0.0,0.0,0.0,0.0,0.0,0.0,0.0,0.0,0.0,0.0,0.0,0.0,0.0,0.0,0.0,0.0,0.0,0.0,0.0,9.687929343346584,9.632133476782368,10.210494754902474,10.853836664146082,11.38308255434508,11.84548828386615,12.149076148757144,12.373516063237833,12.62662622709329,12.766502751602138,13.854284841556563,16.188894890733124,17.944978587550914,20.974331976526116,24.93854632809679,19.222871228214665,18.370397079477684,17.920206183046822,12.591541265742052,11.743837737974355,12.883280419708946,14.531899466604713,15.243408781258044,17.387138819607266,16.677030310518916,17.198827538689734,18.119576556079295,18.63991395621805,18.520857988937713,18.091115811817644
0.0,0.0,0.0,0.0,0.0,0.0,0.0,0.0,0.0,0.0,0.0,0.0,0.0,0.0,0.0,0.0,0.0,0.0,0.0,0.0,0.0,0.0,0.0,0.0,0.0,0.0,0.0,0.0,0.0,0.0,0.0,0.0,0.0,0.0,0.0,0.0,0.0,0.0,0.0,0.0,0.0,0.0,0.0,0.0,0.0,0.0,0.0,0.0,0.0,9.921642956290556,9.704966882124708,10.216818879094124,10.856802059885272,11.29266463494444,11.58633739548047,11.993357414734184,12.365481070696056,12.847364292759408,13.058068062865498,13.902956777824759,14.799504639678243,16.867657215271276,19.816126549507928,18.055145102049003,18.175570319942757,14.46066323413322,12.13656232444414,14.633946582059977,13.68203334244134,15.142084392115251,16.153275223409537,16.922680844617453,18.01927450583281,18.78390570990478,18.983905709904782,18.901643913545474,20.027757774787524,19.314771543078066,19.95685921508013
0.0,0.0,0.0,0.0,0.0,0.0,0.0,0.0,0.0,0.0,0.0,0.0,0.0,0.0,0.0,0.0,0.0,0.0,0.0,0.0,0.0,0.0,0.0,0.0,0.0,0.0,0.0,0.0,0.0,0.0,0.0,0.0,0.0,0.0,0.0,0.0,0.0,0.0,0.0,0.0,0.0,0.0,0.0,0.0,0.0,0.0,0.0,0.0,9.37624312031006,9.740721735473764,10.226482177800134,10.77296163100408,11.194330802619127,11.614105491320814,11.768360337923946,12.018974990041487,12.24838619832667,12.61367833733194,13.091806427744693,13.729041422743144,14.366755552749462,15.676079651514144,16.09856187833133,17.204657500898836,18.63430440261689,17.491874729465877,17.28640601986752,15.090597450983779,15.150750595381464,16.118459071506663,17.80793630927169,18.01793630927169,18.641678775733745,19.285408452238507,19.5697851170706,19.15556921380907,22.453355326043585,19.41293294027689,18.157530646219442
0.0,0.0,0.0,0.0,0.0,0.0,0.0,0.0,0.0,0.0,0.0,0.0,0.0,0.0,0.0,0.0,0.0,0.0,0.0,0.0,0.0,0.0,0.0,0.0,0.0,0.0,0.0,0.0,0.0,0.0,0.0,0.0,0.0,0.0,0.0,0.0,0.0,0.0,0.0,0.0,0.0,0.0,0.0,0.0,0.0,0.0,0.0,0.0,10.589198926978623,11.291913569821984,11.104706330271757,11.174497660510497,11.51725013567546,13.185944565429532,12.293992010216073,11.918074881092913,11.96990643020199,12.34524949319785,12.738019091843723,13.62641675249333,14.572908265909795,14.868837318232018,15.311118948554544,16.02327522340954,16.74021545382552,34.22860906437944,19.357975487351965,18.39572749549825,18.83526884850989,20.338691499995036,23.962425382531755,21.12076770957992,19.521805097051597,19.947269148705274,19.524068744337015,19.352250488109306,24.480250776147052,18.69039461833667,17.790931768464976
0.0,0.0,0.0,0.0,0.0,0.0,0.0,0.0,0.0,0.0,0.0,0.0,0.0,0.0,0.0,0.0,0.0,0.0,0.0,0.0,0.0,0.0,0.0,0.0,0.0,0.0,0.0,0.0,0.0,0.0,0.0,0.0,0.0,0.0,0.0,0.0,0.0,0.0,0.0,0.0,0.0,0.0,0.0,0.0,0.0,0.0,0.0,0.0,11.562692750694868,11.681861319458292,13.150854111629606,13.830144519367288,12.535136545620965,12.782809861745267,12.564069723185886,12.165019818947798,12.237278849442884,12.224344331538893,12.465070345880914,12.849494730641911,14.059426061248724,14.252908265909795,14.76384286676502,15.336719805749365,12.590054602559178,16.198061332270708,19.92568377915324,18.581333086556405,18.559149356667668,18.5758805782973,19.293710984049607,20.936736116203093,19.519608689497055,19.719608689497054,19.859608689497055,19.459121112083146,19.929272648833454,18.99191084354838,17.687146965995087
0.0,0.0,0.0,0.0,0.0,0.0,0.0,0.0,0.0,0.0,0.0,0.0,0.0,0.0,0.0,0.0,0.0,0.0,0.0,0.0,0.0,0.0,0.0,0.0,0.0,0.0,0.0,0.0,0.0,0.0,0.0,0.0,0.0,0.0,0.0,0.0,0.0,0.0,0.0,0.0,0.0,0.0,0.0,0.0,0.0,0.0,0.0,0.0,11.572255824425689,11.957037858988254,12.016167749136898,13.335923661209137,15.01230201305851,12.322459154131504,12.381759905289467,12.352803893273958,12.898119743223287,12.456887325645777,12.264942377824752,12.747551818793823,14.288168442936499,14.846904865886405,12.073354069191112,14.142756646179638,15.941447798484354,17.775255024016616,17.15028172735735,17.56019143312519,17.877564210860747,17.8985165415929,19.181481749169016,20.62591220946432,21.12139771505864,20.185329735942474,20.608801413004233,20.695139362198315,20.29469615912434,19.164744581427506,18.151276072979705
0.0,0.0,0.0,0.0,0.0,0.0,0.0,0.0,0.0,0.0,0.0,0.0,0.0,0.0,0.0,0.0,0.0,0.0,0.0,0.0,0.0,0.0,0.0,0.0,0.0,0.0,0.0,0.0,0.0,0.0,0.0,0.0,0.0,0.0,0.0,0.0,0.0,0.0,0.0,0.0,0.0,0.0,0.0,0.0,0.0,0.0,0.0,0.0,11.397591938288516,13.070719156832737,15.267092770345446,13.153352609355474,16.123932638095013,13.424215478910451,11.677381119995077,11.74765007125622,14.23708069696313,12.389569813326236,12.230888960674331,12.762754009305386,13.481746564782313,14.097471801284541,17.008238544221932,17.819596660176956,17.296154536468112,18.012531134488245,17.794371557065247,17.606907882444517,17.758957993039,17.803160147000607,19.970736489246413,20.00711817071241,20.73740460471275,21.283517778670497,21.353517778670497,20.485329735942475,19.62510182491164,18.651075843740955,18.7111763061956
0.0,0.0,0.0,0.0,0.0,0.0,0.0,0.0,0.0,0.0,0.0,0.0,0.0,0.0,0.0,0.0,0.0,0.0,0.0,0.0,0.0,0.0,0.0,0.0,0.0,0.0,0.0,0.0,0.0,0.0,0.0,0.0,0.0,0.0,0.0,0.0,0.0,0.0,0.0,0.0,0.0,0.0,0.0,0.0,0.0,0.0,0.0,11.699414574175963,11.625530602602604,12.140630628136424,13.002024654975212,14.054191258569954,15.067298162303619,13.198079745578116,11.386145691579417,13.599869465461534,14.631497155153747,12.895204978144076,12.363300615350223,0.0,18.562509368959006,18.905727380562574,18.31771423605815,20.03563073751092,18.005450786440807,17.908833409637865,17.743509912346383,17.711369621870787,17.430661244205453,17.508262082773523,17.71551156240974,18.37303505434381,19.408962045144843,20.28733603578361,21.109780791468786,21.20740460471275,20.71605864488194,19.45191084354838,19.195092819627696
0.0,0.0,0.0,0.0,0.0,0.0,0.0,0.0,0.0,0.0,0.0,0.0,0.0,0.0,0.0,0.0,0.0,0.0,0.0,0.0,0.0,0.0,0.0,0.0,0.0,0.0,0.0,0.0,0.0,0.0,0.0,0.0,0.0,0.0,0.0,0.0,9.255136426676541,9.28908105647209,8.907233412478613,9.415388895772907,0.0,0.0,0.0,0.0,0.0,0.0,0.0,12.262018854846051,11.696238240319342,12.79201653756511,13.169573968297303,15.494384864290147,16.373785590411458,14.68231284984601,13.868427204108265,18.093766231037296,18.334584103328254,0.0,24.292768861940488,34.30035450328475,24.657990588301182,20.81767168261795,19.5532282012835,18.788438878723483,18.372666395912063,18.04494424664845,17.473877456464074,17.30890667237773,17.431872347916197,16.82197661349419,17.07197661349419,17.576110965737435,18.49185808234666,19.111726121487685,19.848962045144845,20.80390888628809,20.956058644881942,19.86129876740521,18.972124963601342
0.0,0.0,0.0,0.0,0.0,0.0,0.0,0.0,0.0,0.0,0.0,0.0,0.0,0.0,0.0,0.0,0.0,0.0,0.0,0.0,0.0,0.0,0.0,0.0,0.0,0.0,0.0,0.0,0.0,0.0,0.0,0.0,0.0,0.0,0.0,9.9631846369587,9.92562281785931,10.000719825394718,10.056484082544419,10.040686787989534,0.0,0.0,0.0,0.0,0.0,0.0,0.0,11.847327217827265,11.114945427839544,11.938846648128656,13.071022929123927,14.121303093390267,16.9368469223687,0.0,0.0,0.0,42.26112030496863,37.98943093198122,42.41453947771323,22.72056863319233,20.730396873787235,20.196764108852747,19.4539709254868,18.817336035783608,18.585512427821577,17.907247484892736,17.601305346769166,17.431872347916197,17.248255057609413,17.372484874380632,17.653780566111095,18.19576129493812,18.14324111930238,18.013567572718003,18.186348425396094,19.044181727736635,19.343724689550797,19.323160147000607,18.676667652090366
0.0,0.0,0.0,0.0,0.0,0.0,0.0,0.0,0.0,0.0,0.0,0.0,0.0,0.0,0.0,0.0,0.0,0.0,0.0,0.0,0.0,0.0,0.0,0.0,0.0,0.0,0.0,0.0,0.0,0.0,0.0,0.0,0.0,10.84909943691955,10.90439597810627,10.752214285558955,10.622713416579302,10.460341870060885,10.49083544750278,10.053035079458818,0.0,0.0,0.0,0.0,0.0,0.0,0.0,0.0,10.477089710532674,0.0,0.0,0.0,0.0,20.461513522070405,21.60990768975418,51.22556104284214,41.15571612545106,34.24305405991795,27.443784226832854,27.737973798851236,30.33361600238569,23.437324531251523,20.919544907207182,20.146550235259006,17.880836549695125,17.305998894943396,17.311872941578375,17.893091791382815,18.281305980287996,17.917120808317776,18.052779455252978,18.166948962946872,18.07831993458474,17.646790958352444,17.423379680438657,17.655987085771518,18.614683444683173,19.229408789820138,18.736815277488457
0.0,0.0,0.0,0.0,0.0,0.0,0.0,0.0,0.0,0.0,0.0,0.0,0.0,0.0,0.0,0.0,0.0,0.0,0.0,0.0,0.0,0.0,0.0,0.0,0.0,0.0,0.0,0.0,0.0,0.0,0.0,0.0,13.081979887962891,11.680439424579248,11.602549552511885,11.397812765829261,10.956832522023916,10.82507855924661,10.602048010766039,0.0,0.0,0.0,0.0,0.0,0.0,0.0,0.0,0.0,0.0,0.0,0.0,0.0,0.0,27.13808731833291,26.764279995994638,38.716760158978836,35.076326171121046,28.56718194093193,25.247261694415265,23.5662817666309,27.615313299507015,22.1536352313586,20.70695402987495,18.97640059754022,18.370071831296062,18.626030771701085,18.279899256710458,18.64488133240546,18.62231088943183,18.247938877209016,18.07216169048624,17.737674975749776,17.952484874380634,17.576940102408084,17.376822273640517,17.243841902398735,17.837142389661977,19.896823683063424,20.470542632840672
0.0,0.0,0.0,0.0,0.0,0.0,0.0,0.0,0.0,0.0,0.0,0.0,0.0,0.0,0.0,0.0,0.0,0.0,0.0,0.0,0.0,0.0,0.0,0.0,0.0,0.0,0.0,0.0,0.0,0.0,0.0,12.703775003912682,20.660420637765686,12.408448298956207,12.335301891089191,12.197830105442058,11.266318250000298,11.131044597395494,10.45022729188216,0.0,0.0,0.0,0.0,0.0,0.0,0.0,0.0,0.0,0.0,0.0,0.0,0.0,35.295519065226514,25.226483355313157,29.33793345820607,28.892113060554507,42.06294456310108,26.05090792279138,25.129097263492422,21.419862084093445,21.735488504149032,23.7988913525676,21.50920607789817,20.24603310743784,22.999093262617947,19.85306433613146,19.60974471882426,19.15898724522505,19.171879219311094,18.732066387697117,18.12626243297244,18.32381839924524,17.57184231430382,17.19322445777887,16.997411905246246,16.743363241913663,16.805769392749603,18.449026945009933,19.25390854319619
0.0,0.0,0.0,0.0,0.0,0.0,0.0,0.0,0.0,0.0,0.0,0.0,0.0,0.0,0.0,0.0,0.0,0.0,0.0,0.0,0.0,0.0,0.0,0.0,0.0,0.0,0.0,0.0,14.165917825530553,14.113926074483413,13.766484325999512,15.323210590120476,14.039185076537672,15.203073967183958,13.146093449514398,12.248341559404206,11.897251107293954,10.705774293406913,0.0,0.0,0.0,0.0,0.0,0.0,0.0,0.0,0.0,0.0,0.0,21.519456259573687,32.9767651082858,26.2219577661535,32.2161304783575,29.71548187804489,26.996387793663985,24.59521849387294,26.129986489243542,23.132834163749084,23.31677160952752,22.90301412060247,22.243063391491482,19.10297444704763,18.756300792231592,20.428381293999,20.84800238403617,20.368397587891828,19.82443204018181,19.487253495540926,19.099416343849782,18.801156954916202,18.65217349443303,18.099978874223126,17.290730298320796,17.486183133332624,17.411678557165818,17.712468227721963,17.802468227721967,18.510603967163632,19.501961464545282
0.0,0.0,0.0,0.0,0.0,0.0,0.0,0.0,0.0,0.0,0.0,0.0,0.0,0.0,0.0,0.0,0.0,0.0,0.0,0.0,0.0,12.945391359551838,15.478800062713052,17.625381980846768,19.782388151949945,16.184911140169067,15.825297422856927,15.374688395887308,15.352987339126408,15.144480099323024,15.807122727602085,15.932717839743358,15.620701777990782,14.30903760569134,13.883453986788627,13.23809815240709,12.44643078424411,9.780721735473763,0.0,0.0,0.0,0.0,0.0,0.0,0.0,0.0,0.0,16.91350063089866,23.35458396079418,22.14668388514429,26.44471066988673,27.467608490837478,38.47619730914805,31.0087765316594,30.919371318588148,23.368701038949645,21.715842479624758,20.785004477792718,21.43674737915452,21.29872824452182,20.837995610660908,19.938982107355223,20.004853156455443,23.100451734728736,22.86822026161996,22.687626255502494,21.02664950913535,20.1447353032734,19.919445833034366,19.72532165350257,18.72546762839066,17.89885337133264,17.899827817691456,18.213481438993366,18.255798679636595,18.177305373962504,18.351407242196988,18.717944932367605,18.387001343938703
0.0,0.0,0.0,0.0,0.0,0.0,0.0,0.0,0.0,0.0,0.0,0.0,0.0,0.0,0.0,0.0,0.0,0.0,0.0,0.0,12.630332104116121,14.118389612301705,15.906428122837802,18.933000796600354,18.0557602048778,20.63747450080755,16.325461985055327,15.813937651396916,15.509365276314686,15.374072677807561,15.006451618885784,15.484997732485734,15.18390533727904,14.101396937735085,13.604365639498845,12.789027975525478,14.523750087138566,0.0,0.0,0.0,0.0,0.0,0.0,0.0,0.0,13.466251109167088,17.035477841553195,22.059787514590845,25.998739753354748,38.994324185299945,32.8819997219715,39.89125193223686,40.73884986646268,31.17946086245508,23.957720797911037,21.744050159292264,23.115065029672763,23.138088897404845,24.950517835608338,22.9009335974077,23.704495846958885,25.211746288358263,31.83386119578711,24.424648847585352,22.268728244521817,21.67915336784546,21.75115313443847,20.755827593036116,21.27740460471275,19.4185165415929,18.605998894943397,18.11685534378922,18.765965380361433,18.760593422769595,18.735530296600743,18.755530296600742,18.61649892818455,18.257305373962502,17.882235688435966
0.0,0.0,0.0,0.0,0.0,0.0,0.0,0.0,0.0,0.0,0.0,0.0,0.0,0.0,0.0,0.0,0.0,0.0,0.0,13.93330705765753,13.415967396815253,14.646014203787193,17.253672464089846,17.484242451416822,18.089407635164008,17.47489695495731,16.907069794281455,16.67657995980541,15.453733923213617,15.045327448530532,14.9852892850281,15.205081392495526,15.240950664825691,14.652041666118794,13.739659682356129,13.479040567188342,13.122856034821941,12.733973819796727,0.0,0.0,0.0,0.0,0.0,0.0,14.870157002103507,16.815211956218512,19.165707407642262,23.928628520104652,30.300798195965363,33.79325859510455,36.00500989565158,32.60358290517969,30.48376531398048,26.720641864185367,24.23388056160499,30.510460102033964,31.277351696112436,27.379507284224886,27.82234768073115,30.174890509989584,26.698197891126572,25.028114131437423,26.54611290882779,26.075635353149792,22.636747379154524,22.955439129008123,21.129722444193213,22.639640046109992,23.627867609892604,22.78258035267088,20.883710984049607,19.823359092141438,19.94626790911176,20.278556481675242,19.820281727357347,19.323270497260626,19.228944373479024,18.488531357477793,17.908629240591786
0.0,0.0,0.0,0.0,0.0,0.0,0.0,0.0,0.0,0.0,0.0,0.0,0.0,0.0,0.0,0.0,0.0,0.0,14.355356405826829,14.396978431918512,14.75346307272913,16.06528872630232,17.411148219547407,18.21350514390095,18.019635675531852,17.975244612458063,17.771197264699964,16.99908859246439,15.695975342564687,15.744108527198035,15.166057225457006,15.53721908468329,15.555410308312872,16.32747411213964,13.523296491278792,13.095891493831896,13.164054454649198,12.91026336281652,0.0,0.0,0.0,0.0,0.0,11.91903329221331,14.922784415495869,17.548952292958262,17.589596096584025,21.23677134115897,28.40508627770756,48.3175344193658,34.02320730015951,30.246215458990022,30.504285131092708,27.466922314958598,28.756815300059383,27.236759255660974,33.43093394117584,32.68838672069181,28.55084553074167,27.140063009485864,26.142521339046247,26.282521339046244,26.442521339046245,24.914436291357553,23.238424028076878,25.902161022310565,26.319800742929118,24.747707059332743,24.12625928795245,23.48090380290211,24.382324090204165,25.24165291399906,22.59682714052977,22.66682714052977,21.034810647946234,20.12626790911176,19.36056438311808,19.10828631807945,19.4411763061956
0.0,0.0,0.0,0.0,0.0,0.0,0.0,0.0,0.0,0.0,0.0,0.0,0.0,0.0,0.0,0.0,0.0,15.352344857710559,15.201544997299889,15.90429416778418,16.362441899202075,16.65750274880875,18.09286744487324,19.282490662028895,19.50417996972346,18.932587565539116,20.162254498263856,17.30478536506745,15.580236253113787,17.682359372948685,15.481775881038807,17.299389088902032,18.32114130714602,14.089236538272926,13.76900230726099,13.058727787504118,12.942529995281312,11.81475567116608,0.0,0.0,0.0,0.0,0.0,12.516343524354063,16.116109193737124,19.992234342785707,18.993335163498735,24.686227060692097,29.48050310051494,28.785480047828123,42.53427312477777,34.60819111818174,33.27886002370893,35.808780742734065,28.3054911790846,26.809986489243542,33.44189851739468,25.44970098073494,23.76428773538732,25.886046969029753,29.796815300059386,25.956642851451754,27.335901451169157,28.398742824708584,23.502318802592036,23.827095133723702,23.8770951337237,26.850837622765077,27.790475743943574,26.32085567276285,22.283636156014328,22.289585669248893,22.031048487196088,20.886450074179653,20.803501136068498,19.97234488416646,19.8985165415929,19.9185165415929,19.206199940828085
0.0,0.0,0.0,0.0,0.0,0.0,0.0,0.0,0.0,0.0,0.0,0.0,0.0,0.0,0.0,0.0,18.878622937070748,16.2467495688709,15.945020537501899,16.950817140206702,17.393034467745764,18.10360863211394,18.673325035174095,19.21609866087376,19.196052249830885,19.17451739322839,17.436392578628585,16.230615830942234,15.443957790876658,15.87460535357997,15.715045555904421,14.325775600501267,13.084436004693604,13.8875824550314,16.70974478827896,12.292194787737738,10.83507901574728,10.164364389668933,0.0,0.0,0.0,0.0,0.0,13.643957128334385,17.26312040061216,20.68682927045404,22.815551090610448,27.361551771432847,28.13323413526234,37.361693696771916,31.51137749326873,29.124408199672025,36.511566963517765,35.05640570298011,29.624890509989584,32.52664219194115,31.820802628519914,28.354491235706227,27.752567753177292,25.800820082378365,30.162378528326936,26.808651268796055,26.24999328194825,25.122654639012623,22.631836056693444,23.647196766692026,24.654495846958888,25.486889065032585,25.514824181782423,24.136259287952452,22.26363615601433,22.525283460583605,20.60297444704763,20.71297444704763,20.367086206473765,19.93756421086075,20.76987859546729,20.712666594326926,19.73597629673219
0.0,0.0,0.0,0.0,0.0,0.0,0.0,0.0,0.0,0.0,0.0,0.0,0.0,0.0,0.0,14.415444884168016,16.46757341300797,16.113654507773646,16.384865071692676,17.44312219435761,18.29685025954557,18.481471780431043,18.992234899593022,19.577181681307092,20.018587423901558,19.018918003277346,16.836378911753037,15.234638171654337,15.19491983180098,16.00445102832522,14.373722668300232,13.607312720043087,12.07191847440175,18.900486628619998,16.791689912126106,11.606217672500694,10.91112997187659,10.700327270635526,0.0,0.0,0.0,0.0,0.0,16.91723555059811,18.922400832375956,24.768859144629285,27.526691760865774,32.55956931179293,32.54763825999975,35.681357989841075,32.512260400503095,29.397626732336676,28.396857680470738,27.896922314958598,27.844491235706226,27.181625045946802,40.18600434065905,25.81094212237315,23.854665762800693,25.248109845221503,30.864918095675172,32.467515461303506,25.46132644399911,23.193180048736696,22.495161659260127,22.27500447779272,25.416889065032585,24.387684901876423,24.055907385366243,22.728728244521818,22.4808123851363,21.55143325194461,20.3067427805056,20.135342697842802,19.747678157766572,20.013113977258634,21.792308243780255,20.28536769057531,19.17089252942656
0.0,0.0,0.0,0.0,0.0,0.0,0.0,0.0,0.0,0.0,0.0,0.0,0.0,0.0,0.0,11.738168613276986,14.407550614047103,15.858420199077711,16.350884218744362,17.883050846392134,19.433479664800974,19.13475622363749,19.48691588322346,19.22643416825759,18.85409289126077,18.113298144161426,16.101957844269393,14.738840589787134,13.793726926770528,13.185064898088264,12.38865501439051,12.439900108708496,11.417325691220505,11.632767848961175,14.505271138334596,10.520949995301734,0.0,0.0,0.0,0.0,0.0,0.0,0.0,17.496570228230766,19.259313016846647,23.342708424094702,30.395230067026866,43.89451366898533,40.175259900594114,35.21835874679105,36.14986868883234,37.74912048515154,38.01912048515155,29.998370313120652,25.25664285145175,25.76694239900449,24.8219699584036,24.32150683054796,24.652654639012624,25.258109845221504,25.685037568790584,23.47007748835898,25.709922295803437,27.8451764704565,24.989955066923663,23.89484999419645,24.531028739001663,23.30189910571353,23.56679132166738,23.56588187253503,22.239442275011054,20.660932209353295,20.212666594326926,19.86043750796526,20.17942818867636,19.829895639093998,19.338308824622622,18.939498161524547,18.339873030502492
0.0,0.0,0.0,0.0,0.0,0.0,0.0,0.0,0.0,0.0,0.0,0.0,0.0,0.0,0.0,0.0,13.990994117403359,15.770622938355352,17.475429369534343,20.155826785790943,20.3133380131627,19.49917283564978,19.425400277179453,18.735416243816516,17.95567016902142,16.577020196385227,15.06227962775969,13.95199918219981,12.660247594539102,12.278916872919812,12.138360774377349,11.571854828681696,11.062809421602074,0.0,10.208770826803288,0.0,0.0,0.0,0.0,0.0,0.0,0.0,16.6328219746679,18.100394693603022,20.27676680091217,24.25005874710446,28.957794086188443,44.44801666571488,44.81625601424581,47.21455028252265,55.130258395570685,40.18680509553562,26.686779513166393,23.362346347579123,23.61901194202929,24.432654639012625,24.70550299215816,31.36046010203396,22.886577640243637,22.996577640243636,23.30234718555279,24.401396390038723,23.552347185552787,25.476270726167293,25.029955066923662,25.426889065032583,24.367684901876423,23.044123897085555,21.904578429048517,21.034170312569984,22.601596751357455,19.879445833034367,18.823160147000607,18.69056438311808,18.141801716278053,17.97727641097928,17.94293857404969,17.49396944047377,17.011894821764088
0.0,0.0,0.0,0.0,0.0,0.0,0.0,0.0,0.0,0.0,0.0,0.0,0.0,0.0,0.0,0.0,12.82924528317788,15.549849929133256,19.47976351595029,21.675021544237843,21.187274333222852,19.83307951206511,19.493462992304316,18.504266061867437,17.22337275576585,16.12455780415515,15.454472373722057,13.675489851311676,13.010719570689005,12.585069386902584,0.0,0.0,0.0,0.0,0.0,0.0,0.0,0.0,0.0,0.0,0.0,22.907415557722693,19.477515616009885,19.523551849041,21.184265869877052,24.720385386558902,33.68882544124228,39.811441652478905,43.33356828491584,48.43434401094625,32.30235690567078,31.688350779826095,23.048964390573147,21.09855190896655,20.387901650306027,22.65086400933713,25.177324994135105,25.778348101949852,24.183939104969536,24.49898620031741,29.663905637783564,24.5740273828387,24.6840273828387,25.399171018406616,26.011880156999403,23.018898342676273,21.857921615634858,22.46273314373907,22.079442275011054,22.687245633207088,21.486550235259003,18.947247484892735,18.101120606573712,17.827276410979277,17.22112269428794,16.803952998014484,16.805541879474976,17.334724927297668,16.508637052764385
0.0,0.0,0.0,0.0,0.0,0.0,0.0,0.0,0.0,0.0,0.0,0.0,0.0,0.0,0.0,0.0,0.0,15.377124673154036,19.23387387896075,22.68170118021187,22.92765346145852,20.22482063448,19.34694229954343,17.746335617414374,16.426708935244285,15.607658033857144,14.83613403040923,15.130996987615617,0.0,0.0,0.0,0.0,0.0,0.0,0.0,0.0,0.0,0.0,0.0,0.0,0.0,17.771809637846744,20.827140637408046,20.664502860733386,23.160248129019124,31.816035906544588,34.724305190657404,33.55807901490557,38.12007586418447,32.46100768098054,29.56337613361736,29.052954190771892,26.25546288379359,21.514267501763136,22.132365195470946,24.54285701293002,27.38960629861972,25.826597028972543,25.87922102609646,24.900360763575065,28.029872728554082,29.07463942662109,27.668967340875056,27.80006300948586,24.742366209795282,23.69655167252351,22.398728244521816,21.47787898263161,20.04103820551416,19.75974471882426,19.320573434357716,18.40647612561272,17.4651587952034,16.85638203572917,16.671943544260973,16.199164295378004,17.229477999064606,17.189057775622572,15.812954465392846
0.0,0.0,0.0,0.0,0.0,0.0,0.0,0.0,0.0,0.0,0.0,0.0,0.0,0.0,0.0,0.0,0.0,15.492461734406014,19.60465298431398,22.541218458766615,23.045063123365132,20.274616698353864,18.547523535915396,16.71249478817533,18.25860590191414,15.121387084353664,0.0,11.882108548724094,0.0,0.0,0.0,0.0,0.0,0.0,0.0,0.0,0.0,0.0,0.0,0.0,0.0,18.18330088228752,20.730529259063978,25.607212680505185,27.982598651693717,41.111911786144844,34.7517628378259,33.68684849321796,32.836272439298654,31.822661271563938,27.185824792579474,25.29029629468991,25.580257537477976,24.590889306382074,21.77432114066626,28.93080726215694,30.862421175713564,33.500497942977205,27.233260010585287,27.564783238648253,26.574130996101196,26.999887135617946,27.21189999168467,25.408306478625867,24.25954767354721,21.98288425976189,20.182572067815972,19.204081268444185,18.646749359316765,18.061480688069317,17.888697667503774,17.69488950366683,17.126527299247435,18.36064654303108,17.86929834569943,17.858459071506665,18.54619994082808,19.907919786596057,19.80449454504648
0.0,0.0,0.0,0.0,0.0,0.0,0.0,0.0,0.0,0.0,0.0,0.0,0.0,0.0,0.0,0.0,0.0,17.663095866772487,21.016905303907894,21.990886416126003,21.512802264486403,20.03952153822874,17.63883284670169,15.112226552873107,13.575358357991432,11.708068526566016,0.0,0.0,0.0,0.0,0.0,0.0,0.0,0.0,0.0,0.0,0.0,0.0,0.0,0.0,18.70043599975308,19.909853214220075,21.96742364427231,28.181958718650428,35.644323836917216,34.36539301308612,33.01376644627326,29.446536808469325,27.62239502689414,29.210990975276182,24.765487549345377,24.580303299723894,27.000713757012843,27.494813400881355,26.647514039111513,32.30043204429755,29.70080182035874,30.812421175713567,28.076996557648908,28.176996557648906,26.632420177234035,25.487914948615163,25.6124860470792,23.95859475647624,23.348279594935995,20.5737408242289,19.13623434849464,18.113588640122234,17.67826208277352,17.80551156240974,18.84206734832913,19.638948443875073,19.04756421086075,18.676296816939143,17.955965380361434,18.676907882444517,19.404338148773057,23.967027399095187,21.80706473184295
0.0,0.0,0.0,0.0,0.0,0.0,0.0,0.0,0.0,13.809253346352097,0.0,0.0,0.0,0.0,0.0,0.0,0.0,19.69066645888412,21.843282954643612,20.967576617858782,19.526144121232434,20.25537193070152,14.757798621290796,13.189741826503642,0.0,0.0,0.0,0.0,0.0,0.0,0.0,0.0,0.0,0.0,0.0,0.0,0.0,0.0,0.0,0.0,21.108530398506744,35.499412085970086,24.100178858991796,30.780296876992878,29.84128964100256,34.646155356959405,36.029785971780406,32.43797235677887,26.058848578299887,27.19464981821409,24.923673638858922,28.472696504155607,30.32334840590447,38.69503170492994,29.600702596014493,33.773160735688094,34.91365559159398,37.868421317430844,35.471425535642915,36.01925938593314,29.296785530193063,27.857276307567297,23.758594756476242,22.587846414092283,21.794039809138724,19.46341582531346,18.17333726875252,17.501872347916198,17.81372803607499,18.85756421086075,19.907992213505768,20.06269793181462,19.25834963583179,18.643509912346385,19.31151041607722,20.148407402419494,21.466262382664794,26.225812739584804,27.001927683051647
0.0,0.0,0.0,0.0,0.0,0.0,0.0,0.0,0.0,14.309046928163628,0.0,0.0,0.0,0.0,0.0,0.0,0.0,20.29204145397225,22.216438593495074,19.612918410705184,18.651386873498076,14.63057462818865,0.0,0.0,0.0,0.0,0.0,0.0,0.0,0.0,0.0,0.0,0.0,0.0,0.0,0.0,0.0,0.0,0.0,0.0,32.526038985969855,25.114450263910772,31.86089899288725,29.155083089261694,31.878710411481713,36.62377664917131,32.458641095803436,29.722948823993967,25.392431602103947,23.550360763575064,23.94247261478243,20.966485391426076,26.076155714857258,35.49669728639923,31.723059146469463,37.989184295610144,42.176625477483356,40.95571109678567,35.84059812764578,31.470228685758343,27.721016277103285,23.25089985685181,21.36013041900555,21.169715973592687,22.465355370693146,21.373051148543333,20.506174801707935,18.97611824792916,19.420934938877757,20.09975746737414,20.308204175468028,19.94252087709163,19.03979962862303,18.823359092141438,20.55740460471275,21.563388874194988,24.554223761035743,28.089772037749306,30.443502671561234
0.0,0.0,0.0,0.0,0.0,0.0,0.0,0.0,15.561050670886193,16.01448963247195,0.0,0.0,0.0,0.0,0.0,0.0,15.660628816434965,16.706073544995668,20.888401392813577,18.04197313720427,0.0,0.0,0.0,0.0,0.0,0.0,0.0,0.0,0.0,0.0,0.0,0.0,0.0,0.0,0.0,0.0,0.0,0.0,24.303483335771727,30.389517097421113,27.142315694571394,29.11396660268631,41.922683720534174,32.21307928805597,38.34153045940468,35.123477669471484,30.67716049241892,27.100850567650923,23.580630230765074,21.081435853391696,21.89378826848681,22.673887376129798,29.135753227066495,32.160817629274305,36.5328984489149,39.15418273286154,44.548683647417924,40.962337354931066,33.9426662996769,29.87285220781545,26.656380539774712,21.558539350014513,20.44626746491132,21.404538391426122,22.794164739026506,21.64726643771118,20.30745666786455,20.058204175468028,21.91987556925112,20.4117947155683,20.726419555663902,21.051153134438472,22.638220261619956,23.905365470387068,27.110475743943574,27.170475743943577,34.43549751003671,35.407766460491054,27.394046675501315
0.0,0.0,0.0,0.0,0.0,22.246444640658726,19.09098427906822,17.345310905642066,15.90029905858024,16.49966945940036,0.0,0.0,0.0,0.0,0.0,20.54312192390372,15.771374255604329,13.714152240135588,0.0,0.0,0.0,0.0,0.0,0.0,0.0,0.0,0.0,0.0,0.0,0.0,0.0,0.0,14.94314546350759,17.591095392589914,20.580679700993365,23.22515587088798,17.766382237627752,19.53924130184773,25.467212680505185,27.26761196962247,29.893591454405108,30.791095997833835,34.15318881753467,34.619285549514764,37.00318670721045,29.999509277669368,27.20334201853888,23.339259337614457,21.571513818110233,20.7237205400083,22.51085774411821,31.731794835714158,42.67834015404328,38.139458479992406,37.55078983887801,41.692049002144884,48.75539340931735,41.67857412354408,45.546644274241835,33.53711104783246,27.80117826041993,24.14491177583143,21.847803528087812,23.160878263451934,22.147150570564854,20.38690278064022,19.186584935252558,20.61787898263161,25.168971380588907,19.901686606516456,21.73964004610999,24.242834163749087,28.535752264738885,26.616791478413532,27.201379856542097,29.49184328519173,29.93693362632084,32.97665417931067,28.441685046126878
0.0,0.0,0.0,0.0,0.0,23.03988660892714,19.541768086464494,19.038875195310684,18.38390327810628,19.511997258689064,16.51055362823471,16.27770832606393,25.50728796981064,30.303590742378717,22.67482783431874,21.850848977418266,16.985847955043198,14.485917825530553,20.918560096548042,0.0,0.0,0.0,0.0,0.0,0.0,0.0,0.0,0.0,0.0,0.0,0.0,22.2437974142658,24.48292670039527,24.52753883411993,25.236966782294715,29.385368731278795,25.176463878895213,23.905216553548897,28.45527700671422,28.704549754136135,31.5850426550712,30.825538780101223,31.285068052429168,37.235123934872206,32.23298101265799,27.751366969541337,25.398639636598894,23.349934620191906,22.77478056332015,22.20433792812039,26.744806308305716,38.08713830279955,38.98906835031617,42.63233143185988,36.80883041162302,42.68800136118141,36.85029139412791,36.64247409359461,35.86070536237759,40.7664794114213,40.88629631350341,33.089765661724186,26.774306535568044,26.67546288379359,22.017150570564855,22.047626874195245,20.16046835799016,20.90381058334995,21.351323952582465,19.09331451432406,20.711251767226262,22.842347185552786,24.17880439370222,24.35150683054796,25.645695870862035,29.516857680470736,30.265183257861715,30.06656483947929,28.184206277539612
0.0,0.0,0.0,0.0,21.687661168946274,22.497466505413072,20.025515479871213,20.11048887343022,22.009917010942406,22.660548399836635,23.340781034575784,28.476811191437324,33.41658316564479,26.59630209668989,22.818021669656204,22.716190798692672,16.000230158833347,14.408857286322199,0.0,0.0,0.0,0.0,0.0,0.0,0.0,0.0,0.0,24.413560290879126,32.07569964110239,29.210505172878644,25.221694184742258,27.030736896509623,28.029473749953425,30.568277740066712,42.27879830812332,30.590551708018474,30.213947524285956,29.097327898892118,30.54366017669387,30.740772923170027,30.508304915615,30.01460249486889,26.830185232816323,29.78916838213297,28.810543633203338,28.331583542836313,27.01032160437697,25.828440778295594,22.92924670844277,27.236805951259967,35.443518885087165,34.18310422316457,49.80059430486339,52.83964638693906,50.73227073797618,38.262769199797994,42.65253533122782,37.798999088894355,33.563102792525406,38.33972395562984,37.6232423591902,31.584919494787673,29.553723327563226,29.42515276799845,34.23059090557099,29.974428184288172,24.01443629135755,23.007320492128592,21.112884259761888,21.172884259761886,23.003691059037752,23.86384010443699,23.593396357705416,25.790158644255705,27.31677951316639,29.78261399236574,31.100848399357346,28.84970059309642,24.049013156922523
0.0,0.0,0.0,0.0,24.32597998824452,20.99716058381137,19.514308824447532,21.04051083810407,22.816190798692674,24.00662021567765,29.389138058434295,39.56805739282121,32.5665796899448,27.26002500283348,26.004517873271325,21.917103483670488,16.338553121493128,22.905190972611347,0.0,0.0,0.0,0.0,20.540370353423704,19.458267959902777,0.0,23.00523066233247,24.94079623392998,28.59958524566231,30.66094324220044,29.067028224739822,27.43989054694903,27.740453054775955,27.883045465805832,33.29861000676584,32.86357987822119,31.730216448839986,28.852916995553798,31.685467819184957,31.556399670987243,28.571629366590727,29.421591031381837,29.07943748679304,26.07958635110904,30.011391133155552,29.86313615639948,30.752717902647117,32.221986031047166,27.101048264022136,26.274358626837095,30.526049430031847,37.3805781689272,42.66439752263797,51.346159740119745,43.59090172153991,30.643952978163256,34.602102565981326,36.54007653138441,37.74899908889435,36.739769959251596,39.68893585780861,37.523242359190206,42.24169201905203,46.17067928490823,29.087136031295728,29.76687253068979,28.068680810760277,27.21229881145556,27.053519431241853,26.256053532523786,23.949062353481366,25.744469120644876,26.72896734087506,24.054051905991308,27.853590112493166,30.830848399357343,29.10693362632084,26.74857086947518,26.664797396899683,22.983812642547694
0.0,0.0,0.0,0.0,0.0,21.72723267057196,20.237918557779906,22.39958782366703,25.999562156885474,29.52072298303736,31.83042460163923,31.777938651480493,31.27727964660495,27.86926456909142,27.7662561286053,24.1650414561508,28.31747717673118,27.75754028502388,21.332860661484958,0.0,0.0,0.0,27.851827858766022,25.65995706537831,25.908935749979218,25.746578632173385,26.703464329085264,28.377503611215367,29.412123441006948,29.31725845293061,27.21741618603845,28.93260428869649,33.02165343278017,32.20809409154773,32.23809409154773,32.22241366988323,32.38502453884196,32.61202845357283,34.34631300925643,30.201949587160662,28.692586506213857,27.027433560998805,27.441218328791436,29.22948308416256,31.054178597407432,31.58502264830885,37.49848905472148,30.77606705152533,32.82574316159599,34.21838630955983,50.26494006360869,39.38939465388997,32.12439888370582,31.774145090732834,28.13518023273957,28.29125503824424,29.65601816098561,27.987855733894737,26.25355242170552,25.897869637549473,25.772443978709507,29.806115621849184,33.493802770249374,31.86556656888837,29.094682454843678,26.809218715992266,29.146014501363375,25.567452526097984,25.574553157458773,26.24296472610355,24.69388056160499,27.636940532465267,29.39952018001583,28.925742719778576,31.18732678765214,28.158938855431906,26.86001407513217,24.2949907017398,21.14039687378724
0.0,0.0,0.0,0.0,0.0,21.539195449905748,21.1528845146549,24.51729181557278,25.73986186276107,28.53803415759762,33.14920241747218,34.604123602118115,30.006540770690073,28.315667325112173,28.66734759175315,30.679585238543844,32.68894634509635,27.983409539533874,15.879931946562976,0.0,0.0,0.0,36.91999580855493,29.785262309205045,29.38591131052624,32.43022274531186,26.260971366910447,27.355492683894617,29.62961061620863,29.4517279606238,30.730192584439816,32.4427993401718,35.18819847822943,33.898832247169,34.20301030262042,34.11215775949694,37.32687588790982,35.94411684900559,36.26021458067441,32.00663406597175,27.37299928015826,26.34809892815524,28.477676703793627,32.23995641175662,32.52292560283112,32.81395563059836,32.85386937727,37.27395282456831,52.88216914918276,39.873391461385516,33.630450261533724,37.99501122438266,28.662890162867136,26.928079543017073,29.574333930885068,28.426989449831062,26.220655336011497,25.67354217109034,24.6985944673122,23.675180563985137,25.037751546383014,30.113191912233656,32.06584172036622,33.53649601433052,32.458237407900214,35.38669728639923,32.007662546163154,30.29446181615706,25.268285666371135,23.987802347857695,26.949973995718473,28.60283423474457,25.97154391823667,34.175063409335124,31.704459491795827,30.375512206543892,26.935412995771102,23.286516274786003,20.18252022961317
0.0,0.0,0.0,0.0,0.0,20.95484641309686,23.561016292943393,26.484980337318614,26.38590948331881,30.7402579073697,36.906785059983804,34.87347364181211,29.21683019596329,29.128797191056428,29.328729885930684,31.507938651480494,33.093451425482556,26.8696092907574,18.73368565551832,0.0,0.0,36.14531060153045,40.659601709957236,33.31529856738349,35.662735130597675,29.131136043955728,25.017712596719207,27.67237301464411,33.62282947415876,32.2800490574995,32.487952312468224,34.2920878796354,36.45771995375968,35.25022783279825,34.31775132626309,33.97910396917567,39.814803487760315,45.90152628293119,35.54050283486482,31.537299469494762,27.438983978256424,26.954722943956284,27.92125473037423,31.197561794775577,44.526177935644256,33.920834284066395,33.8308342840664,41.147592009882494,73.19815595960355,41.80049215349832,29.14545366342606,27.725794708361185,29.478815478543055,25.926263823978594,25.975348882293808,25.542117411563552,23.109171406353315,23.279555548936536,23.179921310760474,22.42461948078016,28.83815890452685,31.49152870569744,25.808706474294127,31.125814527074503,29.345742523843345,26.548986297145667,28.34155447016762,26.71007737642463,24.13771060568572,24.70248267081754,24.403446731936718,26.431625045946802,26.379772037749305,27.732036554624056,31.284515639925345,30.95877071575955,28.774125257981403,26.770313478055918,23.273045763436162
0.0,0.0,0.0,0.0,0.0,20.716851723285934,23.56774657417757,27.85776573323317,33.08884410417091,36.08070912741592,38.075452546259726,32.42940625873968,28.563736699686654,28.155238874915874,29.725628230825485,31.447004977122692,33.99281204567616,30.34324253453691,23.071665445464188,18.233843229186746,33.634503074931516,41.43189679242144,37.46193094351743,39.98656744941162,35.41056901356385,33.608490226091035,25.539079123906333,31.654544348231234,34.24315769695149,33.72719299213474,34.034168238814104,35.37819847822943,31.693682652676173,34.2645609717362,35.381635007625846,34.60437451309568,39.51042168967728,39.88123357416136,38.167174685313455,31.303609238168406,30.051391133155562,28.960184691878574,28.99721203016361,33.17762557644443,34.51962897342818,35.50135509112586,36.525974650821354,53.29786461866628,36.25454949930311,34.3176338639629,29.633913840200435,25.82399391792818,22.36903570401492,22.401907836943906,24.38472810808163,24.40580863949271,22.05530323573384,23.299360173123112,23.537513363911753,27.629697574844673,26.08341600613707,24.30784526770202,28.04097862533372,30.465585682128726,30.69309347441385,29.189901640697308,29.245683313296105,27.83528435874546,27.87834232781306,27.3669223149586,26.175258004990816,25.382856365308307,27.209750332076567,29.496840605135567,31.570797274588458,27.296876730913404,29.43653676505225,29.27122850386064,26.12682184647667
0.0,0.0,0.0,0.0,0.0,19.920940600273234,28.443731444476594,29.183899640544126,30.41876501306737,35.21501053599816,33.93667644054112,30.81467686719709,29.31676549260709,28.4107866534765,31.213467156058947,33.56658280300911,34.47764494101416,30.37300405773851,22.9789831278026,20.307723947887958,37.348801557885075,41.33910065154301,51.97574406550436,41.941907402807104,39.953042929086884,27.135347925112697,27.058421093618108,30.539050811719918,31.39506943860625,34.84821767186027,33.050893793717016,34.153295695211675,32.7702262625908,32.02234952630018,35.33931315671238,35.11916193327721,37.75965057801053,34.739140635901016,34.746670315780236,30.774128939011646,27.484039351993573,26.947040501860535,26.350419929088304,34.038728140540826,40.49644934064477,37.660355970285735,30.90438636921931,34.97159139804695,37.68035597028573,28.842890162867135,26.758524641346845,23.372494696301466,20.69325521954429,20.725746219026316,23.50392102675025,25.41245765068102,24.452254204588492,29.099266788239447,25.88412847625158,24.820482923468198,21.710419267919683,21.640101372083958,26.75525555661433,31.588865785782858,29.360131538504497,29.3139797253564,37.33626190901653,31.986896229783873,35.889926289487335,33.81664147633511,31.76268690365062,32.7239516026727,33.43557348011949,35.88825088843177,33.61270717551001,31.55737804690912,31.89132787949752,31.5399481941798,27.461867465325533
0.0,0.0,0.0,0.0,0.0,21.270093079513295,24.131887344778313,29.591512380334976,31.189474957908903,30.130874389921644,27.422788285168593,29.864672109591314,29.03683019596329,29.09113648637733,31.183467156058946,33.167563677019054,35.167355775331,43.64206458907101,23.954359127121442,30.976211287237035,38.60541299280791,45.96011624334805,43.030231755464996,42.30170100458021,38.363971238868054,33.344598614075586,28.441507669237208,29.397980719386307,32.59616152284167,33.134683294250905,33.249190782829466,31.173134807734122,34.77253620722357,35.502712498008584,40.75818139607499,36.02147152904357,35.893998224220084,36.508182214980806,33.606478161715216,30.403671764223297,27.251535828730432,25.345317710657028,27.451706961309775,28.810760687429273,28.314513925141135,31.78826332703064,35.801100753782485,32.66054751833615,27.84643002758608,25.129826334415416,24.38017168466766,21.04613841802624,20.203072178073235,20.592682147234775,23.87261611712959,28.905081341145905,25.936425180367422,26.084762506388884,24.824856841527968,23.13691272387105,22.302993713002863,22.466527534821065,24.28889458271103,27.643250463905204,28.313559566917654,30.068421400599284,47.30738371680039,70.39830616937108,78.10166528454977,69.07314738819844,66.72111484310872,47.51212397081547,49.2763108835071,47.991893494807414,39.78586679496268,44.054154063119796,32.24694231239988,31.61158511695553,23.653062168661517
0.0,0.0,0.0,0.0,24.109031782458615,22.863310849061815,23.277848954363996,30.21847786781156,30.99935530608597,28.85527833883659,27.63864855857389,29.238797191056427,29.019327491403864,29.63562823082549,31.36567286042914,32.12529334843744,42.08516803284349,37.54109876214417,30.04439689660434,36.67901164814485,48.97105650475066,43.88562535178311,38.58192206929037,41.74995009945369,39.51687438840504,35.07728158428682,29.928935546322297,33.34837399746534,36.445981487595645,30.921603698278894,30.772808679270334,32.01842110438169,31.657913751516062,35.76692427181327,36.18585593667176,35.295416371173204,34.132153990180115,32.054910770241214,32.52464863657335,30.065438725477065,27.444197781284046,31.1704828575304,29.982497171464352,33.672695151468545,27.185381681207602,30.37786776675179,33.33410940436589,28.28862884215382,23.6748591847565,22.498159972196447,21.56481664631206,21.229865410763423,21.316906565078334,22.769105432772363,22.14165937280197,26.584451229442653,24.38021203198712,31.86683437313809,28.44327603563169,24.70722010586553,23.009476715988015,22.75319782428061,27.452218256179997,27.13986611465149,29.859963611418998,32.75210994832996,58.916488768498205,71.72390357278621,59.60187453103091,171.97111205415376,60.508575571412926,74.81630399727129,66.34599090933084,48.781117424294884,50.68064240030428,42.1737280367457,30.75773611522086,23.39975043881836,19.545570403433864
0.0,0.0,0.0,25.139455548819956,24.595737264937064,28.42719786783467,27.201512486381837,38.844351158011264,31.21188557346499,28.81464792429103,28.571503099175935,29.256525335204522,29.605628230825488,29.541439597414318,29.512660168450616,32.61470721857274,60.622411149424565,29.2032252163054,34.07805318642728,37.53378431924753,43.597245327866936,41.70672269320266,36.18598148759564,41.045749653412564,42.88457876068057,38.07595933855931,37.35842533272845,34.396487637522,34.712586580211806,30.932405999051372,26.83004266059111,29.236960338984062,32.64150487420634,37.17777422653894,37.41896015874143,33.416364648830815,31.11306749609665,29.020094285330643,29.55693718682569,32.28522449313446,33.08197141379945,34.584253458367016,37.1971972534427,33.81097170535375,29.756648083557863,28.490113862884897,28.61924552881762,26.76563321523704,24.013382328372572,22.42298269798578,21.568492832941658,22.213656979048807,24.831564384940286,25.566849440161526,22.306510743842267,29.68711572453583,26.610948033873314,30.130649122124193,26.788002198954963,23.209329781093235,21.762687561809447,23.346190520155417,26.231366463179725,31.987613180515645,38.77027032914651,66.04952790696878,21.87772239899774,28.774492849813804,73.12175150524658,70.88513690084949,51.88682544089938,169.06217173481446,72.1699690701748,49.15016168003052,36.29690601166759,31.67359082859391,29.03294044138637,21.528401892521767,19.758558774143392
0.0,0.0,0.0,19.718458709767404,21.370858151693177,34.45511338684302,30.84020088885601,38.85918346755662,39.94729924744856,29.695628230825488,29.43192359522038,29.16192359522038,29.53561399972773,29.358760161933823,27.73353024260842,31.914162675799485,35.064582601454724,27.424071315547753,32.73341768361365,36.83331750106049,44.9338007046625,37.521753906532076,36.159971950690945,42.314197313463346,44.639135589398514,48.778724302408044,40.16421342048656,36.45495070269095,32.908792684643856,28.409740065666554,26.179822807597198,30.753686315226382,31.699525644154793,34.33614764209793,32.80321914886847,32.09708359040247,31.61141388697861,30.750636424239197,32.12510054849263,34.26376047539765,29.762356845708165,38.41815020118545,50.21855489475841,41.0604097757689,33.19701368451352,26.572166434178556,26.899189281052998,26.75897868369644,24.60419153439144,24.260037545862097,24.90405655023848,25.369028754975396,26.434693378210945,27.754969917873503,26.088762803618863,30.913594853338182,26.840230696905657,28.462923695228692,28.14668269204819,23.434296131501473,21.72219365406079,25.005726142787495,33.45454437597359,55.71667792191608,38.37100813274928,21.514061665065242,25.88119750848861,23.428785975571003,44.69817641812287,65.28128322989228,108.49032410478415,63.53938707728056,40.39576822861847,30.97304837179442,27.79595694835911,35.446085808650366,50.34487370195857,45.49448500467772,20.525659988659314
0.0,0.0,17.950805483460265,21.529346903048676,24.71222987913159,22.33797072961235,22.850060356584372,38.14631700650153,32.923242402562664,32.90140066419184,29.70186852100879,29.615628230825486,29.511439597414316,27.34046768157161,26.457196397479194,23.564487708429084,60.47713187882933,30.66779529671885,65.01101750316577,42.082173349327746,37.98998359240598,45.24074048970654,39.13212175815352,45.57610565472074,39.71017679323328,41.97889249065605,36.67358434764709,41.28973166410331,32.10945984907522,29.18140582170946,29.751025931835514,31.755234791843236,33.89946869853441,33.03421933128722,32.734445512518846,32.01781224071764,31.558954004896677,31.86458691522462,32.62737648320776,39.86037840946276,28.594995460149804,35.952635328935756,42.68133569832588,35.224811547780824,31.172878396937065,23.229608423140995,24.8813262551971,27.024133887419115,25.18020285095441,24.152496551800404,25.54982647059863,26.843553535869667,27.511430607606002,29.68387568392297,31.911434461055798,32.28056650489038,32.789837465781204,36.08718871877639,27.898551537476898,25.68338188176125,31.032867393573326,41.5551933013254,38.54542555226272,29.665582208739757,25.57694673698054,22.78814108292085,24.094750182713646,22.386693096809367,33.9689163561455,26.77288552730692,54.07580457672367,55.1478252971327,32.143992728763,32.8600270368963,25.138249094033572,27.602121469501952,26.781574157119394,28.552541711824603,32.12389055821656
0.0,19.080993723669792,20.71825637251225,22.77013249284837,26.426874352750723,26.900720227241642,25.994733684422187,51.220393016548016,38.40310245395962,33.67078223609371,29.791868521008794,29.895628230825487,27.93353024260842,22.640307479088243,25.22244301007524,43.27818453656071,48.59555731674635,41.88187205693995,63.684745189974585,46.29675039973718,38.207140689631686,37.31513750493137,36.785983249114295,35.52698918902208,34.815544028914005,34.524535380260645,36.003734837458204,33.99406704987124,30.84817966165719,30.63689392366684,32.738654290160916,34.85804990107715,34.25951533779268,33.73237323743831,34.20183343888722,33.09245643589999,35.152641961605525,37.78277390759163,39.54663584918695,37.45822844275264,32.982040706152496,35.50082484694214,26.175965517644844,26.804681255426058,29.628869622059216,21.964524132541552,25.529114638363986,27.83209508090475,25.28872880534996,25.759165739853128,26.877863278347355,30.211765496318243,28.632871267411154,29.12554409923205,32.963766446273254,42.77967921238035,44.63055600462179,36.89607728042093,26.473109341576137,23.52645717244684,22.892279275859085,24.174998289589645,32.01045073120312,31.88739440432475,29.071707658768915,31.807067971160528,25.43565351181541,23.90395941887197,20.253395556632665,28.18125683315596,109.0432079454757,43.718458007359146,36.74024806138759,26.944373517283797,19.68467226579283,17.35290884413768,22.59473088888301,19.164474857611395,17.75180963784674
0.0,19.957769755503687,21.456031348443304,23.435124437847527,26.472058562963596,28.702949304909993,29.086181984797093,39.17028644993442,39.44344537624988,36.898452244024284,32.30430700167875,29.24676549260709,22.829460926425504,19.680106834425146,22.199711577391284,53.13597183089499,47.546831704577265,59.65507450901788,59.01636022199092,41.14162981542319,39.666108639616155,40.10184787339427,35.44369396678519,31.774515857725746,29.27946089777727,30.715031957979175,31.57735430943329,30.416077425362992,29.370749097153507,30.586642301210155,32.7438498871563,36.86574080910573,36.35300338967894,35.87549142420444,36.890547316059326,38.963394606692574,36.64241626809881,38.73521794759343,41.163192666302955,44.890435950655686,44.96981281317283,31.96161703174996,23.773104920708263,26.2685801992392,24.215712302567262,21.869104317392463,24.616840729835474,28.27652175642322,26.276006487760675,31.06662467431693,27.166196771588524,30.427363550482568,27.175988507169386,27.22610872320238,33.43548245657439,37.824743967630326,46.01188045115673,31.27257366383965,27.366632047232912,26.204013625316733,27.541969950855115,28.19390506030377,28.084929590714797,36.45114176973254,39.94773600671547,40.55145965498766,30.415669761721794,27.175463861230142,39.67691661124526,90.60927469473066,58.43010504267501,52.59000515173824,49.374418113439944,27.029933795422668,28.511993467176232,22.755190972611345,23.04214731704645,20.31220947698418,18.589219990089497
14.68809365035844,20.40651109537849,20.37510862177176,21.92946116588856,25.37192097629726,26.44572288408979,26.417193695917152,37.95407846144144,42.995379864965685,44.83007097862124,41.2499533437045,29.705215574100578,22.651722826842946,18.14052826583772,25.038223111842417,44.03978621323737,56.078655214914,46.78772975784544,47.43590011498704,44.69915775559727,37.510026261502716,36.7958764989053,35.99611817447502,33.352135918933676,27.757448760926724,29.423893130007855,29.19654554357752,29.13792503287079,29.183683620538034,31.507067231671126,31.423494218018067,34.017283954785725,35.11082821466906,36.704862004600194,37.42743318386235,36.233043376329405,38.061049025273775,35.95429297693525,36.5100633318496,36.843605631206465,37.51217263408927,30.184262831851953,26.41592491375848,25.377140684918608,22.55140095536354,20.91414464437747,24.16845169759125,29.511927053852773,28.06274994957265,24.47405590694148,26.895279902251144,30.31818573040143,30.19359754985586,25.92930090652333,27.41565778114007,28.662388551986375,33.499376665015674,31.814794508670307,24.848239581342877,26.459359013852207,27.204683199334724,28.166493945739738,32.2067312115575,30.755669761721794,28.63820646948428,29.386365527904857,31.323473142225552,29.255632949305955,46.20438685334291,41.17800264645007,72.88723396901263,107.18815717157898,46.28256827887704,26.39592690454242,26.11109365273009,27.63108801216592,27.13577152830858,25.79676046165607,21.81345990292902
13.417816420926455,16.084133349345016,19.068188103593542,20.708341525140774,25.041397275170425,24.567211352173793,23.080692507512943,24.657457487401516,37.24779156904172,47.19825265398026,48.35293912334538,39.270559788717726,28.37120968056168,27.170189345025456,29.71157888593585,40.835160601625844,45.25840426085716,49.26591951865338,44.5523691390494,37.71620617058892,37.132878857282094,35.58502067882695,36.02611817447502,32.749737482643766,29.239374819898956,29.720877505613714,28.21820141663576,27.445324840603412,31.55107953609633,31.904621739546158,31.03549618666615,29.97626883165652,32.180883756648974,33.449739148712844,35.40301267209354,37.04143151371005,40.178192692771546,40.610824579834485,38.363528370459065,39.10178992586802,33.96643200602186,32.46186218939206,34.140384655988484,34.736910998075224,24.742509886901242,21.84092319985699,22.599798942152827,27.226052430957395,28.764422001416627,26.10761481736697,28.47807573722271,33.76738446820499,28.9601093169206,25.022908102024623,23.630613433052602,24.659786422148713,61.453411680844795,36.270806999371324,23.768180150796606,23.623822568774305,25.15447703174936,26.315103725479013,24.484737403225047,24.698687480857444,24.852268267449126,25.804260552698707,26.647626808078535,31.861449902505374,35.080587767478505,42.49238055125105,38.58671962385492,39.19930674772916,28.31252650262135,28.31899263781138,29.548812731171324,28.544040573682402,29.076356925755867,32.61212328028773,27.39988020155386
12.083486986174915,14.77267407669257,17.862943180858878,21.402819574353003,21.702531926409826,21.271499946545347,23.51077780830544,22.412997888592088,39.23408574831316,48.81224886951681,50.06755068787763,40.70982670106596,36.927215644262304,32.75917294924198,30.956413134086496,36.24562195563871,55.79697330185003,47.85477013630096,47.71206897439247,41.93074960428188,45.67924917554427,37.25877523757494,32.21174689619591,30.442692132284584,32.10011106349685,30.10903568352455,28.081617448581035,28.15731016057426,33.442228306822344,33.59076030530409,31.32755717265473,28.867860525458138,29.53050785910139,31.607334540222727,33.0967447351977,36.600939606102386,41.48188461261893,45.203681830456155,42.022073932092674,38.28346024384186,34.61479025059686,33.87782085041394,44.295464837508966,32.824498601764176,29.349809185011352,29.649638753820483,26.289518151849414,25.576849440161524,29.075506780098866,27.77904257306526,36.096492989794676,24.628299220972828,26.40397877838629,23.593560850194528,23.01683354623751,25.364313370712395,29.45777807471503,33.24904655773305,23.76685533446905,24.538231071628893,23.111065658037507,22.864713717301665,21.45050484513353,20.86634759307674,21.866346066815264,20.123093105608067,24.035082807315966,26.962694149014702,26.03337341661883,32.0587244425579,30.614431492363405,27.02155482617568,26.35024484583101,26.058917370084657,26.70318298057109,25.850757611492057,27.35577152830858,44.639157469744376,83.74130282350875
0.0,0.0,18.505290383389397,20.965308771064386,22.074683400518794,20.094604253253166,22.31826603787364,21.448860977859816,23.07911098897337,35.77133183447783,46.88821119501057,45.805656937995366,38.57327157426474,35.107941511708255,32.47169886011829,35.460334921148636,44.52116221108924,48.50799579702338,47.77879420605232,52.49175300713924,55.08844184433572,38.13821063479665,33.442836756713646,29.61873490384552,31.510631925971957,32.74717179554829,29.03662413069445,31.105322216500106,34.959849954583326,32.91265700067329,36.15504645223422,31.715830196220445,31.32553242046716,33.79285226678633,32.24490565427616,31.74811419505689,38.65036778597014,45.57382279689976,43.09865799515572,35.66027459856784,34.68058255955687,34.783554582289796,29.31261606266995,32.31996881513634,39.0639347716987,50.31817148804634,30.94849467947096,35.54363765397785,28.855523957888252,26.308119052088685,23.12958503145888,21.63009633001701,24.367924058037985,23.07679186390783,23.06812196273863,24.61064769479161,22.577133591501685,20.67853216764398,24.012686104362963,30.255586182940686,29.676624504771524,30.80704353645247,26.788659024352995,22.98504937749717,29.667542566686887,17.837871246120343,20.202282626402162,21.06180346199866,21.534833137448416,25.26274278258992,30.102482216242695,26.901251012768697,22.911629106259884,21.801629106259885,22.139639054920494,23.572515951671487,23.72910115328844,32.0967861707158,86.9334842090985
0.0,0.0,21.09790661478276,20.23123511300261,21.72953946229755,18.718948089008776,16.154768661413687,21.12503475550939,27.605716865251058,34.250000757549834,46.527067611350816,53.40621510245241,46.628653713207065,36.83545191249844,31.05123400442453,33.38519759618442,37.88358546222706,40.66864801406288,52.27679564959805,59.17890258041686,59.90375988773121,51.23606954309204,34.23034925712973,30.17979521804558,32.53959031184779,34.83572562029746,32.412330357478716,37.56552605742185,41.82697846483432,46.78006333192676,48.08442055891942,46.026400203384505,37.63522599005488,35.92762088317997,31.79026334689285,33.37433759621092,40.208377286939395,40.95661006806179,40.41995080628142,37.42113681591589,33.959931318014256,35.562441263905626,34.70980092328272,34.83290232101823,47.36726027792528,45.731700645154575,40.85280542634728,33.61136636219969,32.304004334221005,25.714070029711934,22.433274887831992,19.55307528934877,21.212659524362387,25.81659719502532,26.687116802571808,24.23522173347523,19.33277489896625,16.92616300526891,19.068467337338657,22.57978898375255,31.30715412185613,45.78667933662314,37.245168099018194,30.40399207990366,31.319704229793366,18.365569268671308,17.593050197939295,17.602561995405352,19.335420521388215,27.235098909801067,26.959045212962387,25.320882601221342,21.792837646600262,20.11757355985188,19.605171118439745,23.306202801437973,20.377600520347897,23.391762921173495,44.29630357615546
0.0,0.0,25.011406319866282,22.892120040819353,22.663927875203456,22.595621857391393,26.594373427821576,28.281846328198633,30.73567327724557,36.31567549216874,51.91150801364066,45.58510663457906,51.62167579849796,38.14675639935349,32.154960739570875,32.473653000139905,35.6590586445502,34.41632082790484,41.48336846185852,57.77725636948918,67.35852148803681,53.59251447949721,39.732094577925245,33.72264755515537,41.29783680654042,38.52508639786911,36.125150297766474,35.658661398262616,58.44868355416,41.43645703368465,45.154765293861146,57.65369745074106,44.75782808396127,38.25578271731261,36.79063243140096,35.37553527052988,37.91567747045012,39.52732955824497,42.19677032124068,36.99555089056318,34.07320655634142,35.422664673925965,34.22717149596762,33.401326499437346,36.82676398963076,73.95881473923126,36.564840029548755,30.797719925322895,32.75845417844035,26.03136241694513,24.001164318655704,21.62686809970926,21.401428737490562,26.29980923353768,30.793192663667504,24.067718731784446,19.302564221137168,17.008966265534053,17.64890210465137,18.386971022491792,20.643774476108316,33.82678168434936,33.55074880958675,26.45355193004424,26.329800521026826,24.293403858864256,17.702149663118988,15.741560500218908,19.30721294092053,26.52260612461687,28.525987823977083,24.640795894595442,21.952272326262644,17.961821442096387,17.518709836661607,16.99867440506094,16.56247996574851,19.899978472194753,34.38294333574974
0.0,0.0,29.067496245379914,25.558427515102025,25.31612332576082,24.082050954143853,25.859754389103948,28.88961794202041,28.88646481982306,30.7537024304391,33.587892592298935,41.19597386955918,45.57510663457906,43.462128886027706,38.37919585162162,32.759817816812536,31.117920033454936,33.37380532103906,39.380180671158264,44.566180537958886,55.04852848106866,56.84537899433694,45.12287891912457,44.38262482711332,44.16120223021193,40.505858588372206,46.34845381586888,50.66419982107173,59.08636022199093,76.99680013250074,44.564837481089256,32.982792179161066,39.60389207645993,32.427295444356034,38.07104902527375,41.44188461261895,39.8195881974863,41.20473967296701,42.39614925579524,40.50271297653421,38.05838680551078,40.84142718253681,34.67945935547578,40.78711103760313,34.58111388292059,43.50649304909988,31.98979178681104,30.686743647475062,30.646676184186468,25.135611885585213,23.300897745460894,22.786621359389372,26.85501130339754,31.7365964942381,33.063257293526725,24.11085531912802,21.10228073339267,18.829529928081357,17.685482095621317,15.499257367805274,15.332576492886382,16.156342806456262,22.81433809893747,23.764399933584382,27.601538458245244,22.66983754839486,18.533436717215267,16.960130596279637,19.315584131460064,32.09418955567706,32.29815861112143,28.620202220822726,20.741739836736986,17.35955826043901,15.504833565812174,14.650015699419699,14.135892069536531,14.802661609869467,21.585922137517905
0.0,24.59089085318854,31.065307514116043,29.132534567835876,30.18488970196408,27.03925640889108,26.11022059678269,31.770564115514397,32.63845346047375,38.55864311439446,30.356461215807872,43.31405728610204,64.8393689294499,47.01530365650919,38.25881281462845,31.96836694333155,32.63365300013991,30.29236517124912,31.83854850029248,41.471747883070165,43.781263379548214,49.41054565028666,41.78791372476405,44.31262482711332,55.41018474554422,43.70774922056962,41.898730218968964,36.60031973389273,45.0620314221724,47.04881437242833,43.40229248301222,31.18429884808672,31.284707005190104,32.49042510241812,36.84082084003657,41.717722180930096,37.65131942077836,39.993939784782484,52.75624306285249,43.1024892065423,41.226791366919734,41.400987579387134,35.86412167818035,32.17444094743122,31.860684052549107,30.2335657792663,33.73791129504424,41.357607502041866,28.841443737044834,29.512759134034493,27.58480962533791,30.673002396805455,28.718800404283748,32.09122822909782,23.784647984408835,20.469482512958372,21.336179548575757,18.909403942009483,17.530014805867324,15.706977978734106,16.142759241730033,16.971550530630942,16.313009955460004,18.61343671721527,23.020321032598133,34.392154830164905,30.131312834285787,56.41854100821011,44.08569017500501,36.17165841367699,34.83827973625297,27.875256561163035,20.597880220919446,17.13327018065311,15.226259381450735,15.662160282071586,16.311336536620036,18.05008361796875,19.102677516725272
0.0,24.105668168878665,29.73326061292257,30.801959115266637,32.04083480271768,31.49330501704381,29.171637329095987,31.634420032121426,39.40260939011678,34.198503232394756,30.327027397755387,39.536214236408874,45.40857480153641,66.16708071051178,53.35306094440416,35.61227054606015,32.55346928913833,30.196262110664552,30.981663614151902,33.638878588740745,37.10575256703926,40.93331346389679,39.51794319143368,41.553468562161925,50.75360169729845,50.411371178941295,39.48333658995594,32.64073840152399,37.870388493780226,31.246094443391833,34.51756790958224,34.0403353034014,29.28974314011154,30.692171897001856,31.942091106073796,36.317069579431106,35.59755736680567,40.82002738082075,80.99174451233829,53.82227997013614,43.80500969217891,44.69180410833701,39.50037840946276,38.078315052661424,32.53666065064419,28.462051008074894,34.656259523948975,32.713392679770735,29.560172240338197,27.40335951416176,29.40282148297421,31.29715412185612,33.675241424116834,27.50950169783784,27.754322759829805,21.4698797292354,19.43516953320899,16.386230930967493,18.323308953953717,16.428349620503944,16.393488436402208,16.587135456405928,14.251262924518228,17.133659376030757,21.270417808742543,33.665674904961264,30.619218680211,26.048727881639618,32.846227889573484,53.91280341956039,67.67205355550513,49.49957172306608,20.61525820394469,17.08207881081703,17.451061147760498,19.927309110661135,20.482422222006164,18.181958376002694,19.80676063500765
19.950910748639856,20.86067523949616,25.38803928487262,27.88111809613164,30.85304519210517,30.459364642779256,31.281030059082546,35.68399664977661,36.52245753372264,32.60634478899529,33.1649149817671,33.75968385088143,35.29853095528078,41.2741291303737,41.2441291303737,52.10600833680365,38.69178761666286,33.05933715892178,32.13131712591006,32.37689106670155,34.376564534797765,32.16935334667648,35.31203477438288,34.42790048944145,35.25468874921189,47.889366240886275,37.03343328091406,34.38534670968954,35.5101372533318,29.9962668096635,30.620192584439813,29.090347453098147,28.92713530585909,27.58365804100819,24.84736023606637,32.32487720623848,29.165297751982905,30.264784040224512,41.174574674590666,59.153647056557276,58.11454500011408,68.98298041040682,39.24340975329366,36.150990658158264,35.00875912146877,33.256333139776274,127.54167140558704,28.472214484483597,25.889836858759153,25.603187642584803,30.57961694239802,36.27544507499507,29.181865134013535,41.22805286016681,30.22697019912648,29.61975161405548,20.60579117671567,19.139901537455614,16.810188352054496,17.12324470014562,16.5934928302891,14.688930595626395,15.996730178444217,17.547947599371653,22.989255188243618,19.916215081508966,16.04075593483939,20.837280377719665,21.268083550149406,27.995840978943548,30.28052352291482,31.226900320187383,37.72148672712346,23.20488431338731,18.88736271951118,21.134336311995007,23.038825188660546,21.562981380486946,24.838589999424766
18.203932611575382,23.844562614594096,29.018058929808166,21.77260174721509,23.043224677258358,28.32572205508459,29.882054579336547,30.474168937667258,33.799653796842435,29.842839414940883,34.43019992583212,32.319683105613365,32.635225451440924,37.303728597388265,39.5992183254407,52.80318993705433,42.94653591937542,36.82399243234161,37.39260892443808,36.34382965758357,34.423164697817825,30.947341883748358,31.010335560991468,31.10354966612052,30.96788791227372,33.342303574717164,37.24610008373517,34.94197941274959,32.794831645461215,30.188456798285113,29.15456687305404,32.47249182676668,38.493536147755265,26.572052524137995,23.62706705119315,22.947936076126403,23.952907170742257,27.327504914915913,30.035319083199383,38.64030250485083,38.278407860673894,42.977059096507965,43.87979646687001,42.948482027591595,50.062344765885136,49.14794575649344,60.31346400454013,28.182443649899035,24.137327349772214,28.287206090874456,30.433745719661818,28.36943780643088,40.227881201105276,28.153058268327946,35.74793098155632,33.18879045219867,23.256892967516052,22.552891370840584,20.059408488072243,16.158002637528657,18.517344276238518,21.066813144144223,19.227087880942037,18.451657916704015,20.406425471246862,16.086269881079843,13.988324311684035,14.813158983860045,15.776419006275564,25.145464230708164,34.13460404565765,26.29002644662442,65.19892947986246,37.960708638808185,24.313142978214458,22.596830458925297,26.819309362618352,35.555343220317084,0.0
18.05690626212799,21.876821524753577,26.816962519869193,26.211496666172415,23.15667744240224,23.53513530239968,26.749221880397798,28.37736051082848,31.09804046898301,31.885915921598787,28.48154888131254,27.9343513880113,28.55291139247788,29.721197616077763,35.185200122666785,38.037658339010136,46.0977701389269,50.07807444298308,41.29026670294243,39.64838024264524,36.05094877562821,31.123286747319412,34.62105086597714,35.887330725413065,29.136172716735402,29.055747456329996,32.458127761822524,35.808947744465655,32.8499303799279,31.245733486077715,30.990401454008875,31.88458691522462,31.09725414296729,27.803794666052507,23.803629458308045,23.240133089443898,21.530349207804832,22.418910357524467,24.071400999879334,29.335592744158156,30.355702585156806,32.10435278012582,47.669711426122674,52.114774689701896,105.3027389084728,51.46365469108393,35.31495985637621,32.13795682642757,27.702889350781508,38.077737831031484,39.61596966646559,28.48703140403441,34.03068821976328,32.771413132439875,25.55411560531674,25.36809397957753,24.604309229679217,24.891375716273586,22.502122250021216,18.68681346292924,19.97651239540057,23.022850021281855,20.56471880208251,18.776283602786517,16.76612099148661,13.767167074728528,12.656496196175375,15.246419006275566,18.054183332924683,25.78492871695976,30.706596001997873,41.60127035399207,25.588456574716545,28.295684617482813,28.036739990874295,26.94930936261835,26.907454561419538,0.0,0.0
15.435399319478542,17.498819048514147,23.293886196875107,25.748680381475097,25.807271225385186,26.128597562679936,26.146129195979903,26.264553446580017,30.30988137675615,29.965330530550332,28.93590464819902,29.644940747606924,27.1270456944957,28.926527666550506,31.147972207533797,33.82087040848572,40.69104683678489,48.91344527463556,38.48472585308539,33.68968385088143,34.76449879599999,39.04233098182361,39.449110319902424,43.544620117572975,33.10978972984273,27.357359229201148,27.123069134828878,29.152010762971784,28.92150988568224,30.70394737853296,31.75574923414608,30.64821220766208,29.286114822404052,26.580206556199613,24.383824252422208,25.145166465422772,23.624497307973343,22.51948051512178,21.082390880604187,22.8467300386204,24.674996217182944,29.540186195558498,38.1806731960896,44.45698769768885,55.40530218254804,203.4593022680898,34.93709462288084,33.39072926479105,41.19387450790706,33.834721128437664,35.293222885224324,30.919491604962694,29.874083943985347,26.568535304743335,23.37400529673606,22.65403232766701,23.391899691814707,23.14891874494372,21.742159559079546,20.76988744509874,19.885171118439747,19.75970481471388,17.08592664043205,20.179712874860314,16.13095168455903,12.35514276419249,13.19979038735455,16.1126955988832,21.78723267057196,29.171340663852945,49.05662586891864,33.95157250558784,26.50247978480089,24.152336957840156,24.516462336600107,24.954869173950417,26.490810806073156,0.0,0.0
15.05911187858518,18.692851248987047,20.33940866762044,27.159709004016996,24.652050179747334,24.56866518135675,25.615022889335016,25.113448776111092,27.016255609284638,28.772484076236687,29.240011520275253,31.381353502070244,27.791213292902494,28.342429315627086,28.164411943959344,31.935218720015083,35.00279734030323,38.485997154607034,42.20505910928627,34.276781791658166,34.43808951973638,36.93603710408232,35.50755736680567,34.77584170740254,37.68212657616163,34.11414549606921,26.33094960179887,25.939477639515026,25.736361782794738,29.747309606481227,29.92396713751564,28.754892403900367,28.325366119570482,28.08270728728355,25.880455289179515,29.92083536389272,27.90520967397226,23.722700252166593,21.063063211446256,20.929040916706523,22.14374566810114,25.928603127301244,32.045642935826585,64.45567088793638,31.34581438425822,34.27931361477275,32.097730086627024,41.12667382665002,51.127899830445614,39.693551941180985,107.61379337843822,25.43572779687492,27.206881042322678,26.632498801832657,22.262805226437422,22.036429284595467,20.579464663955385,21.067490658690026,21.069909747951936,20.68182513871131,19.711346446073712,21.18459840429869,27.275448916921214,16.84352776248263,0.0,12.386139736772712,13.061299715753936,16.55172077825227,29.289080950087317,32.9683915118498,0.0,36.88613738482443,35.89339460665433,27.704040573682406,27.59988020155386,22.596233130732024,22.45126236028147,21.556685950025354,22.628392527050124
12.099970598132632,17.716098438683957,16.9817289232638,20.827742408118127,24.57792043844446,25.718801089730068,24.49965573711745,23.633424953252252,28.30795433229502,33.938680360472006,31.577474968256343,30.933848441322823,29.33776473875713,28.960934024549015,29.584332557174147,30.38029091824866,37.25676398963076,36.037349554812224,34.127469423723326,43.19324746902462,33.619980265356666,34.03764492737882,33.69212135057402,35.21144316665736,39.343215731647106,74.97160168270625,36.61271708156513,25.656194094516444,23.020127663651294,26.792494086698852,27.277228374224585,28.769490284283247,28.983340138212824,29.240324223309347,28.167049277832998,31.64041784312379,31.178893107115897,28.592030637327767,20.71294605307372,19.752627626172284,18.538072563691323,22.315570158011322,24.643516617903387,28.79650408306673,26.631198123128303,31.06675189478883,48.68320599928025,34.24334559575239,43.15053002439924,37.97752459783039,29.81370545679102,23.193705398047207,21.308481442464046,24.505238773634645,22.25958782366703,22.920396466983213,24.952834148782514,21.690744298133207,20.760682616570428,22.331873658492103,20.34382227814112,20.188445534962252,16.066470881827733,14.310746138253977,15.36806316150663,12.762728540514434,15.108127090655952,0.0,91.80949159809263,0.0,0.0,0.0,0.0,28.349630375717823,27.86943630705268,20.150119569881213,18.49252464548912,17.63149808336437,0.0
0.0,0.0,16.643291029958515,22.245576322692873,22.082803384940622,25.409339530130488,23.84509105629065,21.913238993870053,25.367190311467546,25.70205028375687,34.19321429055311,35.91476702907538,27.367539978631207,26.844152101725804,31.878957106043934,30.606751264620144,33.58305067583792,34.99579101970833,37.32884221855455,44.909601928144056,37.61820440370126,37.80392829459153,35.33443261986652,33.05893447747794,32.265743495364426,40.62022895074915,37.145595350001926,26.118196942876164,24.248883561194646,28.159616536489274,27.121400034526268,26.821718645396246,27.807793103386707,28.938143153295623,31.570235720181646,32.00540893973262,44.81920611763715,33.81357555142433,23.129471969070288,19.18878250809825,17.421739855754453,17.67220099449841,23.29194570621969,23.584410763880186,23.514410763880186,28.802215287615347,31.002326019126535,28.079516618985046,34.2656414384979,76.47682643672178,28.60934076954655,25.185714271831465,21.939462091772388,20.69601797701082,20.1692166198253,21.337549186378425,24.697146194201327,23.368127458388287,23.11141015049096,22.367903269806945,20.371739836736985,20.689344889300543,22.57334980842766,28.20126791897981,22.130973184635835,0.0,0.0,0.0,55.28169845555807,0.0,0.0,0.0,0.0,0.0,0.0,0.0,0.0,0.0,0.0
0.0,0.0,0.0,18.857857506580743,21.25071053516354,20.8052874355849,25.236354320938982,23.04401898179502,21.649522749995647,22.219078483636075,24.48168011591002,27.505143736511634,30.947975307561126,34.13562876554809,31.16291995363489,30.299046200628553,30.29776449067068,35.55902318237442,45.32792344531662,44.428104484928255,72.01973379101678,63.37176022218986,78.30454805538932,49.23794575649344,36.1647918745006,57.24090534837277,36.26080699937132,25.546945387027613,32.03678114471504,29.45801416061583,32.39500521733282,26.127928733524687,27.705009566252834,28.675160969055824,31.295288284559692,32.97696149640588,29.967373829804792,30.031986281720727,26.2166341805506,21.85604736458017,20.921251476554772,24.180473351588326,24.872846087994464,21.426545140529253,20.412128810209506,24.045833977541108,22.51539927674479,26.791569492035922,31.414057919065037,154.19168564010025,28.99095315298245,25.43268479117492,23.500720656180146,21.24797040111732,20.58750968695272,20.80425703206756,19.612671034057037,20.510482401605763,22.41051982273401,23.38731606286217,22.93294459134534,23.205713639260793,64.65321510066534,30.25835188204587,27.376561677641483,0.0,0.0,0.0,0.0,0.0,0.0,0.0,0.0,0.0,0.0,0.0,0.0,0.0,0.0
0.0,0.0,0.0,18.131567477802868,21.333785484072898,22.148691635196847,22.083889850792957,22.26212029199032,18.374345202018027,19.281497853841977,19.149098577189747,19.80082912739193,24.783502022286882,32.69807115777573,31.09339101398863,35.20105779295608,28.128921081511315,31.456725121022117,33.1864398500546,65.36295666620627,51.12054267879747,76.9048838920921,372.16860906977655,92.65204915722211,73.85582755222697,94.12929181903726,39.141743889638875,36.40133914926175,30.97332249511428,25.166479951770185,26.355914910519992,26.47905285177484,29.6515999392786,29.766734860272322,30.177853295421293,33.20335147366627,28.976072341358986,31.556134512251994,26.998672793765405,24.09227809830913,26.445965258338138,29.82183432087392,24.575171710626975,21.981609274642846,18.61088259779286,17.89759404269042,20.230385006347355,25.862960257477184,26.9649892253195,1447.8163247287084,29.63649887630533,24.947195900577864,22.773529317874313,21.6850814045807,22.878991741180837,22.548991741180835,18.881997258689065,17.622672594739523,18.444930815970373,17.745371575062222,25.500372359395918,27.045308175022743,24.635464230708166,33.520372009812725,27.693709894084613,0.0,0.0,0.0,0.0,0.0,0.0,0.0,0.0,0.0,0.0,0.0,0.0,0.0,0.0
0.0,0.0,0.0,18.971614950971784,20.509821909741156,21.327239246925906,20.88535639362162,22.832705753303504,19.595129341747892,19.69786047569076,17.00540404608403,17.25030866179593,21.12075971505483,21.993074093774513,20.92295669368,20.562884175235865,21.2317690720363,23.91394629477187,28.572894676913172,33.77800612693389,37.6379658448113,61.578989342953264,39.44055549060456,41.945372152409014,45.49331191512461,128.74396830529574,56.917830233899934,42.43677980467762,30.033236368674558,27.831145739063558,25.361295598363686,26.156208167238695,26.871205232654223,28.401325121168917,38.691333809634976,32.89422775511822,32.26803920158258,29.432767579739725,25.697929557928028,24.084182595310473,26.199179181366702,27.130864007671526,26.53076342663168,23.132324882689097,18.40463641934293,15.60184239853957,16.502549377272935,17.761200665696258,19.064490838252084,25.244896669257898,23.9122890105345,23.02358794084645,23.261494874665118,19.998555077785085,20.869909747951937,22.00383012385091,20.022908550562086,19.080550776822513,19.033318603481376,18.0615576364456,16.949572572599706,15.816328111371213,15.674198788539632,20.52122939397276,26.399067243134972,29.24908095008732,0.0,0.0,0.0,0.0,0.0,0.0,0.0,0.0,0.0,0.0,0.0,0.0,0.0
0.0,0.0,0.0,0.0,19.682420121538023,22.188332999299135,25.968483311496172,20.86686780584317,20.06783984324978,21.387410092572928,18.82922440778563,17.801784872703628,17.5013632620554,19.747766405686058,21.187412443325695,20.235413745818107,19.57908798725529,19.309672984461102,26.09783181474714,39.71512441463982,39.79968562417372,46.846117836074136,70.99811466349428,51.929710405757014,66.61676845989626,39.721835947554695,65.13823460149621,39.41055549060459,43.95199922959917,30.722233993339962,27.696025162499723,27.03654302192316,26.75312425196092,35.551425206583744,47.05295555153219,44.55502337059547,34.0601421602463,28.69192146059838,25.493033936424894,26.53325332802672,31.429990392714373,30.489583559307697,35.38827889237801,25.33240343218582,19.719417600096776,14.519817389110418,15.58135497496998,15.367417870552025,15.791912899645665,17.041371681894397,18.654490838252084,18.563220550637965,18.694207240739406,17.639385531159096,20.92312192390372,21.419418067734355,19.784761800553486,19.023480231110884,18.87873315376238,19.127311728529648,18.784289639133277,18.0845282380746,17.166871377523783,17.460113267596167,16.43035981743879,18.430077804003783,32.99266628213354,0.0,0.0,0.0,0.0,0.0,0.0,0.0,0.0,0.0,0.0,0.0,0.0
0.0,0.0,0.0,0.0,18.94719758210099,20.732698118232555,24.13049825366591,40.19189729572393,22.19143973686328,18.999971701054882,18.440548613573263,18.534750863216736,18.408224296692808,18.028901371165954,20.342540385870542,20.53760666462391,18.575931529316506,19.500108163350955,18.408181575438533,23.201003577270306,29.7751317818045,33.053558119563355,41.78769458332096,62.48878788650643,103.92513718543601,71.03480374390068,40.2010055264938,34.343344745040056,30.700088557956875,22.990907714974682,29.469809788679655,25.680220647236734,26.308197007021292,30.440796761200193,67.89510298229769,79.93146681106109,49.41426952061984,28.706230731600606,24.513278263348067,28.2208681377981,31.515348994352674,36.261553815882024,31.177368850335164,24.422570719808725,54.59598223420038,18.055937242864328,17.862409911260833,16.1200918554367,13.594840793266206,13.733331003884874,14.153502609595417,14.14972623925943,15.129246658095875,16.00733686455878,18.20768571697716,20.25894129568536,18.043701900023315,19.530861366715722,18.29385942175309,18.98608452109476,21.888190531675235,20.679131633238875,19.107333238578725,17.94356542098926,24.625068626846218,17.033527762482628,16.27091630878399,15.609668622109561,0.0,0.0,0.0,0.0,0.0,0.0,0.0,0.0,0.0,0.0,0.0
0.0,0.0,0.0,0.0,14.094405416170064,15.832588533488114,18.823658772781847,22.076245880891562,23.862111182799453,21.10152624451742,20.28767319162518,17.12964833142906,17.59539144366174,16.562089796653616,18.24630733291545,20.148099615040103,18.251977133971803,19.668669012415982,16.280428489795803,15.851668951791705,18.989715990255306,26.0358287257134,31.70671357278346,56.57005540970772,70.39171078391561,33.25890088159316,34.51418475499081,28.77920898329253,27.88590117138424,23.816795764231188,21.020508911016282,22.336881585327532,22.876455790050272,25.60098162037763,35.97810714339383,56.42328546427059,102.85888110475825,28.258890500765027,24.96312918251756,26.15754223561545,26.682627732534684,31.12534899435269,35.92155381588202,25.754481772849587,18.19812879263619,23.09826335103874,29.758937471538033,14.907569682724198,12.640970773929865,13.515550168467897,13.164462302079356,13.349210559391967,13.115325560611875,14.137318864168858,15.380541209534952,17.926587558189304,18.325204222918778,17.74918483243017,18.478664889142607,18.299653868778243,17.790992899978157,20.425283625154055,21.937232670571962,30.349088925174414,21.091877562881514,20.35159559517964,17.67197119132114,15.646104139351218,14.992759132558653,0.0,0.0,0.0,0.0,0.0,0.0,0.0,0.0,0.0,0.0
0.0,0.0,0.0,0.0,14.724811169891055,15.50827654197332,16.836887228207907,17.599286290136128,17.70780483341896,20.000401774739146,22.24786650711876,20.014740607904166,19.572022174200754,17.380884905960063,16.354586170651594,17.985141657457397,18.715984349451617,21.168036363576935,17.753795738859463,15.004368707047622,14.703120023962747,16.56704659272289,22.429510199566074,24.031088061211364,26.429969690722245,26.062682566045694,22.43165933700865,24.067990053332856,29.933019701512507,25.00776077733121,24.94445901853096,22.751419306429582,21.69070731972768,21.249233743462312,24.63253718509504,91.14517930075607,34.68045474695258,26.888353158588735,24.745586793381413,26.003401458572863,24.857984354727115,31.95601484131732,27.59070780901405,24.5222890105345,23.44150291239693,20.807280377719664,25.906724739842126,17.008262433562848,14.777156080141506,14.847411543199911,15.255100148483134,14.867671565344706,15.080968816600812,14.681448337395288,14.921237899758363,15.565145847561077,15.998748857710765,15.085408421604658,17.156559247603504,18.24125883022453,18.558907982621744,18.253512843804018,18.67704418850898,19.824680941593375,23.610469836878554,23.111075705364918,19.2452478300482,18.50790183062113,17.403285336805435,0.0,0.0,0.0,0.0,0.0,0.0,0.0,0.0,0.0,0.0
0.0,0.0,0.0,0.0,14.48425738385153,15.573463819774233,16.01492069376331,17.47955826043901,19.138812839647578,18.515154715151485,18.332657885012946,20.589703786880513,20.159838445380814,19.648627937624337,18.42741257758018,18.072106713618275,18.28987008581221,18.98914263543741,20.988168686788633,17.058777651055877,15.28377319079425,13.30397862563223,14.127799631091914,17.660953647139785,22.06396148049162,22.25852359955891,22.39861990438965,23.94404855949806,23.74679626193737,25.94569487504659,25.547241334652036,23.76961878161881,21.70045651933267,25.31984215309936,22.776020767434737,27.135998075162135,27.00837119619401,24.161105191800697,24.98492135854871,24.80415480135393,23.58945431395123,27.803409539533888,28.58386169726876,31.43331731689392,36.48224248408664,23.808141419051104,31.352565265055276,20.29763248442358,0.0,0.0,24.173003105132775,17.585551329451537,16.758262433562848,16.57355243912032,14.624733197353368,13.703585743269947,13.580512051662618,13.750674896387485,14.133646592443561,15.868443143849465,17.62003979003726,20.886130356113867,22.964777021082703,16.53192252208977,17.007826761402214,19.392591541787212,0.0,21.113459348030126,19.489992679874057,0.0,0.0,0.0,0.0,0.0,0.0,0.0,0.0,0.0,0.0
0.0,0.0,0.0,0.0,0.0,15.038958394298849,17.77434123817014,19.70675838463591,19.176300290233364,20.847280377719663,21.47984673997144,19.514061932730534,17.405040652483017,19.14850707330973,17.74851403176588,18.821703482867317,18.120746958832783,18.390730425499555,21.067007426436657,20.59945797716695,16.33289072424879,14.396202296408632,14.012402645302881,15.10089129662224,16.87517892904758,18.24931092771228,22.947192989523977,23.564520316874653,20.369757676313135,21.46467029334434,23.907415124589637,25.508682989517464,24.202637598219255,24.09029596235993,23.92140531531544,23.82646882554691,27.069717551301423,29.42138408866043,25.618203916664747,25.517772529080744,22.6880216696562,22.668021669656206,24.413345051770875,30.011400917996355,48.12699009536495,24.45941069281185,24.679337619124215,0.0,0.0,26.38723645549188,0.0,25.9946545211667,5929.8795335325685,18.84810815679347,20.19105303687381,16.878640758253212,14.506670928215605,0.0,0.0,13.160397424437559,13.39831410455533,26.274794205171087,18.72913975253541,17.72052018059938,16.269774427551614,15.620908769982814,0.0,0.0,20.810290095209012,0.0,0.0,0.0,0.0,0.0,0.0,0.0,0.0,0.0,0.0
0.0,0.0,0.0,0.0,0.0,0.0,0.0,16.276258150780425,17.09438419447241,18.886878909967677,21.041628990986304,21.770028956667993,20.607859946014393,21.26041780874254,20.204912370870982,18.494025282916304,16.751192381838884,17.448330837308497,18.498486593166813,20.595116503334545,19.118806002457863,18.72412053098233,18.811915319394707,16.170600426254552,15.103218202632975,16.081295679462375,18.5118991360049,21.35151919104817,24.486743707612632,19.851628665097927,23.646225033681553,23.092603793816814,24.284009446873256,24.294479750644598,25.274780203117192,27.050972595186643,24.758695161037252,38.24286289438665,26.344954659479992,25.70356821727389,24.531293600213733,22.19190936270745,20.31010683442514,22.747632994303665,26.131076796903972,31.520594616404516,23.522742662398592,25.697166761404752,26.189943843088386,38.60552464568191,41.30533629332298,30.178351882045867,27.533709894084613,0.0,0.0,25.809359478751517,0.0,0.0,0.0,18.05340871601571,14.044295356178129,13.232612495675777,0.0,17.881905151164766,17.383698581608158,0.0,0.0,0.0,0.0,0.0,0.0,0.0,0.0,0.0,0.0,0.0,0.0,0.0,0.0
0.0,0.0,0.0,0.0,0.0,0.0,0.0,0.0,13.97944842900478,16.409743843609583,23.28536473717158,23.5371859970855,31.648229639418332,26.08379195021476,25.203265520336352,23.4339890358147,18.836595872235826,18.22633561741437,18.50903134367917,17.59541537602932,20.53696078795348,18.854845012757657,21.055114863550383,21.577295245491698,19.36323455928634,18.833467718024387,17.229407400898076,18.099031343679172,21.20938512843177,37.62820766903846,18.940021746104243,20.582310131537497,18.44771046225962,20.70405104401921,22.03244369633027,21.93751255612123,25.89537365871371,29.334015358949003,29.344116891472453,23.349348489923834,21.69727582716451,22.005381021449505,21.45680924305958,20.892667268550664,21.220232429077114,21.091344931204603,18.897992436522376,18.290413579966724,21.300771350226828,32.16445639267945,38.828400818566266,38.398400818566266,86.95304294810467,217.42259651812597,225.2570916484217,0.0,0.0,0.0,0.0,0.0,0.0,0.0,0.0,0.0,0.0,0.0,0.0,0.0,0.0,0.0,0.0,0.0,0.0,0.0,0.0,0.0,0.0,0.0,0.0
0.0,0.0,0.0,0.0,0.0,0.0,0.0,0.0,0.0,24.66756638540551,18.17359354739932,21.860075113977253,24.221873893513823,21.869844171395854,17.002513733411508,16.84919114155452,19.388467734649254,17.48402120053657,16.593647835017613,15.47004731523435,16.66159103155623,15.234765941604515,14.956509009039962,12.90324696642113,15.014206894406513,18.00426463407385,17.18382878052384,18.667338326469576,16.941606948824205,18.299528591764787,15.982043200347931,15.732043200347931,20.442260868934383,27.488985280749127,29.607532616573003,16.29182582213319,18.30952859176479,19.926567977959923,25.677252356795794,21.694446576572112,19.77006052464278,20.78120424303074,21.42245434581487,20.072639994374462,19.581644732725767,20.553772954676113,20.2386298449712,18.595017344777094,18.701670357757813,20.245542835265532,21.16191722024525,25.290027951854977,38.986697714339115,29.35451093661012,0.0,0.0,0.0,0.0,0.0,0.0,0.0,0.0,0.0,0.0,0.0,0.0,0.0,0.0,0.0,0.0,0.0,0.0,0.0,0.0,0.0,0.0,0.0,0.0,0.0
0.0,0.0,0.0,0.0,0.0,0.0,0.0,0.0,0.0,0.0,13.415604492746589,15.235918895472738,16.488081346090986,15.953951202515881,0.0,0.0,15.20824590868185,16.04055362823471,15.621024697465307,15.528244050580017,14.963835466671476,14.626779428723417,13.718114845539159,13.415776794416654,12.758676222436199,12.392420927801874,13.456210153206733,18.95709020351873,17.94010273381061,17.306207900851472,15.160294201802746,14.456980737592804,14.384343710565274,16.615048921383504,0.0,21.09483985102817,20.62761643050265,15.864198788539632,15.668639789574371,16.40234177671637,17.14381245962531,18.913640584644092,20.942117323043746,21.925106507961186,20.028315392045982,18.812726006914243,19.098519750728435,19.358202738083214,18.012885855470405,16.255957167792317,16.807433845649935,16.698065402956246,18.75265533662106,19.70378812182399,19.747673234610517,0.0,0.0,0.0,0.0,0.0,0.0,0.0,0.0,0.0,0.0,0.0,0.0,0.0,0.0,0.0,0.0,0.0,0.0,0.0,0.0,0.0,0.0,0.0,0.0
0.0,0.0,0.0,0.0,0.0,0.0,0.0,0.0,0.0,0.0,12.624330489414241,13.329442142409428,12.56258942304301,12.9222196563129,13.899032265842372,0.0,0.0,15.201839053391975,15.340628816434965,15.34520689014095,15.076965523423537,14.276183686871349,0.0,13.218501073330716,12.327439220476144,11.755502980579609,11.544993089225862,14.272274683769645,14.686256119657006,16.367231472018705,15.131826333178884,13.119403916241978,12.839283435925367,12.007156908209547,0.0,0.0,0.0,15.000846662845445,0.0,15.649361061559125,14.962271030845983,17.496741642862077,19.967422034960993,21.367621985451542,22.12104373318126,19.568785920584254,19.83450717017515,20.30278849767761,18.556521382113694,15.767769986192409,14.959737497487414,15.271448337395288,15.850031274281527,16.741973662512805,18.482373706626092,19.768023153536532,0.0,0.0,0.0,0.0,0.0,0.0,0.0,0.0,0.0,0.0,0.0,0.0,0.0,0.0,0.0,0.0,0.0,0.0,0.0,0.0,0.0,0.0,0.0
0.0,0.0,0.0,0.0,0.0,0.0,0.0,0.0,0.0,0.0,0.0,0.0,0.0,14.097676346424056,13.557438857252377,21.531118773376733,16.89298402873608,16.596588797726298,105.08447915165998,0.0,0.0,0.0,0.0,0.0,13.330117194041662,12.99221209174322,12.316672705358757,13.366238656992216,14.8539106829652,15.008853908672634,15.091093998627798,12.468144767892882,0.0,16.144607794490128,0.0,0.0,0.0,0.0,0.0,0.0,13.402441400048232,0.0,18.765863608512383,21.15913163323887,21.72002895666799,20.27827252946543,19.670193586360114,22.699033393089024,34.812346948385326,19.782333760716185,17.73444417096242,15.766328111371212,14.38236450062221,13.930674896387485,14.15433281184615,0.0,0.0,0.0,0.0,0.0,0.0,0.0,0.0,0.0,0.0,0.0,0.0,0.0,0.0,0.0,0.0,0.0,0.0,0.0,0.0,0.0,0.0,0.0,0.0
0.0,0.0,0.0,0.0,0.0,0.0,0.0,0.0,0.0,0.0,0.0,0.0,0.0,0.0,0.0,0.0,0.0,0.0,0.0,0.0,0.0,0.0,0.0,0.0,0.0,0.0,0.0,0.0,0.0,0.0,0.0,0.0,0.0,0.0,0.0,0.0,0.0,0.0,0.0,0.0,0.0,0.0,0.0,0.0,20.320375418804936,19.054680941593375,17.971905151164766,16.24025603471383,16.928252811327212,16.087826761402212,17.799707842965223,19.336156529531042,20.662756192151164,19.6041080088523,17.166393888628626,0.0,0.0,0.0,0.0,0.0,0.0,0.0,0.0,0.0,0.0,0.0,0.0,0.0,0.0,0.0,0.0,0.0,0.0,0.0,0.0,0.0,0.0,0.0,0.0
